wall_ms,elapsed_rt_ms,kind,detail
1789420044126,990388973,log_open,"reason=start;pid=17556;cut_row_ended=fixes:0/events:0;screen_on=1;doze=0;battery_saver=0;unrestricted=1;bg_restricted=0;standby_bucket=5;thermal=0;battery_pct=90;charging=0;music=0;location_on=1"
1789420044132,990388979,start,"recorder=T: transistorsoft tslocationmanager 4.5.1, debug build. Raw fixes (PassThrough, no Kalman), stop detection off, 1 Hz.;checks=Location services on:true|Location: precise:true|Location: allow all the time:true|Notifications allowed:true|Physical activity (the SDK's motion sensing):true|Battery: unrestricted:true|Samsung: never sleeping app (set by hand; the app cannot read it):null"
1789420044133,990388979,hb,"recorder=0;since_fix_ms=-1;fixes_this_process=0;write_failures=0;screen_on=1;doze=0;battery_saver=0;unrestricted=1;bg_restricted=0;standby_bucket=5;thermal=0;battery_pct=90;charging=0;music=0;location_on=1"
1789420044158,990389005,sdk_started,"enabled=true;moving=false"
1789420044175,990389022,sdk_delivery_route,"route=listener"
1789420044175,990389022,sdk_motionchange,"moving=true;route=listener"
1789420044428,990389275,sdk_ready_on_resume,""
1789420049135,990393982,hb,"recorder=1;since_fix_ms=147;fixes_this_process=10;write_failures=0;screen_on=1;doze=0;battery_saver=0;unrestricted=1;bg_restricted=0;standby_bucket=5;thermal=0;battery_pct=90;charging=0;music=0;location_on=1"
1789420054143,990398990,hb,"recorder=1;since_fix_ms=154;fixes_this_process=15;write_failures=0;screen_on=1;doze=0;battery_saver=0;unrestricted=1;bg_restricted=0;standby_bucket=5;thermal=0;battery_pct=90;charging=0;music=0;location_on=1"
1789420054695,990399541,sdk_ready_on_resume,""
1789420059149,990403996,hb,"recorder=1;since_fix_ms=161;fixes_this_process=22;write_failures=0;screen_on=1;doze=0;battery_saver=0;unrestricted=1;bg_restricted=0;standby_bucket=5;thermal=0;battery_pct=89;charging=0;music=0;location_on=1"
1789420064156,990409002,hb,"recorder=1;since_fix_ms=168;fixes_this_process=27;write_failures=0;screen_on=1;doze=0;battery_saver=0;unrestricted=1;bg_restricted=0;standby_bucket=5;thermal=0;battery_pct=89;charging=0;music=0;location_on=1"
1789420069160,990414007,hb,"recorder=1;since_fix_ms=170;fixes_this_process=32;write_failures=0;screen_on=1;doze=0;battery_saver=0;unrestricted=1;bg_restricted=0;standby_bucket=5;thermal=0;battery_pct=89;charging=0;music=0;location_on=1"
1789420074165,990419011,hb,"recorder=1;since_fix_ms=166;fixes_this_process=37;write_failures=0;screen_on=1;doze=0;battery_saver=0;unrestricted=1;bg_restricted=0;standby_bucket=5;thermal=0;battery_pct=89;charging=0;music=0;location_on=1"
1789420079173,990424020,hb,"recorder=1;since_fix_ms=183;fixes_this_process=42;write_failures=0;screen_on=1;doze=0;battery_saver=0;unrestricted=1;bg_restricted=0;standby_bucket=5;thermal=0;battery_pct=89;charging=0;music=0;location_on=1"
1789420084182,990429029,hb,"recorder=1;since_fix_ms=191;fixes_this_process=47;write_failures=0;screen_on=1;doze=0;battery_saver=0;unrestricted=1;bg_restricted=0;standby_bucket=5;thermal=0;battery_pct=89;charging=0;music=0;location_on=1"
1789420089186,990434032,hb,"recorder=1;since_fix_ms=193;fixes_this_process=52;write_failures=0;screen_on=1;doze=0;battery_saver=0;unrestricted=1;bg_restricted=0;standby_bucket=5;thermal=0;battery_pct=89;charging=0;music=0;location_on=1"
1789420094200,990439047,hb,"recorder=1;since_fix_ms=305;fixes_this_process=57;write_failures=0;screen_on=1;doze=0;battery_saver=0;unrestricted=1;bg_restricted=0;standby_bucket=5;thermal=0;battery_pct=89;charging=0;music=0;location_on=1"
1789420099205,990444052,hb,"recorder=1;since_fix_ms=212;fixes_this_process=62;write_failures=0;screen_on=1;doze=0;battery_saver=0;unrestricted=1;bg_restricted=0;standby_bucket=5;thermal=0;battery_pct=89;charging=0;music=0;location_on=1"
1789420104212,990449059,hb,"recorder=1;since_fix_ms=220;fixes_this_process=67;write_failures=0;screen_on=1;doze=0;battery_saver=0;unrestricted=1;bg_restricted=0;standby_bucket=5;thermal=0;battery_pct=89;charging=0;music=0;location_on=1"
1789420109220,990454067,hb,"recorder=1;since_fix_ms=229;fixes_this_process=72;write_failures=0;screen_on=1;doze=0;battery_saver=0;unrestricted=1;bg_restricted=0;standby_bucket=5;thermal=0;battery_pct=89;charging=0;music=0;location_on=1"
1789420114224,990459071,hb,"recorder=1;since_fix_ms=230;fixes_this_process=77;write_failures=0;screen_on=1;doze=0;battery_saver=0;unrestricted=1;bg_restricted=0;standby_bucket=5;thermal=0;battery_pct=89;charging=0;music=0;location_on=1"
1789420119228,990464075,hb,"recorder=1;since_fix_ms=279;fixes_this_process=82;write_failures=0;screen_on=1;doze=0;battery_saver=0;unrestricted=1;bg_restricted=0;standby_bucket=5;thermal=0;battery_pct=89;charging=0;music=0;location_on=1"
1789420124234,990469081,hb,"recorder=1;since_fix_ms=237;fixes_this_process=87;write_failures=0;screen_on=1;doze=0;battery_saver=0;unrestricted=1;bg_restricted=0;standby_bucket=5;thermal=0;battery_pct=89;charging=0;music=0;location_on=1"
1789420129240,990474087,hb,"recorder=1;since_fix_ms=243;fixes_this_process=92;write_failures=0;screen_on=1;doze=0;battery_saver=0;unrestricted=1;bg_restricted=0;standby_bucket=5;thermal=0;battery_pct=89;charging=0;music=0;location_on=1"
1789420134244,990479090,hb,"recorder=1;since_fix_ms=249;fixes_this_process=97;write_failures=0;screen_on=1;doze=0;battery_saver=0;unrestricted=1;bg_restricted=0;standby_bucket=5;thermal=0;battery_pct=89;charging=0;music=0;location_on=1"
1789420139252,990484098,hb,"recorder=1;since_fix_ms=256;fixes_this_process=102;write_failures=0;screen_on=1;doze=0;battery_saver=0;unrestricted=1;bg_restricted=0;standby_bucket=5;thermal=0;battery_pct=89;charging=0;music=0;location_on=1"
1789420144258,990489104,hb,"recorder=1;since_fix_ms=265;fixes_this_process=107;write_failures=0;screen_on=1;doze=0;battery_saver=0;unrestricted=1;bg_restricted=0;standby_bucket=5;thermal=0;battery_pct=89;charging=0;music=0;location_on=1"
1789420149263,990494110,hb,"recorder=1;since_fix_ms=265;fixes_this_process=112;write_failures=0;screen_on=1;doze=0;battery_saver=0;unrestricted=1;bg_restricted=0;standby_bucket=5;thermal=0;battery_pct=89;charging=0;music=0;location_on=1"
1789420154272,990499119,hb,"recorder=1;since_fix_ms=279;fixes_this_process=117;write_failures=0;screen_on=1;doze=0;battery_saver=0;unrestricted=1;bg_restricted=0;standby_bucket=5;thermal=0;battery_pct=89;charging=0;music=0;location_on=1"
1789420159281,990504127,hb,"recorder=1;since_fix_ms=285;fixes_this_process=122;write_failures=0;screen_on=1;doze=0;battery_saver=0;unrestricted=1;bg_restricted=0;standby_bucket=5;thermal=0;battery_pct=89;charging=0;music=0;location_on=1"
1789420164290,990509136,hb,"recorder=1;since_fix_ms=292;fixes_this_process=127;write_failures=0;screen_on=1;doze=0;battery_saver=0;unrestricted=1;bg_restricted=0;standby_bucket=5;thermal=0;battery_pct=89;charging=0;music=0;location_on=1"
1789420169303,990514149,hb,"recorder=1;since_fix_ms=308;fixes_this_process=132;write_failures=0;screen_on=1;doze=0;battery_saver=0;unrestricted=1;bg_restricted=0;standby_bucket=5;thermal=0;battery_pct=89;charging=0;music=0;location_on=1"
1789420174306,990519152,hb,"recorder=1;since_fix_ms=313;fixes_this_process=137;write_failures=0;screen_on=1;doze=0;battery_saver=0;unrestricted=1;bg_restricted=0;standby_bucket=5;thermal=0;battery_pct=89;charging=0;music=0;location_on=1"
1789420179315,990524161,hb,"recorder=1;since_fix_ms=315;fixes_this_process=142;write_failures=0;screen_on=1;doze=0;battery_saver=0;unrestricted=1;bg_restricted=0;standby_bucket=5;thermal=0;battery_pct=89;charging=0;music=0;location_on=1"
1789420184329,990529175,hb,"recorder=1;since_fix_ms=336;fixes_this_process=147;write_failures=0;screen_on=1;doze=0;battery_saver=0;unrestricted=1;bg_restricted=0;standby_bucket=5;thermal=0;battery_pct=89;charging=0;music=0;location_on=1"
1789420189337,990534184,hb,"recorder=1;since_fix_ms=344;fixes_this_process=152;write_failures=0;screen_on=1;doze=0;battery_saver=0;unrestricted=1;bg_restricted=0;standby_bucket=5;thermal=0;battery_pct=89;charging=0;music=0;location_on=1"
1789420194345,990539192,hb,"recorder=1;since_fix_ms=350;fixes_this_process=157;write_failures=0;screen_on=1;doze=0;battery_saver=0;unrestricted=1;bg_restricted=0;standby_bucket=5;thermal=0;battery_pct=89;charging=0;music=0;location_on=1"
1789420199355,990544202,hb,"recorder=1;since_fix_ms=361;fixes_this_process=162;write_failures=0;screen_on=1;doze=0;battery_saver=0;unrestricted=1;bg_restricted=0;standby_bucket=5;thermal=0;battery_pct=89;charging=0;music=0;location_on=1"
1789420204363,990549210,hb,"recorder=1;since_fix_ms=365;fixes_this_process=167;write_failures=0;screen_on=1;doze=0;battery_saver=0;unrestricted=1;bg_restricted=0;standby_bucket=5;thermal=0;battery_pct=89;charging=0;music=0;location_on=1"
1789420209372,990554219,hb,"recorder=1;since_fix_ms=377;fixes_this_process=172;write_failures=0;screen_on=1;doze=0;battery_saver=0;unrestricted=1;bg_restricted=0;standby_bucket=5;thermal=0;battery_pct=89;charging=0;music=0;location_on=1"
1789420214385,990559232,hb,"recorder=1;since_fix_ms=387;fixes_this_process=177;write_failures=0;screen_on=1;doze=0;battery_saver=0;unrestricted=1;bg_restricted=0;standby_bucket=5;thermal=0;battery_pct=89;charging=0;music=0;location_on=1"
1789420219393,990564239,hb,"recorder=1;since_fix_ms=397;fixes_this_process=182;write_failures=0;screen_on=1;doze=0;battery_saver=0;unrestricted=1;bg_restricted=0;standby_bucket=5;thermal=0;battery_pct=89;charging=0;music=0;location_on=1"
1789420224400,990569246,hb,"recorder=1;since_fix_ms=407;fixes_this_process=187;write_failures=0;screen_on=1;doze=0;battery_saver=0;unrestricted=1;bg_restricted=0;standby_bucket=5;thermal=0;battery_pct=89;charging=0;music=0;location_on=1"
1789420229410,990574256,hb,"recorder=1;since_fix_ms=417;fixes_this_process=192;write_failures=0;screen_on=1;doze=0;battery_saver=0;unrestricted=1;bg_restricted=0;standby_bucket=5;thermal=0;battery_pct=89;charging=0;music=0;location_on=1"
1789420234417,990579263,hb,"recorder=1;since_fix_ms=422;fixes_this_process=197;write_failures=0;screen_on=1;doze=0;battery_saver=0;unrestricted=1;bg_restricted=0;standby_bucket=5;thermal=0;battery_pct=89;charging=0;music=0;location_on=1"
1789420239425,990584271,hb,"recorder=1;since_fix_ms=426;fixes_this_process=202;write_failures=0;screen_on=1;doze=0;battery_saver=0;unrestricted=1;bg_restricted=0;standby_bucket=5;thermal=0;battery_pct=89;charging=0;music=0;location_on=1"
1789420244435,990589281,hb,"recorder=1;since_fix_ms=436;fixes_this_process=207;write_failures=0;screen_on=1;doze=0;battery_saver=0;unrestricted=1;bg_restricted=0;standby_bucket=5;thermal=0;battery_pct=89;charging=0;music=0;location_on=1"
1789420249443,990594289,hb,"recorder=1;since_fix_ms=447;fixes_this_process=212;write_failures=0;screen_on=1;doze=0;battery_saver=0;unrestricted=1;bg_restricted=0;standby_bucket=5;thermal=0;battery_pct=89;charging=0;music=0;location_on=1"
1789420254451,990599297,hb,"recorder=1;since_fix_ms=460;fixes_this_process=217;write_failures=0;screen_on=1;doze=0;battery_saver=0;unrestricted=1;bg_restricted=0;standby_bucket=5;thermal=0;battery_pct=89;charging=0;music=0;location_on=1"
1789420259462,990604308,hb,"recorder=1;since_fix_ms=462;fixes_this_process=222;write_failures=0;screen_on=1;doze=0;battery_saver=0;unrestricted=1;bg_restricted=0;standby_bucket=5;thermal=0;battery_pct=89;charging=0;music=0;location_on=1"
1789420264471,990609318,hb,"recorder=1;since_fix_ms=473;fixes_this_process=227;write_failures=0;screen_on=1;doze=0;battery_saver=0;unrestricted=1;bg_restricted=0;standby_bucket=5;thermal=0;battery_pct=89;charging=0;music=0;location_on=1"
1789420269477,990614323,hb,"recorder=1;since_fix_ms=482;fixes_this_process=232;write_failures=0;screen_on=1;doze=0;battery_saver=0;unrestricted=1;bg_restricted=0;standby_bucket=5;thermal=0;battery_pct=89;charging=0;music=0;location_on=1"
1789420274491,990619338,hb,"recorder=1;since_fix_ms=495;fixes_this_process=237;write_failures=0;screen_on=1;doze=0;battery_saver=0;unrestricted=1;bg_restricted=0;standby_bucket=5;thermal=0;battery_pct=89;charging=0;music=0;location_on=1"
1789420279496,990624343,hb,"recorder=1;since_fix_ms=502;fixes_this_process=242;write_failures=0;screen_on=1;doze=0;battery_saver=0;unrestricted=1;bg_restricted=0;standby_bucket=5;thermal=0;battery_pct=89;charging=0;music=0;location_on=1"
1789420284500,990629347,hb,"recorder=1;since_fix_ms=501;fixes_this_process=247;write_failures=0;screen_on=1;doze=0;battery_saver=0;unrestricted=1;bg_restricted=0;standby_bucket=5;thermal=0;battery_pct=89;charging=0;music=0;location_on=1"
1789420289510,990634356,hb,"recorder=1;since_fix_ms=508;fixes_this_process=252;write_failures=0;screen_on=1;doze=0;battery_saver=0;unrestricted=1;bg_restricted=0;standby_bucket=5;thermal=0;battery_pct=89;charging=0;music=0;location_on=1"
1789420294518,990639364,hb,"recorder=1;since_fix_ms=525;fixes_this_process=257;write_failures=0;screen_on=1;doze=0;battery_saver=0;unrestricted=1;bg_restricted=0;standby_bucket=5;thermal=0;battery_pct=89;charging=0;music=0;location_on=1"
1789420299527,990644373,hb,"recorder=1;since_fix_ms=531;fixes_this_process=262;write_failures=0;screen_on=1;doze=0;battery_saver=0;unrestricted=1;bg_restricted=0;standby_bucket=5;thermal=0;battery_pct=89;charging=0;music=0;location_on=1"
1789420304539,990649386,hb,"recorder=1;since_fix_ms=546;fixes_this_process=267;write_failures=0;screen_on=1;doze=0;battery_saver=0;unrestricted=1;bg_restricted=0;standby_bucket=5;thermal=0;battery_pct=89;charging=0;music=0;location_on=1"
1789420309548,990654395,hb,"recorder=1;since_fix_ms=555;fixes_this_process=272;write_failures=0;screen_on=1;doze=0;battery_saver=0;unrestricted=1;bg_restricted=0;standby_bucket=5;thermal=0;battery_pct=89;charging=0;music=0;location_on=1"
1789420314557,990659403,hb,"recorder=1;since_fix_ms=564;fixes_this_process=277;write_failures=0;screen_on=1;doze=0;battery_saver=0;unrestricted=1;bg_restricted=0;standby_bucket=5;thermal=0;battery_pct=89;charging=0;music=0;location_on=1"
1789420319570,990664417,hb,"recorder=1;since_fix_ms=570;fixes_this_process=282;write_failures=0;screen_on=1;doze=0;battery_saver=0;unrestricted=1;bg_restricted=0;standby_bucket=5;thermal=0;battery_pct=89;charging=0;music=0;location_on=1"
1789420324579,990669426,hb,"recorder=1;since_fix_ms=583;fixes_this_process=287;write_failures=0;screen_on=1;doze=0;battery_saver=0;unrestricted=1;bg_restricted=0;standby_bucket=5;thermal=0;battery_pct=89;charging=0;music=0;location_on=1"
1789420329588,990674434,hb,"recorder=1;since_fix_ms=589;fixes_this_process=292;write_failures=0;screen_on=1;doze=0;battery_saver=0;unrestricted=1;bg_restricted=0;standby_bucket=5;thermal=0;battery_pct=89;charging=0;music=0;location_on=1"
1789420334597,990679443,hb,"recorder=1;since_fix_ms=603;fixes_this_process=297;write_failures=0;screen_on=1;doze=0;battery_saver=0;unrestricted=1;bg_restricted=0;standby_bucket=5;thermal=0;battery_pct=89;charging=0;music=0;location_on=1"
1789420339601,990684448,hb,"recorder=1;since_fix_ms=605;fixes_this_process=302;write_failures=0;screen_on=1;doze=0;battery_saver=0;unrestricted=1;bg_restricted=0;standby_bucket=5;thermal=0;battery_pct=89;charging=0;music=0;location_on=1"
1789420344609,990689456,hb,"recorder=1;since_fix_ms=613;fixes_this_process=307;write_failures=0;screen_on=1;doze=0;battery_saver=0;unrestricted=1;bg_restricted=0;standby_bucket=5;thermal=0;battery_pct=89;charging=0;music=0;location_on=1"
1789420349618,990694464,hb,"recorder=1;since_fix_ms=618;fixes_this_process=312;write_failures=0;screen_on=1;doze=0;battery_saver=0;unrestricted=1;bg_restricted=0;standby_bucket=5;thermal=0;battery_pct=89;charging=0;music=0;location_on=1"
1789420354625,990699471,hb,"recorder=1;since_fix_ms=629;fixes_this_process=317;write_failures=0;screen_on=1;doze=0;battery_saver=0;unrestricted=1;bg_restricted=0;standby_bucket=5;thermal=0;battery_pct=89;charging=0;music=0;location_on=1"
1789420359631,990704478,hb,"recorder=1;since_fix_ms=638;fixes_this_process=322;write_failures=0;screen_on=1;doze=0;battery_saver=0;unrestricted=1;bg_restricted=0;standby_bucket=5;thermal=0;battery_pct=89;charging=0;music=0;location_on=1"
1789420364637,990709483,hb,"recorder=1;since_fix_ms=648;fixes_this_process=327;write_failures=0;screen_on=1;doze=0;battery_saver=0;unrestricted=1;bg_restricted=0;standby_bucket=5;thermal=0;battery_pct=89;charging=0;music=0;location_on=1"
1789420369645,990714492,hb,"recorder=1;since_fix_ms=651;fixes_this_process=332;write_failures=0;screen_on=1;doze=0;battery_saver=0;unrestricted=1;bg_restricted=0;standby_bucket=5;thermal=0;battery_pct=89;charging=0;music=0;location_on=1"
1789420374654,990719500,hb,"recorder=1;since_fix_ms=660;fixes_this_process=337;write_failures=0;screen_on=1;doze=0;battery_saver=0;unrestricted=1;bg_restricted=0;standby_bucket=5;thermal=0;battery_pct=89;charging=0;music=0;location_on=1"
1789420379663,990724509,hb,"recorder=1;since_fix_ms=667;fixes_this_process=342;write_failures=0;screen_on=1;doze=0;battery_saver=0;unrestricted=1;bg_restricted=0;standby_bucket=5;thermal=0;battery_pct=89;charging=0;music=0;location_on=1"
1789420384672,990729518,hb,"recorder=1;since_fix_ms=676;fixes_this_process=347;write_failures=0;screen_on=1;doze=0;battery_saver=0;unrestricted=1;bg_restricted=0;standby_bucket=5;thermal=0;battery_pct=89;charging=0;music=0;location_on=1"
1789420389680,990734527,hb,"recorder=1;since_fix_ms=687;fixes_this_process=352;write_failures=0;screen_on=1;doze=0;battery_saver=0;unrestricted=1;bg_restricted=0;standby_bucket=5;thermal=0;battery_pct=89;charging=0;music=0;location_on=1"
1789420394691,990739538,hb,"recorder=1;since_fix_ms=697;fixes_this_process=357;write_failures=0;screen_on=1;doze=0;battery_saver=0;unrestricted=1;bg_restricted=0;standby_bucket=5;thermal=0;battery_pct=89;charging=0;music=0;location_on=1"
1789420399696,990744543,hb,"recorder=1;since_fix_ms=703;fixes_this_process=362;write_failures=0;screen_on=1;doze=0;battery_saver=0;unrestricted=1;bg_restricted=0;standby_bucket=5;thermal=0;battery_pct=89;charging=0;music=0;location_on=1"
1789420404700,990749546,hb,"recorder=1;since_fix_ms=708;fixes_this_process=367;write_failures=0;screen_on=1;doze=0;battery_saver=0;unrestricted=1;bg_restricted=0;standby_bucket=5;thermal=0;battery_pct=89;charging=0;music=0;location_on=1"
1789420409713,990754560,hb,"recorder=1;since_fix_ms=722;fixes_this_process=372;write_failures=0;screen_on=1;doze=0;battery_saver=0;unrestricted=1;bg_restricted=0;standby_bucket=5;thermal=0;battery_pct=89;charging=0;music=0;location_on=1"
1789420414720,990759566,hb,"recorder=1;since_fix_ms=727;fixes_this_process=377;write_failures=0;screen_on=1;doze=0;battery_saver=0;unrestricted=1;bg_restricted=0;standby_bucket=5;thermal=0;battery_pct=89;charging=0;music=0;location_on=1"
1789420419726,990764572,hb,"recorder=1;since_fix_ms=731;fixes_this_process=382;write_failures=0;screen_on=1;doze=0;battery_saver=0;unrestricted=1;bg_restricted=0;standby_bucket=5;thermal=0;battery_pct=89;charging=0;music=0;location_on=1"
1789420424740,990769586,hb,"recorder=1;since_fix_ms=745;fixes_this_process=387;write_failures=0;screen_on=1;doze=0;battery_saver=0;unrestricted=1;bg_restricted=0;standby_bucket=5;thermal=0;battery_pct=89;charging=0;music=0;location_on=1"
1789420429749,990774595,hb,"recorder=1;since_fix_ms=755;fixes_this_process=392;write_failures=0;screen_on=1;doze=0;battery_saver=0;unrestricted=1;bg_restricted=0;standby_bucket=5;thermal=0;battery_pct=89;charging=0;music=0;location_on=1"
1789420434753,990779600,hb,"recorder=1;since_fix_ms=761;fixes_this_process=397;write_failures=0;screen_on=1;doze=0;battery_saver=0;unrestricted=1;bg_restricted=0;standby_bucket=5;thermal=0;battery_pct=89;charging=0;music=0;location_on=1"
1789420439765,990784612,hb,"recorder=1;since_fix_ms=774;fixes_this_process=402;write_failures=0;screen_on=1;doze=0;battery_saver=0;unrestricted=1;bg_restricted=0;standby_bucket=5;thermal=0;battery_pct=89;charging=0;music=0;location_on=1"
1789420444774,990789621,hb,"recorder=1;since_fix_ms=782;fixes_this_process=407;write_failures=0;screen_on=1;doze=0;battery_saver=0;unrestricted=1;bg_restricted=0;standby_bucket=5;thermal=0;battery_pct=89;charging=0;music=0;location_on=1"
1789420449778,990794625,hb,"recorder=1;since_fix_ms=791;fixes_this_process=412;write_failures=0;screen_on=1;doze=0;battery_saver=0;unrestricted=1;bg_restricted=0;standby_bucket=5;thermal=0;battery_pct=89;charging=0;music=0;location_on=1"
1789420454791,990799637,hb,"recorder=1;since_fix_ms=887;fixes_this_process=417;write_failures=0;screen_on=1;doze=0;battery_saver=0;unrestricted=1;bg_restricted=0;standby_bucket=5;thermal=0;battery_pct=89;charging=0;music=0;location_on=1"
1789420459800,990804646,hb,"recorder=1;since_fix_ms=808;fixes_this_process=422;write_failures=0;screen_on=1;doze=0;battery_saver=0;unrestricted=1;bg_restricted=0;standby_bucket=5;thermal=0;battery_pct=89;charging=0;music=0;location_on=1"
1789420464805,990809652,hb,"recorder=1;since_fix_ms=816;fixes_this_process=427;write_failures=0;screen_on=1;doze=0;battery_saver=0;unrestricted=1;bg_restricted=0;standby_bucket=5;thermal=0;battery_pct=89;charging=0;music=0;location_on=1"
1789420469809,990814656,hb,"recorder=1;since_fix_ms=817;fixes_this_process=432;write_failures=0;screen_on=1;doze=0;battery_saver=0;unrestricted=1;bg_restricted=0;standby_bucket=5;thermal=0;battery_pct=89;charging=0;music=0;location_on=1"
1789420474818,990819664,hb,"recorder=1;since_fix_ms=826;fixes_this_process=437;write_failures=0;screen_on=1;doze=0;battery_saver=0;unrestricted=1;bg_restricted=0;standby_bucket=5;thermal=0;battery_pct=89;charging=0;music=0;location_on=1"
1789420479825,990824672,hb,"recorder=1;since_fix_ms=884;fixes_this_process=442;write_failures=0;screen_on=1;doze=0;battery_saver=0;unrestricted=1;bg_restricted=0;standby_bucket=5;thermal=0;battery_pct=89;charging=0;music=0;location_on=1"
1789420484837,990829684,hb,"recorder=1;since_fix_ms=839;fixes_this_process=447;write_failures=0;screen_on=1;doze=0;battery_saver=0;unrestricted=1;bg_restricted=0;standby_bucket=5;thermal=0;battery_pct=89;charging=0;music=0;location_on=1"
1789420489846,990834692,hb,"recorder=1;since_fix_ms=851;fixes_this_process=452;write_failures=0;screen_on=1;doze=0;battery_saver=0;unrestricted=1;bg_restricted=0;standby_bucket=5;thermal=0;battery_pct=89;charging=0;music=0;location_on=1"
1789420494855,990839701,hb,"recorder=1;since_fix_ms=860;fixes_this_process=457;write_failures=0;screen_on=1;doze=0;battery_saver=0;unrestricted=1;bg_restricted=0;standby_bucket=5;thermal=0;battery_pct=89;charging=0;music=0;location_on=1"
1789420499868,990844714,hb,"recorder=1;since_fix_ms=876;fixes_this_process=462;write_failures=0;screen_on=1;doze=0;battery_saver=0;unrestricted=1;bg_restricted=0;standby_bucket=5;thermal=0;battery_pct=89;charging=0;music=0;location_on=1"
1789420504877,990849723,hb,"recorder=1;since_fix_ms=884;fixes_this_process=467;write_failures=0;screen_on=1;doze=0;battery_saver=0;unrestricted=1;bg_restricted=0;standby_bucket=5;thermal=0;battery_pct=89;charging=0;music=0;location_on=1"
1789420509884,990854731,hb,"recorder=1;since_fix_ms=893;fixes_this_process=472;write_failures=0;screen_on=1;doze=0;battery_saver=0;unrestricted=1;bg_restricted=0;standby_bucket=5;thermal=0;battery_pct=89;charging=0;music=0;location_on=1"
1789420512804,990857650,sdk_motionchange,"moving=true;route=listener"
1789420514895,990859742,hb,"recorder=1;since_fix_ms=906;fixes_this_process=479;write_failures=0;screen_on=1;doze=0;battery_saver=0;unrestricted=1;bg_restricted=0;standby_bucket=5;thermal=0;battery_pct=89;charging=0;music=0;location_on=1"
1789420519904,990864751,hb,"recorder=1;since_fix_ms=910;fixes_this_process=484;write_failures=0;screen_on=1;doze=0;battery_saver=0;unrestricted=1;bg_restricted=0;standby_bucket=5;thermal=0;battery_pct=88;charging=0;music=0;location_on=1"
1789420524913,990869760,hb,"recorder=1;since_fix_ms=922;fixes_this_process=489;write_failures=0;screen_on=1;doze=0;battery_saver=0;unrestricted=1;bg_restricted=0;standby_bucket=5;thermal=0;battery_pct=88;charging=0;music=0;location_on=1"
1789420529927,990874773,hb,"recorder=1;since_fix_ms=934;fixes_this_process=494;write_failures=0;screen_on=1;doze=0;battery_saver=0;unrestricted=1;bg_restricted=0;standby_bucket=5;thermal=0;battery_pct=88;charging=0;music=0;location_on=1"
1789420534935,990879781,hb,"recorder=1;since_fix_ms=943;fixes_this_process=499;write_failures=0;screen_on=1;doze=0;battery_saver=0;unrestricted=1;bg_restricted=0;standby_bucket=5;thermal=0;battery_pct=88;charging=0;music=0;location_on=1"
1789420539945,990884792,hb,"recorder=1;since_fix_ms=955;fixes_this_process=504;write_failures=0;screen_on=1;doze=0;battery_saver=0;unrestricted=1;bg_restricted=0;standby_bucket=5;thermal=0;battery_pct=88;charging=0;music=0;location_on=1"
1789420544960,990889806,hb,"recorder=1;since_fix_ms=967;fixes_this_process=509;write_failures=0;screen_on=1;doze=0;battery_saver=0;unrestricted=1;bg_restricted=0;standby_bucket=5;thermal=0;battery_pct=88;charging=0;music=0;location_on=1"
1789420549968,990894814,hb,"recorder=1;since_fix_ms=974;fixes_this_process=514;write_failures=0;screen_on=1;doze=0;battery_saver=0;unrestricted=1;bg_restricted=0;standby_bucket=5;thermal=0;battery_pct=88;charging=0;music=0;location_on=1"
1789420554977,990899823,hb,"recorder=1;since_fix_ms=986;fixes_this_process=519;write_failures=0;screen_on=1;doze=0;battery_saver=0;unrestricted=1;bg_restricted=0;standby_bucket=5;thermal=0;battery_pct=88;charging=0;music=0;location_on=1"
1789420559989,990904836,hb,"recorder=1;since_fix_ms=1;fixes_this_process=525;write_failures=0;screen_on=1;doze=0;battery_saver=0;unrestricted=1;bg_restricted=0;standby_bucket=5;thermal=0;battery_pct=88;charging=0;music=0;location_on=1"
1789420564996,990909842,hb,"recorder=1;since_fix_ms=6;fixes_this_process=530;write_failures=0;screen_on=1;doze=0;battery_saver=0;unrestricted=1;bg_restricted=0;standby_bucket=5;thermal=0;battery_pct=88;charging=0;music=0;location_on=1"
1789420570003,990914849,hb,"recorder=1;since_fix_ms=13;fixes_this_process=535;write_failures=0;screen_on=1;doze=0;battery_saver=0;unrestricted=1;bg_restricted=0;standby_bucket=5;thermal=0;battery_pct=88;charging=0;music=0;location_on=1"
1789420575007,990919854,hb,"recorder=1;since_fix_ms=14;fixes_this_process=540;write_failures=0;screen_on=1;doze=0;battery_saver=0;unrestricted=1;bg_restricted=0;standby_bucket=5;thermal=0;battery_pct=88;charging=0;music=0;location_on=1"
1789420580015,990924861,hb,"recorder=1;since_fix_ms=27;fixes_this_process=545;write_failures=0;screen_on=1;doze=0;battery_saver=0;unrestricted=1;bg_restricted=0;standby_bucket=5;thermal=0;battery_pct=88;charging=0;music=0;location_on=1"
1789420585019,990929865,hb,"recorder=1;since_fix_ms=28;fixes_this_process=550;write_failures=0;screen_on=1;doze=0;battery_saver=0;unrestricted=1;bg_restricted=0;standby_bucket=5;thermal=0;battery_pct=88;charging=0;music=0;location_on=1"
1789420590026,990934872,hb,"recorder=1;since_fix_ms=32;fixes_this_process=555;write_failures=0;screen_on=1;doze=0;battery_saver=0;unrestricted=1;bg_restricted=0;standby_bucket=5;thermal=0;battery_pct=88;charging=0;music=0;location_on=1"
1789420595033,990939879,hb,"recorder=1;since_fix_ms=36;fixes_this_process=560;write_failures=0;screen_on=1;doze=0;battery_saver=0;unrestricted=1;bg_restricted=0;standby_bucket=5;thermal=0;battery_pct=88;charging=0;music=0;location_on=1"
1789420600040,990944886,hb,"recorder=1;since_fix_ms=46;fixes_this_process=565;write_failures=0;screen_on=1;doze=0;battery_saver=0;unrestricted=1;bg_restricted=0;standby_bucket=5;thermal=0;battery_pct=88;charging=0;music=0;location_on=1"
1789420605046,990949892,hb,"recorder=1;since_fix_ms=44;fixes_this_process=570;write_failures=0;screen_on=1;doze=0;battery_saver=0;unrestricted=1;bg_restricted=0;standby_bucket=5;thermal=0;battery_pct=88;charging=0;music=0;location_on=1"
1789420610053,990954900,hb,"recorder=1;since_fix_ms=60;fixes_this_process=575;write_failures=0;screen_on=1;doze=0;battery_saver=0;unrestricted=1;bg_restricted=0;standby_bucket=5;thermal=0;battery_pct=88;charging=0;music=0;location_on=1"
1789420615062,990959908,hb,"recorder=1;since_fix_ms=66;fixes_this_process=580;write_failures=0;screen_on=1;doze=0;battery_saver=0;unrestricted=1;bg_restricted=0;standby_bucket=5;thermal=0;battery_pct=88;charging=0;music=0;location_on=1"
1789420620071,990964918,hb,"recorder=1;since_fix_ms=68;fixes_this_process=585;write_failures=0;screen_on=1;doze=0;battery_saver=0;unrestricted=1;bg_restricted=0;standby_bucket=5;thermal=0;battery_pct=88;charging=0;music=0;location_on=1"
1789420625080,990969926,hb,"recorder=1;since_fix_ms=79;fixes_this_process=590;write_failures=0;screen_on=1;doze=0;battery_saver=0;unrestricted=1;bg_restricted=0;standby_bucket=5;thermal=0;battery_pct=88;charging=0;music=0;location_on=1"
1789420630089,990974935,hb,"recorder=1;since_fix_ms=93;fixes_this_process=595;write_failures=0;screen_on=1;doze=0;battery_saver=0;unrestricted=1;bg_restricted=0;standby_bucket=5;thermal=0;battery_pct=88;charging=0;music=0;location_on=1"
1789420635097,990979944,hb,"recorder=1;since_fix_ms=93;fixes_this_process=600;write_failures=0;screen_on=1;doze=0;battery_saver=0;unrestricted=1;bg_restricted=0;standby_bucket=5;thermal=0;battery_pct=88;charging=0;music=0;location_on=1"
1789420640104,990984951,hb,"recorder=1;since_fix_ms=110;fixes_this_process=605;write_failures=0;screen_on=1;doze=0;battery_saver=0;unrestricted=1;bg_restricted=0;standby_bucket=5;thermal=0;battery_pct=88;charging=0;music=0;location_on=1"
1789420645111,990989958,hb,"recorder=1;since_fix_ms=121;fixes_this_process=610;write_failures=0;screen_on=1;doze=0;battery_saver=0;unrestricted=1;bg_restricted=0;standby_bucket=5;thermal=0;battery_pct=88;charging=0;music=0;location_on=1"
1789420650121,990994967,hb,"recorder=1;since_fix_ms=130;fixes_this_process=615;write_failures=0;screen_on=1;doze=0;battery_saver=0;unrestricted=1;bg_restricted=0;standby_bucket=5;thermal=0;battery_pct=88;charging=0;music=0;location_on=1"
1789420655128,990999975,hb,"recorder=1;since_fix_ms=134;fixes_this_process=620;write_failures=0;screen_on=1;doze=0;battery_saver=0;unrestricted=1;bg_restricted=0;standby_bucket=5;thermal=0;battery_pct=88;charging=0;music=0;location_on=1"
1789420660135,991004982,hb,"recorder=1;since_fix_ms=139;fixes_this_process=625;write_failures=0;screen_on=1;doze=0;battery_saver=0;unrestricted=1;bg_restricted=0;standby_bucket=5;thermal=0;battery_pct=88;charging=0;music=0;location_on=1"
1789420665144,991009991,hb,"recorder=1;since_fix_ms=139;fixes_this_process=630;write_failures=0;screen_on=1;doze=0;battery_saver=0;unrestricted=1;bg_restricted=0;standby_bucket=5;thermal=0;battery_pct=88;charging=0;music=0;location_on=1"
1789420670153,991015000,hb,"recorder=1;since_fix_ms=154;fixes_this_process=635;write_failures=0;screen_on=1;doze=0;battery_saver=0;unrestricted=1;bg_restricted=0;standby_bucket=5;thermal=0;battery_pct=88;charging=0;music=0;location_on=1"
1789420675161,991020007,hb,"recorder=1;since_fix_ms=165;fixes_this_process=640;write_failures=0;screen_on=1;doze=0;battery_saver=0;unrestricted=1;bg_restricted=0;standby_bucket=5;thermal=0;battery_pct=88;charging=0;music=0;location_on=1"
1789420680173,991025020,hb,"recorder=1;since_fix_ms=183;fixes_this_process=645;write_failures=0;screen_on=1;doze=0;battery_saver=0;unrestricted=1;bg_restricted=0;standby_bucket=5;thermal=0;battery_pct=88;charging=0;music=0;location_on=1"
1789420685182,991030028,hb,"recorder=1;since_fix_ms=186;fixes_this_process=650;write_failures=0;screen_on=1;doze=0;battery_saver=0;unrestricted=1;bg_restricted=0;standby_bucket=5;thermal=0;battery_pct=88;charging=0;music=0;location_on=1"
1789420690191,991035038,hb,"recorder=1;since_fix_ms=193;fixes_this_process=655;write_failures=0;screen_on=1;doze=0;battery_saver=0;unrestricted=1;bg_restricted=0;standby_bucket=5;thermal=0;battery_pct=88;charging=0;music=0;location_on=1"
1789420695199,991040045,hb,"recorder=1;since_fix_ms=204;fixes_this_process=660;write_failures=0;screen_on=1;doze=0;battery_saver=0;unrestricted=1;bg_restricted=0;standby_bucket=5;thermal=0;battery_pct=88;charging=0;music=0;location_on=1"
1789420700204,991045051,hb,"recorder=1;since_fix_ms=209;fixes_this_process=665;write_failures=0;screen_on=1;doze=0;battery_saver=0;unrestricted=1;bg_restricted=0;standby_bucket=5;thermal=0;battery_pct=88;charging=0;music=0;location_on=1"
1789420705208,991050055,hb,"recorder=1;since_fix_ms=216;fixes_this_process=670;write_failures=0;screen_on=1;doze=0;battery_saver=0;unrestricted=1;bg_restricted=0;standby_bucket=5;thermal=0;battery_pct=88;charging=0;music=0;location_on=1"
1789420710218,991055065,hb,"recorder=1;since_fix_ms=227;fixes_this_process=675;write_failures=0;screen_on=1;doze=0;battery_saver=0;unrestricted=1;bg_restricted=0;standby_bucket=5;thermal=0;battery_pct=88;charging=0;music=0;location_on=1"
1789420715223,991060069,hb,"recorder=1;since_fix_ms=222;fixes_this_process=680;write_failures=0;screen_on=1;doze=0;battery_saver=0;unrestricted=1;bg_restricted=0;standby_bucket=5;thermal=0;battery_pct=88;charging=0;music=0;location_on=1"
1789420720228,991065075,hb,"recorder=1;since_fix_ms=235;fixes_this_process=685;write_failures=0;screen_on=1;doze=0;battery_saver=0;unrestricted=1;bg_restricted=0;standby_bucket=5;thermal=0;battery_pct=88;charging=0;music=0;location_on=1"
1789420725237,991070084,hb,"recorder=1;since_fix_ms=232;fixes_this_process=690;write_failures=0;screen_on=1;doze=0;battery_saver=0;unrestricted=1;bg_restricted=0;standby_bucket=5;thermal=0;battery_pct=88;charging=0;music=0;location_on=1"
1789420730246,991075092,hb,"recorder=1;since_fix_ms=232;fixes_this_process=695;write_failures=0;screen_on=1;doze=0;battery_saver=0;unrestricted=1;bg_restricted=0;standby_bucket=5;thermal=0;battery_pct=88;charging=0;music=0;location_on=1"
1789420735254,991080100,hb,"recorder=1;since_fix_ms=252;fixes_this_process=700;write_failures=0;screen_on=1;doze=0;battery_saver=0;unrestricted=1;bg_restricted=0;standby_bucket=5;thermal=0;battery_pct=88;charging=0;music=0;location_on=1"
1789420740263,991085110,hb,"recorder=1;since_fix_ms=257;fixes_this_process=705;write_failures=0;screen_on=1;doze=0;battery_saver=0;unrestricted=1;bg_restricted=0;standby_bucket=5;thermal=0;battery_pct=88;charging=0;music=0;location_on=1"
1789420745272,991090119,hb,"recorder=1;since_fix_ms=272;fixes_this_process=710;write_failures=0;screen_on=1;doze=0;battery_saver=0;unrestricted=1;bg_restricted=0;standby_bucket=5;thermal=0;battery_pct=88;charging=0;music=0;location_on=1"
1789420750280,991095126,hb,"recorder=1;since_fix_ms=280;fixes_this_process=715;write_failures=0;screen_on=1;doze=0;battery_saver=0;unrestricted=1;bg_restricted=0;standby_bucket=5;thermal=0;battery_pct=88;charging=0;music=0;location_on=1"
1789420755285,991100132,hb,"recorder=1;since_fix_ms=294;fixes_this_process=720;write_failures=0;screen_on=1;doze=0;battery_saver=0;unrestricted=1;bg_restricted=0;standby_bucket=5;thermal=0;battery_pct=88;charging=0;music=0;location_on=1"
1789420760294,991105141,hb,"recorder=1;since_fix_ms=303;fixes_this_process=725;write_failures=0;screen_on=1;doze=0;battery_saver=0;unrestricted=1;bg_restricted=0;standby_bucket=5;thermal=0;battery_pct=88;charging=0;music=0;location_on=1"
1789420765304,991110150,hb,"recorder=1;since_fix_ms=312;fixes_this_process=730;write_failures=0;screen_on=1;doze=0;battery_saver=0;unrestricted=1;bg_restricted=0;standby_bucket=5;thermal=0;battery_pct=88;charging=0;music=0;location_on=1"
1789420770311,991115158,hb,"recorder=1;since_fix_ms=320;fixes_this_process=735;write_failures=0;screen_on=1;doze=0;battery_saver=0;unrestricted=1;bg_restricted=0;standby_bucket=5;thermal=0;battery_pct=88;charging=0;music=0;location_on=1"
1789420775320,991120166,hb,"recorder=1;since_fix_ms=329;fixes_this_process=740;write_failures=0;screen_on=1;doze=0;battery_saver=0;unrestricted=1;bg_restricted=0;standby_bucket=5;thermal=0;battery_pct=88;charging=0;music=0;location_on=1"
1789420780329,991125175,hb,"recorder=1;since_fix_ms=332;fixes_this_process=745;write_failures=0;screen_on=1;doze=0;battery_saver=0;unrestricted=1;bg_restricted=0;standby_bucket=5;thermal=0;battery_pct=88;charging=0;music=0;location_on=1"
1789420785341,991130187,hb,"recorder=1;since_fix_ms=340;fixes_this_process=750;write_failures=0;screen_on=1;doze=0;battery_saver=0;unrestricted=1;bg_restricted=0;standby_bucket=5;thermal=0;battery_pct=88;charging=0;music=0;location_on=1"
1789420790349,991135195,hb,"recorder=1;since_fix_ms=355;fixes_this_process=755;write_failures=0;screen_on=1;doze=0;battery_saver=0;unrestricted=1;bg_restricted=0;standby_bucket=5;thermal=0;battery_pct=88;charging=0;music=0;location_on=1"
1789420795358,991140204,hb,"recorder=1;since_fix_ms=367;fixes_this_process=760;write_failures=0;screen_on=1;doze=0;battery_saver=0;unrestricted=1;bg_restricted=0;standby_bucket=5;thermal=0;battery_pct=88;charging=0;music=0;location_on=1"
1789420800371,991145218,hb,"recorder=1;since_fix_ms=380;fixes_this_process=765;write_failures=0;screen_on=1;doze=0;battery_saver=0;unrestricted=1;bg_restricted=0;standby_bucket=5;thermal=0;battery_pct=88;charging=0;music=0;location_on=1"
1789420805380,991150226,hb,"recorder=1;since_fix_ms=389;fixes_this_process=770;write_failures=0;screen_on=1;doze=0;battery_saver=0;unrestricted=1;bg_restricted=0;standby_bucket=5;thermal=0;battery_pct=88;charging=0;music=0;location_on=1"
1789420810384,991155231,hb,"recorder=1;since_fix_ms=393;fixes_this_process=775;write_failures=0;screen_on=1;doze=0;battery_saver=0;unrestricted=1;bg_restricted=0;standby_bucket=5;thermal=0;battery_pct=88;charging=0;music=0;location_on=1"
1789420815395,991160241,hb,"recorder=1;since_fix_ms=405;fixes_this_process=780;write_failures=0;screen_on=1;doze=0;battery_saver=0;unrestricted=1;bg_restricted=0;standby_bucket=5;thermal=0;battery_pct=88;charging=0;music=0;location_on=1"
1789420820402,991165249,hb,"recorder=1;since_fix_ms=409;fixes_this_process=785;write_failures=0;screen_on=1;doze=0;battery_saver=0;unrestricted=1;bg_restricted=0;standby_bucket=5;thermal=0;battery_pct=88;charging=0;music=0;location_on=1"
1789420825408,991170254,hb,"recorder=1;since_fix_ms=416;fixes_this_process=790;write_failures=0;screen_on=1;doze=0;battery_saver=0;unrestricted=1;bg_restricted=0;standby_bucket=5;thermal=0;battery_pct=88;charging=0;music=0;location_on=1"
1789420830420,991175267,hb,"recorder=1;since_fix_ms=427;fixes_this_process=795;write_failures=0;screen_on=1;doze=0;battery_saver=0;unrestricted=1;bg_restricted=0;standby_bucket=5;thermal=0;battery_pct=88;charging=0;music=0;location_on=1"
1789420835427,991180273,hb,"recorder=1;since_fix_ms=435;fixes_this_process=800;write_failures=0;screen_on=1;doze=0;battery_saver=0;unrestricted=1;bg_restricted=0;standby_bucket=5;thermal=0;battery_pct=88;charging=0;music=0;location_on=1"
1789420840434,991185280,hb,"recorder=1;since_fix_ms=437;fixes_this_process=805;write_failures=0;screen_on=1;doze=0;battery_saver=0;unrestricted=1;bg_restricted=0;standby_bucket=5;thermal=0;battery_pct=88;charging=0;music=0;location_on=1"
1789420845445,991190291,hb,"recorder=1;since_fix_ms=450;fixes_this_process=810;write_failures=0;screen_on=1;doze=0;battery_saver=0;unrestricted=1;bg_restricted=0;standby_bucket=5;thermal=0;battery_pct=88;charging=0;music=0;location_on=1"
1789420850452,991195299,hb,"recorder=1;since_fix_ms=455;fixes_this_process=815;write_failures=0;screen_on=1;doze=0;battery_saver=0;unrestricted=1;bg_restricted=0;standby_bucket=5;thermal=0;battery_pct=88;charging=0;music=0;location_on=1"
1789420855459,991200305,hb,"recorder=1;since_fix_ms=465;fixes_this_process=820;write_failures=0;screen_on=1;doze=0;battery_saver=0;unrestricted=1;bg_restricted=0;standby_bucket=5;thermal=0;battery_pct=88;charging=0;music=0;location_on=1"
1789420860473,991205320,hb,"recorder=1;since_fix_ms=481;fixes_this_process=825;write_failures=0;screen_on=1;doze=0;battery_saver=0;unrestricted=1;bg_restricted=0;standby_bucket=5;thermal=0;battery_pct=88;charging=0;music=0;location_on=1"
1789420865478,991210325,hb,"recorder=1;since_fix_ms=483;fixes_this_process=830;write_failures=0;screen_on=1;doze=0;battery_saver=0;unrestricted=1;bg_restricted=0;standby_bucket=5;thermal=0;battery_pct=88;charging=0;music=0;location_on=1"
1789420870488,991215334,hb,"recorder=1;since_fix_ms=491;fixes_this_process=835;write_failures=0;screen_on=1;doze=0;battery_saver=0;unrestricted=1;bg_restricted=0;standby_bucket=5;thermal=0;battery_pct=88;charging=0;music=0;location_on=1"
1789420875501,991220347,hb,"recorder=1;since_fix_ms=499;fixes_this_process=840;write_failures=0;screen_on=1;doze=0;battery_saver=0;unrestricted=1;bg_restricted=0;standby_bucket=5;thermal=0;battery_pct=88;charging=0;music=0;location_on=1"
1789420880506,991225352,hb,"recorder=1;since_fix_ms=508;fixes_this_process=845;write_failures=0;screen_on=1;doze=0;battery_saver=0;unrestricted=1;bg_restricted=0;standby_bucket=5;thermal=0;battery_pct=88;charging=0;music=0;location_on=1"
1789420885509,991230356,hb,"recorder=1;since_fix_ms=516;fixes_this_process=850;write_failures=0;screen_on=1;doze=0;battery_saver=0;unrestricted=1;bg_restricted=0;standby_bucket=5;thermal=0;battery_pct=88;charging=0;music=0;location_on=1"
1789420890523,991235370,hb,"recorder=1;since_fix_ms=533;fixes_this_process=855;write_failures=0;screen_on=1;doze=0;battery_saver=0;unrestricted=1;bg_restricted=0;standby_bucket=5;thermal=0;battery_pct=88;charging=0;music=0;location_on=1"
1789420895532,991240379,hb,"recorder=1;since_fix_ms=541;fixes_this_process=860;write_failures=0;screen_on=1;doze=0;battery_saver=0;unrestricted=1;bg_restricted=0;standby_bucket=5;thermal=0;battery_pct=88;charging=0;music=0;location_on=1"
1789420900541,991245387,hb,"recorder=1;since_fix_ms=552;fixes_this_process=865;write_failures=0;screen_on=1;doze=0;battery_saver=0;unrestricted=1;bg_restricted=0;standby_bucket=5;thermal=0;battery_pct=88;charging=0;music=0;location_on=1"
1789420905554,991250400,hb,"recorder=1;since_fix_ms=561;fixes_this_process=870;write_failures=0;screen_on=1;doze=0;battery_saver=0;unrestricted=1;bg_restricted=0;standby_bucket=5;thermal=0;battery_pct=88;charging=0;music=0;location_on=1"
1789420910561,991255408,hb,"recorder=1;since_fix_ms=562;fixes_this_process=875;write_failures=0;screen_on=1;doze=0;battery_saver=0;unrestricted=1;bg_restricted=0;standby_bucket=5;thermal=0;battery_pct=88;charging=0;music=0;location_on=1"
1789420915570,991260416,hb,"recorder=1;since_fix_ms=567;fixes_this_process=880;write_failures=0;screen_on=1;doze=0;battery_saver=0;unrestricted=1;bg_restricted=0;standby_bucket=5;thermal=0;battery_pct=88;charging=0;music=0;location_on=1"
1789420920585,991265431,hb,"recorder=1;since_fix_ms=586;fixes_this_process=885;write_failures=0;screen_on=1;doze=0;battery_saver=0;unrestricted=1;bg_restricted=0;standby_bucket=5;thermal=0;battery_pct=88;charging=0;music=0;location_on=1"
1789420925593,991270440,hb,"recorder=1;since_fix_ms=588;fixes_this_process=890;write_failures=0;screen_on=1;doze=0;battery_saver=0;unrestricted=1;bg_restricted=0;standby_bucket=5;thermal=0;battery_pct=88;charging=0;music=0;location_on=1"
1789420930598,991275444,hb,"recorder=1;since_fix_ms=590;fixes_this_process=895;write_failures=0;screen_on=1;doze=0;battery_saver=0;unrestricted=1;bg_restricted=0;standby_bucket=5;thermal=0;battery_pct=88;charging=0;music=0;location_on=1"
1789420935611,991280457,hb,"recorder=1;since_fix_ms=613;fixes_this_process=900;write_failures=0;screen_on=1;doze=0;battery_saver=0;unrestricted=1;bg_restricted=0;standby_bucket=5;thermal=0;battery_pct=88;charging=0;music=0;location_on=1"
1789420940620,991285466,hb,"recorder=1;since_fix_ms=627;fixes_this_process=905;write_failures=0;screen_on=1;doze=0;battery_saver=0;unrestricted=1;bg_restricted=0;standby_bucket=5;thermal=0;battery_pct=88;charging=0;music=0;location_on=1"
1789420945626,991290472,hb,"recorder=1;since_fix_ms=632;fixes_this_process=910;write_failures=0;screen_on=1;doze=0;battery_saver=0;unrestricted=1;bg_restricted=0;standby_bucket=5;thermal=0;battery_pct=88;charging=0;music=0;location_on=1"
1789420950635,991295482,hb,"recorder=1;since_fix_ms=635;fixes_this_process=915;write_failures=0;screen_on=1;doze=0;battery_saver=0;unrestricted=1;bg_restricted=0;standby_bucket=5;thermal=0;battery_pct=88;charging=0;music=0;location_on=1"
1789420955645,991300491,hb,"recorder=1;since_fix_ms=651;fixes_this_process=920;write_failures=0;screen_on=1;doze=0;battery_saver=0;unrestricted=1;bg_restricted=0;standby_bucket=5;thermal=0;battery_pct=88;charging=0;music=0;location_on=1"
1789420960654,991305500,hb,"recorder=1;since_fix_ms=663;fixes_this_process=925;write_failures=0;screen_on=1;doze=0;battery_saver=0;unrestricted=1;bg_restricted=0;standby_bucket=5;thermal=0;battery_pct=88;charging=0;music=0;location_on=1"
1789420965664,991310510,hb,"recorder=1;since_fix_ms=672;fixes_this_process=930;write_failures=0;screen_on=1;doze=0;battery_saver=0;unrestricted=1;bg_restricted=0;standby_bucket=5;thermal=0;battery_pct=88;charging=0;music=0;location_on=1"
1789420970672,991315519,hb,"recorder=1;since_fix_ms=669;fixes_this_process=935;write_failures=0;screen_on=1;doze=0;battery_saver=0;unrestricted=1;bg_restricted=0;standby_bucket=5;thermal=0;battery_pct=88;charging=0;music=0;location_on=1"
1789420975682,991320528,hb,"recorder=1;since_fix_ms=688;fixes_this_process=940;write_failures=0;screen_on=1;doze=0;battery_saver=0;unrestricted=1;bg_restricted=0;standby_bucket=5;thermal=0;battery_pct=88;charging=0;music=0;location_on=1"
1789420980691,991325537,hb,"recorder=1;since_fix_ms=698;fixes_this_process=945;write_failures=0;screen_on=1;doze=0;battery_saver=0;unrestricted=1;bg_restricted=0;standby_bucket=5;thermal=0;battery_pct=88;charging=0;music=0;location_on=1"
1789420985693,991330539,hb,"recorder=1;since_fix_ms=701;fixes_this_process=950;write_failures=0;screen_on=1;doze=0;battery_saver=0;unrestricted=1;bg_restricted=0;standby_bucket=5;thermal=0;battery_pct=88;charging=0;music=0;location_on=1"
1789420990696,991335543,hb,"recorder=1;since_fix_ms=689;fixes_this_process=955;write_failures=0;screen_on=1;doze=0;battery_saver=0;unrestricted=1;bg_restricted=0;standby_bucket=5;thermal=0;battery_pct=88;charging=0;music=0;location_on=1"
1789420995706,991340552,hb,"recorder=1;since_fix_ms=711;fixes_this_process=960;write_failures=0;screen_on=1;doze=0;battery_saver=0;unrestricted=1;bg_restricted=0;standby_bucket=5;thermal=0;battery_pct=88;charging=0;music=0;location_on=1"
1789421000714,991345561,hb,"recorder=1;since_fix_ms=751;fixes_this_process=965;write_failures=0;screen_on=1;doze=0;battery_saver=0;unrestricted=1;bg_restricted=0;standby_bucket=5;thermal=0;battery_pct=88;charging=0;music=0;location_on=1"
1789421005722,991350568,hb,"recorder=1;since_fix_ms=732;fixes_this_process=970;write_failures=0;screen_on=1;doze=0;battery_saver=0;unrestricted=1;bg_restricted=0;standby_bucket=5;thermal=0;battery_pct=88;charging=0;music=0;location_on=1"
1789421010736,991355582,hb,"recorder=1;since_fix_ms=744;fixes_this_process=975;write_failures=0;screen_on=1;doze=0;battery_saver=0;unrestricted=1;bg_restricted=0;standby_bucket=5;thermal=0;battery_pct=88;charging=0;music=0;location_on=1"
1789421015743,991360589,hb,"recorder=1;since_fix_ms=750;fixes_this_process=980;write_failures=0;screen_on=1;doze=0;battery_saver=0;unrestricted=1;bg_restricted=0;standby_bucket=5;thermal=0;battery_pct=88;charging=0;music=0;location_on=1"
1789421020750,991365596,hb,"recorder=1;since_fix_ms=754;fixes_this_process=985;write_failures=0;screen_on=1;doze=0;battery_saver=0;unrestricted=1;bg_restricted=0;standby_bucket=5;thermal=0;battery_pct=88;charging=0;music=0;location_on=1"
1789421025764,991370610,hb,"recorder=1;since_fix_ms=766;fixes_this_process=990;write_failures=0;screen_on=1;doze=0;battery_saver=0;unrestricted=1;bg_restricted=0;standby_bucket=5;thermal=0;battery_pct=88;charging=0;music=0;location_on=1"
1789421030774,991375620,hb,"recorder=1;since_fix_ms=784;fixes_this_process=995;write_failures=0;screen_on=1;doze=0;battery_saver=0;unrestricted=1;bg_restricted=0;standby_bucket=5;thermal=0;battery_pct=88;charging=0;music=0;location_on=1"
1789421035783,991380630,hb,"recorder=1;since_fix_ms=792;fixes_this_process=1000;write_failures=0;screen_on=1;doze=0;battery_saver=0;unrestricted=1;bg_restricted=0;standby_bucket=5;thermal=0;battery_pct=88;charging=0;music=0;location_on=1"
1789421040797,991385644,hb,"recorder=1;since_fix_ms=797;fixes_this_process=1005;write_failures=0;screen_on=1;doze=0;battery_saver=0;unrestricted=1;bg_restricted=0;standby_bucket=5;thermal=0;battery_pct=88;charging=0;music=0;location_on=1"
1789421045805,991390651,hb,"recorder=1;since_fix_ms=815;fixes_this_process=1010;write_failures=0;screen_on=1;doze=0;battery_saver=0;unrestricted=1;bg_restricted=0;standby_bucket=5;thermal=0;battery_pct=88;charging=0;music=0;location_on=1"
1789421050811,991395658,hb,"recorder=1;since_fix_ms=821;fixes_this_process=1015;write_failures=0;screen_on=1;doze=0;battery_saver=0;unrestricted=1;bg_restricted=0;standby_bucket=5;thermal=0;battery_pct=88;charging=0;music=0;location_on=1"
1789421055822,991400669,hb,"recorder=1;since_fix_ms=831;fixes_this_process=1020;write_failures=0;screen_on=1;doze=0;battery_saver=0;unrestricted=1;bg_restricted=0;standby_bucket=5;thermal=0;battery_pct=88;charging=0;music=0;location_on=1"
1789421060829,991405676,hb,"recorder=1;since_fix_ms=821;fixes_this_process=1025;write_failures=0;screen_on=1;doze=0;battery_saver=0;unrestricted=1;bg_restricted=0;standby_bucket=5;thermal=0;battery_pct=88;charging=0;music=0;location_on=1"
1789421065838,991410684,hb,"recorder=1;since_fix_ms=844;fixes_this_process=1030;write_failures=0;screen_on=1;doze=0;battery_saver=0;unrestricted=1;bg_restricted=0;standby_bucket=5;thermal=0;battery_pct=88;charging=0;music=0;location_on=1"
1789421070849,991415695,hb,"recorder=1;since_fix_ms=903;fixes_this_process=1035;write_failures=0;screen_on=1;doze=0;battery_saver=0;unrestricted=1;bg_restricted=0;standby_bucket=5;thermal=0;battery_pct=88;charging=0;music=0;location_on=1"
1789421075857,991420704,hb,"recorder=1;since_fix_ms=861;fixes_this_process=1040;write_failures=0;screen_on=1;doze=0;battery_saver=0;unrestricted=1;bg_restricted=0;standby_bucket=5;thermal=0;battery_pct=88;charging=0;music=0;location_on=1"
1789421080865,991425712,hb,"recorder=1;since_fix_ms=876;fixes_this_process=1045;write_failures=0;screen_on=1;doze=0;battery_saver=0;unrestricted=1;bg_restricted=0;standby_bucket=5;thermal=0;battery_pct=88;charging=0;music=0;location_on=1"
1789421085877,991430723,hb,"recorder=1;since_fix_ms=885;fixes_this_process=1050;write_failures=0;screen_on=1;doze=0;battery_saver=0;unrestricted=1;bg_restricted=0;standby_bucket=5;thermal=0;battery_pct=88;charging=0;music=0;location_on=1"
1789421090883,991435730,hb,"recorder=1;since_fix_ms=938;fixes_this_process=1055;write_failures=0;screen_on=1;doze=0;battery_saver=0;unrestricted=1;bg_restricted=0;standby_bucket=5;thermal=0;battery_pct=88;charging=0;music=0;location_on=1"
1789421095892,991440738,hb,"recorder=1;since_fix_ms=900;fixes_this_process=1060;write_failures=0;screen_on=1;doze=0;battery_saver=0;unrestricted=1;bg_restricted=0;standby_bucket=5;thermal=0;battery_pct=88;charging=0;music=0;location_on=1"
1789421100904,991445751,hb,"recorder=1;since_fix_ms=916;fixes_this_process=1065;write_failures=0;screen_on=1;doze=0;battery_saver=0;unrestricted=1;bg_restricted=0;standby_bucket=5;thermal=0;battery_pct=88;charging=0;music=0;location_on=1"
1789421105913,991450759,hb,"recorder=1;since_fix_ms=919;fixes_this_process=1070;write_failures=0;screen_on=1;doze=0;battery_saver=0;unrestricted=1;bg_restricted=0;standby_bucket=5;thermal=0;battery_pct=88;charging=0;music=0;location_on=1"
1789421110921,991455767,hb,"recorder=1;since_fix_ms=928;fixes_this_process=1075;write_failures=0;screen_on=1;doze=0;battery_saver=0;unrestricted=1;bg_restricted=0;standby_bucket=5;thermal=0;battery_pct=88;charging=0;music=0;location_on=1"
1789421115929,991460775,hb,"recorder=1;since_fix_ms=926;fixes_this_process=1080;write_failures=0;screen_on=1;doze=0;battery_saver=0;unrestricted=1;bg_restricted=0;standby_bucket=5;thermal=0;battery_pct=88;charging=0;music=0;location_on=1"
1789421120937,991465784,hb,"recorder=1;since_fix_ms=1006;fixes_this_process=1085;write_failures=0;screen_on=1;doze=0;battery_saver=0;unrestricted=1;bg_restricted=0;standby_bucket=5;thermal=0;battery_pct=88;charging=0;music=0;location_on=1"
1789421125942,991470789,hb,"recorder=1;since_fix_ms=951;fixes_this_process=1090;write_failures=0;screen_on=1;doze=0;battery_saver=0;unrestricted=1;bg_restricted=0;standby_bucket=5;thermal=0;battery_pct=88;charging=0;music=0;location_on=1"
1789421130953,991475800,hb,"recorder=1;since_fix_ms=962;fixes_this_process=1095;write_failures=0;screen_on=1;doze=0;battery_saver=0;unrestricted=1;bg_restricted=0;standby_bucket=5;thermal=0;battery_pct=88;charging=0;music=0;location_on=1"
1789421135962,991480809,hb,"recorder=1;since_fix_ms=1074;fixes_this_process=1100;write_failures=0;screen_on=1;doze=0;battery_saver=0;unrestricted=1;bg_restricted=0;standby_bucket=5;thermal=0;battery_pct=88;charging=0;music=0;location_on=1"
1789421140966,991485812,hb,"recorder=1;since_fix_ms=64;fixes_this_process=1106;write_failures=0;screen_on=1;doze=0;battery_saver=0;unrestricted=1;bg_restricted=0;standby_bucket=5;thermal=0;battery_pct=88;charging=0;music=0;location_on=1"
1789421145973,991490819,hb,"recorder=1;since_fix_ms=982;fixes_this_process=1110;write_failures=0;screen_on=1;doze=0;battery_saver=0;unrestricted=1;bg_restricted=0;standby_bucket=5;thermal=0;battery_pct=88;charging=0;music=0;location_on=1"
1789421150983,991495829,hb,"recorder=1;since_fix_ms=996;fixes_this_process=1115;write_failures=0;screen_on=1;doze=0;battery_saver=0;unrestricted=1;bg_restricted=0;standby_bucket=5;thermal=0;battery_pct=88;charging=0;music=0;location_on=1"
1789421155988,991500834,hb,"recorder=1;since_fix_ms=1000;fixes_this_process=1120;write_failures=0;screen_on=1;doze=0;battery_saver=0;unrestricted=1;bg_restricted=0;standby_bucket=5;thermal=0;battery_pct=88;charging=0;music=0;location_on=1"
1789421160997,991505844,hb,"recorder=1;since_fix_ms=9;fixes_this_process=1126;write_failures=0;screen_on=1;doze=0;battery_saver=0;unrestricted=1;bg_restricted=0;standby_bucket=5;thermal=0;battery_pct=88;charging=0;music=0;location_on=1"
1789421166001,991510848,hb,"recorder=1;since_fix_ms=13;fixes_this_process=1131;write_failures=0;screen_on=1;doze=0;battery_saver=0;unrestricted=1;bg_restricted=0;standby_bucket=5;thermal=0;battery_pct=87;charging=0;music=0;location_on=1"
1789421171005,991515851,hb,"recorder=1;since_fix_ms=18;fixes_this_process=1136;write_failures=0;screen_on=1;doze=0;battery_saver=0;unrestricted=1;bg_restricted=0;standby_bucket=5;thermal=0;battery_pct=87;charging=0;music=0;location_on=1"
1789421176012,991520858,hb,"recorder=1;since_fix_ms=25;fixes_this_process=1141;write_failures=0;screen_on=1;doze=0;battery_saver=0;unrestricted=1;bg_restricted=0;standby_bucket=5;thermal=0;battery_pct=87;charging=0;music=0;location_on=1"
1789421181016,991525863,hb,"recorder=1;since_fix_ms=16;fixes_this_process=1146;write_failures=0;screen_on=1;doze=0;battery_saver=0;unrestricted=1;bg_restricted=0;standby_bucket=5;thermal=0;battery_pct=87;charging=0;music=0;location_on=1"
1789421186022,991530869,hb,"recorder=1;since_fix_ms=35;fixes_this_process=1151;write_failures=0;screen_on=1;doze=0;battery_saver=0;unrestricted=1;bg_restricted=0;standby_bucket=5;thermal=0;battery_pct=87;charging=0;music=0;location_on=1"
1789421191028,991535874,hb,"recorder=1;since_fix_ms=36;fixes_this_process=1156;write_failures=0;screen_on=1;doze=0;battery_saver=0;unrestricted=1;bg_restricted=0;standby_bucket=5;thermal=0;battery_pct=87;charging=0;music=0;location_on=1"
1789421196033,991540879,hb,"recorder=1;since_fix_ms=40;fixes_this_process=1161;write_failures=0;screen_on=1;doze=0;battery_saver=0;unrestricted=1;bg_restricted=0;standby_bucket=5;thermal=0;battery_pct=87;charging=0;music=0;location_on=1"
1789421201040,991545887,hb,"recorder=1;since_fix_ms=46;fixes_this_process=1166;write_failures=0;screen_on=1;doze=0;battery_saver=0;unrestricted=1;bg_restricted=0;standby_bucket=5;thermal=0;battery_pct=87;charging=0;music=0;location_on=1"
1789421206049,991550895,hb,"recorder=1;since_fix_ms=58;fixes_this_process=1171;write_failures=0;screen_on=1;doze=0;battery_saver=0;unrestricted=1;bg_restricted=0;standby_bucket=5;thermal=0;battery_pct=87;charging=0;music=0;location_on=1"
1789421211055,991555902,hb,"recorder=1;since_fix_ms=57;fixes_this_process=1176;write_failures=0;screen_on=1;doze=0;battery_saver=0;unrestricted=1;bg_restricted=0;standby_bucket=5;thermal=0;battery_pct=87;charging=0;music=0;location_on=1"
1789421216059,991560905,hb,"recorder=1;since_fix_ms=69;fixes_this_process=1181;write_failures=0;screen_on=1;doze=0;battery_saver=0;unrestricted=1;bg_restricted=0;standby_bucket=5;thermal=0;battery_pct=87;charging=0;music=0;location_on=1"
1789421221067,991565913,hb,"recorder=1;since_fix_ms=77;fixes_this_process=1186;write_failures=0;screen_on=1;doze=0;battery_saver=0;unrestricted=1;bg_restricted=0;standby_bucket=5;thermal=0;battery_pct=87;charging=0;music=0;location_on=1"
1789421226070,991570917,hb,"recorder=1;since_fix_ms=81;fixes_this_process=1191;write_failures=0;screen_on=1;doze=0;battery_saver=0;unrestricted=1;bg_restricted=0;standby_bucket=5;thermal=0;battery_pct=87;charging=0;music=0;location_on=1"
1789421231079,991575926,hb,"recorder=1;since_fix_ms=87;fixes_this_process=1196;write_failures=0;screen_on=1;doze=0;battery_saver=0;unrestricted=1;bg_restricted=0;standby_bucket=5;thermal=0;battery_pct=87;charging=0;music=0;location_on=1"
1789421236092,991580938,hb,"recorder=1;since_fix_ms=100;fixes_this_process=1201;write_failures=0;screen_on=1;doze=0;battery_saver=0;unrestricted=1;bg_restricted=0;standby_bucket=5;thermal=0;battery_pct=87;charging=0;music=0;location_on=1"
1789421241099,991585946,hb,"recorder=1;since_fix_ms=106;fixes_this_process=1206;write_failures=0;screen_on=1;doze=0;battery_saver=0;unrestricted=1;bg_restricted=0;standby_bucket=5;thermal=0;battery_pct=87;charging=0;music=0;location_on=1"
1789421246108,991590954,hb,"recorder=1;since_fix_ms=118;fixes_this_process=1211;write_failures=0;screen_on=1;doze=0;battery_saver=0;unrestricted=1;bg_restricted=0;standby_bucket=5;thermal=0;battery_pct=87;charging=0;music=0;location_on=1"
1789421251118,991595964,hb,"recorder=1;since_fix_ms=130;fixes_this_process=1216;write_failures=0;screen_on=1;doze=0;battery_saver=0;unrestricted=1;bg_restricted=0;standby_bucket=5;thermal=0;battery_pct=87;charging=0;music=0;location_on=1"
1789421256126,991600972,hb,"recorder=1;since_fix_ms=130;fixes_this_process=1221;write_failures=0;screen_on=1;doze=0;battery_saver=0;unrestricted=1;bg_restricted=0;standby_bucket=5;thermal=0;battery_pct=87;charging=0;music=0;location_on=1"
1789421261133,991605980,hb,"recorder=1;since_fix_ms=140;fixes_this_process=1226;write_failures=0;screen_on=1;doze=0;battery_saver=0;unrestricted=1;bg_restricted=0;standby_bucket=5;thermal=0;battery_pct=87;charging=0;music=0;location_on=1"
1789421266143,991610989,hb,"recorder=1;since_fix_ms=149;fixes_this_process=1231;write_failures=0;screen_on=1;doze=0;battery_saver=0;unrestricted=1;bg_restricted=0;standby_bucket=5;thermal=0;battery_pct=87;charging=0;music=0;location_on=1"
1789421271146,991615993,hb,"recorder=1;since_fix_ms=156;fixes_this_process=1236;write_failures=0;screen_on=1;doze=0;battery_saver=0;unrestricted=1;bg_restricted=0;standby_bucket=5;thermal=0;battery_pct=87;charging=0;music=0;location_on=1"
1789421276154,991621001,hb,"recorder=1;since_fix_ms=163;fixes_this_process=1241;write_failures=0;screen_on=1;doze=0;battery_saver=0;unrestricted=1;bg_restricted=0;standby_bucket=5;thermal=0;battery_pct=87;charging=0;music=0;location_on=1"
1789421281165,991626012,hb,"recorder=1;since_fix_ms=177;fixes_this_process=1246;write_failures=0;screen_on=1;doze=0;battery_saver=0;unrestricted=1;bg_restricted=0;standby_bucket=5;thermal=0;battery_pct=87;charging=0;music=0;location_on=1"
1789421286173,991631019,hb,"recorder=1;since_fix_ms=182;fixes_this_process=1251;write_failures=0;screen_on=1;doze=0;battery_saver=0;unrestricted=1;bg_restricted=0;standby_bucket=5;thermal=0;battery_pct=87;charging=0;music=0;location_on=1"
1789421291177,991636023,hb,"recorder=1;since_fix_ms=186;fixes_this_process=1256;write_failures=0;screen_on=1;doze=0;battery_saver=0;unrestricted=1;bg_restricted=0;standby_bucket=5;thermal=0;battery_pct=87;charging=0;music=0;location_on=1"
1789421296187,991641034,hb,"recorder=1;since_fix_ms=201;fixes_this_process=1261;write_failures=0;screen_on=1;doze=0;battery_saver=0;unrestricted=1;bg_restricted=0;standby_bucket=5;thermal=0;battery_pct=87;charging=0;music=0;location_on=1"
1789421301192,991646039,hb,"recorder=1;since_fix_ms=200;fixes_this_process=1266;write_failures=0;screen_on=1;doze=0;battery_saver=0;unrestricted=1;bg_restricted=0;standby_bucket=5;thermal=0;battery_pct=87;charging=0;music=0;location_on=1"
1789421306197,991651044,hb,"recorder=1;since_fix_ms=204;fixes_this_process=1271;write_failures=0;screen_on=1;doze=0;battery_saver=0;unrestricted=1;bg_restricted=0;standby_bucket=5;thermal=0;battery_pct=87;charging=0;music=0;location_on=1"
1789421311206,991656053,hb,"recorder=1;since_fix_ms=256;fixes_this_process=1276;write_failures=0;screen_on=1;doze=0;battery_saver=0;unrestricted=1;bg_restricted=0;standby_bucket=5;thermal=0;battery_pct=87;charging=0;music=0;location_on=1"
1789421316210,991661056,hb,"recorder=1;since_fix_ms=208;fixes_this_process=1281;write_failures=0;screen_on=1;doze=0;battery_saver=0;unrestricted=1;bg_restricted=0;standby_bucket=5;thermal=0;battery_pct=87;charging=0;music=0;location_on=1"
1789421321212,991666059,hb,"recorder=1;since_fix_ms=211;fixes_this_process=1286;write_failures=0;screen_on=1;doze=0;battery_saver=0;unrestricted=1;bg_restricted=0;standby_bucket=5;thermal=0;battery_pct=87;charging=0;music=0;location_on=1"
1789421326223,991671070,hb,"recorder=1;since_fix_ms=231;fixes_this_process=1291;write_failures=0;screen_on=1;doze=0;battery_saver=0;unrestricted=1;bg_restricted=0;standby_bucket=5;thermal=0;battery_pct=87;charging=0;music=0;location_on=1"
1789421331231,991676078,hb,"recorder=1;since_fix_ms=241;fixes_this_process=1296;write_failures=0;screen_on=1;doze=0;battery_saver=0;unrestricted=1;bg_restricted=0;standby_bucket=5;thermal=0;battery_pct=87;charging=0;music=0;location_on=1"
1789421336239,991681086,hb,"recorder=1;since_fix_ms=254;fixes_this_process=1301;write_failures=0;screen_on=1;doze=0;battery_saver=0;unrestricted=1;bg_restricted=0;standby_bucket=5;thermal=0;battery_pct=87;charging=0;music=0;location_on=1"
1789421341250,991686097,hb,"recorder=1;since_fix_ms=259;fixes_this_process=1306;write_failures=0;screen_on=1;doze=0;battery_saver=0;unrestricted=1;bg_restricted=0;standby_bucket=5;thermal=0;battery_pct=87;charging=0;music=0;location_on=1"
1789421346259,991691105,hb,"recorder=1;since_fix_ms=268;fixes_this_process=1311;write_failures=0;screen_on=1;doze=0;battery_saver=0;unrestricted=1;bg_restricted=0;standby_bucket=5;thermal=0;battery_pct=87;charging=0;music=0;location_on=1"
1789421351267,991696113,hb,"recorder=1;since_fix_ms=273;fixes_this_process=1316;write_failures=0;screen_on=1;doze=0;battery_saver=0;unrestricted=1;bg_restricted=0;standby_bucket=5;thermal=0;battery_pct=87;charging=0;music=0;location_on=1"
1789421356274,991701120,hb,"recorder=1;since_fix_ms=281;fixes_this_process=1321;write_failures=0;screen_on=1;doze=0;battery_saver=0;unrestricted=1;bg_restricted=0;standby_bucket=5;thermal=0;battery_pct=87;charging=0;music=0;location_on=1"
1789421361282,991706128,hb,"recorder=1;since_fix_ms=292;fixes_this_process=1326;write_failures=0;screen_on=1;doze=0;battery_saver=0;unrestricted=1;bg_restricted=0;standby_bucket=5;thermal=0;battery_pct=87;charging=0;music=0;location_on=1"
1789421366291,991711138,hb,"recorder=1;since_fix_ms=300;fixes_this_process=1331;write_failures=0;screen_on=1;doze=0;battery_saver=0;unrestricted=1;bg_restricted=0;standby_bucket=5;thermal=0;battery_pct=87;charging=0;music=0;location_on=1"
1789421371305,991716152,hb,"recorder=1;since_fix_ms=306;fixes_this_process=1336;write_failures=0;screen_on=1;doze=0;battery_saver=0;unrestricted=1;bg_restricted=0;standby_bucket=5;thermal=0;battery_pct=87;charging=0;music=0;location_on=1"
1789421376314,991721160,hb,"recorder=1;since_fix_ms=321;fixes_this_process=1341;write_failures=0;screen_on=1;doze=0;battery_saver=0;unrestricted=1;bg_restricted=0;standby_bucket=5;thermal=0;battery_pct=87;charging=0;music=0;location_on=1"
1789421381323,991726169,hb,"recorder=1;since_fix_ms=328;fixes_this_process=1346;write_failures=0;screen_on=1;doze=0;battery_saver=0;unrestricted=1;bg_restricted=0;standby_bucket=5;thermal=0;battery_pct=87;charging=0;music=0;location_on=1"
1789421386336,991731182,hb,"recorder=1;since_fix_ms=339;fixes_this_process=1351;write_failures=0;screen_on=1;doze=0;battery_saver=0;unrestricted=1;bg_restricted=0;standby_bucket=5;thermal=0;battery_pct=87;charging=0;music=0;location_on=1"
1789421391341,991736187,hb,"recorder=1;since_fix_ms=343;fixes_this_process=1356;write_failures=0;screen_on=1;doze=0;battery_saver=0;unrestricted=1;bg_restricted=0;standby_bucket=5;thermal=0;battery_pct=87;charging=0;music=0;location_on=1"
1789421396346,991741192,hb,"recorder=1;since_fix_ms=351;fixes_this_process=1361;write_failures=0;screen_on=1;doze=0;battery_saver=0;unrestricted=1;bg_restricted=0;standby_bucket=5;thermal=0;battery_pct=87;charging=0;music=0;location_on=1"
1789421401359,991746206,hb,"recorder=1;since_fix_ms=365;fixes_this_process=1366;write_failures=0;screen_on=1;doze=0;battery_saver=0;unrestricted=1;bg_restricted=0;standby_bucket=5;thermal=0;battery_pct=87;charging=0;music=0;location_on=1"
1789421406368,991751215,hb,"recorder=1;since_fix_ms=377;fixes_this_process=1371;write_failures=0;screen_on=1;doze=0;battery_saver=0;unrestricted=1;bg_restricted=0;standby_bucket=5;thermal=0;battery_pct=87;charging=0;music=0;location_on=1"
1789421411377,991756224,hb,"recorder=1;since_fix_ms=382;fixes_this_process=1376;write_failures=0;screen_on=1;doze=0;battery_saver=0;unrestricted=1;bg_restricted=0;standby_bucket=5;thermal=0;battery_pct=87;charging=0;music=0;location_on=1"
1789421416390,991761237,hb,"recorder=1;since_fix_ms=398;fixes_this_process=1381;write_failures=0;screen_on=1;doze=0;battery_saver=0;unrestricted=1;bg_restricted=0;standby_bucket=5;thermal=0;battery_pct=87;charging=0;music=0;location_on=1"
1789421421396,991766243,hb,"recorder=1;since_fix_ms=402;fixes_this_process=1386;write_failures=0;screen_on=1;doze=0;battery_saver=0;unrestricted=1;bg_restricted=0;standby_bucket=5;thermal=0;battery_pct=87;charging=0;music=0;location_on=1"
1789421426405,991771252,hb,"recorder=1;since_fix_ms=410;fixes_this_process=1391;write_failures=0;screen_on=1;doze=0;battery_saver=0;unrestricted=1;bg_restricted=0;standby_bucket=5;thermal=0;battery_pct=87;charging=0;music=0;location_on=1"
1789421431419,991776265,hb,"recorder=1;since_fix_ms=425;fixes_this_process=1396;write_failures=0;screen_on=1;doze=0;battery_saver=0;unrestricted=1;bg_restricted=0;standby_bucket=5;thermal=0;battery_pct=87;charging=0;music=0;location_on=1"
1789421436427,991781273,hb,"recorder=1;since_fix_ms=434;fixes_this_process=1401;write_failures=0;screen_on=1;doze=0;battery_saver=0;unrestricted=1;bg_restricted=0;standby_bucket=5;thermal=0;battery_pct=87;charging=0;music=0;location_on=1"
1789421441435,991786282,hb,"recorder=1;since_fix_ms=440;fixes_this_process=1406;write_failures=0;screen_on=1;doze=0;battery_saver=0;unrestricted=1;bg_restricted=0;standby_bucket=5;thermal=0;battery_pct=87;charging=0;music=0;location_on=1"
1789421446447,991791294,hb,"recorder=1;since_fix_ms=454;fixes_this_process=1411;write_failures=0;screen_on=1;doze=0;battery_saver=0;unrestricted=1;bg_restricted=0;standby_bucket=5;thermal=0;battery_pct=87;charging=0;music=0;location_on=1"
1789421451456,991796302,hb,"recorder=1;since_fix_ms=458;fixes_this_process=1416;write_failures=0;screen_on=1;doze=0;battery_saver=0;unrestricted=1;bg_restricted=0;standby_bucket=5;thermal=0;battery_pct=87;charging=0;music=0;location_on=1"
1789421456464,991801310,hb,"recorder=1;since_fix_ms=471;fixes_this_process=1421;write_failures=0;screen_on=1;doze=0;battery_saver=0;unrestricted=1;bg_restricted=0;standby_bucket=5;thermal=0;battery_pct=87;charging=0;music=0;location_on=1"
1789421461477,991806324,hb,"recorder=1;since_fix_ms=483;fixes_this_process=1426;write_failures=0;screen_on=1;doze=0;battery_saver=0;unrestricted=1;bg_restricted=0;standby_bucket=5;thermal=0;battery_pct=87;charging=0;music=0;location_on=1"
1789421466486,991811333,hb,"recorder=1;since_fix_ms=492;fixes_this_process=1431;write_failures=0;screen_on=1;doze=0;battery_saver=0;unrestricted=1;bg_restricted=0;standby_bucket=5;thermal=0;battery_pct=87;charging=0;music=0;location_on=1"
1789421471495,991816341,hb,"recorder=1;since_fix_ms=495;fixes_this_process=1436;write_failures=0;screen_on=1;doze=0;battery_saver=0;unrestricted=1;bg_restricted=0;standby_bucket=5;thermal=0;battery_pct=87;charging=0;music=0;location_on=1"
1789421476509,991821355,hb,"recorder=1;since_fix_ms=513;fixes_this_process=1441;write_failures=0;screen_on=1;doze=0;battery_saver=0;unrestricted=1;bg_restricted=0;standby_bucket=5;thermal=0;battery_pct=87;charging=0;music=0;location_on=1"
1789421481519,991826365,hb,"recorder=1;since_fix_ms=523;fixes_this_process=1446;write_failures=0;screen_on=1;doze=0;battery_saver=0;unrestricted=1;bg_restricted=0;standby_bucket=5;thermal=0;battery_pct=87;charging=0;music=0;location_on=1"
1789421486527,991831373,hb,"recorder=1;since_fix_ms=534;fixes_this_process=1451;write_failures=0;screen_on=1;doze=0;battery_saver=0;unrestricted=1;bg_restricted=0;standby_bucket=5;thermal=0;battery_pct=87;charging=0;music=0;location_on=1"
1789421491537,991836383,hb,"recorder=1;since_fix_ms=543;fixes_this_process=1456;write_failures=0;screen_on=1;doze=0;battery_saver=0;unrestricted=1;bg_restricted=0;standby_bucket=5;thermal=0;battery_pct=87;charging=0;music=0;location_on=1"
1789421496546,991841392,hb,"recorder=1;since_fix_ms=548;fixes_this_process=1461;write_failures=0;screen_on=1;doze=0;battery_saver=0;unrestricted=1;bg_restricted=0;standby_bucket=5;thermal=0;battery_pct=87;charging=0;music=0;location_on=1"
1789421501555,991846401,hb,"recorder=1;since_fix_ms=556;fixes_this_process=1466;write_failures=0;screen_on=1;doze=0;battery_saver=0;unrestricted=1;bg_restricted=0;standby_bucket=5;thermal=0;battery_pct=87;charging=0;music=0;location_on=1"
1789421506570,991851417,hb,"recorder=1;since_fix_ms=574;fixes_this_process=1471;write_failures=0;screen_on=1;doze=0;battery_saver=0;unrestricted=1;bg_restricted=0;standby_bucket=5;thermal=0;battery_pct=87;charging=0;music=0;location_on=1"
1789421511575,991856421,hb,"recorder=1;since_fix_ms=585;fixes_this_process=1476;write_failures=0;screen_on=1;doze=0;battery_saver=0;unrestricted=1;bg_restricted=0;standby_bucket=5;thermal=0;battery_pct=87;charging=0;music=0;location_on=1"
1789421516583,991861429,hb,"recorder=1;since_fix_ms=591;fixes_this_process=1481;write_failures=0;screen_on=1;doze=0;battery_saver=0;unrestricted=1;bg_restricted=0;standby_bucket=5;thermal=0;battery_pct=87;charging=0;music=0;location_on=1"
1789421521590,991866437,hb,"recorder=1;since_fix_ms=593;fixes_this_process=1486;write_failures=0;screen_on=1;doze=0;battery_saver=0;unrestricted=1;bg_restricted=0;standby_bucket=5;thermal=0;battery_pct=87;charging=0;music=0;location_on=1"
1789421526595,991871441,hb,"recorder=1;since_fix_ms=598;fixes_this_process=1491;write_failures=0;screen_on=1;doze=0;battery_saver=0;unrestricted=1;bg_restricted=0;standby_bucket=5;thermal=0;battery_pct=87;charging=0;music=0;location_on=1"
1789421531602,991876448,hb,"recorder=1;since_fix_ms=611;fixes_this_process=1496;write_failures=0;screen_on=1;doze=0;battery_saver=0;unrestricted=1;bg_restricted=0;standby_bucket=5;thermal=0;battery_pct=87;charging=0;music=0;location_on=1"
1789421536611,991881458,hb,"recorder=1;since_fix_ms=609;fixes_this_process=1501;write_failures=0;screen_on=1;doze=0;battery_saver=0;unrestricted=1;bg_restricted=0;standby_bucket=5;thermal=0;battery_pct=87;charging=0;music=0;location_on=1"
1789421541617,991886463,hb,"recorder=1;since_fix_ms=624;fixes_this_process=1506;write_failures=0;screen_on=1;doze=0;battery_saver=0;unrestricted=1;bg_restricted=0;standby_bucket=5;thermal=0;battery_pct=87;charging=0;music=0;location_on=1"
1789421546621,991891468,hb,"recorder=1;since_fix_ms=638;fixes_this_process=1511;write_failures=0;screen_on=1;doze=0;battery_saver=0;unrestricted=1;bg_restricted=0;standby_bucket=5;thermal=0;battery_pct=87;charging=0;music=0;location_on=1"
1789421551634,991896481,hb,"recorder=1;since_fix_ms=646;fixes_this_process=1516;write_failures=0;screen_on=1;doze=0;battery_saver=0;unrestricted=1;bg_restricted=0;standby_bucket=5;thermal=0;battery_pct=87;charging=0;music=0;location_on=1"
1789421556644,991901490,hb,"recorder=1;since_fix_ms=651;fixes_this_process=1521;write_failures=0;screen_on=1;doze=0;battery_saver=0;unrestricted=1;bg_restricted=0;standby_bucket=5;thermal=0;battery_pct=87;charging=0;music=0;location_on=1"
1789421561649,991906496,hb,"recorder=1;since_fix_ms=659;fixes_this_process=1526;write_failures=0;screen_on=1;doze=0;battery_saver=0;unrestricted=1;bg_restricted=0;standby_bucket=5;thermal=0;battery_pct=87;charging=0;music=0;location_on=1"
1789421566662,991911509,hb,"recorder=1;since_fix_ms=671;fixes_this_process=1531;write_failures=0;screen_on=1;doze=0;battery_saver=0;unrestricted=1;bg_restricted=0;standby_bucket=5;thermal=0;battery_pct=87;charging=0;music=0;location_on=1"
1789421571671,991916518,hb,"recorder=1;since_fix_ms=664;fixes_this_process=1536;write_failures=0;screen_on=1;doze=0;battery_saver=0;unrestricted=1;bg_restricted=0;standby_bucket=5;thermal=0;battery_pct=87;charging=0;music=0;location_on=1"
1789421576681,991921527,hb,"recorder=1;since_fix_ms=670;fixes_this_process=1541;write_failures=0;screen_on=1;doze=0;battery_saver=0;unrestricted=1;bg_restricted=0;standby_bucket=5;thermal=0;battery_pct=87;charging=0;music=0;location_on=1"
1789421581693,991926539,hb,"recorder=1;since_fix_ms=693;fixes_this_process=1546;write_failures=0;screen_on=1;doze=0;battery_saver=0;unrestricted=1;bg_restricted=0;standby_bucket=5;thermal=0;battery_pct=87;charging=0;music=0;location_on=1"
1789421586701,991931548,hb,"recorder=1;since_fix_ms=706;fixes_this_process=1551;write_failures=0;screen_on=1;doze=0;battery_saver=0;unrestricted=1;bg_restricted=0;standby_bucket=5;thermal=0;battery_pct=87;charging=0;music=0;location_on=1"
1789421591706,991936552,hb,"recorder=1;since_fix_ms=708;fixes_this_process=1556;write_failures=0;screen_on=1;doze=0;battery_saver=0;unrestricted=1;bg_restricted=0;standby_bucket=5;thermal=0;battery_pct=87;charging=0;music=0;location_on=1"
1789421596716,991941563,hb,"recorder=1;since_fix_ms=728;fixes_this_process=1561;write_failures=0;screen_on=1;doze=0;battery_saver=0;unrestricted=1;bg_restricted=0;standby_bucket=5;thermal=0;battery_pct=87;charging=0;music=0;location_on=1"
1789421601722,991946568,hb,"recorder=1;since_fix_ms=730;fixes_this_process=1566;write_failures=0;screen_on=1;doze=0;battery_saver=0;unrestricted=1;bg_restricted=0;standby_bucket=5;thermal=0;battery_pct=87;charging=0;music=0;location_on=1"
1789421606730,991951576,hb,"recorder=1;since_fix_ms=740;fixes_this_process=1571;write_failures=0;screen_on=1;doze=0;battery_saver=0;unrestricted=1;bg_restricted=0;standby_bucket=5;thermal=0;battery_pct=87;charging=0;music=0;location_on=1"
1789421611741,991956588,hb,"recorder=1;since_fix_ms=748;fixes_this_process=1576;write_failures=0;screen_on=1;doze=0;battery_saver=0;unrestricted=1;bg_restricted=0;standby_bucket=5;thermal=0;battery_pct=87;charging=0;music=0;location_on=1"
1789421616746,991961593,hb,"recorder=1;since_fix_ms=756;fixes_this_process=1581;write_failures=0;screen_on=1;doze=0;battery_saver=0;unrestricted=1;bg_restricted=0;standby_bucket=5;thermal=0;battery_pct=87;charging=0;music=0;location_on=1"
1789421621754,991966601,hb,"recorder=1;since_fix_ms=765;fixes_this_process=1586;write_failures=0;screen_on=1;doze=0;battery_saver=0;unrestricted=1;bg_restricted=0;standby_bucket=5;thermal=0;battery_pct=87;charging=0;music=0;location_on=1"
1789421626763,991971610,hb,"recorder=1;since_fix_ms=764;fixes_this_process=1591;write_failures=0;screen_on=1;doze=0;battery_saver=0;unrestricted=1;bg_restricted=0;standby_bucket=5;thermal=0;battery_pct=87;charging=0;music=0;location_on=1"
1789421631769,991976615,hb,"recorder=1;since_fix_ms=771;fixes_this_process=1596;write_failures=0;screen_on=1;doze=0;battery_saver=0;unrestricted=1;bg_restricted=0;standby_bucket=5;thermal=0;battery_pct=87;charging=0;music=0;location_on=1"
1789421636776,991981622,hb,"recorder=1;since_fix_ms=788;fixes_this_process=1601;write_failures=0;screen_on=1;doze=0;battery_saver=0;unrestricted=1;bg_restricted=0;standby_bucket=5;thermal=0;battery_pct=87;charging=0;music=0;location_on=1"
1789421641790,991986637,hb,"recorder=1;since_fix_ms=796;fixes_this_process=1606;write_failures=0;screen_on=1;doze=0;battery_saver=0;unrestricted=1;bg_restricted=0;standby_bucket=5;thermal=0;battery_pct=87;charging=0;music=0;location_on=1"
1789421646796,991991643,hb,"recorder=1;since_fix_ms=801;fixes_this_process=1611;write_failures=0;screen_on=1;doze=0;battery_saver=0;unrestricted=1;bg_restricted=0;standby_bucket=5;thermal=0;battery_pct=87;charging=0;music=0;location_on=1"
1789421651803,991996650,hb,"recorder=1;since_fix_ms=804;fixes_this_process=1616;write_failures=0;screen_on=1;doze=0;battery_saver=0;unrestricted=1;bg_restricted=0;standby_bucket=5;thermal=0;battery_pct=87;charging=0;music=0;location_on=1"
1789421656817,992001663,hb,"recorder=1;since_fix_ms=823;fixes_this_process=1621;write_failures=0;screen_on=1;doze=0;battery_saver=0;unrestricted=1;bg_restricted=0;standby_bucket=5;thermal=0;battery_pct=87;charging=0;music=0;location_on=1"
1789421661822,992006669,hb,"recorder=1;since_fix_ms=832;fixes_this_process=1626;write_failures=0;screen_on=1;doze=0;battery_saver=0;unrestricted=1;bg_restricted=0;standby_bucket=5;thermal=0;battery_pct=87;charging=0;music=0;location_on=1"
1789421666830,992011677,hb,"recorder=1;since_fix_ms=840;fixes_this_process=1631;write_failures=0;screen_on=1;doze=0;battery_saver=0;unrestricted=1;bg_restricted=0;standby_bucket=5;thermal=0;battery_pct=87;charging=0;music=0;location_on=1"
1789421671842,992016689,hb,"recorder=1;since_fix_ms=851;fixes_this_process=1636;write_failures=0;screen_on=1;doze=0;battery_saver=0;unrestricted=1;bg_restricted=0;standby_bucket=5;thermal=0;battery_pct=87;charging=0;music=0;location_on=1"
1789421676850,992021696,hb,"recorder=1;since_fix_ms=862;fixes_this_process=1641;write_failures=0;screen_on=1;doze=0;battery_saver=0;unrestricted=1;bg_restricted=0;standby_bucket=5;thermal=0;battery_pct=87;charging=0;music=0;location_on=1"
1789421681857,992026704,hb,"recorder=1;since_fix_ms=867;fixes_this_process=1646;write_failures=0;screen_on=1;doze=0;battery_saver=0;unrestricted=1;bg_restricted=0;standby_bucket=5;thermal=0;battery_pct=87;charging=0;music=0;location_on=1"
1789421686869,992031715,hb,"recorder=1;since_fix_ms=880;fixes_this_process=1651;write_failures=0;screen_on=1;doze=0;battery_saver=0;unrestricted=1;bg_restricted=0;standby_bucket=5;thermal=0;battery_pct=87;charging=0;music=0;location_on=1"
1789421691878,992036724,hb,"recorder=1;since_fix_ms=888;fixes_this_process=1656;write_failures=0;screen_on=1;doze=0;battery_saver=0;unrestricted=1;bg_restricted=0;standby_bucket=5;thermal=0;battery_pct=87;charging=0;music=0;location_on=1"
1789421696886,992041733,hb,"recorder=1;since_fix_ms=897;fixes_this_process=1661;write_failures=0;screen_on=1;doze=0;battery_saver=0;unrestricted=1;bg_restricted=0;standby_bucket=5;thermal=0;battery_pct=87;charging=0;music=0;location_on=1"
1789421701898,992046744,hb,"recorder=1;since_fix_ms=904;fixes_this_process=1666;write_failures=0;screen_on=1;doze=0;battery_saver=0;unrestricted=1;bg_restricted=0;standby_bucket=5;thermal=0;battery_pct=87;charging=0;music=0;location_on=1"
1789421706905,992051752,hb,"recorder=1;since_fix_ms=910;fixes_this_process=1671;write_failures=0;screen_on=1;doze=0;battery_saver=0;unrestricted=1;bg_restricted=0;standby_bucket=5;thermal=0;battery_pct=87;charging=0;music=0;location_on=1"
1789421711913,992056759,hb,"recorder=1;since_fix_ms=918;fixes_this_process=1676;write_failures=0;screen_on=1;doze=0;battery_saver=0;unrestricted=1;bg_restricted=0;standby_bucket=5;thermal=0;battery_pct=87;charging=0;music=0;location_on=1"
1789421716925,992061771,hb,"recorder=1;since_fix_ms=934;fixes_this_process=1681;write_failures=0;screen_on=1;doze=0;battery_saver=0;unrestricted=1;bg_restricted=0;standby_bucket=5;thermal=0;battery_pct=87;charging=0;music=0;location_on=1"
1789421721933,992066780,hb,"recorder=1;since_fix_ms=943;fixes_this_process=1686;write_failures=0;screen_on=1;doze=0;battery_saver=0;unrestricted=1;bg_restricted=0;standby_bucket=5;thermal=0;battery_pct=87;charging=0;music=0;location_on=1"
1789421726942,992071788,hb,"recorder=1;since_fix_ms=951;fixes_this_process=1691;write_failures=0;screen_on=1;doze=0;battery_saver=0;unrestricted=1;bg_restricted=0;standby_bucket=5;thermal=0;battery_pct=87;charging=0;music=0;location_on=1"
1789421731956,992076802,hb,"recorder=1;since_fix_ms=961;fixes_this_process=1696;write_failures=0;screen_on=1;doze=0;battery_saver=0;unrestricted=1;bg_restricted=0;standby_bucket=5;thermal=0;battery_pct=87;charging=0;music=0;location_on=1"
1789421736964,992081810,hb,"recorder=1;since_fix_ms=972;fixes_this_process=1701;write_failures=0;screen_on=1;doze=0;battery_saver=0;unrestricted=1;bg_restricted=0;standby_bucket=5;thermal=0;battery_pct=87;charging=0;music=0;location_on=1"
1789421741972,992086819,hb,"recorder=1;since_fix_ms=974;fixes_this_process=1706;write_failures=0;screen_on=1;doze=0;battery_saver=0;unrestricted=1;bg_restricted=0;standby_bucket=5;thermal=0;battery_pct=87;charging=0;music=0;location_on=1"
1789421746984,992091830,hb,"recorder=1;since_fix_ms=989;fixes_this_process=1711;write_failures=0;screen_on=1;doze=0;battery_saver=0;unrestricted=1;bg_restricted=0;standby_bucket=5;thermal=0;battery_pct=87;charging=0;music=0;location_on=1"
1789421751989,992096835,hb,"recorder=1;since_fix_ms=998;fixes_this_process=1716;write_failures=0;screen_on=1;doze=0;battery_saver=0;unrestricted=1;bg_restricted=0;standby_bucket=5;thermal=0;battery_pct=86;charging=0;music=0;location_on=1"
1789421756991,992101837,hb,"recorder=1;since_fix_ms=2;fixes_this_process=1722;write_failures=0;screen_on=1;doze=0;battery_saver=0;unrestricted=1;bg_restricted=0;standby_bucket=5;thermal=0;battery_pct=86;charging=0;music=0;location_on=1"
1789421761994,992106840,hb,"recorder=1;since_fix_ms=1;fixes_this_process=1727;write_failures=0;screen_on=1;doze=0;battery_saver=0;unrestricted=1;bg_restricted=0;standby_bucket=5;thermal=0;battery_pct=86;charging=0;music=0;location_on=1"
1789421767000,992111847,hb,"recorder=1;since_fix_ms=12;fixes_this_process=1732;write_failures=0;screen_on=1;doze=0;battery_saver=0;unrestricted=1;bg_restricted=0;standby_bucket=5;thermal=0;battery_pct=86;charging=0;music=0;location_on=1"
1789421772004,992116850,hb,"recorder=1;since_fix_ms=7;fixes_this_process=1737;write_failures=0;screen_on=1;doze=0;battery_saver=0;unrestricted=1;bg_restricted=0;standby_bucket=5;thermal=0;battery_pct=86;charging=0;music=0;location_on=1"
1789421777008,992121854,hb,"recorder=1;since_fix_ms=17;fixes_this_process=1742;write_failures=0;screen_on=1;doze=0;battery_saver=0;unrestricted=1;bg_restricted=0;standby_bucket=5;thermal=0;battery_pct=86;charging=0;music=0;location_on=1"
1789421782013,992126859,hb,"recorder=1;since_fix_ms=23;fixes_this_process=1747;write_failures=0;screen_on=1;doze=0;battery_saver=0;unrestricted=1;bg_restricted=0;standby_bucket=5;thermal=0;battery_pct=86;charging=0;music=0;location_on=1"
1789421787020,992131867,hb,"recorder=1;since_fix_ms=31;fixes_this_process=1752;write_failures=0;screen_on=1;doze=0;battery_saver=0;unrestricted=1;bg_restricted=0;standby_bucket=5;thermal=0;battery_pct=86;charging=0;music=0;location_on=1"
1789421792029,992136876,hb,"recorder=1;since_fix_ms=40;fixes_this_process=1757;write_failures=0;screen_on=1;doze=0;battery_saver=0;unrestricted=1;bg_restricted=0;standby_bucket=5;thermal=0;battery_pct=86;charging=0;music=0;location_on=1"
1789421797037,992141884,hb,"recorder=1;since_fix_ms=47;fixes_this_process=1762;write_failures=0;screen_on=1;doze=0;battery_saver=0;unrestricted=1;bg_restricted=0;standby_bucket=5;thermal=0;battery_pct=86;charging=0;music=0;location_on=1"
1789421802045,992146891,hb,"recorder=1;since_fix_ms=53;fixes_this_process=1767;write_failures=0;screen_on=1;doze=0;battery_saver=0;unrestricted=1;bg_restricted=0;standby_bucket=5;thermal=0;battery_pct=86;charging=0;music=0;location_on=1"
1789421807053,992151900,hb,"recorder=1;since_fix_ms=60;fixes_this_process=1772;write_failures=0;screen_on=1;doze=0;battery_saver=0;unrestricted=1;bg_restricted=0;standby_bucket=5;thermal=0;battery_pct=86;charging=0;music=0;location_on=1"
1789421812061,992156908,hb,"recorder=1;since_fix_ms=71;fixes_this_process=1777;write_failures=0;screen_on=1;doze=0;battery_saver=0;unrestricted=1;bg_restricted=0;standby_bucket=5;thermal=0;battery_pct=86;charging=0;music=0;location_on=1"
1789421817069,992161915,hb,"recorder=1;since_fix_ms=79;fixes_this_process=1782;write_failures=0;screen_on=1;doze=0;battery_saver=0;unrestricted=1;bg_restricted=0;standby_bucket=5;thermal=0;battery_pct=86;charging=0;music=0;location_on=1"
1789421822081,992166928,hb,"recorder=1;since_fix_ms=90;fixes_this_process=1787;write_failures=0;screen_on=1;doze=0;battery_saver=0;unrestricted=1;bg_restricted=0;standby_bucket=5;thermal=0;battery_pct=86;charging=0;music=0;location_on=1"
1789421827089,992171936,hb,"recorder=1;since_fix_ms=99;fixes_this_process=1792;write_failures=0;screen_on=1;doze=0;battery_saver=0;unrestricted=1;bg_restricted=0;standby_bucket=5;thermal=0;battery_pct=86;charging=0;music=0;location_on=1"
1789421832097,992176944,hb,"recorder=1;since_fix_ms=108;fixes_this_process=1797;write_failures=0;screen_on=1;doze=0;battery_saver=0;unrestricted=1;bg_restricted=0;standby_bucket=5;thermal=0;battery_pct=86;charging=0;music=0;location_on=1"
1789421837108,992181955,hb,"recorder=1;since_fix_ms=118;fixes_this_process=1802;write_failures=0;screen_on=1;doze=0;battery_saver=0;unrestricted=1;bg_restricted=0;standby_bucket=5;thermal=0;battery_pct=86;charging=0;music=0;location_on=1"
1789421842117,992186963,hb,"recorder=1;since_fix_ms=126;fixes_this_process=1807;write_failures=0;screen_on=1;doze=0;battery_saver=0;unrestricted=1;bg_restricted=0;standby_bucket=5;thermal=0;battery_pct=86;charging=0;music=0;location_on=1"
1789421847123,992191969,hb,"recorder=1;since_fix_ms=135;fixes_this_process=1812;write_failures=0;screen_on=1;doze=0;battery_saver=0;unrestricted=1;bg_restricted=0;standby_bucket=5;thermal=0;battery_pct=86;charging=0;music=0;location_on=1"
1789421852139,992196985,hb,"recorder=1;since_fix_ms=148;fixes_this_process=1817;write_failures=0;screen_on=1;doze=0;battery_saver=0;unrestricted=1;bg_restricted=0;standby_bucket=5;thermal=0;battery_pct=86;charging=0;music=0;location_on=1"
1789421857143,992201990,hb,"recorder=1;since_fix_ms=153;fixes_this_process=1822;write_failures=0;screen_on=1;doze=0;battery_saver=0;unrestricted=1;bg_restricted=0;standby_bucket=5;thermal=0;battery_pct=86;charging=0;music=0;location_on=1"
1789421862152,992206998,hb,"recorder=1;since_fix_ms=163;fixes_this_process=1827;write_failures=0;screen_on=1;doze=0;battery_saver=0;unrestricted=1;bg_restricted=0;standby_bucket=5;thermal=0;battery_pct=86;charging=0;music=0;location_on=1"
1789421867163,992212009,hb,"recorder=1;since_fix_ms=175;fixes_this_process=1832;write_failures=0;screen_on=1;doze=0;battery_saver=0;unrestricted=1;bg_restricted=0;standby_bucket=5;thermal=0;battery_pct=86;charging=0;music=0;location_on=1"
1789421872171,992217017,hb,"recorder=1;since_fix_ms=181;fixes_this_process=1837;write_failures=0;screen_on=1;doze=0;battery_saver=0;unrestricted=1;bg_restricted=0;standby_bucket=5;thermal=0;battery_pct=86;charging=0;music=0;location_on=1"
1789421877179,992222026,hb,"recorder=1;since_fix_ms=190;fixes_this_process=1842;write_failures=0;screen_on=1;doze=0;battery_saver=0;unrestricted=1;bg_restricted=0;standby_bucket=5;thermal=0;battery_pct=86;charging=0;music=0;location_on=1"
1789421882194,992227040,hb,"recorder=1;since_fix_ms=197;fixes_this_process=1847;write_failures=0;screen_on=1;doze=0;battery_saver=0;unrestricted=1;bg_restricted=0;standby_bucket=5;thermal=0;battery_pct=86;charging=0;music=0;location_on=1"
1789421887201,992232048,hb,"recorder=1;since_fix_ms=207;fixes_this_process=1852;write_failures=0;screen_on=1;doze=0;battery_saver=0;unrestricted=1;bg_restricted=0;standby_bucket=5;thermal=0;battery_pct=86;charging=0;music=0;location_on=1"
1789421892209,992237056,hb,"recorder=1;since_fix_ms=219;fixes_this_process=1857;write_failures=0;screen_on=1;doze=0;battery_saver=0;unrestricted=1;bg_restricted=0;standby_bucket=5;thermal=0;battery_pct=86;charging=0;music=0;location_on=1"
1789421897222,992242069,hb,"recorder=1;since_fix_ms=233;fixes_this_process=1862;write_failures=0;screen_on=1;doze=0;battery_saver=0;unrestricted=1;bg_restricted=0;standby_bucket=5;thermal=0;battery_pct=86;charging=0;music=0;location_on=1"
1789421902230,992247077,hb,"recorder=1;since_fix_ms=241;fixes_this_process=1867;write_failures=0;screen_on=1;doze=0;battery_saver=0;unrestricted=1;bg_restricted=0;standby_bucket=5;thermal=0;battery_pct=86;charging=0;music=0;location_on=1"
1789421907239,992252086,hb,"recorder=1;since_fix_ms=246;fixes_this_process=1872;write_failures=0;screen_on=1;doze=0;battery_saver=0;unrestricted=1;bg_restricted=0;standby_bucket=5;thermal=0;battery_pct=86;charging=0;music=0;location_on=1"
1789421912248,992257095,hb,"recorder=1;since_fix_ms=260;fixes_this_process=1877;write_failures=0;screen_on=1;doze=0;battery_saver=0;unrestricted=1;bg_restricted=0;standby_bucket=5;thermal=0;battery_pct=86;charging=0;music=0;location_on=1"
1789421917251,992262098,hb,"recorder=1;since_fix_ms=263;fixes_this_process=1882;write_failures=0;screen_on=1;doze=0;battery_saver=0;unrestricted=1;bg_restricted=0;standby_bucket=5;thermal=0;battery_pct=86;charging=0;music=0;location_on=1"
1789421922257,992267103,hb,"recorder=1;since_fix_ms=267;fixes_this_process=1887;write_failures=0;screen_on=1;doze=0;battery_saver=0;unrestricted=1;bg_restricted=0;standby_bucket=5;thermal=0;battery_pct=86;charging=0;music=0;location_on=1"
1789421927270,992272117,hb,"recorder=1;since_fix_ms=281;fixes_this_process=1892;write_failures=0;screen_on=1;doze=0;battery_saver=0;unrestricted=1;bg_restricted=0;standby_bucket=5;thermal=0;battery_pct=86;charging=0;music=0;location_on=1"
1789421932279,992277125,hb,"recorder=1;since_fix_ms=289;fixes_this_process=1897;write_failures=0;screen_on=1;doze=0;battery_saver=0;unrestricted=1;bg_restricted=0;standby_bucket=5;thermal=0;battery_pct=86;charging=0;music=0;location_on=1"
1789421937285,992282132,hb,"recorder=1;since_fix_ms=295;fixes_this_process=1902;write_failures=0;screen_on=1;doze=0;battery_saver=0;unrestricted=1;bg_restricted=0;standby_bucket=5;thermal=0;battery_pct=86;charging=0;music=0;location_on=1"
1789421942298,992287144,hb,"recorder=1;since_fix_ms=304;fixes_this_process=1907;write_failures=0;screen_on=1;doze=0;battery_saver=0;unrestricted=1;bg_restricted=0;standby_bucket=5;thermal=0;battery_pct=86;charging=0;music=0;location_on=1"
1789421947306,992292152,hb,"recorder=1;since_fix_ms=316;fixes_this_process=1912;write_failures=0;screen_on=1;doze=0;battery_saver=0;unrestricted=1;bg_restricted=0;standby_bucket=5;thermal=0;battery_pct=86;charging=0;music=0;location_on=1"
1789421952315,992297161,hb,"recorder=1;since_fix_ms=324;fixes_this_process=1917;write_failures=0;screen_on=1;doze=0;battery_saver=0;unrestricted=1;bg_restricted=0;standby_bucket=5;thermal=0;battery_pct=86;charging=0;music=0;location_on=1"
1789421957326,992302172,hb,"recorder=1;since_fix_ms=336;fixes_this_process=1922;write_failures=0;screen_on=1;doze=0;battery_saver=0;unrestricted=1;bg_restricted=0;standby_bucket=5;thermal=0;battery_pct=86;charging=0;music=0;location_on=1"
1789421962334,992307181,hb,"recorder=1;since_fix_ms=341;fixes_this_process=1927;write_failures=0;screen_on=1;doze=0;battery_saver=0;unrestricted=1;bg_restricted=0;standby_bucket=5;thermal=0;battery_pct=86;charging=0;music=0;location_on=1"
1789421967344,992312190,hb,"recorder=1;since_fix_ms=353;fixes_this_process=1932;write_failures=0;screen_on=1;doze=0;battery_saver=0;unrestricted=1;bg_restricted=0;standby_bucket=5;thermal=0;battery_pct=86;charging=0;music=0;location_on=1"
1789421972357,992317204,hb,"recorder=1;since_fix_ms=367;fixes_this_process=1937;write_failures=0;screen_on=1;doze=0;battery_saver=0;unrestricted=1;bg_restricted=0;standby_bucket=5;thermal=0;battery_pct=86;charging=0;music=0;location_on=1"
1789421977366,992322213,hb,"recorder=1;since_fix_ms=376;fixes_this_process=1942;write_failures=0;screen_on=1;doze=0;battery_saver=0;unrestricted=1;bg_restricted=0;standby_bucket=5;thermal=0;battery_pct=86;charging=0;music=0;location_on=1"
1789421982375,992327221,hb,"recorder=1;since_fix_ms=385;fixes_this_process=1947;write_failures=0;screen_on=1;doze=0;battery_saver=0;unrestricted=1;bg_restricted=0;standby_bucket=5;thermal=0;battery_pct=86;charging=0;music=0;location_on=1"
1789421987388,992332235,hb,"recorder=1;since_fix_ms=396;fixes_this_process=1952;write_failures=0;screen_on=1;doze=0;battery_saver=0;unrestricted=1;bg_restricted=0;standby_bucket=5;thermal=0;battery_pct=86;charging=0;music=0;location_on=1"
1789421992396,992337243,hb,"recorder=1;since_fix_ms=406;fixes_this_process=1957;write_failures=0;screen_on=1;doze=0;battery_saver=0;unrestricted=1;bg_restricted=0;standby_bucket=5;thermal=0;battery_pct=86;charging=0;music=0;location_on=1"
1789421997405,992342251,hb,"recorder=1;since_fix_ms=415;fixes_this_process=1962;write_failures=0;screen_on=1;doze=0;battery_saver=0;unrestricted=1;bg_restricted=0;standby_bucket=5;thermal=0;battery_pct=86;charging=0;music=0;location_on=1"
1789422002415,992347262,hb,"recorder=1;since_fix_ms=425;fixes_this_process=1967;write_failures=0;screen_on=1;doze=0;battery_saver=0;unrestricted=1;bg_restricted=0;standby_bucket=5;thermal=0;battery_pct=86;charging=0;music=0;location_on=1"
1789422007425,992352271,hb,"recorder=1;since_fix_ms=433;fixes_this_process=1972;write_failures=0;screen_on=1;doze=0;battery_saver=0;unrestricted=1;bg_restricted=0;standby_bucket=5;thermal=0;battery_pct=86;charging=0;music=0;location_on=1"
1789422012433,992357280,hb,"recorder=1;since_fix_ms=439;fixes_this_process=1977;write_failures=0;screen_on=1;doze=0;battery_saver=0;unrestricted=1;bg_restricted=0;standby_bucket=5;thermal=0;battery_pct=86;charging=0;music=0;location_on=1"
1789422017447,992362294,hb,"recorder=1;since_fix_ms=452;fixes_this_process=1982;write_failures=0;screen_on=1;doze=0;battery_saver=0;unrestricted=1;bg_restricted=0;standby_bucket=5;thermal=0;battery_pct=86;charging=0;music=0;location_on=1"
1789422022456,992367302,hb,"recorder=1;since_fix_ms=464;fixes_this_process=1987;write_failures=0;screen_on=1;doze=0;battery_saver=0;unrestricted=1;bg_restricted=0;standby_bucket=5;thermal=0;battery_pct=86;charging=0;music=0;location_on=1"
1789422027462,992372308,hb,"recorder=1;since_fix_ms=471;fixes_this_process=1992;write_failures=0;screen_on=1;doze=0;battery_saver=0;unrestricted=1;bg_restricted=0;standby_bucket=5;thermal=0;battery_pct=86;charging=0;music=0;location_on=1"
1789422032472,992377318,hb,"recorder=1;since_fix_ms=478;fixes_this_process=1997;write_failures=0;screen_on=1;doze=0;battery_saver=0;unrestricted=1;bg_restricted=0;standby_bucket=5;thermal=0;battery_pct=86;charging=0;music=0;location_on=1"
1789422037481,992382327,hb,"recorder=1;since_fix_ms=491;fixes_this_process=2002;write_failures=0;screen_on=1;doze=0;battery_saver=0;unrestricted=1;bg_restricted=0;standby_bucket=5;thermal=0;battery_pct=86;charging=0;music=0;location_on=1"
1789422042490,992387336,hb,"recorder=1;since_fix_ms=496;fixes_this_process=2007;write_failures=0;screen_on=1;doze=0;battery_saver=0;unrestricted=1;bg_restricted=0;standby_bucket=5;thermal=0;battery_pct=86;charging=0;music=0;location_on=1"
1789422047503,992392350,hb,"recorder=1;since_fix_ms=513;fixes_this_process=2012;write_failures=0;screen_on=1;doze=0;battery_saver=0;unrestricted=1;bg_restricted=0;standby_bucket=5;thermal=0;battery_pct=86;charging=0;music=0;location_on=1"
1789422052507,992397353,hb,"recorder=1;since_fix_ms=516;fixes_this_process=2017;write_failures=0;screen_on=1;doze=0;battery_saver=0;unrestricted=1;bg_restricted=0;standby_bucket=5;thermal=0;battery_pct=86;charging=0;music=0;location_on=1"
1789422057516,992402363,hb,"recorder=1;since_fix_ms=525;fixes_this_process=2022;write_failures=0;screen_on=1;doze=0;battery_saver=0;unrestricted=1;bg_restricted=0;standby_bucket=5;thermal=0;battery_pct=86;charging=0;music=0;location_on=1"
1789422062530,992407376,hb,"recorder=1;since_fix_ms=538;fixes_this_process=2027;write_failures=0;screen_on=1;doze=0;battery_saver=0;unrestricted=1;bg_restricted=0;standby_bucket=5;thermal=0;battery_pct=86;charging=0;music=0;location_on=1"
1789422067538,992412385,hb,"recorder=1;since_fix_ms=549;fixes_this_process=2032;write_failures=0;screen_on=1;doze=0;battery_saver=0;unrestricted=1;bg_restricted=0;standby_bucket=5;thermal=0;battery_pct=86;charging=0;music=0;location_on=1"
1789422072547,992417393,hb,"recorder=1;since_fix_ms=556;fixes_this_process=2037;write_failures=0;screen_on=1;doze=0;battery_saver=0;unrestricted=1;bg_restricted=0;standby_bucket=5;thermal=0;battery_pct=86;charging=0;music=0;location_on=1"
1789422077558,992422404,hb,"recorder=1;since_fix_ms=567;fixes_this_process=2042;write_failures=0;screen_on=1;doze=0;battery_saver=0;unrestricted=1;bg_restricted=0;standby_bucket=5;thermal=0;battery_pct=86;charging=0;music=0;location_on=1"
1789422082566,992427413,hb,"recorder=1;since_fix_ms=619;fixes_this_process=2047;write_failures=0;screen_on=1;doze=0;battery_saver=0;unrestricted=1;bg_restricted=0;standby_bucket=5;thermal=0;battery_pct=86;charging=0;music=0;location_on=1"
1789422087575,992432422,hb,"recorder=1;since_fix_ms=581;fixes_this_process=2052;write_failures=0;screen_on=1;doze=0;battery_saver=0;unrestricted=1;bg_restricted=0;standby_bucket=5;thermal=0;battery_pct=86;charging=0;music=0;location_on=1"
1789422092588,992437434,hb,"recorder=1;since_fix_ms=597;fixes_this_process=2057;write_failures=0;screen_on=1;doze=0;battery_saver=0;unrestricted=1;bg_restricted=0;standby_bucket=5;thermal=0;battery_pct=86;charging=0;music=0;location_on=1"
1789422097597,992442443,hb,"recorder=1;since_fix_ms=606;fixes_this_process=2062;write_failures=0;screen_on=1;doze=0;battery_saver=0;unrestricted=1;bg_restricted=0;standby_bucket=5;thermal=0;battery_pct=86;charging=0;music=0;location_on=1"
1789422102605,992447451,hb,"recorder=1;since_fix_ms=614;fixes_this_process=2067;write_failures=0;screen_on=1;doze=0;battery_saver=0;unrestricted=1;bg_restricted=0;standby_bucket=5;thermal=0;battery_pct=86;charging=0;music=0;location_on=1"
1789422107618,992452465,hb,"recorder=1;since_fix_ms=625;fixes_this_process=2072;write_failures=0;screen_on=1;doze=0;battery_saver=0;unrestricted=1;bg_restricted=0;standby_bucket=5;thermal=0;battery_pct=86;charging=0;music=0;location_on=1"
1789422112627,992457473,hb,"recorder=1;since_fix_ms=637;fixes_this_process=2077;write_failures=0;screen_on=1;doze=0;battery_saver=0;unrestricted=1;bg_restricted=0;standby_bucket=5;thermal=0;battery_pct=86;charging=0;music=0;location_on=1"
1789422117635,992462482,hb,"recorder=1;since_fix_ms=646;fixes_this_process=2082;write_failures=0;screen_on=1;doze=0;battery_saver=0;unrestricted=1;bg_restricted=0;standby_bucket=5;thermal=0;battery_pct=86;charging=0;music=0;location_on=1"
1789422122646,992467493,hb,"recorder=1;since_fix_ms=657;fixes_this_process=2087;write_failures=0;screen_on=1;doze=0;battery_saver=0;unrestricted=1;bg_restricted=0;standby_bucket=5;thermal=0;battery_pct=86;charging=0;music=0;location_on=1"
1789422127655,992472502,hb,"recorder=1;since_fix_ms=666;fixes_this_process=2092;write_failures=0;screen_on=1;doze=0;battery_saver=0;unrestricted=1;bg_restricted=0;standby_bucket=5;thermal=0;battery_pct=86;charging=0;music=0;location_on=1"
1789422132664,992477511,hb,"recorder=1;since_fix_ms=671;fixes_this_process=2097;write_failures=0;screen_on=1;doze=0;battery_saver=0;unrestricted=1;bg_restricted=0;standby_bucket=5;thermal=0;battery_pct=86;charging=0;music=0;location_on=1"
1789422137672,992482519,hb,"recorder=1;since_fix_ms=684;fixes_this_process=2102;write_failures=0;screen_on=1;doze=0;battery_saver=0;unrestricted=1;bg_restricted=0;standby_bucket=5;thermal=0;battery_pct=86;charging=0;music=0;location_on=1"
1789422142678,992487525,hb,"recorder=1;since_fix_ms=688;fixes_this_process=2107;write_failures=0;screen_on=1;doze=0;battery_saver=0;unrestricted=1;bg_restricted=0;standby_bucket=5;thermal=0;battery_pct=86;charging=0;music=0;location_on=1"
1789422147683,992492530,hb,"recorder=1;since_fix_ms=695;fixes_this_process=2112;write_failures=0;screen_on=1;doze=0;battery_saver=0;unrestricted=1;bg_restricted=0;standby_bucket=5;thermal=0;battery_pct=86;charging=0;music=0;location_on=1"
1789422152693,992497539,hb,"recorder=1;since_fix_ms=699;fixes_this_process=2117;write_failures=0;screen_on=1;doze=0;battery_saver=0;unrestricted=1;bg_restricted=0;standby_bucket=5;thermal=0;battery_pct=86;charging=0;music=0;location_on=1"
1789422157701,992502548,hb,"recorder=1;since_fix_ms=708;fixes_this_process=2122;write_failures=0;screen_on=1;doze=0;battery_saver=0;unrestricted=1;bg_restricted=0;standby_bucket=5;thermal=0;battery_pct=86;charging=0;music=0;location_on=1"
1789422162710,992507556,hb,"recorder=1;since_fix_ms=721;fixes_this_process=2127;write_failures=0;screen_on=1;doze=0;battery_saver=0;unrestricted=1;bg_restricted=0;standby_bucket=5;thermal=0;battery_pct=86;charging=0;music=0;location_on=1"
1789422167722,992512569,hb,"recorder=1;since_fix_ms=731;fixes_this_process=2132;write_failures=0;screen_on=1;doze=0;battery_saver=0;unrestricted=1;bg_restricted=0;standby_bucket=5;thermal=0;battery_pct=86;charging=0;music=0;location_on=1"
1789422172728,992517574,hb,"recorder=1;since_fix_ms=730;fixes_this_process=2137;write_failures=0;screen_on=1;doze=0;battery_saver=0;unrestricted=1;bg_restricted=0;standby_bucket=5;thermal=0;battery_pct=86;charging=0;music=0;location_on=1"
1789422177736,992522583,hb,"recorder=1;since_fix_ms=745;fixes_this_process=2142;write_failures=0;screen_on=1;doze=0;battery_saver=0;unrestricted=1;bg_restricted=0;standby_bucket=5;thermal=0;battery_pct=86;charging=0;music=0;location_on=1"
1789422182744,992527591,hb,"recorder=1;since_fix_ms=751;fixes_this_process=2147;write_failures=0;screen_on=1;doze=0;battery_saver=0;unrestricted=1;bg_restricted=0;standby_bucket=5;thermal=0;battery_pct=86;charging=0;music=0;location_on=1"
1789422187748,992532594,hb,"recorder=1;since_fix_ms=756;fixes_this_process=2152;write_failures=0;screen_on=1;doze=0;battery_saver=0;unrestricted=1;bg_restricted=0;standby_bucket=5;thermal=0;battery_pct=86;charging=0;music=0;location_on=1"
1789422192756,992537603,hb,"recorder=1;since_fix_ms=763;fixes_this_process=2157;write_failures=0;screen_on=1;doze=0;battery_saver=0;unrestricted=1;bg_restricted=0;standby_bucket=5;thermal=0;battery_pct=86;charging=0;music=0;location_on=1"
1789422197764,992542611,hb,"recorder=1;since_fix_ms=763;fixes_this_process=2162;write_failures=0;screen_on=1;doze=0;battery_saver=0;unrestricted=1;bg_restricted=0;standby_bucket=5;thermal=0;battery_pct=86;charging=0;music=0;location_on=1"
1789422202772,992547619,hb,"recorder=1;since_fix_ms=779;fixes_this_process=2167;write_failures=0;screen_on=1;doze=0;battery_saver=0;unrestricted=1;bg_restricted=0;standby_bucket=5;thermal=0;battery_pct=86;charging=0;music=0;location_on=1"
1789422207781,992552627,hb,"recorder=1;since_fix_ms=790;fixes_this_process=2172;write_failures=0;screen_on=1;doze=0;battery_saver=0;unrestricted=1;bg_restricted=0;standby_bucket=5;thermal=0;battery_pct=86;charging=0;music=0;location_on=1"
1789422212793,992557640,hb,"recorder=1;since_fix_ms=807;fixes_this_process=2177;write_failures=0;screen_on=1;doze=0;battery_saver=0;unrestricted=1;bg_restricted=0;standby_bucket=5;thermal=0;battery_pct=86;charging=0;music=0;location_on=1"
1789422217801,992562648,hb,"recorder=1;since_fix_ms=816;fixes_this_process=2182;write_failures=0;screen_on=1;doze=0;battery_saver=0;unrestricted=1;bg_restricted=0;standby_bucket=5;thermal=0;battery_pct=86;charging=0;music=0;location_on=1"
1789422222805,992567651,hb,"recorder=1;since_fix_ms=813;fixes_this_process=2187;write_failures=0;screen_on=1;doze=0;battery_saver=0;unrestricted=1;bg_restricted=0;standby_bucket=5;thermal=0;battery_pct=86;charging=0;music=0;location_on=1"
1789422227814,992572661,hb,"recorder=1;since_fix_ms=822;fixes_this_process=2192;write_failures=0;screen_on=1;doze=0;battery_saver=0;unrestricted=1;bg_restricted=0;standby_bucket=5;thermal=0;battery_pct=86;charging=0;music=0;location_on=1"
1789422232823,992577670,hb,"recorder=1;since_fix_ms=832;fixes_this_process=2197;write_failures=0;screen_on=1;doze=0;battery_saver=0;unrestricted=1;bg_restricted=0;standby_bucket=5;thermal=0;battery_pct=86;charging=0;music=0;location_on=1"
1789422237831,992582678,hb,"recorder=1;since_fix_ms=842;fixes_this_process=2202;write_failures=0;screen_on=1;doze=0;battery_saver=0;unrestricted=1;bg_restricted=0;standby_bucket=5;thermal=0;battery_pct=86;charging=0;music=0;location_on=1"
1789422242840,992587687,hb,"recorder=1;since_fix_ms=848;fixes_this_process=2207;write_failures=0;screen_on=1;doze=0;battery_saver=0;unrestricted=1;bg_restricted=0;standby_bucket=5;thermal=0;battery_pct=86;charging=0;music=0;location_on=1"
1789422247848,992592695,hb,"recorder=1;since_fix_ms=855;fixes_this_process=2212;write_failures=0;screen_on=1;doze=0;battery_saver=0;unrestricted=1;bg_restricted=0;standby_bucket=5;thermal=0;battery_pct=86;charging=0;music=0;location_on=1"
1789422252856,992597703,hb,"recorder=1;since_fix_ms=868;fixes_this_process=2217;write_failures=0;screen_on=1;doze=0;battery_saver=0;unrestricted=1;bg_restricted=0;standby_bucket=5;thermal=0;battery_pct=86;charging=0;music=0;location_on=1"
1789422257868,992602715,hb,"recorder=1;since_fix_ms=878;fixes_this_process=2222;write_failures=0;screen_on=1;doze=0;battery_saver=0;unrestricted=1;bg_restricted=0;standby_bucket=5;thermal=0;battery_pct=86;charging=0;music=0;location_on=1"
1789422262873,992607720,hb,"recorder=1;since_fix_ms=884;fixes_this_process=2227;write_failures=0;screen_on=1;doze=0;battery_saver=0;unrestricted=1;bg_restricted=0;standby_bucket=5;thermal=0;battery_pct=86;charging=0;music=0;location_on=1"
1789422267882,992612728,hb,"recorder=1;since_fix_ms=889;fixes_this_process=2232;write_failures=0;screen_on=1;doze=0;battery_saver=0;unrestricted=1;bg_restricted=0;standby_bucket=5;thermal=0;battery_pct=86;charging=0;music=0;location_on=1"
1789422272894,992617741,hb,"recorder=1;since_fix_ms=904;fixes_this_process=2237;write_failures=0;screen_on=1;doze=0;battery_saver=0;unrestricted=1;bg_restricted=0;standby_bucket=5;thermal=0;battery_pct=86;charging=0;music=0;location_on=1"
1789422277903,992622749,hb,"recorder=1;since_fix_ms=910;fixes_this_process=2242;write_failures=0;screen_on=1;doze=0;battery_saver=0;unrestricted=1;bg_restricted=0;standby_bucket=5;thermal=0;battery_pct=86;charging=0;music=0;location_on=1"
1789422282911,992627758,hb,"recorder=1;since_fix_ms=924;fixes_this_process=2247;write_failures=0;screen_on=1;doze=0;battery_saver=0;unrestricted=1;bg_restricted=0;standby_bucket=5;thermal=0;battery_pct=86;charging=0;music=0;location_on=1"
1789422287920,992632767,hb,"recorder=1;since_fix_ms=928;fixes_this_process=2252;write_failures=0;screen_on=1;doze=0;battery_saver=0;unrestricted=1;bg_restricted=0;standby_bucket=5;thermal=0;battery_pct=86;charging=0;music=0;location_on=1"
1789422292928,992637775,hb,"recorder=1;since_fix_ms=939;fixes_this_process=2257;write_failures=0;screen_on=1;doze=0;battery_saver=0;unrestricted=1;bg_restricted=0;standby_bucket=5;thermal=0;battery_pct=86;charging=0;music=0;location_on=1"
1789422297937,992642783,hb,"recorder=1;since_fix_ms=947;fixes_this_process=2262;write_failures=0;screen_on=1;doze=0;battery_saver=0;unrestricted=1;bg_restricted=0;standby_bucket=5;thermal=0;battery_pct=86;charging=0;music=0;location_on=1"
1789422302950,992647797,hb,"recorder=1;since_fix_ms=958;fixes_this_process=2267;write_failures=0;screen_on=1;doze=0;battery_saver=0;unrestricted=1;bg_restricted=0;standby_bucket=5;thermal=0;battery_pct=86;charging=0;music=0;location_on=1"
1789422307954,992652800,hb,"recorder=1;since_fix_ms=964;fixes_this_process=2272;write_failures=0;screen_on=1;doze=0;battery_saver=0;unrestricted=1;bg_restricted=0;standby_bucket=5;thermal=0;battery_pct=86;charging=0;music=0;location_on=1"
1789422312962,992657809,hb,"recorder=1;since_fix_ms=973;fixes_this_process=2277;write_failures=0;screen_on=1;doze=0;battery_saver=0;unrestricted=1;bg_restricted=0;standby_bucket=5;thermal=0;battery_pct=86;charging=0;music=0;location_on=1"
1789422317973,992662820,hb,"recorder=1;since_fix_ms=985;fixes_this_process=2282;write_failures=0;screen_on=1;doze=0;battery_saver=0;unrestricted=1;bg_restricted=0;standby_bucket=5;thermal=0;battery_pct=86;charging=0;music=0;location_on=1"
1789422322984,992667830,hb,"recorder=1;since_fix_ms=991;fixes_this_process=2287;write_failures=0;screen_on=1;doze=0;battery_saver=0;unrestricted=1;bg_restricted=0;standby_bucket=5;thermal=0;battery_pct=86;charging=0;music=0;location_on=1"
1789422327990,992672837,hb,"recorder=1;since_fix_ms=1000;fixes_this_process=2292;write_failures=0;screen_on=1;doze=0;battery_saver=0;unrestricted=1;bg_restricted=0;standby_bucket=5;thermal=0;battery_pct=86;charging=0;music=0;location_on=1"
1789422332996,992677842,hb,"recorder=1;since_fix_ms=8;fixes_this_process=2298;write_failures=0;screen_on=1;doze=0;battery_saver=0;unrestricted=1;bg_restricted=0;standby_bucket=5;thermal=0;battery_pct=86;charging=0;music=0;location_on=1"
1789422338000,992682846,hb,"recorder=1;since_fix_ms=10;fixes_this_process=2303;write_failures=0;screen_on=1;doze=0;battery_saver=0;unrestricted=1;bg_restricted=0;standby_bucket=5;thermal=0;battery_pct=86;charging=0;music=0;location_on=1"
1789422343007,992687854,hb,"recorder=1;since_fix_ms=18;fixes_this_process=2308;write_failures=0;screen_on=1;doze=0;battery_saver=0;unrestricted=1;bg_restricted=0;standby_bucket=5;thermal=0;battery_pct=86;charging=0;music=0;location_on=1"
1789422348011,992692858,hb,"recorder=1;since_fix_ms=20;fixes_this_process=2313;write_failures=0;screen_on=1;doze=0;battery_saver=0;unrestricted=1;bg_restricted=0;standby_bucket=5;thermal=0;battery_pct=86;charging=0;music=0;location_on=1"
1789422353016,992697863,hb,"recorder=1;since_fix_ms=28;fixes_this_process=2318;write_failures=0;screen_on=1;doze=0;battery_saver=0;unrestricted=1;bg_restricted=0;standby_bucket=5;thermal=0;battery_pct=86;charging=0;music=0;location_on=1"
1789422358020,992702867,hb,"recorder=1;since_fix_ms=32;fixes_this_process=2323;write_failures=0;screen_on=1;doze=0;battery_saver=0;unrestricted=1;bg_restricted=0;standby_bucket=5;thermal=0;battery_pct=86;charging=0;music=0;location_on=1"
1789422363029,992707875,hb,"recorder=1;since_fix_ms=39;fixes_this_process=2328;write_failures=0;screen_on=1;doze=0;battery_saver=0;unrestricted=1;bg_restricted=0;standby_bucket=5;thermal=0;battery_pct=86;charging=0;music=0;location_on=1"
1789422368037,992712884,hb,"recorder=1;since_fix_ms=49;fixes_this_process=2333;write_failures=0;screen_on=1;doze=0;battery_saver=0;unrestricted=1;bg_restricted=0;standby_bucket=5;thermal=0;battery_pct=86;charging=0;music=0;location_on=1"
1789422373042,992717888,hb,"recorder=1;since_fix_ms=52;fixes_this_process=2338;write_failures=0;screen_on=1;doze=0;battery_saver=0;unrestricted=1;bg_restricted=0;standby_bucket=5;thermal=0;battery_pct=86;charging=0;music=0;location_on=1"
1789422378051,992722897,hb,"recorder=1;since_fix_ms=60;fixes_this_process=2343;write_failures=0;screen_on=1;doze=0;battery_saver=0;unrestricted=1;bg_restricted=0;standby_bucket=5;thermal=0;battery_pct=86;charging=0;music=0;location_on=1"
1789422383059,992727906,hb,"recorder=1;since_fix_ms=67;fixes_this_process=2348;write_failures=0;screen_on=1;doze=0;battery_saver=0;unrestricted=1;bg_restricted=0;standby_bucket=5;thermal=0;battery_pct=86;charging=0;music=0;location_on=1"
1789422388067,992732914,hb,"recorder=1;since_fix_ms=79;fixes_this_process=2353;write_failures=0;screen_on=1;doze=0;battery_saver=0;unrestricted=1;bg_restricted=0;standby_bucket=5;thermal=0;battery_pct=86;charging=0;music=0;location_on=1"
1789422393080,992737926,hb,"recorder=1;since_fix_ms=87;fixes_this_process=2358;write_failures=0;screen_on=1;doze=0;battery_saver=0;unrestricted=1;bg_restricted=0;standby_bucket=5;thermal=0;battery_pct=86;charging=0;music=0;location_on=1"
1789422398088,992742935,hb,"recorder=1;since_fix_ms=98;fixes_this_process=2363;write_failures=0;screen_on=1;doze=0;battery_saver=0;unrestricted=1;bg_restricted=0;standby_bucket=5;thermal=0;battery_pct=86;charging=0;music=0;location_on=1"
1789422403093,992747940,hb,"recorder=1;since_fix_ms=103;fixes_this_process=2368;write_failures=0;screen_on=1;doze=0;battery_saver=0;unrestricted=1;bg_restricted=0;standby_bucket=5;thermal=0;battery_pct=86;charging=0;music=0;location_on=1"
1789422408106,992752953,hb,"recorder=1;since_fix_ms=113;fixes_this_process=2373;write_failures=0;screen_on=1;doze=0;battery_saver=0;unrestricted=1;bg_restricted=0;standby_bucket=5;thermal=0;battery_pct=86;charging=0;music=0;location_on=1"
1789422413115,992757962,hb,"recorder=1;since_fix_ms=124;fixes_this_process=2378;write_failures=0;screen_on=1;doze=0;battery_saver=0;unrestricted=1;bg_restricted=0;standby_bucket=5;thermal=0;battery_pct=86;charging=0;music=0;location_on=1"
1789422418123,992762970,hb,"recorder=1;since_fix_ms=134;fixes_this_process=2383;write_failures=0;screen_on=1;doze=0;battery_saver=0;unrestricted=1;bg_restricted=0;standby_bucket=5;thermal=0;battery_pct=86;charging=0;music=0;location_on=1"
1789422423133,992767979,hb,"recorder=1;since_fix_ms=144;fixes_this_process=2388;write_failures=0;screen_on=1;doze=0;battery_saver=0;unrestricted=1;bg_restricted=0;standby_bucket=5;thermal=0;battery_pct=86;charging=0;music=0;location_on=1"
1789422428138,992772985,hb,"recorder=1;since_fix_ms=149;fixes_this_process=2393;write_failures=0;screen_on=1;doze=0;battery_saver=0;unrestricted=1;bg_restricted=0;standby_bucket=5;thermal=0;battery_pct=86;charging=0;music=0;location_on=1"
1789422433145,992777992,hb,"recorder=1;since_fix_ms=151;fixes_this_process=2398;write_failures=0;screen_on=1;doze=0;battery_saver=0;unrestricted=1;bg_restricted=0;standby_bucket=5;thermal=0;battery_pct=86;charging=0;music=0;location_on=1"
1789422438157,992783003,hb,"recorder=1;since_fix_ms=170;fixes_this_process=2403;write_failures=0;screen_on=1;doze=0;battery_saver=0;unrestricted=1;bg_restricted=0;standby_bucket=5;thermal=0;battery_pct=86;charging=0;music=0;location_on=1"
1789422443163,992788009,hb,"recorder=1;since_fix_ms=175;fixes_this_process=2408;write_failures=0;screen_on=1;doze=0;battery_saver=0;unrestricted=1;bg_restricted=0;standby_bucket=5;thermal=0;battery_pct=86;charging=0;music=0;location_on=1"
1789422448167,992793014,hb,"recorder=1;since_fix_ms=176;fixes_this_process=2413;write_failures=0;screen_on=1;doze=0;battery_saver=0;unrestricted=1;bg_restricted=0;standby_bucket=5;thermal=0;battery_pct=86;charging=0;music=0;location_on=1"
1789422453181,992798027,hb,"recorder=1;since_fix_ms=195;fixes_this_process=2418;write_failures=0;screen_on=1;doze=0;battery_saver=0;unrestricted=1;bg_restricted=0;standby_bucket=5;thermal=0;battery_pct=86;charging=0;music=0;location_on=1"
1789422458189,992803036,hb,"recorder=1;since_fix_ms=201;fixes_this_process=2423;write_failures=0;screen_on=1;doze=0;battery_saver=0;unrestricted=1;bg_restricted=0;standby_bucket=5;thermal=0;battery_pct=86;charging=0;music=0;location_on=1"
1789422463195,992808042,hb,"recorder=1;since_fix_ms=209;fixes_this_process=2428;write_failures=0;screen_on=1;doze=0;battery_saver=0;unrestricted=1;bg_restricted=0;standby_bucket=5;thermal=0;battery_pct=86;charging=0;music=0;location_on=1"
1789422468205,992813051,hb,"recorder=1;since_fix_ms=218;fixes_this_process=2433;write_failures=0;screen_on=1;doze=0;battery_saver=0;unrestricted=1;bg_restricted=0;standby_bucket=5;thermal=0;battery_pct=86;charging=0;music=0;location_on=1"
1789422473209,992818055,hb,"recorder=1;since_fix_ms=218;fixes_this_process=2438;write_failures=0;screen_on=1;doze=0;battery_saver=0;unrestricted=1;bg_restricted=0;standby_bucket=5;thermal=0;battery_pct=86;charging=0;music=0;location_on=1"
1789422478212,992823059,hb,"recorder=1;since_fix_ms=222;fixes_this_process=2443;write_failures=0;screen_on=1;doze=0;battery_saver=0;unrestricted=1;bg_restricted=0;standby_bucket=5;thermal=0;battery_pct=86;charging=0;music=0;location_on=1"
1789422483216,992828063,hb,"recorder=1;since_fix_ms=226;fixes_this_process=2448;write_failures=0;screen_on=1;doze=0;battery_saver=0;unrestricted=1;bg_restricted=0;standby_bucket=5;thermal=0;battery_pct=86;charging=0;music=0;location_on=1"
1789422488221,992833067,hb,"recorder=1;since_fix_ms=232;fixes_this_process=2453;write_failures=0;screen_on=1;doze=0;battery_saver=0;unrestricted=1;bg_restricted=0;standby_bucket=5;thermal=0;battery_pct=86;charging=0;music=0;location_on=1"
1789422493228,992838074,hb,"recorder=1;since_fix_ms=243;fixes_this_process=2458;write_failures=0;screen_on=1;doze=0;battery_saver=0;unrestricted=1;bg_restricted=0;standby_bucket=5;thermal=0;battery_pct=86;charging=0;music=0;location_on=1"
1789422498234,992843080,hb,"recorder=1;since_fix_ms=249;fixes_this_process=2463;write_failures=0;screen_on=1;doze=0;battery_saver=0;unrestricted=1;bg_restricted=0;standby_bucket=5;thermal=0;battery_pct=86;charging=0;music=0;location_on=1"
1789422503240,992848087,hb,"recorder=1;since_fix_ms=252;fixes_this_process=2468;write_failures=0;screen_on=1;doze=0;battery_saver=0;unrestricted=1;bg_restricted=0;standby_bucket=5;thermal=0;battery_pct=86;charging=0;music=0;location_on=1"
1789422508247,992853094,hb,"recorder=1;since_fix_ms=259;fixes_this_process=2473;write_failures=0;screen_on=1;doze=0;battery_saver=0;unrestricted=1;bg_restricted=0;standby_bucket=5;thermal=0;battery_pct=86;charging=0;music=0;location_on=1"
1789422513256,992858103,hb,"recorder=1;since_fix_ms=264;fixes_this_process=2478;write_failures=0;screen_on=1;doze=0;battery_saver=0;unrestricted=1;bg_restricted=0;standby_bucket=5;thermal=0;battery_pct=86;charging=0;music=0;location_on=1"
1789422518261,992863108,hb,"recorder=1;since_fix_ms=268;fixes_this_process=2483;write_failures=0;screen_on=1;doze=0;battery_saver=0;unrestricted=1;bg_restricted=0;standby_bucket=5;thermal=0;battery_pct=85;charging=0;music=0;location_on=1"
1789422523270,992868117,hb,"recorder=1;since_fix_ms=282;fixes_this_process=2488;write_failures=0;screen_on=1;doze=0;battery_saver=0;unrestricted=1;bg_restricted=0;standby_bucket=5;thermal=0;battery_pct=85;charging=0;music=0;location_on=1"
1789422528284,992873130,hb,"recorder=1;since_fix_ms=296;fixes_this_process=2493;write_failures=0;screen_on=1;doze=0;battery_saver=0;unrestricted=1;bg_restricted=0;standby_bucket=5;thermal=0;battery_pct=85;charging=0;music=0;location_on=1"
1789422533290,992878137,hb,"recorder=1;since_fix_ms=303;fixes_this_process=2498;write_failures=0;screen_on=1;doze=0;battery_saver=0;unrestricted=1;bg_restricted=0;standby_bucket=5;thermal=0;battery_pct=85;charging=0;music=0;location_on=1"
1789422538299,992883146,hb,"recorder=1;since_fix_ms=311;fixes_this_process=2503;write_failures=0;screen_on=1;doze=0;battery_saver=0;unrestricted=1;bg_restricted=0;standby_bucket=5;thermal=0;battery_pct=85;charging=0;music=0;location_on=1"
1789422543309,992888155,hb,"recorder=1;since_fix_ms=325;fixes_this_process=2508;write_failures=0;screen_on=1;doze=0;battery_saver=0;unrestricted=1;bg_restricted=0;standby_bucket=5;thermal=0;battery_pct=85;charging=0;music=0;location_on=1"
1789422548316,992893163,hb,"recorder=1;since_fix_ms=332;fixes_this_process=2513;write_failures=0;screen_on=1;doze=0;battery_saver=0;unrestricted=1;bg_restricted=0;standby_bucket=5;thermal=0;battery_pct=85;charging=0;music=0;location_on=1"
1789422553325,992898171,hb,"recorder=1;since_fix_ms=336;fixes_this_process=2518;write_failures=0;screen_on=1;doze=0;battery_saver=0;unrestricted=1;bg_restricted=0;standby_bucket=5;thermal=0;battery_pct=85;charging=0;music=0;location_on=1"
1789422558337,992903184,hb,"recorder=1;since_fix_ms=347;fixes_this_process=2523;write_failures=0;screen_on=1;doze=0;battery_saver=0;unrestricted=1;bg_restricted=0;standby_bucket=5;thermal=0;battery_pct=85;charging=0;music=0;location_on=1"
1789422563345,992908192,hb,"recorder=1;since_fix_ms=354;fixes_this_process=2528;write_failures=0;screen_on=1;doze=0;battery_saver=0;unrestricted=1;bg_restricted=0;standby_bucket=5;thermal=0;battery_pct=85;charging=0;music=0;location_on=1"
1789422568354,992913200,hb,"recorder=1;since_fix_ms=366;fixes_this_process=2533;write_failures=0;screen_on=1;doze=0;battery_saver=0;unrestricted=1;bg_restricted=0;standby_bucket=5;thermal=0;battery_pct=85;charging=0;music=0;location_on=1"
1789422573365,992918212,hb,"recorder=1;since_fix_ms=378;fixes_this_process=2538;write_failures=0;screen_on=1;doze=0;battery_saver=0;unrestricted=1;bg_restricted=0;standby_bucket=5;thermal=0;battery_pct=85;charging=0;music=0;location_on=1"
1789422578372,992923219,hb,"recorder=1;since_fix_ms=383;fixes_this_process=2543;write_failures=0;screen_on=1;doze=0;battery_saver=0;unrestricted=1;bg_restricted=0;standby_bucket=5;thermal=0;battery_pct=85;charging=0;music=0;location_on=1"
1789422583378,992928224,hb,"recorder=1;since_fix_ms=390;fixes_this_process=2548;write_failures=0;screen_on=1;doze=0;battery_saver=0;unrestricted=1;bg_restricted=0;standby_bucket=5;thermal=0;battery_pct=85;charging=0;music=0;location_on=1"
1789422588390,992933237,hb,"recorder=1;since_fix_ms=403;fixes_this_process=2553;write_failures=0;screen_on=1;doze=0;battery_saver=0;unrestricted=1;bg_restricted=0;standby_bucket=5;thermal=0;battery_pct=85;charging=0;music=0;location_on=1"
1789422593398,992938245,hb,"recorder=1;since_fix_ms=405;fixes_this_process=2558;write_failures=0;screen_on=1;doze=0;battery_saver=0;unrestricted=1;bg_restricted=0;standby_bucket=5;thermal=0;battery_pct=85;charging=0;music=0;location_on=1"
1789422598407,992943253,hb,"recorder=1;since_fix_ms=416;fixes_this_process=2563;write_failures=0;screen_on=1;doze=0;battery_saver=0;unrestricted=1;bg_restricted=0;standby_bucket=5;thermal=0;battery_pct=85;charging=0;music=0;location_on=1"
1789422603420,992948266,hb,"recorder=1;since_fix_ms=430;fixes_this_process=2568;write_failures=0;screen_on=1;doze=0;battery_saver=0;unrestricted=1;bg_restricted=0;standby_bucket=5;thermal=0;battery_pct=85;charging=0;music=0;location_on=1"
1789422608428,992953275,hb,"recorder=1;since_fix_ms=441;fixes_this_process=2573;write_failures=0;screen_on=1;doze=0;battery_saver=0;unrestricted=1;bg_restricted=0;standby_bucket=5;thermal=0;battery_pct=85;charging=0;music=0;location_on=1"
1789422613437,992958283,hb,"recorder=1;since_fix_ms=447;fixes_this_process=2578;write_failures=0;screen_on=1;doze=0;battery_saver=0;unrestricted=1;bg_restricted=0;standby_bucket=5;thermal=0;battery_pct=85;charging=0;music=0;location_on=1"
1789422618449,992963296,hb,"recorder=1;since_fix_ms=459;fixes_this_process=2583;write_failures=0;screen_on=1;doze=0;battery_saver=0;unrestricted=1;bg_restricted=0;standby_bucket=5;thermal=0;battery_pct=85;charging=0;music=0;location_on=1"
1789422623458,992968304,hb,"recorder=1;since_fix_ms=467;fixes_this_process=2588;write_failures=0;screen_on=1;doze=0;battery_saver=0;unrestricted=1;bg_restricted=0;standby_bucket=5;thermal=0;battery_pct=85;charging=0;music=0;location_on=1"
1789422628462,992973309,hb,"recorder=1;since_fix_ms=472;fixes_this_process=2593;write_failures=0;screen_on=1;doze=0;battery_saver=0;unrestricted=1;bg_restricted=0;standby_bucket=5;thermal=0;battery_pct=85;charging=0;music=0;location_on=1"
1789422633472,992978318,hb,"recorder=1;since_fix_ms=486;fixes_this_process=2598;write_failures=0;screen_on=1;doze=0;battery_saver=0;unrestricted=1;bg_restricted=0;standby_bucket=5;thermal=0;battery_pct=85;charging=0;music=0;location_on=1"
1789422638478,992983324,hb,"recorder=1;since_fix_ms=491;fixes_this_process=2603;write_failures=0;screen_on=1;doze=0;battery_saver=0;unrestricted=1;bg_restricted=0;standby_bucket=5;thermal=0;battery_pct=85;charging=0;music=0;location_on=1"
1789422643487,992988333,hb,"recorder=1;since_fix_ms=498;fixes_this_process=2608;write_failures=0;screen_on=1;doze=0;battery_saver=0;unrestricted=1;bg_restricted=0;standby_bucket=5;thermal=0;battery_pct=85;charging=0;music=0;location_on=1"
1789422648499,992993346,hb,"recorder=1;since_fix_ms=510;fixes_this_process=2613;write_failures=0;screen_on=1;doze=0;battery_saver=0;unrestricted=1;bg_restricted=0;standby_bucket=5;thermal=0;battery_pct=85;charging=0;music=0;location_on=1"
1789422653508,992998355,hb,"recorder=1;since_fix_ms=519;fixes_this_process=2618;write_failures=0;screen_on=1;doze=0;battery_saver=0;unrestricted=1;bg_restricted=0;standby_bucket=5;thermal=0;battery_pct=85;charging=0;music=0;location_on=1"
1789422658514,993003360,hb,"recorder=1;since_fix_ms=522;fixes_this_process=2623;write_failures=0;screen_on=1;doze=0;battery_saver=0;unrestricted=1;bg_restricted=0;standby_bucket=5;thermal=0;battery_pct=85;charging=0;music=0;location_on=1"
1789422663528,993008374,hb,"recorder=1;since_fix_ms=538;fixes_this_process=2628;write_failures=0;screen_on=1;doze=0;battery_saver=0;unrestricted=1;bg_restricted=0;standby_bucket=5;thermal=0;battery_pct=85;charging=0;music=0;location_on=1"
1789422668537,993013383,hb,"recorder=1;since_fix_ms=551;fixes_this_process=2633;write_failures=0;screen_on=1;doze=0;battery_saver=0;unrestricted=1;bg_restricted=0;standby_bucket=5;thermal=0;battery_pct=85;charging=0;music=0;location_on=1"
1789422673545,993018392,hb,"recorder=1;since_fix_ms=557;fixes_this_process=2638;write_failures=0;screen_on=1;doze=0;battery_saver=0;unrestricted=1;bg_restricted=0;standby_bucket=5;thermal=0;battery_pct=85;charging=0;music=0;location_on=1"
1789422678555,993023401,hb,"recorder=1;since_fix_ms=565;fixes_this_process=2643;write_failures=0;screen_on=1;doze=0;battery_saver=0;unrestricted=1;bg_restricted=0;standby_bucket=5;thermal=0;battery_pct=85;charging=0;music=0;location_on=1"
1789422683563,993028410,hb,"recorder=1;since_fix_ms=576;fixes_this_process=2648;write_failures=0;screen_on=1;doze=0;battery_saver=0;unrestricted=1;bg_restricted=0;standby_bucket=5;thermal=0;battery_pct=85;charging=0;music=0;location_on=1"
1789422688572,993033418,hb,"recorder=1;since_fix_ms=584;fixes_this_process=2653;write_failures=0;screen_on=1;doze=0;battery_saver=0;unrestricted=1;bg_restricted=0;standby_bucket=5;thermal=0;battery_pct=85;charging=0;music=0;location_on=1"
1789422693584,993038430,hb,"recorder=1;since_fix_ms=598;fixes_this_process=2658;write_failures=0;screen_on=1;doze=0;battery_saver=0;unrestricted=1;bg_restricted=0;standby_bucket=5;thermal=0;battery_pct=85;charging=0;music=0;location_on=1"
1789422698593,993043440,hb,"recorder=1;since_fix_ms=603;fixes_this_process=2663;write_failures=0;screen_on=1;doze=0;battery_saver=0;unrestricted=1;bg_restricted=0;standby_bucket=5;thermal=0;battery_pct=85;charging=0;music=0;location_on=1"
1789422703601,993048448,hb,"recorder=1;since_fix_ms=610;fixes_this_process=2668;write_failures=0;screen_on=1;doze=0;battery_saver=0;unrestricted=1;bg_restricted=0;standby_bucket=5;thermal=0;battery_pct=85;charging=0;music=0;location_on=1"
1789422708614,993053460,hb,"recorder=1;since_fix_ms=626;fixes_this_process=2673;write_failures=0;screen_on=1;doze=0;battery_saver=0;unrestricted=1;bg_restricted=0;standby_bucket=5;thermal=0;battery_pct=85;charging=0;music=0;location_on=1"
1789422713622,993058469,hb,"recorder=1;since_fix_ms=631;fixes_this_process=2678;write_failures=0;screen_on=1;doze=0;battery_saver=0;unrestricted=1;bg_restricted=0;standby_bucket=5;thermal=0;battery_pct=85;charging=0;music=0;location_on=1"
1789422718630,993063477,hb,"recorder=1;since_fix_ms=637;fixes_this_process=2683;write_failures=0;screen_on=1;doze=0;battery_saver=0;unrestricted=1;bg_restricted=0;standby_bucket=5;thermal=0;battery_pct=85;charging=0;music=0;location_on=1"
1789422723644,993068490,hb,"recorder=1;since_fix_ms=654;fixes_this_process=2688;write_failures=0;screen_on=1;doze=0;battery_saver=0;unrestricted=1;bg_restricted=0;standby_bucket=5;thermal=0;battery_pct=85;charging=0;music=0;location_on=1"
1789422728653,993073499,hb,"recorder=1;since_fix_ms=664;fixes_this_process=2693;write_failures=0;screen_on=1;doze=0;battery_saver=0;unrestricted=1;bg_restricted=0;standby_bucket=5;thermal=0;battery_pct=85;charging=0;music=0;location_on=1"
1789422733657,993078504,hb,"recorder=1;since_fix_ms=672;fixes_this_process=2698;write_failures=0;screen_on=1;doze=0;battery_saver=0;unrestricted=1;bg_restricted=0;standby_bucket=5;thermal=0;battery_pct=85;charging=0;music=0;location_on=1"
1789422738670,993083516,hb,"recorder=1;since_fix_ms=687;fixes_this_process=2703;write_failures=0;screen_on=1;doze=0;battery_saver=0;unrestricted=1;bg_restricted=0;standby_bucket=5;thermal=0;battery_pct=85;charging=0;music=0;location_on=1"
1789422743678,993088525,hb,"recorder=1;since_fix_ms=691;fixes_this_process=2708;write_failures=0;screen_on=1;doze=0;battery_saver=0;unrestricted=1;bg_restricted=0;standby_bucket=5;thermal=0;battery_pct=85;charging=0;music=0;location_on=1"
1789422748688,993093534,hb,"recorder=1;since_fix_ms=695;fixes_this_process=2713;write_failures=0;screen_on=1;doze=0;battery_saver=0;unrestricted=1;bg_restricted=0;standby_bucket=5;thermal=0;battery_pct=85;charging=0;music=0;location_on=1"
1789422753699,993098545,hb,"recorder=1;since_fix_ms=697;fixes_this_process=2718;write_failures=0;screen_on=1;doze=0;battery_saver=0;unrestricted=1;bg_restricted=0;standby_bucket=5;thermal=0;battery_pct=85;charging=0;music=0;location_on=1"
1789422758708,993103554,hb,"recorder=1;since_fix_ms=714;fixes_this_process=2723;write_failures=0;screen_on=1;doze=0;battery_saver=0;unrestricted=1;bg_restricted=0;standby_bucket=5;thermal=0;battery_pct=85;charging=0;music=0;location_on=1"
1789422763714,993108560,hb,"recorder=1;since_fix_ms=717;fixes_this_process=2728;write_failures=0;screen_on=1;doze=0;battery_saver=0;unrestricted=1;bg_restricted=0;standby_bucket=5;thermal=0;battery_pct=85;charging=0;music=0;location_on=1"
1789422768727,993113574,hb,"recorder=1;since_fix_ms=723;fixes_this_process=2733;write_failures=0;screen_on=1;doze=0;battery_saver=0;unrestricted=1;bg_restricted=0;standby_bucket=5;thermal=0;battery_pct=85;charging=0;music=0;location_on=1"
1789422773734,993118581,hb,"recorder=1;since_fix_ms=735;fixes_this_process=2738;write_failures=0;screen_on=1;doze=0;battery_saver=0;unrestricted=1;bg_restricted=0;standby_bucket=5;thermal=0;battery_pct=85;charging=0;music=0;location_on=1"
1789422778741,993123587,hb,"recorder=1;since_fix_ms=745;fixes_this_process=2743;write_failures=0;screen_on=1;doze=0;battery_saver=0;unrestricted=1;bg_restricted=0;standby_bucket=5;thermal=0;battery_pct=85;charging=0;music=0;location_on=1"
1789422783752,993128598,hb,"recorder=1;since_fix_ms=758;fixes_this_process=2748;write_failures=0;screen_on=1;doze=0;battery_saver=0;unrestricted=1;bg_restricted=0;standby_bucket=5;thermal=0;battery_pct=85;charging=0;music=0;location_on=1"
1789422788757,993133604,hb,"recorder=1;since_fix_ms=766;fixes_this_process=2753;write_failures=0;screen_on=1;doze=0;battery_saver=0;unrestricted=1;bg_restricted=0;standby_bucket=5;thermal=0;battery_pct=85;charging=0;music=0;location_on=1"
1789422793766,993138612,hb,"recorder=1;since_fix_ms=779;fixes_this_process=2758;write_failures=0;screen_on=1;doze=0;battery_saver=0;unrestricted=1;bg_restricted=0;standby_bucket=5;thermal=0;battery_pct=85;charging=0;music=0;location_on=1"
1789422798778,993143624,hb,"recorder=1;since_fix_ms=789;fixes_this_process=2763;write_failures=0;screen_on=1;doze=0;battery_saver=0;unrestricted=1;bg_restricted=0;standby_bucket=5;thermal=0;battery_pct=85;charging=0;music=0;location_on=1"
1789422803787,993148634,hb,"recorder=1;since_fix_ms=792;fixes_this_process=2768;write_failures=0;screen_on=1;doze=0;battery_saver=0;unrestricted=1;bg_restricted=0;standby_bucket=5;thermal=0;battery_pct=85;charging=0;music=0;location_on=1"
1789422808794,993153640,hb,"recorder=1;since_fix_ms=812;fixes_this_process=2773;write_failures=0;screen_on=1;doze=0;battery_saver=0;unrestricted=1;bg_restricted=0;standby_bucket=5;thermal=0;battery_pct=85;charging=0;music=0;location_on=1"
1789422813805,993158652,hb,"recorder=1;since_fix_ms=809;fixes_this_process=2778;write_failures=0;screen_on=1;doze=0;battery_saver=0;unrestricted=1;bg_restricted=0;standby_bucket=5;thermal=0;battery_pct=85;charging=0;music=0;location_on=1"
1789422818808,993163655,hb,"recorder=1;since_fix_ms=825;fixes_this_process=2783;write_failures=0;screen_on=1;doze=0;battery_saver=0;unrestricted=1;bg_restricted=0;standby_bucket=5;thermal=0;battery_pct=85;charging=0;music=0;location_on=1"
1789422823816,993168663,hb,"recorder=1;since_fix_ms=847;fixes_this_process=2788;write_failures=0;screen_on=1;doze=0;battery_saver=0;unrestricted=1;bg_restricted=0;standby_bucket=5;thermal=0;battery_pct=85;charging=0;music=0;location_on=1"
1789422828826,993173673,hb,"recorder=1;since_fix_ms=839;fixes_this_process=2793;write_failures=0;screen_on=1;doze=0;battery_saver=0;unrestricted=1;bg_restricted=0;standby_bucket=5;thermal=0;battery_pct=85;charging=0;music=0;location_on=1"
1789422833834,993178681,hb,"recorder=1;since_fix_ms=841;fixes_this_process=2798;write_failures=0;screen_on=1;doze=0;battery_saver=0;unrestricted=1;bg_restricted=0;standby_bucket=5;thermal=0;battery_pct=85;charging=0;music=0;location_on=1"
1789422838842,993183689,hb,"recorder=1;since_fix_ms=951;fixes_this_process=2803;write_failures=0;screen_on=1;doze=0;battery_saver=0;unrestricted=1;bg_restricted=0;standby_bucket=5;thermal=0;battery_pct=85;charging=0;music=0;location_on=1"
1789422843854,993188701,hb,"recorder=1;since_fix_ms=868;fixes_this_process=2808;write_failures=0;screen_on=1;doze=0;battery_saver=0;unrestricted=1;bg_restricted=0;standby_bucket=5;thermal=0;battery_pct=85;charging=0;music=0;location_on=1"
1789422848862,993193708,hb,"recorder=1;since_fix_ms=878;fixes_this_process=2813;write_failures=0;screen_on=1;doze=0;battery_saver=0;unrestricted=1;bg_restricted=0;standby_bucket=5;thermal=0;battery_pct=85;charging=0;music=0;location_on=1"
1789422853871,993198717,hb,"recorder=1;since_fix_ms=885;fixes_this_process=2818;write_failures=0;screen_on=1;doze=0;battery_saver=0;unrestricted=1;bg_restricted=0;standby_bucket=5;thermal=0;battery_pct=85;charging=0;music=0;location_on=1"
1789422858884,993203730,hb,"recorder=1;since_fix_ms=882;fixes_this_process=2823;write_failures=0;screen_on=1;doze=0;battery_saver=0;unrestricted=1;bg_restricted=0;standby_bucket=5;thermal=0;battery_pct=85;charging=0;music=0;location_on=1"
1789422863888,993208735,hb,"recorder=1;since_fix_ms=898;fixes_this_process=2828;write_failures=0;screen_on=1;doze=0;battery_saver=0;unrestricted=1;bg_restricted=0;standby_bucket=5;thermal=0;battery_pct=85;charging=0;music=0;location_on=1"
1789422868897,993213743,hb,"recorder=1;since_fix_ms=907;fixes_this_process=2833;write_failures=0;screen_on=1;doze=0;battery_saver=0;unrestricted=1;bg_restricted=0;standby_bucket=5;thermal=0;battery_pct=85;charging=0;music=0;location_on=1"
1789422873910,993218756,hb,"recorder=1;since_fix_ms=924;fixes_this_process=2838;write_failures=0;screen_on=1;doze=0;battery_saver=0;unrestricted=1;bg_restricted=0;standby_bucket=5;thermal=0;battery_pct=85;charging=0;music=0;location_on=1"
1789422878913,993223760,hb,"recorder=1;since_fix_ms=2;fixes_this_process=2844;write_failures=0;screen_on=1;doze=0;battery_saver=0;unrestricted=1;bg_restricted=0;standby_bucket=5;thermal=0;battery_pct=85;charging=0;music=0;location_on=1"
1789422883921,993228767,hb,"recorder=1;since_fix_ms=1010;fixes_this_process=2848;write_failures=0;screen_on=1;doze=0;battery_saver=0;unrestricted=1;bg_restricted=0;standby_bucket=5;thermal=0;battery_pct=85;charging=0;music=0;location_on=1"
1789422888928,993233774,hb,"recorder=1;since_fix_ms=939;fixes_this_process=2853;write_failures=0;screen_on=1;doze=0;battery_saver=0;unrestricted=1;bg_restricted=0;standby_bucket=5;thermal=0;battery_pct=85;charging=0;music=0;location_on=1"
1789422893935,993238782,hb,"recorder=1;since_fix_ms=24;fixes_this_process=2859;write_failures=0;screen_on=1;doze=0;battery_saver=0;unrestricted=1;bg_restricted=0;standby_bucket=5;thermal=0;battery_pct=85;charging=0;music=0;location_on=1"
1789422898943,993243790,hb,"recorder=1;since_fix_ms=953;fixes_this_process=2863;write_failures=0;screen_on=1;doze=0;battery_saver=0;unrestricted=1;bg_restricted=0;standby_bucket=5;thermal=0;battery_pct=85;charging=0;music=0;location_on=1"
1789422903956,993248802,hb,"recorder=1;since_fix_ms=963;fixes_this_process=2868;write_failures=0;screen_on=1;doze=0;battery_saver=0;unrestricted=1;bg_restricted=0;standby_bucket=5;thermal=0;battery_pct=85;charging=0;music=0;location_on=1"
1789422908961,993253807,hb,"recorder=1;since_fix_ms=47;fixes_this_process=2874;write_failures=0;screen_on=1;doze=0;battery_saver=0;unrestricted=1;bg_restricted=0;standby_bucket=5;thermal=0;battery_pct=85;charging=0;music=0;location_on=1"
1789422913968,993258815,hb,"recorder=1;since_fix_ms=980;fixes_this_process=2878;write_failures=0;screen_on=1;doze=0;battery_saver=0;unrestricted=1;bg_restricted=0;standby_bucket=5;thermal=0;battery_pct=85;charging=0;music=0;location_on=1"
1789422918978,993263824,hb,"recorder=1;since_fix_ms=997;fixes_this_process=2883;write_failures=0;screen_on=1;doze=0;battery_saver=0;unrestricted=1;bg_restricted=0;standby_bucket=5;thermal=0;battery_pct=85;charging=0;music=0;location_on=1"
1789422923984,993268830,hb,"recorder=1;since_fix_ms=997;fixes_this_process=2888;write_failures=0;screen_on=1;doze=0;battery_saver=0;unrestricted=1;bg_restricted=0;standby_bucket=5;thermal=0;battery_pct=85;charging=0;music=0;location_on=1"
1789422928988,993273834,hb,"recorder=1;since_fix_ms=1;fixes_this_process=2894;write_failures=0;screen_on=1;doze=0;battery_saver=0;unrestricted=1;bg_restricted=0;standby_bucket=5;thermal=0;battery_pct=85;charging=0;music=0;location_on=1"
1789422933990,993278836,hb,"recorder=1;since_fix_ms=2;fixes_this_process=2899;write_failures=0;screen_on=1;doze=0;battery_saver=0;unrestricted=1;bg_restricted=0;standby_bucket=5;thermal=0;battery_pct=85;charging=0;music=0;location_on=1"
1789422938996,993283842,hb,"recorder=1;since_fix_ms=24;fixes_this_process=2904;write_failures=0;screen_on=1;doze=0;battery_saver=0;unrestricted=1;bg_restricted=0;standby_bucket=5;thermal=0;battery_pct=85;charging=0;music=0;location_on=1"
1789422944002,993288849,hb,"recorder=1;since_fix_ms=11;fixes_this_process=2909;write_failures=0;screen_on=1;doze=0;battery_saver=0;unrestricted=1;bg_restricted=0;standby_bucket=5;thermal=0;battery_pct=85;charging=0;music=0;location_on=1"
1789422949011,993293858,hb,"recorder=1;since_fix_ms=25;fixes_this_process=2914;write_failures=0;screen_on=1;doze=0;battery_saver=0;unrestricted=1;bg_restricted=0;standby_bucket=5;thermal=0;battery_pct=85;charging=0;music=0;location_on=1"
1789422954015,993298861,hb,"recorder=1;since_fix_ms=27;fixes_this_process=2919;write_failures=0;screen_on=1;doze=0;battery_saver=0;unrestricted=1;bg_restricted=0;standby_bucket=5;thermal=0;battery_pct=85;charging=0;music=0;location_on=1"
1789422959022,993303869,hb,"recorder=1;since_fix_ms=32;fixes_this_process=2924;write_failures=0;screen_on=1;doze=0;battery_saver=0;unrestricted=1;bg_restricted=0;standby_bucket=5;thermal=0;battery_pct=85;charging=0;music=0;location_on=1"
1789422964029,993308876,hb,"recorder=1;since_fix_ms=29;fixes_this_process=2929;write_failures=0;screen_on=1;doze=0;battery_saver=0;unrestricted=1;bg_restricted=0;standby_bucket=5;thermal=0;battery_pct=85;charging=0;music=0;location_on=1"
1789422969037,993313883,hb,"recorder=1;since_fix_ms=41;fixes_this_process=2934;write_failures=0;screen_on=1;doze=0;battery_saver=0;unrestricted=1;bg_restricted=0;standby_bucket=5;thermal=0;battery_pct=85;charging=0;music=0;location_on=1"
1789422974044,993318891,hb,"recorder=1;since_fix_ms=47;fixes_this_process=2939;write_failures=0;screen_on=1;doze=0;battery_saver=0;unrestricted=1;bg_restricted=0;standby_bucket=5;thermal=0;battery_pct=85;charging=0;music=0;location_on=1"
1789422979052,993323899,hb,"recorder=1;since_fix_ms=63;fixes_this_process=2944;write_failures=0;screen_on=1;doze=0;battery_saver=0;unrestricted=1;bg_restricted=0;standby_bucket=5;thermal=0;battery_pct=85;charging=0;music=0;location_on=1"
1789422984061,993328907,hb,"recorder=1;since_fix_ms=68;fixes_this_process=2949;write_failures=0;screen_on=1;doze=0;battery_saver=0;unrestricted=1;bg_restricted=0;standby_bucket=5;thermal=0;battery_pct=85;charging=0;music=0;location_on=1"
1789422989069,993333915,hb,"recorder=1;since_fix_ms=85;fixes_this_process=2954;write_failures=0;screen_on=1;doze=0;battery_saver=0;unrestricted=1;bg_restricted=0;standby_bucket=5;thermal=0;battery_pct=85;charging=0;music=0;location_on=1"
1789422994078,993338924,hb,"recorder=1;since_fix_ms=92;fixes_this_process=2959;write_failures=0;screen_on=1;doze=0;battery_saver=0;unrestricted=1;bg_restricted=0;standby_bucket=5;thermal=0;battery_pct=85;charging=0;music=0;location_on=1"
1789422999086,993343932,hb,"recorder=1;since_fix_ms=117;fixes_this_process=2964;write_failures=0;screen_on=1;doze=0;battery_saver=0;unrestricted=1;bg_restricted=0;standby_bucket=5;thermal=0;battery_pct=85;charging=0;music=0;location_on=1"
1789423004090,993348937,hb,"recorder=1;since_fix_ms=102;fixes_this_process=2969;write_failures=0;screen_on=1;doze=0;battery_saver=0;unrestricted=1;bg_restricted=0;standby_bucket=5;thermal=0;battery_pct=85;charging=0;music=0;location_on=1"
1789423009095,993353941,hb,"recorder=1;since_fix_ms=100;fixes_this_process=2974;write_failures=0;screen_on=1;doze=0;battery_saver=0;unrestricted=1;bg_restricted=0;standby_bucket=5;thermal=0;battery_pct=85;charging=0;music=0;location_on=1"
1789423014103,993358949,hb,"recorder=1;since_fix_ms=116;fixes_this_process=2979;write_failures=0;screen_on=1;doze=0;battery_saver=0;unrestricted=1;bg_restricted=0;standby_bucket=5;thermal=0;battery_pct=85;charging=0;music=0;location_on=1"
1789423019107,993363954,hb,"recorder=1;since_fix_ms=192;fixes_this_process=2984;write_failures=0;screen_on=1;doze=0;battery_saver=0;unrestricted=1;bg_restricted=0;standby_bucket=5;thermal=0;battery_pct=85;charging=0;music=0;location_on=1"
1789423024113,993368959,hb,"recorder=1;since_fix_ms=128;fixes_this_process=2989;write_failures=0;screen_on=1;doze=0;battery_saver=0;unrestricted=1;bg_restricted=0;standby_bucket=5;thermal=0;battery_pct=85;charging=0;music=0;location_on=1"
1789423029117,993373964,hb,"recorder=1;since_fix_ms=133;fixes_this_process=2994;write_failures=0;screen_on=1;doze=0;battery_saver=0;unrestricted=1;bg_restricted=0;standby_bucket=5;thermal=0;battery_pct=85;charging=0;music=0;location_on=1"
1789423034125,993378971,hb,"recorder=1;since_fix_ms=143;fixes_this_process=2999;write_failures=0;screen_on=1;doze=0;battery_saver=0;unrestricted=1;bg_restricted=0;standby_bucket=5;thermal=0;battery_pct=85;charging=0;music=0;location_on=1"
1789423039133,993383980,hb,"recorder=1;since_fix_ms=146;fixes_this_process=3004;write_failures=0;screen_on=1;doze=0;battery_saver=0;unrestricted=1;bg_restricted=0;standby_bucket=5;thermal=0;battery_pct=85;charging=0;music=0;location_on=1"
1789423044141,993388988,hb,"recorder=1;since_fix_ms=155;fixes_this_process=3009;write_failures=0;screen_on=1;doze=0;battery_saver=0;unrestricted=1;bg_restricted=0;standby_bucket=5;thermal=0;battery_pct=85;charging=0;music=0;location_on=1"
1789423049145,993393991,hb,"recorder=1;since_fix_ms=236;fixes_this_process=3014;write_failures=0;screen_on=1;doze=0;battery_saver=0;unrestricted=1;bg_restricted=0;standby_bucket=5;thermal=0;battery_pct=85;charging=0;music=0;location_on=1"
1789423054153,993398999,hb,"recorder=1;since_fix_ms=161;fixes_this_process=3019;write_failures=0;screen_on=1;doze=0;battery_saver=0;unrestricted=1;bg_restricted=0;standby_bucket=5;thermal=0;battery_pct=85;charging=0;music=0;location_on=1"
1789423059156,993404003,hb,"recorder=1;since_fix_ms=169;fixes_this_process=3024;write_failures=0;screen_on=1;doze=0;battery_saver=0;unrestricted=1;bg_restricted=0;standby_bucket=5;thermal=0;battery_pct=85;charging=0;music=0;location_on=1"
1789423064165,993409012,hb,"recorder=1;since_fix_ms=177;fixes_this_process=3029;write_failures=0;screen_on=1;doze=0;battery_saver=0;unrestricted=1;bg_restricted=0;standby_bucket=5;thermal=0;battery_pct=85;charging=0;music=0;location_on=1"
1789423069178,993414024,hb,"recorder=1;since_fix_ms=187;fixes_this_process=3034;write_failures=0;screen_on=1;doze=0;battery_saver=0;unrestricted=1;bg_restricted=0;standby_bucket=5;thermal=0;battery_pct=85;charging=0;music=0;location_on=1"
1789423074180,993419027,hb,"recorder=1;since_fix_ms=193;fixes_this_process=3039;write_failures=0;screen_on=1;doze=0;battery_saver=0;unrestricted=1;bg_restricted=0;standby_bucket=5;thermal=0;battery_pct=85;charging=0;music=0;location_on=1"
1789423079187,993424033,hb,"recorder=1;since_fix_ms=205;fixes_this_process=3044;write_failures=0;screen_on=1;doze=0;battery_saver=0;unrestricted=1;bg_restricted=0;standby_bucket=5;thermal=0;battery_pct=85;charging=0;music=0;location_on=1"
1789423084195,993429041,hb,"recorder=1;since_fix_ms=208;fixes_this_process=3049;write_failures=0;screen_on=1;doze=0;battery_saver=0;unrestricted=1;bg_restricted=0;standby_bucket=5;thermal=0;battery_pct=85;charging=0;music=0;location_on=1"
1789423089202,993434049,hb,"recorder=1;since_fix_ms=204;fixes_this_process=3054;write_failures=0;screen_on=1;doze=0;battery_saver=0;unrestricted=1;bg_restricted=0;standby_bucket=5;thermal=0;battery_pct=85;charging=0;music=0;location_on=1"
1789423094210,993439056,hb,"recorder=1;since_fix_ms=257;fixes_this_process=3059;write_failures=0;screen_on=1;doze=0;battery_saver=0;unrestricted=1;bg_restricted=0;standby_bucket=5;thermal=0;battery_pct=85;charging=0;music=0;location_on=1"
1789423099215,993444062,hb,"recorder=1;since_fix_ms=229;fixes_this_process=3064;write_failures=0;screen_on=1;doze=0;battery_saver=0;unrestricted=1;bg_restricted=0;standby_bucket=5;thermal=0;battery_pct=85;charging=0;music=0;location_on=1"
1789423104218,993449065,hb,"recorder=1;since_fix_ms=229;fixes_this_process=3069;write_failures=0;screen_on=1;doze=0;battery_saver=0;unrestricted=1;bg_restricted=0;standby_bucket=5;thermal=0;battery_pct=85;charging=0;music=0;location_on=1"
1789423109225,993454071,hb,"recorder=1;since_fix_ms=228;fixes_this_process=3074;write_failures=0;screen_on=1;doze=0;battery_saver=0;unrestricted=1;bg_restricted=0;standby_bucket=5;thermal=0;battery_pct=85;charging=0;music=0;location_on=1"
1789423114233,993459080,hb,"recorder=1;since_fix_ms=247;fixes_this_process=3079;write_failures=0;screen_on=1;doze=0;battery_saver=0;unrestricted=1;bg_restricted=0;standby_bucket=5;thermal=0;battery_pct=85;charging=0;music=0;location_on=1"
1789423119240,993464087,hb,"recorder=1;since_fix_ms=250;fixes_this_process=3084;write_failures=0;screen_on=1;doze=0;battery_saver=0;unrestricted=1;bg_restricted=0;standby_bucket=5;thermal=0;battery_pct=85;charging=0;music=0;location_on=1"
1789423124248,993469095,hb,"recorder=1;since_fix_ms=266;fixes_this_process=3089;write_failures=0;screen_on=1;doze=0;battery_saver=0;unrestricted=1;bg_restricted=0;standby_bucket=5;thermal=0;battery_pct=85;charging=0;music=0;location_on=1"
1789423129261,993474107,hb,"recorder=1;since_fix_ms=278;fixes_this_process=3094;write_failures=0;screen_on=1;doze=0;battery_saver=0;unrestricted=1;bg_restricted=0;standby_bucket=5;thermal=0;battery_pct=85;charging=0;music=0;location_on=1"
1789423134269,993479116,hb,"recorder=1;since_fix_ms=283;fixes_this_process=3099;write_failures=0;screen_on=1;doze=0;battery_saver=0;unrestricted=1;bg_restricted=0;standby_bucket=5;thermal=0;battery_pct=85;charging=0;music=0;location_on=1"
1789423139277,993484124,hb,"recorder=1;since_fix_ms=296;fixes_this_process=3104;write_failures=0;screen_on=1;doze=0;battery_saver=0;unrestricted=1;bg_restricted=0;standby_bucket=5;thermal=0;battery_pct=85;charging=0;music=0;location_on=1"
1789423144283,993489130,hb,"recorder=1;since_fix_ms=291;fixes_this_process=3109;write_failures=0;screen_on=1;doze=0;battery_saver=0;unrestricted=1;bg_restricted=0;standby_bucket=5;thermal=0;battery_pct=85;charging=0;music=0;location_on=1"
1789423149292,993494138,hb,"recorder=1;since_fix_ms=308;fixes_this_process=3114;write_failures=0;screen_on=1;doze=0;battery_saver=0;unrestricted=1;bg_restricted=0;standby_bucket=5;thermal=0;battery_pct=85;charging=0;music=0;location_on=1"
1789423154299,993499145,hb,"recorder=1;since_fix_ms=299;fixes_this_process=3119;write_failures=0;screen_on=1;doze=0;battery_saver=0;unrestricted=1;bg_restricted=0;standby_bucket=5;thermal=0;battery_pct=85;charging=0;music=0;location_on=1"
1789423159309,993504155,hb,"recorder=1;since_fix_ms=317;fixes_this_process=3124;write_failures=0;screen_on=1;doze=0;battery_saver=0;unrestricted=1;bg_restricted=0;standby_bucket=5;thermal=0;battery_pct=85;charging=0;music=0;location_on=1"
1789423164316,993509163,hb,"recorder=1;since_fix_ms=318;fixes_this_process=3129;write_failures=0;screen_on=1;doze=0;battery_saver=0;unrestricted=1;bg_restricted=0;standby_bucket=5;thermal=0;battery_pct=85;charging=0;music=0;location_on=1"
1789423169323,993514169,hb,"recorder=1;since_fix_ms=316;fixes_this_process=3134;write_failures=0;screen_on=1;doze=0;battery_saver=0;unrestricted=1;bg_restricted=0;standby_bucket=5;thermal=0;battery_pct=85;charging=0;music=0;location_on=1"
1789423174336,993519183,hb,"recorder=1;since_fix_ms=341;fixes_this_process=3139;write_failures=0;screen_on=1;doze=0;battery_saver=0;unrestricted=1;bg_restricted=0;standby_bucket=5;thermal=0;battery_pct=85;charging=0;music=0;location_on=1"
1789423179346,993524192,hb,"recorder=1;since_fix_ms=347;fixes_this_process=3144;write_failures=0;screen_on=1;doze=0;battery_saver=0;unrestricted=1;bg_restricted=0;standby_bucket=5;thermal=0;battery_pct=85;charging=0;music=0;location_on=1"
1789423184355,993529201,hb,"recorder=1;since_fix_ms=362;fixes_this_process=3149;write_failures=0;screen_on=1;doze=0;battery_saver=0;unrestricted=1;bg_restricted=0;standby_bucket=5;thermal=0;battery_pct=85;charging=0;music=0;location_on=1"
1789423189368,993534215,hb,"recorder=1;since_fix_ms=378;fixes_this_process=3154;write_failures=0;screen_on=1;doze=0;battery_saver=0;unrestricted=1;bg_restricted=0;standby_bucket=5;thermal=0;battery_pct=85;charging=0;music=0;location_on=1"
1789423194377,993539223,hb,"recorder=1;since_fix_ms=397;fixes_this_process=3159;write_failures=0;screen_on=1;doze=0;battery_saver=0;unrestricted=1;bg_restricted=0;standby_bucket=5;thermal=0;battery_pct=85;charging=0;music=0;location_on=1"
1789423199382,993544228,hb,"recorder=1;since_fix_ms=393;fixes_this_process=3164;write_failures=0;screen_on=1;doze=0;battery_saver=0;unrestricted=1;bg_restricted=0;standby_bucket=5;thermal=0;battery_pct=85;charging=0;music=0;location_on=1"
1789423204394,993549241,hb,"recorder=1;since_fix_ms=410;fixes_this_process=3169;write_failures=0;screen_on=1;doze=0;battery_saver=0;unrestricted=1;bg_restricted=0;standby_bucket=5;thermal=0;battery_pct=85;charging=0;music=0;location_on=1"
1789423209399,993554245,hb,"recorder=1;since_fix_ms=419;fixes_this_process=3174;write_failures=0;screen_on=1;doze=0;battery_saver=0;unrestricted=1;bg_restricted=0;standby_bucket=5;thermal=0;battery_pct=85;charging=0;music=0;location_on=1"
1789423214408,993559254,hb,"recorder=1;since_fix_ms=416;fixes_this_process=3179;write_failures=0;screen_on=1;doze=0;battery_saver=0;unrestricted=1;bg_restricted=0;standby_bucket=5;thermal=0;battery_pct=85;charging=0;music=0;location_on=1"
1789423219421,993564268,hb,"recorder=1;since_fix_ms=417;fixes_this_process=3184;write_failures=0;screen_on=1;doze=0;battery_saver=0;unrestricted=1;bg_restricted=0;standby_bucket=5;thermal=0;battery_pct=85;charging=0;music=0;location_on=1"
1789423224429,993569275,hb,"recorder=1;since_fix_ms=450;fixes_this_process=3189;write_failures=0;screen_on=1;doze=0;battery_saver=0;unrestricted=1;bg_restricted=0;standby_bucket=5;thermal=0;battery_pct=85;charging=0;music=0;location_on=1"
1789423229435,993574281,hb,"recorder=1;since_fix_ms=439;fixes_this_process=3194;write_failures=0;screen_on=1;doze=0;battery_saver=0;unrestricted=1;bg_restricted=0;standby_bucket=5;thermal=0;battery_pct=85;charging=0;music=0;location_on=1"
1789423234449,993579296,hb,"recorder=1;since_fix_ms=446;fixes_this_process=3199;write_failures=0;screen_on=1;doze=0;battery_saver=0;unrestricted=1;bg_restricted=0;standby_bucket=5;thermal=0;battery_pct=85;charging=0;music=0;location_on=1"
1789423239458,993584305,hb,"recorder=1;since_fix_ms=463;fixes_this_process=3204;write_failures=0;screen_on=1;doze=0;battery_saver=0;unrestricted=1;bg_restricted=0;standby_bucket=5;thermal=0;battery_pct=85;charging=0;music=0;location_on=1"
1789423244466,993589313,hb,"recorder=1;since_fix_ms=477;fixes_this_process=3209;write_failures=0;screen_on=1;doze=0;battery_saver=0;unrestricted=1;bg_restricted=0;standby_bucket=5;thermal=0;battery_pct=85;charging=0;music=0;location_on=1"
1789423249476,993594322,hb,"recorder=1;since_fix_ms=479;fixes_this_process=3214;write_failures=0;screen_on=1;doze=0;battery_saver=0;unrestricted=1;bg_restricted=0;standby_bucket=5;thermal=0;battery_pct=85;charging=0;music=0;location_on=1"
1789423254485,993599331,hb,"recorder=1;since_fix_ms=494;fixes_this_process=3219;write_failures=0;screen_on=1;doze=0;battery_saver=0;unrestricted=1;bg_restricted=0;standby_bucket=5;thermal=0;battery_pct=85;charging=0;music=0;location_on=1"
1789423259492,993604339,hb,"recorder=1;since_fix_ms=603;fixes_this_process=3224;write_failures=0;screen_on=1;doze=0;battery_saver=0;unrestricted=1;bg_restricted=0;standby_bucket=5;thermal=0;battery_pct=85;charging=0;music=0;location_on=1"
1789423264500,993609346,hb,"recorder=1;since_fix_ms=515;fixes_this_process=3229;write_failures=0;screen_on=1;doze=0;battery_saver=0;unrestricted=1;bg_restricted=0;standby_bucket=5;thermal=0;battery_pct=85;charging=0;music=0;location_on=1"
1789423269505,993614351,hb,"recorder=1;since_fix_ms=523;fixes_this_process=3234;write_failures=0;screen_on=1;doze=0;battery_saver=0;unrestricted=1;bg_restricted=0;standby_bucket=5;thermal=0;battery_pct=85;charging=0;music=0;location_on=1"
1789423274512,993619359,hb,"recorder=1;since_fix_ms=530;fixes_this_process=3239;write_failures=0;screen_on=1;doze=0;battery_saver=0;unrestricted=1;bg_restricted=0;standby_bucket=5;thermal=0;battery_pct=85;charging=0;music=0;location_on=1"
1789423279522,993624368,hb,"recorder=1;since_fix_ms=538;fixes_this_process=3244;write_failures=0;screen_on=1;doze=0;battery_saver=0;unrestricted=1;bg_restricted=0;standby_bucket=5;thermal=0;battery_pct=85;charging=0;music=0;location_on=1"
1789423284531,993629378,hb,"recorder=1;since_fix_ms=620;fixes_this_process=3249;write_failures=0;screen_on=1;doze=0;battery_saver=0;unrestricted=1;bg_restricted=0;standby_bucket=5;thermal=0;battery_pct=84;charging=0;music=0;location_on=1"
1789423289535,993634382,hb,"recorder=1;since_fix_ms=631;fixes_this_process=3254;write_failures=0;screen_on=1;doze=0;battery_saver=0;unrestricted=1;bg_restricted=0;standby_bucket=5;thermal=0;battery_pct=84;charging=0;music=0;location_on=1"
1789423294545,993639391,hb,"recorder=1;since_fix_ms=556;fixes_this_process=3259;write_failures=0;screen_on=1;doze=0;battery_saver=0;unrestricted=1;bg_restricted=0;standby_bucket=5;thermal=0;battery_pct=84;charging=0;music=0;location_on=1"
1789423299554,993644400,hb,"recorder=1;since_fix_ms=802;fixes_this_process=3264;write_failures=0;screen_on=1;doze=0;battery_saver=0;unrestricted=1;bg_restricted=0;standby_bucket=5;thermal=0;battery_pct=84;charging=0;music=0;location_on=1"
1789423304562,993649409,hb,"recorder=1;since_fix_ms=570;fixes_this_process=3269;write_failures=0;screen_on=1;doze=0;battery_saver=0;unrestricted=1;bg_restricted=0;standby_bucket=5;thermal=0;battery_pct=84;charging=0;music=0;location_on=1"
1789423309574,993654420,hb,"recorder=1;since_fix_ms=582;fixes_this_process=3274;write_failures=0;screen_on=1;doze=0;battery_saver=0;unrestricted=1;bg_restricted=0;standby_bucket=5;thermal=0;battery_pct=84;charging=0;music=0;location_on=1"
1789423314579,993659425,hb,"recorder=1;since_fix_ms=586;fixes_this_process=3279;write_failures=0;screen_on=1;doze=0;battery_saver=0;unrestricted=1;bg_restricted=0;standby_bucket=5;thermal=0;battery_pct=84;charging=0;music=0;location_on=1"
1789423319587,993664434,hb,"recorder=1;since_fix_ms=593;fixes_this_process=3284;write_failures=0;screen_on=1;doze=0;battery_saver=0;unrestricted=1;bg_restricted=0;standby_bucket=5;thermal=0;battery_pct=84;charging=0;music=0;location_on=1"
1789423324598,993669445,hb,"recorder=1;since_fix_ms=650;fixes_this_process=3289;write_failures=0;screen_on=1;doze=0;battery_saver=0;unrestricted=1;bg_restricted=0;standby_bucket=5;thermal=0;battery_pct=84;charging=0;music=0;location_on=1"
1789423329607,993674453,hb,"recorder=1;since_fix_ms=620;fixes_this_process=3294;write_failures=0;screen_on=1;doze=0;battery_saver=0;unrestricted=1;bg_restricted=0;standby_bucket=5;thermal=0;battery_pct=84;charging=0;music=0;location_on=1"
1789423334616,993679462,hb,"recorder=1;since_fix_ms=623;fixes_this_process=3299;write_failures=0;screen_on=1;doze=0;battery_saver=0;unrestricted=1;bg_restricted=0;standby_bucket=5;thermal=0;battery_pct=84;charging=0;music=0;location_on=1"
1789423339625,993684471,hb,"recorder=1;since_fix_ms=643;fixes_this_process=3304;write_failures=0;screen_on=1;doze=0;battery_saver=0;unrestricted=1;bg_restricted=0;standby_bucket=5;thermal=0;battery_pct=84;charging=0;music=0;location_on=1"
1789423344628,993689475,hb,"recorder=1;since_fix_ms=650;fixes_this_process=3309;write_failures=0;screen_on=1;doze=0;battery_saver=0;unrestricted=1;bg_restricted=0;standby_bucket=5;thermal=0;battery_pct=84;charging=0;music=0;location_on=1"
1789423349633,993694479,hb,"recorder=1;since_fix_ms=648;fixes_this_process=3314;write_failures=0;screen_on=1;doze=0;battery_saver=0;unrestricted=1;bg_restricted=0;standby_bucket=5;thermal=0;battery_pct=84;charging=0;music=0;location_on=1"
1789423354647,993699493,hb,"recorder=1;since_fix_ms=663;fixes_this_process=3319;write_failures=0;screen_on=1;doze=0;battery_saver=0;unrestricted=1;bg_restricted=0;standby_bucket=5;thermal=0;battery_pct=84;charging=0;music=0;location_on=1"
1789423359655,993704501,hb,"recorder=1;since_fix_ms=666;fixes_this_process=3324;write_failures=0;screen_on=1;doze=0;battery_saver=0;unrestricted=1;bg_restricted=0;standby_bucket=5;thermal=0;battery_pct=84;charging=0;music=0;location_on=1"
1789423364664,993709510,hb,"recorder=1;since_fix_ms=675;fixes_this_process=3329;write_failures=0;screen_on=1;doze=0;battery_saver=0;unrestricted=1;bg_restricted=0;standby_bucket=5;thermal=0;battery_pct=84;charging=0;music=0;location_on=1"
1789423369675,993714522,hb,"recorder=1;since_fix_ms=690;fixes_this_process=3334;write_failures=0;screen_on=1;doze=0;battery_saver=0;unrestricted=1;bg_restricted=0;standby_bucket=5;thermal=0;battery_pct=84;charging=0;music=0;location_on=1"
1789423374684,993719531,hb,"recorder=1;since_fix_ms=700;fixes_this_process=3339;write_failures=0;screen_on=1;doze=0;battery_saver=0;unrestricted=1;bg_restricted=0;standby_bucket=5;thermal=0;battery_pct=84;charging=0;music=0;location_on=1"
1789423379688,993724535,hb,"recorder=1;since_fix_ms=704;fixes_this_process=3344;write_failures=0;screen_on=1;doze=0;battery_saver=0;unrestricted=1;bg_restricted=0;standby_bucket=5;thermal=0;battery_pct=84;charging=0;music=0;location_on=1"
1789423384700,993729546,hb,"recorder=1;since_fix_ms=710;fixes_this_process=3349;write_failures=0;screen_on=1;doze=0;battery_saver=0;unrestricted=1;bg_restricted=0;standby_bucket=5;thermal=0;battery_pct=84;charging=0;music=0;location_on=1"
1789423389706,993734552,hb,"recorder=1;since_fix_ms=714;fixes_this_process=3354;write_failures=0;screen_on=1;doze=0;battery_saver=0;unrestricted=1;bg_restricted=0;standby_bucket=5;thermal=0;battery_pct=84;charging=0;music=0;location_on=1"
1789423394710,993739556,hb,"recorder=1;since_fix_ms=725;fixes_this_process=3359;write_failures=0;screen_on=1;doze=0;battery_saver=0;unrestricted=1;bg_restricted=0;standby_bucket=5;thermal=0;battery_pct=84;charging=0;music=0;location_on=1"
1789423399719,993744565,hb,"recorder=1;since_fix_ms=735;fixes_this_process=3364;write_failures=0;screen_on=1;doze=0;battery_saver=0;unrestricted=1;bg_restricted=0;standby_bucket=5;thermal=0;battery_pct=84;charging=0;music=0;location_on=1"
1789423404722,993749568,hb,"recorder=1;since_fix_ms=734;fixes_this_process=3369;write_failures=0;screen_on=1;doze=0;battery_saver=0;unrestricted=1;bg_restricted=0;standby_bucket=5;thermal=0;battery_pct=84;charging=0;music=0;location_on=1"
1789423409731,993754577,hb,"recorder=1;since_fix_ms=746;fixes_this_process=3374;write_failures=0;screen_on=1;doze=0;battery_saver=0;unrestricted=1;bg_restricted=0;standby_bucket=5;thermal=0;battery_pct=84;charging=0;music=0;location_on=1"
1789423414741,993759587,hb,"recorder=1;since_fix_ms=751;fixes_this_process=3379;write_failures=0;screen_on=1;doze=0;battery_saver=0;unrestricted=1;bg_restricted=0;standby_bucket=5;thermal=0;battery_pct=84;charging=0;music=0;location_on=1"
1789423419750,993764596,hb,"recorder=1;since_fix_ms=761;fixes_this_process=3384;write_failures=0;screen_on=1;doze=0;battery_saver=0;unrestricted=1;bg_restricted=0;standby_bucket=5;thermal=0;battery_pct=84;charging=0;music=0;location_on=1"
1789423424759,993769605,hb,"recorder=1;since_fix_ms=774;fixes_this_process=3389;write_failures=0;screen_on=1;doze=0;battery_saver=0;unrestricted=1;bg_restricted=0;standby_bucket=5;thermal=0;battery_pct=84;charging=0;music=0;location_on=1"
1789423429768,993774615,hb,"recorder=1;since_fix_ms=782;fixes_this_process=3394;write_failures=0;screen_on=1;doze=0;battery_saver=0;unrestricted=1;bg_restricted=0;standby_bucket=5;thermal=0;battery_pct=84;charging=0;music=0;location_on=1"
1789423434777,993779623,hb,"recorder=1;since_fix_ms=793;fixes_this_process=3399;write_failures=0;screen_on=1;doze=0;battery_saver=0;unrestricted=1;bg_restricted=0;standby_bucket=5;thermal=0;battery_pct=84;charging=0;music=0;location_on=1"
1789423439786,993784632,hb,"recorder=1;since_fix_ms=802;fixes_this_process=3404;write_failures=0;screen_on=1;doze=0;battery_saver=0;unrestricted=1;bg_restricted=0;standby_bucket=5;thermal=0;battery_pct=84;charging=0;music=0;location_on=1"
1789423444799,993789645,hb,"recorder=1;since_fix_ms=808;fixes_this_process=3409;write_failures=0;screen_on=1;doze=0;battery_saver=0;unrestricted=1;bg_restricted=0;standby_bucket=5;thermal=0;battery_pct=84;charging=0;music=0;location_on=1"
1789423449807,993794653,hb,"recorder=1;since_fix_ms=823;fixes_this_process=3414;write_failures=0;screen_on=1;doze=0;battery_saver=0;unrestricted=1;bg_restricted=0;standby_bucket=5;thermal=0;battery_pct=84;charging=0;music=0;location_on=1"
1789423454813,993799659,hb,"recorder=1;since_fix_ms=827;fixes_this_process=3419;write_failures=0;screen_on=1;doze=0;battery_saver=0;unrestricted=1;bg_restricted=0;standby_bucket=5;thermal=0;battery_pct=84;charging=0;music=0;location_on=1"
1789423459825,993804672,hb,"recorder=1;since_fix_ms=838;fixes_this_process=3424;write_failures=0;screen_on=1;doze=0;battery_saver=0;unrestricted=1;bg_restricted=0;standby_bucket=5;thermal=0;battery_pct=84;charging=0;music=0;location_on=1"
1789423464834,993809680,hb,"recorder=1;since_fix_ms=847;fixes_this_process=3429;write_failures=0;screen_on=1;doze=0;battery_saver=0;unrestricted=1;bg_restricted=0;standby_bucket=5;thermal=0;battery_pct=84;charging=0;music=0;location_on=1"
1789423469842,993814688,hb,"recorder=1;since_fix_ms=854;fixes_this_process=3434;write_failures=0;screen_on=1;doze=0;battery_saver=0;unrestricted=1;bg_restricted=0;standby_bucket=5;thermal=0;battery_pct=84;charging=0;music=0;location_on=1"
1789423474853,993819700,hb,"recorder=1;since_fix_ms=866;fixes_this_process=3439;write_failures=0;screen_on=1;doze=0;battery_saver=0;unrestricted=1;bg_restricted=0;standby_bucket=5;thermal=0;battery_pct=84;charging=0;music=0;location_on=1"
1789423479862,993824708,hb,"recorder=1;since_fix_ms=875;fixes_this_process=3444;write_failures=0;screen_on=1;doze=0;battery_saver=0;unrestricted=1;bg_restricted=0;standby_bucket=5;thermal=0;battery_pct=84;charging=0;music=0;location_on=1"
1789423484870,993829716,hb,"recorder=1;since_fix_ms=885;fixes_this_process=3449;write_failures=0;screen_on=1;doze=0;battery_saver=0;unrestricted=1;bg_restricted=0;standby_bucket=5;thermal=0;battery_pct=84;charging=0;music=0;location_on=1"
1789423489882,993834728,hb,"recorder=1;since_fix_ms=899;fixes_this_process=3454;write_failures=0;screen_on=1;doze=0;battery_saver=0;unrestricted=1;bg_restricted=0;standby_bucket=5;thermal=0;battery_pct=84;charging=0;music=0;location_on=1"
1789423494891,993839737,hb,"recorder=1;since_fix_ms=903;fixes_this_process=3459;write_failures=0;screen_on=1;doze=0;battery_saver=0;unrestricted=1;bg_restricted=0;standby_bucket=5;thermal=0;battery_pct=84;charging=0;music=0;location_on=1"
1789423499899,993844745,hb,"recorder=1;since_fix_ms=910;fixes_this_process=3464;write_failures=0;screen_on=1;doze=0;battery_saver=0;unrestricted=1;bg_restricted=0;standby_bucket=5;thermal=0;battery_pct=84;charging=0;music=0;location_on=1"
1789423504911,993849758,hb,"recorder=1;since_fix_ms=912;fixes_this_process=3469;write_failures=0;screen_on=1;doze=0;battery_saver=0;unrestricted=1;bg_restricted=0;standby_bucket=5;thermal=0;battery_pct=84;charging=0;music=0;location_on=1"
1789423509917,993854764,hb,"recorder=1;since_fix_ms=931;fixes_this_process=3474;write_failures=0;screen_on=1;doze=0;battery_saver=0;unrestricted=1;bg_restricted=0;standby_bucket=5;thermal=0;battery_pct=84;charging=0;music=0;location_on=1"
1789423514923,993859770,hb,"recorder=1;since_fix_ms=937;fixes_this_process=3479;write_failures=0;screen_on=1;doze=0;battery_saver=0;unrestricted=1;bg_restricted=0;standby_bucket=5;thermal=0;battery_pct=84;charging=0;music=0;location_on=1"
1789423519935,993864782,hb,"recorder=1;since_fix_ms=943;fixes_this_process=3484;write_failures=0;screen_on=1;doze=0;battery_saver=0;unrestricted=1;bg_restricted=0;standby_bucket=5;thermal=0;battery_pct=84;charging=0;music=0;location_on=1"
1789423524942,993869788,hb,"recorder=1;since_fix_ms=953;fixes_this_process=3489;write_failures=0;screen_on=1;doze=0;battery_saver=0;unrestricted=1;bg_restricted=0;standby_bucket=5;thermal=0;battery_pct=84;charging=0;music=0;location_on=1"
1789423529951,993874798,hb,"recorder=1;since_fix_ms=966;fixes_this_process=3494;write_failures=0;screen_on=1;doze=0;battery_saver=0;unrestricted=1;bg_restricted=0;standby_bucket=5;thermal=0;battery_pct=84;charging=0;music=0;location_on=1"
1789423534965,993879812,hb,"recorder=1;since_fix_ms=979;fixes_this_process=3499;write_failures=0;screen_on=1;doze=0;battery_saver=0;unrestricted=1;bg_restricted=0;standby_bucket=5;thermal=0;battery_pct=84;charging=0;music=0;location_on=1"
1789423539974,993884820,hb,"recorder=1;since_fix_ms=986;fixes_this_process=3504;write_failures=0;screen_on=1;doze=0;battery_saver=0;unrestricted=1;bg_restricted=0;standby_bucket=5;thermal=0;battery_pct=84;charging=0;music=0;location_on=1"
1789423544980,993889826,hb,"recorder=1;since_fix_ms=998;fixes_this_process=3509;write_failures=0;screen_on=1;doze=0;battery_saver=0;unrestricted=1;bg_restricted=0;standby_bucket=5;thermal=0;battery_pct=84;charging=0;music=0;location_on=1"
1789423549985,993894832,hb,"recorder=1;since_fix_ms=1;fixes_this_process=3515;write_failures=0;screen_on=1;doze=0;battery_saver=0;unrestricted=1;bg_restricted=0;standby_bucket=5;thermal=0;battery_pct=84;charging=0;music=0;location_on=1"
1789423554989,993899836,hb,"recorder=1;since_fix_ms=8;fixes_this_process=3520;write_failures=0;screen_on=1;doze=0;battery_saver=0;unrestricted=1;bg_restricted=0;standby_bucket=5;thermal=0;battery_pct=84;charging=0;music=0;location_on=1"
1789423559994,993904840,hb,"recorder=1;since_fix_ms=5;fixes_this_process=3525;write_failures=0;screen_on=1;doze=0;battery_saver=0;unrestricted=1;bg_restricted=0;standby_bucket=5;thermal=0;battery_pct=84;charging=0;music=0;location_on=1"
1789423564997,993909844,hb,"recorder=1;since_fix_ms=9;fixes_this_process=3530;write_failures=0;screen_on=1;doze=0;battery_saver=0;unrestricted=1;bg_restricted=0;standby_bucket=5;thermal=0;battery_pct=84;charging=0;music=0;location_on=1"
1789423570000,993914847,hb,"recorder=1;since_fix_ms=19;fixes_this_process=3535;write_failures=0;screen_on=1;doze=0;battery_saver=0;unrestricted=1;bg_restricted=0;standby_bucket=5;thermal=0;battery_pct=84;charging=0;music=0;location_on=1"
1789423575008,993919855,hb,"recorder=1;since_fix_ms=27;fixes_this_process=3540;write_failures=0;screen_on=1;doze=0;battery_saver=0;unrestricted=1;bg_restricted=0;standby_bucket=5;thermal=0;battery_pct=84;charging=0;music=0;location_on=1"
1789423580018,993924864,hb,"recorder=1;since_fix_ms=29;fixes_this_process=3545;write_failures=0;screen_on=1;doze=0;battery_saver=0;unrestricted=1;bg_restricted=0;standby_bucket=5;thermal=0;battery_pct=84;charging=0;music=0;location_on=1"
1789423585026,993929872,hb,"recorder=1;since_fix_ms=36;fixes_this_process=3550;write_failures=0;screen_on=1;doze=0;battery_saver=0;unrestricted=1;bg_restricted=0;standby_bucket=5;thermal=0;battery_pct=84;charging=0;music=0;location_on=1"
1789423590028,993934875,hb,"recorder=1;since_fix_ms=38;fixes_this_process=3555;write_failures=0;screen_on=1;doze=0;battery_saver=0;unrestricted=1;bg_restricted=0;standby_bucket=5;thermal=0;battery_pct=84;charging=0;music=0;location_on=1"
1789423595037,993939883,hb,"recorder=1;since_fix_ms=36;fixes_this_process=3560;write_failures=0;screen_on=1;doze=0;battery_saver=0;unrestricted=1;bg_restricted=0;standby_bucket=5;thermal=0;battery_pct=84;charging=0;music=0;location_on=1"
1789423600040,993944887,hb,"recorder=1;since_fix_ms=55;fixes_this_process=3565;write_failures=0;screen_on=1;doze=0;battery_saver=0;unrestricted=1;bg_restricted=0;standby_bucket=5;thermal=0;battery_pct=84;charging=0;music=0;location_on=1"
1789423605046,993949893,hb,"recorder=1;since_fix_ms=60;fixes_this_process=3570;write_failures=0;screen_on=1;doze=0;battery_saver=0;unrestricted=1;bg_restricted=0;standby_bucket=5;thermal=0;battery_pct=84;charging=0;music=0;location_on=1"
1789423610055,993954901,hb,"recorder=1;since_fix_ms=65;fixes_this_process=3575;write_failures=0;screen_on=1;doze=0;battery_saver=0;unrestricted=1;bg_restricted=0;standby_bucket=5;thermal=0;battery_pct=84;charging=0;music=0;location_on=1"
1789423615058,993959905,hb,"recorder=1;since_fix_ms=76;fixes_this_process=3580;write_failures=0;screen_on=1;doze=0;battery_saver=0;unrestricted=1;bg_restricted=0;standby_bucket=5;thermal=0;battery_pct=84;charging=0;music=0;location_on=1"
1789423620067,993964913,hb,"recorder=1;since_fix_ms=80;fixes_this_process=3585;write_failures=0;screen_on=1;doze=0;battery_saver=0;unrestricted=1;bg_restricted=0;standby_bucket=5;thermal=0;battery_pct=84;charging=0;music=0;location_on=1"
1789423625080,993969926,hb,"recorder=1;since_fix_ms=96;fixes_this_process=3590;write_failures=0;screen_on=1;doze=0;battery_saver=0;unrestricted=1;bg_restricted=0;standby_bucket=5;thermal=0;battery_pct=84;charging=0;music=0;location_on=1"
1789423630087,993974933,hb,"recorder=1;since_fix_ms=105;fixes_this_process=3595;write_failures=0;screen_on=1;doze=0;battery_saver=0;unrestricted=1;bg_restricted=0;standby_bucket=5;thermal=0;battery_pct=84;charging=0;music=0;location_on=1"
1789423635093,993979939,hb,"recorder=1;since_fix_ms=105;fixes_this_process=3600;write_failures=0;screen_on=1;doze=0;battery_saver=0;unrestricted=1;bg_restricted=0;standby_bucket=5;thermal=0;battery_pct=84;charging=0;music=0;location_on=1"
1789423640106,993984952,hb,"recorder=1;since_fix_ms=115;fixes_this_process=3605;write_failures=0;screen_on=1;doze=0;battery_saver=0;unrestricted=1;bg_restricted=0;standby_bucket=5;thermal=0;battery_pct=84;charging=0;music=0;location_on=1"
1789423645114,993989960,hb,"recorder=1;since_fix_ms=129;fixes_this_process=3610;write_failures=0;screen_on=1;doze=0;battery_saver=0;unrestricted=1;bg_restricted=0;standby_bucket=5;thermal=0;battery_pct=84;charging=0;music=0;location_on=1"
1789423650117,993994963,hb,"recorder=1;since_fix_ms=133;fixes_this_process=3615;write_failures=0;screen_on=1;doze=0;battery_saver=0;unrestricted=1;bg_restricted=0;standby_bucket=5;thermal=0;battery_pct=84;charging=0;music=0;location_on=1"
1789423655129,993999975,hb,"recorder=1;since_fix_ms=143;fixes_this_process=3620;write_failures=0;screen_on=1;doze=0;battery_saver=0;unrestricted=1;bg_restricted=0;standby_bucket=5;thermal=0;battery_pct=84;charging=0;music=0;location_on=1"
1789423660137,994004983,hb,"recorder=1;since_fix_ms=145;fixes_this_process=3625;write_failures=0;screen_on=1;doze=0;battery_saver=0;unrestricted=1;bg_restricted=0;standby_bucket=5;thermal=0;battery_pct=84;charging=0;music=0;location_on=1"
1789423665144,994009991,hb,"recorder=1;since_fix_ms=157;fixes_this_process=3630;write_failures=0;screen_on=1;doze=0;battery_saver=0;unrestricted=1;bg_restricted=0;standby_bucket=5;thermal=0;battery_pct=84;charging=0;music=0;location_on=1"
1789423670154,994015000,hb,"recorder=1;since_fix_ms=167;fixes_this_process=3635;write_failures=0;screen_on=1;doze=0;battery_saver=0;unrestricted=1;bg_restricted=0;standby_bucket=5;thermal=0;battery_pct=84;charging=0;music=0;location_on=1"
1789423675160,994020006,hb,"recorder=1;since_fix_ms=174;fixes_this_process=3640;write_failures=0;screen_on=1;doze=0;battery_saver=0;unrestricted=1;bg_restricted=0;standby_bucket=5;thermal=0;battery_pct=84;charging=0;music=0;location_on=1"
1789423680168,994025015,hb,"recorder=1;since_fix_ms=180;fixes_this_process=3645;write_failures=0;screen_on=1;doze=0;battery_saver=0;unrestricted=1;bg_restricted=0;standby_bucket=5;thermal=0;battery_pct=84;charging=0;music=0;location_on=1"
1789423685176,994030023,hb,"recorder=1;since_fix_ms=187;fixes_this_process=3650;write_failures=0;screen_on=1;doze=0;battery_saver=0;unrestricted=1;bg_restricted=0;standby_bucket=5;thermal=0;battery_pct=84;charging=0;music=0;location_on=1"
1789423690185,994035031,hb,"recorder=1;since_fix_ms=202;fixes_this_process=3655;write_failures=0;screen_on=1;doze=0;battery_saver=0;unrestricted=1;bg_restricted=0;standby_bucket=5;thermal=0;battery_pct=84;charging=0;music=0;location_on=1"
1789423695189,994040035,hb,"recorder=1;since_fix_ms=207;fixes_this_process=3660;write_failures=0;screen_on=1;doze=0;battery_saver=0;unrestricted=1;bg_restricted=0;standby_bucket=5;thermal=0;battery_pct=84;charging=0;music=0;location_on=1"
1789423700197,994045043,hb,"recorder=1;since_fix_ms=215;fixes_this_process=3665;write_failures=0;screen_on=1;doze=0;battery_saver=0;unrestricted=1;bg_restricted=0;standby_bucket=5;thermal=0;battery_pct=84;charging=0;music=0;location_on=1"
1789423705201,994050048,hb,"recorder=1;since_fix_ms=210;fixes_this_process=3670;write_failures=0;screen_on=1;doze=0;battery_saver=0;unrestricted=1;bg_restricted=0;standby_bucket=5;thermal=0;battery_pct=84;charging=0;music=0;location_on=1"
1789423710209,994055055,hb,"recorder=1;since_fix_ms=216;fixes_this_process=3675;write_failures=0;screen_on=1;doze=0;battery_saver=0;unrestricted=1;bg_restricted=0;standby_bucket=5;thermal=0;battery_pct=84;charging=0;music=0;location_on=1"
1789423715220,994060067,hb,"recorder=1;since_fix_ms=237;fixes_this_process=3680;write_failures=0;screen_on=1;doze=0;battery_saver=0;unrestricted=1;bg_restricted=0;standby_bucket=5;thermal=0;battery_pct=84;charging=0;music=0;location_on=1"
1789423720227,994065073,hb,"recorder=1;since_fix_ms=244;fixes_this_process=3685;write_failures=0;screen_on=1;doze=0;battery_saver=0;unrestricted=1;bg_restricted=0;standby_bucket=5;thermal=0;battery_pct=84;charging=0;music=0;location_on=1"
1789423725234,994070081,hb,"recorder=1;since_fix_ms=246;fixes_this_process=3690;write_failures=0;screen_on=1;doze=0;battery_saver=0;unrestricted=1;bg_restricted=0;standby_bucket=5;thermal=0;battery_pct=84;charging=0;music=0;location_on=1"
1789423730246,994075093,hb,"recorder=1;since_fix_ms=249;fixes_this_process=3695;write_failures=0;screen_on=1;doze=0;battery_saver=0;unrestricted=1;bg_restricted=0;standby_bucket=5;thermal=0;battery_pct=84;charging=0;music=0;location_on=1"
1789423735250,994080096,hb,"recorder=1;since_fix_ms=260;fixes_this_process=3700;write_failures=0;screen_on=1;doze=0;battery_saver=0;unrestricted=1;bg_restricted=0;standby_bucket=5;thermal=0;battery_pct=84;charging=0;music=0;location_on=1"
1789423740254,994085101,hb,"recorder=1;since_fix_ms=265;fixes_this_process=3705;write_failures=0;screen_on=1;doze=0;battery_saver=0;unrestricted=1;bg_restricted=0;standby_bucket=5;thermal=0;battery_pct=84;charging=0;music=0;location_on=1"
1789423745265,994090111,hb,"recorder=1;since_fix_ms=288;fixes_this_process=3710;write_failures=0;screen_on=1;doze=0;battery_saver=0;unrestricted=1;bg_restricted=0;standby_bucket=5;thermal=0;battery_pct=84;charging=0;music=0;location_on=1"
1789423750274,994095120,hb,"recorder=1;since_fix_ms=286;fixes_this_process=3715;write_failures=0;screen_on=1;doze=0;battery_saver=0;unrestricted=1;bg_restricted=0;standby_bucket=5;thermal=0;battery_pct=84;charging=0;music=0;location_on=1"
1789423755279,994100126,hb,"recorder=1;since_fix_ms=296;fixes_this_process=3720;write_failures=0;screen_on=1;doze=0;battery_saver=0;unrestricted=1;bg_restricted=0;standby_bucket=5;thermal=0;battery_pct=84;charging=0;music=0;location_on=1"
1789423760285,994105132,hb,"recorder=1;since_fix_ms=300;fixes_this_process=3725;write_failures=0;screen_on=1;doze=0;battery_saver=0;unrestricted=1;bg_restricted=0;standby_bucket=5;thermal=0;battery_pct=84;charging=0;music=0;location_on=1"
1789423765294,994110140,hb,"recorder=1;since_fix_ms=310;fixes_this_process=3730;write_failures=0;screen_on=1;doze=0;battery_saver=0;unrestricted=1;bg_restricted=0;standby_bucket=5;thermal=0;battery_pct=84;charging=0;music=0;location_on=1"
1789423770299,994115145,hb,"recorder=1;since_fix_ms=313;fixes_this_process=3735;write_failures=0;screen_on=1;doze=0;battery_saver=0;unrestricted=1;bg_restricted=0;standby_bucket=5;thermal=0;battery_pct=84;charging=0;music=0;location_on=1"
1789423775312,994120159,hb,"recorder=1;since_fix_ms=331;fixes_this_process=3740;write_failures=0;screen_on=1;doze=0;battery_saver=0;unrestricted=1;bg_restricted=0;standby_bucket=5;thermal=0;battery_pct=84;charging=0;music=0;location_on=1"
1789423780321,994125167,hb,"recorder=1;since_fix_ms=335;fixes_this_process=3745;write_failures=0;screen_on=1;doze=0;battery_saver=0;unrestricted=1;bg_restricted=0;standby_bucket=5;thermal=0;battery_pct=84;charging=0;music=0;location_on=1"
1789423785329,994130176,hb,"recorder=1;since_fix_ms=343;fixes_this_process=3750;write_failures=0;screen_on=1;doze=0;battery_saver=0;unrestricted=1;bg_restricted=0;standby_bucket=5;thermal=0;battery_pct=84;charging=0;music=0;location_on=1"
1789423790343,994135190,hb,"recorder=1;since_fix_ms=354;fixes_this_process=3755;write_failures=0;screen_on=1;doze=0;battery_saver=0;unrestricted=1;bg_restricted=0;standby_bucket=5;thermal=0;battery_pct=84;charging=0;music=0;location_on=1"
1789423795346,994140193,hb,"recorder=1;since_fix_ms=416;fixes_this_process=3760;write_failures=0;screen_on=1;doze=0;battery_saver=0;unrestricted=1;bg_restricted=0;standby_bucket=5;thermal=0;battery_pct=84;charging=0;music=0;location_on=1"
1789423800356,994145203,hb,"recorder=1;since_fix_ms=368;fixes_this_process=3765;write_failures=0;screen_on=1;doze=0;battery_saver=0;unrestricted=1;bg_restricted=0;standby_bucket=5;thermal=0;battery_pct=84;charging=0;music=0;location_on=1"
1789423805370,994150216,hb,"recorder=1;since_fix_ms=383;fixes_this_process=3770;write_failures=0;screen_on=1;doze=0;battery_saver=0;unrestricted=1;bg_restricted=0;standby_bucket=5;thermal=0;battery_pct=84;charging=0;music=0;location_on=1"
1789423810379,994155225,hb,"recorder=1;since_fix_ms=394;fixes_this_process=3775;write_failures=0;screen_on=1;doze=0;battery_saver=0;unrestricted=1;bg_restricted=0;standby_bucket=5;thermal=0;battery_pct=84;charging=0;music=0;location_on=1"
1789423815387,994160233,hb,"recorder=1;since_fix_ms=399;fixes_this_process=3780;write_failures=0;screen_on=1;doze=0;battery_saver=0;unrestricted=1;bg_restricted=0;standby_bucket=5;thermal=0;battery_pct=84;charging=0;music=0;location_on=1"
1789423820400,994165247,hb,"recorder=1;since_fix_ms=405;fixes_this_process=3785;write_failures=0;screen_on=1;doze=0;battery_saver=0;unrestricted=1;bg_restricted=0;standby_bucket=5;thermal=0;battery_pct=84;charging=0;music=0;location_on=1"
1789423825409,994170255,hb,"recorder=1;since_fix_ms=428;fixes_this_process=3790;write_failures=0;screen_on=1;doze=0;battery_saver=0;unrestricted=1;bg_restricted=0;standby_bucket=5;thermal=0;battery_pct=84;charging=0;music=0;location_on=1"
1789423830419,994175265,hb,"recorder=1;since_fix_ms=431;fixes_this_process=3795;write_failures=0;screen_on=1;doze=0;battery_saver=0;unrestricted=1;bg_restricted=0;standby_bucket=5;thermal=0;battery_pct=84;charging=0;music=0;location_on=1"
1789423835430,994180277,hb,"recorder=1;since_fix_ms=436;fixes_this_process=3800;write_failures=0;screen_on=1;doze=0;battery_saver=0;unrestricted=1;bg_restricted=0;standby_bucket=5;thermal=0;battery_pct=84;charging=0;music=0;location_on=1"
1789423840437,994185284,hb,"recorder=1;since_fix_ms=455;fixes_this_process=3805;write_failures=0;screen_on=1;doze=0;battery_saver=0;unrestricted=1;bg_restricted=0;standby_bucket=5;thermal=0;battery_pct=84;charging=0;music=0;location_on=1"
1789423845445,994190291,hb,"recorder=1;since_fix_ms=462;fixes_this_process=3810;write_failures=0;screen_on=1;doze=0;battery_saver=0;unrestricted=1;bg_restricted=0;standby_bucket=5;thermal=0;battery_pct=84;charging=0;music=0;location_on=1"
1789423850458,994195304,hb,"recorder=1;since_fix_ms=471;fixes_this_process=3815;write_failures=0;screen_on=1;doze=0;battery_saver=0;unrestricted=1;bg_restricted=0;standby_bucket=5;thermal=0;battery_pct=84;charging=0;music=0;location_on=1"
1789423855465,994200311,hb,"recorder=1;since_fix_ms=481;fixes_this_process=3820;write_failures=0;screen_on=1;doze=0;battery_saver=0;unrestricted=1;bg_restricted=0;standby_bucket=5;thermal=0;battery_pct=84;charging=0;music=0;location_on=1"
1789423860472,994205318,hb,"recorder=1;since_fix_ms=487;fixes_this_process=3825;write_failures=0;screen_on=1;doze=0;battery_saver=0;unrestricted=1;bg_restricted=0;standby_bucket=5;thermal=0;battery_pct=84;charging=0;music=0;location_on=1"
1789423865484,994210331,hb,"recorder=1;since_fix_ms=501;fixes_this_process=3830;write_failures=0;screen_on=1;doze=0;battery_saver=0;unrestricted=1;bg_restricted=0;standby_bucket=5;thermal=0;battery_pct=84;charging=0;music=0;location_on=1"
1789423870488,994215335,hb,"recorder=1;since_fix_ms=502;fixes_this_process=3835;write_failures=0;screen_on=1;doze=0;battery_saver=0;unrestricted=1;bg_restricted=0;standby_bucket=5;thermal=0;battery_pct=84;charging=0;music=0;location_on=1"
1789423875492,994220338,hb,"recorder=1;since_fix_ms=581;fixes_this_process=3840;write_failures=0;screen_on=1;doze=0;battery_saver=0;unrestricted=1;bg_restricted=0;standby_bucket=5;thermal=0;battery_pct=84;charging=0;music=0;location_on=1"
1789423880505,994225351,hb,"recorder=1;since_fix_ms=522;fixes_this_process=3845;write_failures=0;screen_on=1;doze=0;battery_saver=0;unrestricted=1;bg_restricted=0;standby_bucket=5;thermal=0;battery_pct=84;charging=0;music=0;location_on=1"
1789423885513,994230360,hb,"recorder=1;since_fix_ms=526;fixes_this_process=3850;write_failures=0;screen_on=1;doze=0;battery_saver=0;unrestricted=1;bg_restricted=0;standby_bucket=5;thermal=0;battery_pct=84;charging=0;music=0;location_on=1"
1789423890521,994235368,hb,"recorder=1;since_fix_ms=529;fixes_this_process=3855;write_failures=0;screen_on=1;doze=0;battery_saver=0;unrestricted=1;bg_restricted=0;standby_bucket=5;thermal=0;battery_pct=84;charging=0;music=0;location_on=1"
1789423895533,994240380,hb,"recorder=1;since_fix_ms=617;fixes_this_process=3860;write_failures=0;screen_on=1;doze=0;battery_saver=0;unrestricted=1;bg_restricted=0;standby_bucket=5;thermal=0;battery_pct=84;charging=0;music=0;location_on=1"
1789423900542,994245389,hb,"recorder=1;since_fix_ms=556;fixes_this_process=3865;write_failures=0;screen_on=1;doze=0;battery_saver=0;unrestricted=1;bg_restricted=0;standby_bucket=5;thermal=0;battery_pct=84;charging=0;music=0;location_on=1"
1789423905551,994250398,hb,"recorder=1;since_fix_ms=703;fixes_this_process=3870;write_failures=0;screen_on=1;doze=0;battery_saver=0;unrestricted=1;bg_restricted=0;standby_bucket=5;thermal=0;battery_pct=84;charging=0;music=0;location_on=1"
1789423910561,994255407,hb,"recorder=1;since_fix_ms=576;fixes_this_process=3875;write_failures=0;screen_on=1;doze=0;battery_saver=0;unrestricted=1;bg_restricted=0;standby_bucket=5;thermal=0;battery_pct=84;charging=0;music=0;location_on=1"
1789423915569,994260415,hb,"recorder=1;since_fix_ms=656;fixes_this_process=3880;write_failures=0;screen_on=1;doze=0;battery_saver=0;unrestricted=1;bg_restricted=0;standby_bucket=5;thermal=0;battery_pct=84;charging=0;music=0;location_on=1"
1789423920574,994265420,hb,"recorder=1;since_fix_ms=591;fixes_this_process=3885;write_failures=0;screen_on=1;doze=0;battery_saver=0;unrestricted=1;bg_restricted=0;standby_bucket=5;thermal=0;battery_pct=84;charging=0;music=0;location_on=1"
1789423925587,994270434,hb,"recorder=1;since_fix_ms=597;fixes_this_process=3890;write_failures=0;screen_on=1;doze=0;battery_saver=0;unrestricted=1;bg_restricted=0;standby_bucket=5;thermal=0;battery_pct=84;charging=0;music=0;location_on=1"
1789423930595,994275441,hb,"recorder=1;since_fix_ms=611;fixes_this_process=3895;write_failures=0;screen_on=1;doze=0;battery_saver=0;unrestricted=1;bg_restricted=0;standby_bucket=5;thermal=0;battery_pct=83;charging=0;music=0;location_on=1"
1789423935599,994280445,hb,"recorder=1;since_fix_ms=615;fixes_this_process=3900;write_failures=0;screen_on=1;doze=0;battery_saver=0;unrestricted=1;bg_restricted=0;standby_bucket=5;thermal=0;battery_pct=83;charging=0;music=0;location_on=1"
1789423940612,994285458,hb,"recorder=1;since_fix_ms=627;fixes_this_process=3905;write_failures=0;screen_on=1;doze=0;battery_saver=0;unrestricted=1;bg_restricted=0;standby_bucket=5;thermal=0;battery_pct=83;charging=0;music=0;location_on=1"
1789423945620,994290467,hb,"recorder=1;since_fix_ms=628;fixes_this_process=3910;write_failures=0;screen_on=1;doze=0;battery_saver=0;unrestricted=1;bg_restricted=0;standby_bucket=5;thermal=0;battery_pct=83;charging=0;music=0;location_on=1"
1789423950627,994295473,hb,"recorder=1;since_fix_ms=644;fixes_this_process=3915;write_failures=0;screen_on=1;doze=0;battery_saver=0;unrestricted=1;bg_restricted=0;standby_bucket=5;thermal=0;battery_pct=83;charging=0;music=0;location_on=1"
1789423955637,994300484,hb,"recorder=1;since_fix_ms=641;fixes_this_process=3920;write_failures=0;screen_on=1;doze=0;battery_saver=0;unrestricted=1;bg_restricted=0;standby_bucket=5;thermal=0;battery_pct=83;charging=0;music=0;location_on=1"
1789423960644,994305490,hb,"recorder=1;since_fix_ms=670;fixes_this_process=3925;write_failures=0;screen_on=1;doze=0;battery_saver=0;unrestricted=1;bg_restricted=0;standby_bucket=5;thermal=0;battery_pct=83;charging=0;music=0;location_on=1"
1789423965652,994310499,hb,"recorder=1;since_fix_ms=667;fixes_this_process=3930;write_failures=0;screen_on=1;doze=0;battery_saver=0;unrestricted=1;bg_restricted=0;standby_bucket=5;thermal=0;battery_pct=83;charging=0;music=0;location_on=1"
1789423970665,994315512,hb,"recorder=1;since_fix_ms=678;fixes_this_process=3935;write_failures=0;screen_on=1;doze=0;battery_saver=0;unrestricted=1;bg_restricted=0;standby_bucket=5;thermal=0;battery_pct=83;charging=0;music=0;location_on=1"
1789423975669,994320516,hb,"recorder=1;since_fix_ms=685;fixes_this_process=3940;write_failures=0;screen_on=1;doze=0;battery_saver=0;unrestricted=1;bg_restricted=0;standby_bucket=5;thermal=0;battery_pct=83;charging=0;music=0;location_on=1"
1789423980679,994325525,hb,"recorder=1;since_fix_ms=693;fixes_this_process=3945;write_failures=0;screen_on=1;doze=0;battery_saver=0;unrestricted=1;bg_restricted=0;standby_bucket=5;thermal=0;battery_pct=83;charging=0;music=0;location_on=1"
1789423985693,994330539,hb,"recorder=1;since_fix_ms=707;fixes_this_process=3950;write_failures=0;screen_on=1;doze=0;battery_saver=0;unrestricted=1;bg_restricted=0;standby_bucket=5;thermal=0;battery_pct=83;charging=0;music=0;location_on=1"
1789423990697,994335543,hb,"recorder=1;since_fix_ms=712;fixes_this_process=3955;write_failures=0;screen_on=1;doze=0;battery_saver=0;unrestricted=1;bg_restricted=0;standby_bucket=5;thermal=0;battery_pct=83;charging=0;music=0;location_on=1"
1789423995705,994340552,hb,"recorder=1;since_fix_ms=709;fixes_this_process=3960;write_failures=0;screen_on=1;doze=0;battery_saver=0;unrestricted=1;bg_restricted=0;standby_bucket=5;thermal=0;battery_pct=83;charging=0;music=0;location_on=1"
1789424000714,994345560,hb,"recorder=1;since_fix_ms=727;fixes_this_process=3965;write_failures=0;screen_on=1;doze=0;battery_saver=0;unrestricted=1;bg_restricted=0;standby_bucket=5;thermal=0;battery_pct=83;charging=0;music=0;location_on=1"
1789424005722,994350568,hb,"recorder=1;since_fix_ms=768;fixes_this_process=3970;write_failures=0;screen_on=1;doze=0;battery_saver=0;unrestricted=1;bg_restricted=0;standby_bucket=5;thermal=0;battery_pct=83;charging=0;music=0;location_on=1"
1789424010730,994355577,hb,"recorder=1;since_fix_ms=743;fixes_this_process=3975;write_failures=0;screen_on=1;doze=0;battery_saver=0;unrestricted=1;bg_restricted=0;standby_bucket=5;thermal=0;battery_pct=83;charging=0;music=0;location_on=1"
1789424015740,994360587,hb,"recorder=1;since_fix_ms=748;fixes_this_process=3980;write_failures=0;screen_on=1;doze=0;battery_saver=0;unrestricted=1;bg_restricted=0;standby_bucket=5;thermal=0;battery_pct=83;charging=0;music=0;location_on=1"
1789424020749,994365596,hb,"recorder=1;since_fix_ms=753;fixes_this_process=3985;write_failures=0;screen_on=1;doze=0;battery_saver=0;unrestricted=1;bg_restricted=0;standby_bucket=5;thermal=0;battery_pct=83;charging=0;music=0;location_on=1"
1789424025757,994370604,hb,"recorder=1;since_fix_ms=776;fixes_this_process=3990;write_failures=0;screen_on=1;doze=0;battery_saver=0;unrestricted=1;bg_restricted=0;standby_bucket=5;thermal=0;battery_pct=83;charging=0;music=0;location_on=1"
1789424030767,994375614,hb,"recorder=1;since_fix_ms=782;fixes_this_process=3995;write_failures=0;screen_on=1;doze=0;battery_saver=0;unrestricted=1;bg_restricted=0;standby_bucket=5;thermal=0;battery_pct=83;charging=0;music=0;location_on=1"
1789424035774,994380621,hb,"recorder=1;since_fix_ms=791;fixes_this_process=4000;write_failures=0;screen_on=1;doze=0;battery_saver=0;unrestricted=1;bg_restricted=0;standby_bucket=5;thermal=0;battery_pct=83;charging=0;music=0;location_on=1"
1789424040782,994385629,hb,"recorder=1;since_fix_ms=796;fixes_this_process=4005;write_failures=0;screen_on=1;doze=0;battery_saver=0;unrestricted=1;bg_restricted=0;standby_bucket=5;thermal=0;battery_pct=83;charging=0;music=0;location_on=1"
1789424045796,994390642,hb,"recorder=1;since_fix_ms=810;fixes_this_process=4010;write_failures=0;screen_on=1;doze=0;battery_saver=0;unrestricted=1;bg_restricted=0;standby_bucket=5;thermal=0;battery_pct=83;charging=0;music=0;location_on=1"
1789424050799,994395646,hb,"recorder=1;since_fix_ms=815;fixes_this_process=4015;write_failures=0;screen_on=1;doze=0;battery_saver=0;unrestricted=1;bg_restricted=0;standby_bucket=5;thermal=0;battery_pct=83;charging=0;music=0;location_on=1"
1789424055805,994400652,hb,"recorder=1;since_fix_ms=822;fixes_this_process=4020;write_failures=0;screen_on=1;doze=0;battery_saver=0;unrestricted=1;bg_restricted=0;standby_bucket=5;thermal=0;battery_pct=83;charging=0;music=0;location_on=1"
1789424060817,994405664,hb,"recorder=1;since_fix_ms=833;fixes_this_process=4025;write_failures=0;screen_on=1;doze=0;battery_saver=0;unrestricted=1;bg_restricted=0;standby_bucket=5;thermal=0;battery_pct=83;charging=0;music=0;location_on=1"
1789424065825,994410671,hb,"recorder=1;since_fix_ms=842;fixes_this_process=4030;write_failures=0;screen_on=1;doze=0;battery_saver=0;unrestricted=1;bg_restricted=0;standby_bucket=5;thermal=0;battery_pct=83;charging=0;music=0;location_on=1"
1789424070832,994415678,hb,"recorder=1;since_fix_ms=845;fixes_this_process=4035;write_failures=0;screen_on=1;doze=0;battery_saver=0;unrestricted=1;bg_restricted=0;standby_bucket=5;thermal=0;battery_pct=83;charging=0;music=0;location_on=1"
1789424075841,994420688,hb,"recorder=1;since_fix_ms=856;fixes_this_process=4040;write_failures=0;screen_on=1;doze=0;battery_saver=0;unrestricted=1;bg_restricted=0;standby_bucket=5;thermal=0;battery_pct=83;charging=0;music=0;location_on=1"
1789424080849,994425696,hb,"recorder=1;since_fix_ms=865;fixes_this_process=4045;write_failures=0;screen_on=1;doze=0;battery_saver=0;unrestricted=1;bg_restricted=0;standby_bucket=5;thermal=0;battery_pct=83;charging=0;music=0;location_on=1"
1789424085857,994430703,hb,"recorder=1;since_fix_ms=871;fixes_this_process=4050;write_failures=0;screen_on=1;doze=0;battery_saver=0;unrestricted=1;bg_restricted=0;standby_bucket=5;thermal=0;battery_pct=83;charging=0;music=0;location_on=1"
1789424090866,994435713,hb,"recorder=1;since_fix_ms=884;fixes_this_process=4055;write_failures=0;screen_on=1;doze=0;battery_saver=0;unrestricted=1;bg_restricted=0;standby_bucket=5;thermal=0;battery_pct=83;charging=0;music=0;location_on=1"
1789424095874,994440720,hb,"recorder=1;since_fix_ms=889;fixes_this_process=4060;write_failures=0;screen_on=1;doze=0;battery_saver=0;unrestricted=1;bg_restricted=0;standby_bucket=5;thermal=0;battery_pct=83;charging=0;music=0;location_on=1"
1789424100882,994445729,hb,"recorder=1;since_fix_ms=897;fixes_this_process=4065;write_failures=0;screen_on=1;doze=0;battery_saver=0;unrestricted=1;bg_restricted=0;standby_bucket=5;thermal=0;battery_pct=83;charging=0;music=0;location_on=1"
1789424105890,994450737,hb,"recorder=1;since_fix_ms=907;fixes_this_process=4070;write_failures=0;screen_on=1;doze=0;battery_saver=0;unrestricted=1;bg_restricted=0;standby_bucket=5;thermal=0;battery_pct=83;charging=0;music=0;location_on=1"
1789424110898,994455745,hb,"recorder=1;since_fix_ms=915;fixes_this_process=4075;write_failures=0;screen_on=1;doze=0;battery_saver=0;unrestricted=1;bg_restricted=0;standby_bucket=5;thermal=0;battery_pct=83;charging=0;music=0;location_on=1"
1789424115905,994460752,hb,"recorder=1;since_fix_ms=923;fixes_this_process=4080;write_failures=0;screen_on=1;doze=0;battery_saver=0;unrestricted=1;bg_restricted=0;standby_bucket=5;thermal=0;battery_pct=83;charging=0;music=0;location_on=1"
1789424120914,994465760,hb,"recorder=1;since_fix_ms=931;fixes_this_process=4085;write_failures=0;screen_on=1;doze=0;battery_saver=0;unrestricted=1;bg_restricted=0;standby_bucket=5;thermal=0;battery_pct=83;charging=0;music=0;location_on=1"
1789424125921,994470767,hb,"recorder=1;since_fix_ms=940;fixes_this_process=4090;write_failures=0;screen_on=1;doze=0;battery_saver=0;unrestricted=1;bg_restricted=0;standby_bucket=5;thermal=0;battery_pct=83;charging=0;music=0;location_on=1"
1789424130925,994475772,hb,"recorder=1;since_fix_ms=941;fixes_this_process=4095;write_failures=0;screen_on=1;doze=0;battery_saver=0;unrestricted=1;bg_restricted=0;standby_bucket=5;thermal=0;battery_pct=83;charging=0;music=0;location_on=1"
1789424135939,994480785,hb,"recorder=1;since_fix_ms=956;fixes_this_process=4100;write_failures=0;screen_on=1;doze=0;battery_saver=0;unrestricted=1;bg_restricted=0;standby_bucket=5;thermal=0;battery_pct=83;charging=0;music=0;location_on=1"
1789424140948,994485795,hb,"recorder=1;since_fix_ms=965;fixes_this_process=4105;write_failures=0;screen_on=1;doze=0;battery_saver=0;unrestricted=1;bg_restricted=0;standby_bucket=5;thermal=0;battery_pct=83;charging=0;music=0;location_on=1"
1789424145957,994490804,hb,"recorder=1;since_fix_ms=971;fixes_this_process=4110;write_failures=0;screen_on=1;doze=0;battery_saver=0;unrestricted=1;bg_restricted=0;standby_bucket=5;thermal=0;battery_pct=83;charging=0;music=0;location_on=1"
1789424150973,994495819,hb,"recorder=1;since_fix_ms=989;fixes_this_process=4115;write_failures=0;screen_on=1;doze=0;battery_saver=0;unrestricted=1;bg_restricted=0;standby_bucket=5;thermal=0;battery_pct=83;charging=0;music=0;location_on=1"
1789424155979,994500826,hb,"recorder=1;since_fix_ms=995;fixes_this_process=4120;write_failures=0;screen_on=1;doze=0;battery_saver=0;unrestricted=1;bg_restricted=0;standby_bucket=5;thermal=0;battery_pct=83;charging=0;music=0;location_on=1"
1789424160986,994505833,hb,"recorder=1;since_fix_ms=1001;fixes_this_process=4125;write_failures=0;screen_on=1;doze=0;battery_saver=0;unrestricted=1;bg_restricted=0;standby_bucket=5;thermal=0;battery_pct=83;charging=0;music=0;location_on=1"
1789424165994,994510840,hb,"recorder=1;since_fix_ms=11;fixes_this_process=4131;write_failures=0;screen_on=1;doze=0;battery_saver=0;unrestricted=1;bg_restricted=0;standby_bucket=5;thermal=0;battery_pct=83;charging=0;music=0;location_on=1"
1789424170998,994515844,hb,"recorder=1;since_fix_ms=11;fixes_this_process=4136;write_failures=0;screen_on=1;doze=0;battery_saver=0;unrestricted=1;bg_restricted=0;standby_bucket=5;thermal=0;battery_pct=83;charging=0;music=0;location_on=1"
1789424176004,994520850,hb,"recorder=1;since_fix_ms=19;fixes_this_process=4141;write_failures=0;screen_on=1;doze=0;battery_saver=0;unrestricted=1;bg_restricted=0;standby_bucket=5;thermal=0;battery_pct=83;charging=0;music=0;location_on=1"
1789424181006,994525853,hb,"recorder=1;since_fix_ms=25;fixes_this_process=4146;write_failures=0;screen_on=1;doze=0;battery_saver=0;unrestricted=1;bg_restricted=0;standby_bucket=5;thermal=0;battery_pct=83;charging=0;music=0;location_on=1"
1789424186013,994530859,hb,"recorder=1;since_fix_ms=27;fixes_this_process=4151;write_failures=0;screen_on=1;doze=0;battery_saver=0;unrestricted=1;bg_restricted=0;standby_bucket=5;thermal=0;battery_pct=83;charging=0;music=0;location_on=1"
1789424191020,994535867,hb,"recorder=1;since_fix_ms=29;fixes_this_process=4156;write_failures=0;screen_on=1;doze=0;battery_saver=0;unrestricted=1;bg_restricted=0;standby_bucket=5;thermal=0;battery_pct=83;charging=0;music=0;location_on=1"
1789424196026,994540872,hb,"recorder=1;since_fix_ms=34;fixes_this_process=4161;write_failures=0;screen_on=1;doze=0;battery_saver=0;unrestricted=1;bg_restricted=0;standby_bucket=5;thermal=0;battery_pct=83;charging=0;music=0;location_on=1"
1789424201033,994545880,hb,"recorder=1;since_fix_ms=48;fixes_this_process=4166;write_failures=0;screen_on=1;doze=0;battery_saver=0;unrestricted=1;bg_restricted=0;standby_bucket=5;thermal=0;battery_pct=83;charging=0;music=0;location_on=1"
1789424206037,994550883,hb,"recorder=1;since_fix_ms=57;fixes_this_process=4171;write_failures=0;screen_on=1;doze=0;battery_saver=0;unrestricted=1;bg_restricted=0;standby_bucket=5;thermal=0;battery_pct=83;charging=0;music=0;location_on=1"
1789424211048,994555894,hb,"recorder=1;since_fix_ms=63;fixes_this_process=4176;write_failures=0;screen_on=1;doze=0;battery_saver=0;unrestricted=1;bg_restricted=0;standby_bucket=5;thermal=0;battery_pct=83;charging=0;music=0;location_on=1"
1789424216056,994560902,hb,"recorder=1;since_fix_ms=73;fixes_this_process=4181;write_failures=0;screen_on=1;doze=0;battery_saver=0;unrestricted=1;bg_restricted=0;standby_bucket=5;thermal=0;battery_pct=83;charging=0;music=0;location_on=1"
1789424221064,994565910,hb,"recorder=1;since_fix_ms=79;fixes_this_process=4186;write_failures=0;screen_on=1;doze=0;battery_saver=0;unrestricted=1;bg_restricted=0;standby_bucket=5;thermal=0;battery_pct=83;charging=0;music=0;location_on=1"
1789424226070,994570917,hb,"recorder=1;since_fix_ms=83;fixes_this_process=4191;write_failures=0;screen_on=1;doze=0;battery_saver=0;unrestricted=1;bg_restricted=0;standby_bucket=5;thermal=0;battery_pct=83;charging=0;music=0;location_on=1"
1789424231079,994575926,hb,"recorder=1;since_fix_ms=90;fixes_this_process=4196;write_failures=0;screen_on=1;doze=0;battery_saver=0;unrestricted=1;bg_restricted=0;standby_bucket=5;thermal=0;battery_pct=83;charging=0;music=0;location_on=1"
1789424236086,994580933,hb,"recorder=1;since_fix_ms=100;fixes_this_process=4201;write_failures=0;screen_on=1;doze=0;battery_saver=0;unrestricted=1;bg_restricted=0;standby_bucket=5;thermal=0;battery_pct=83;charging=0;music=0;location_on=1"
1789424241094,994585940,hb,"recorder=1;since_fix_ms=108;fixes_this_process=4206;write_failures=0;screen_on=1;doze=0;battery_saver=0;unrestricted=1;bg_restricted=0;standby_bucket=5;thermal=0;battery_pct=83;charging=0;music=0;location_on=1"
1789424246102,994590949,hb,"recorder=1;since_fix_ms=115;fixes_this_process=4211;write_failures=0;screen_on=1;doze=0;battery_saver=0;unrestricted=1;bg_restricted=0;standby_bucket=5;thermal=0;battery_pct=83;charging=0;music=0;location_on=1"
1789424251110,994595956,hb,"recorder=1;since_fix_ms=127;fixes_this_process=4216;write_failures=0;screen_on=1;doze=0;battery_saver=0;unrestricted=1;bg_restricted=0;standby_bucket=5;thermal=0;battery_pct=83;charging=0;music=0;location_on=1"
1789424256123,994600969,hb,"recorder=1;since_fix_ms=136;fixes_this_process=4221;write_failures=0;screen_on=1;doze=0;battery_saver=0;unrestricted=1;bg_restricted=0;standby_bucket=5;thermal=0;battery_pct=83;charging=0;music=0;location_on=1"
1789424261129,994605975,hb,"recorder=1;since_fix_ms=143;fixes_this_process=4226;write_failures=0;screen_on=1;doze=0;battery_saver=0;unrestricted=1;bg_restricted=0;standby_bucket=5;thermal=0;battery_pct=83;charging=0;music=0;location_on=1"
1789424266132,994610979,hb,"recorder=1;since_fix_ms=154;fixes_this_process=4231;write_failures=0;screen_on=1;doze=0;battery_saver=0;unrestricted=1;bg_restricted=0;standby_bucket=5;thermal=0;battery_pct=83;charging=0;music=0;location_on=1"
1789424271144,994615990,hb,"recorder=1;since_fix_ms=161;fixes_this_process=4236;write_failures=0;screen_on=1;doze=0;battery_saver=0;unrestricted=1;bg_restricted=0;standby_bucket=5;thermal=0;battery_pct=83;charging=0;music=0;location_on=1"
1789424276148,994620994,hb,"recorder=1;since_fix_ms=166;fixes_this_process=4241;write_failures=0;screen_on=1;doze=0;battery_saver=0;unrestricted=1;bg_restricted=0;standby_bucket=5;thermal=0;battery_pct=83;charging=0;music=0;location_on=1"
1789424281156,994626002,hb,"recorder=1;since_fix_ms=170;fixes_this_process=4246;write_failures=0;screen_on=1;doze=0;battery_saver=0;unrestricted=1;bg_restricted=0;standby_bucket=5;thermal=0;battery_pct=83;charging=0;music=0;location_on=1"
1789424286168,994631015,hb,"recorder=1;since_fix_ms=184;fixes_this_process=4251;write_failures=0;screen_on=1;doze=0;battery_saver=0;unrestricted=1;bg_restricted=0;standby_bucket=5;thermal=0;battery_pct=83;charging=0;music=0;location_on=1"
1789424291173,994636020,hb,"recorder=1;since_fix_ms=189;fixes_this_process=4256;write_failures=0;screen_on=1;doze=0;battery_saver=0;unrestricted=1;bg_restricted=0;standby_bucket=5;thermal=0;battery_pct=83;charging=0;music=0;location_on=1"
1789424296182,994641028,hb,"recorder=1;since_fix_ms=201;fixes_this_process=4261;write_failures=0;screen_on=1;doze=0;battery_saver=0;unrestricted=1;bg_restricted=0;standby_bucket=5;thermal=0;battery_pct=83;charging=0;music=0;location_on=1"
1789424301192,994646038,hb,"recorder=1;since_fix_ms=209;fixes_this_process=4266;write_failures=0;screen_on=1;doze=0;battery_saver=0;unrestricted=1;bg_restricted=0;standby_bucket=5;thermal=0;battery_pct=83;charging=0;music=0;location_on=1"
1789424306195,994651041,hb,"recorder=1;since_fix_ms=212;fixes_this_process=4271;write_failures=0;screen_on=1;doze=0;battery_saver=0;unrestricted=1;bg_restricted=0;standby_bucket=5;thermal=0;battery_pct=83;charging=0;music=0;location_on=1"
1789424311203,994656049,hb,"recorder=1;since_fix_ms=218;fixes_this_process=4276;write_failures=0;screen_on=1;doze=0;battery_saver=0;unrestricted=1;bg_restricted=0;standby_bucket=5;thermal=0;battery_pct=83;charging=0;music=0;location_on=1"
1789424316215,994661061,hb,"recorder=1;since_fix_ms=227;fixes_this_process=4281;write_failures=0;screen_on=1;doze=0;battery_saver=0;unrestricted=1;bg_restricted=0;standby_bucket=5;thermal=0;battery_pct=83;charging=0;music=0;location_on=1"
1789424321219,994666066,hb,"recorder=1;since_fix_ms=234;fixes_this_process=4286;write_failures=0;screen_on=1;doze=0;battery_saver=0;unrestricted=1;bg_restricted=0;standby_bucket=5;thermal=0;battery_pct=83;charging=0;music=0;location_on=1"
1789424326227,994671073,hb,"recorder=1;since_fix_ms=246;fixes_this_process=4291;write_failures=0;screen_on=1;doze=0;battery_saver=0;unrestricted=1;bg_restricted=0;standby_bucket=5;thermal=0;battery_pct=83;charging=0;music=0;location_on=1"
1789424331236,994676083,hb,"recorder=1;since_fix_ms=248;fixes_this_process=4296;write_failures=0;screen_on=1;doze=0;battery_saver=0;unrestricted=1;bg_restricted=0;standby_bucket=5;thermal=0;battery_pct=83;charging=0;music=0;location_on=1"
1789424336244,994681090,hb,"recorder=1;since_fix_ms=260;fixes_this_process=4301;write_failures=0;screen_on=1;doze=0;battery_saver=0;unrestricted=1;bg_restricted=0;standby_bucket=5;thermal=0;battery_pct=83;charging=0;music=0;location_on=1"
1789424341248,994686095,hb,"recorder=1;since_fix_ms=262;fixes_this_process=4306;write_failures=0;screen_on=1;doze=0;battery_saver=0;unrestricted=1;bg_restricted=0;standby_bucket=5;thermal=0;battery_pct=83;charging=0;music=0;location_on=1"
1789424346258,994691104,hb,"recorder=1;since_fix_ms=274;fixes_this_process=4311;write_failures=0;screen_on=1;doze=0;battery_saver=0;unrestricted=1;bg_restricted=0;standby_bucket=5;thermal=0;battery_pct=83;charging=0;music=0;location_on=1"
1789424351265,994696111,hb,"recorder=1;since_fix_ms=274;fixes_this_process=4316;write_failures=0;screen_on=1;doze=0;battery_saver=0;unrestricted=1;bg_restricted=0;standby_bucket=5;thermal=0;battery_pct=83;charging=0;music=0;location_on=1"
1789424356272,994701118,hb,"recorder=1;since_fix_ms=291;fixes_this_process=4321;write_failures=0;screen_on=1;doze=0;battery_saver=0;unrestricted=1;bg_restricted=0;standby_bucket=5;thermal=0;battery_pct=83;charging=0;music=0;location_on=1"
1789424361286,994706132,hb,"recorder=1;since_fix_ms=297;fixes_this_process=4326;write_failures=0;screen_on=1;doze=0;battery_saver=0;unrestricted=1;bg_restricted=0;standby_bucket=5;thermal=0;battery_pct=83;charging=0;music=0;location_on=1"
1789424366293,994711140,hb,"recorder=1;since_fix_ms=310;fixes_this_process=4331;write_failures=0;screen_on=1;doze=0;battery_saver=0;unrestricted=1;bg_restricted=0;standby_bucket=5;thermal=0;battery_pct=83;charging=0;music=0;location_on=1"
1789424371302,994716149,hb,"recorder=1;since_fix_ms=326;fixes_this_process=4336;write_failures=0;screen_on=1;doze=0;battery_saver=0;unrestricted=1;bg_restricted=0;standby_bucket=5;thermal=0;battery_pct=83;charging=0;music=0;location_on=1"
1789424376315,994721161,hb,"recorder=1;since_fix_ms=331;fixes_this_process=4341;write_failures=0;screen_on=1;doze=0;battery_saver=0;unrestricted=1;bg_restricted=0;standby_bucket=5;thermal=0;battery_pct=83;charging=0;music=0;location_on=1"
1789424381323,994726170,hb,"recorder=1;since_fix_ms=339;fixes_this_process=4346;write_failures=0;screen_on=1;doze=0;battery_saver=0;unrestricted=1;bg_restricted=0;standby_bucket=5;thermal=0;battery_pct=83;charging=0;music=0;location_on=1"
1789424386329,994731176,hb,"recorder=1;since_fix_ms=344;fixes_this_process=4351;write_failures=0;screen_on=1;doze=0;battery_saver=0;unrestricted=1;bg_restricted=0;standby_bucket=5;thermal=0;battery_pct=83;charging=0;music=0;location_on=1"
1789424391335,994736181,hb,"recorder=1;since_fix_ms=343;fixes_this_process=4356;write_failures=0;screen_on=1;doze=0;battery_saver=0;unrestricted=1;bg_restricted=0;standby_bucket=5;thermal=0;battery_pct=83;charging=0;music=0;location_on=1"
1789424396343,994741190,hb,"recorder=1;since_fix_ms=362;fixes_this_process=4361;write_failures=0;screen_on=1;doze=0;battery_saver=0;unrestricted=1;bg_restricted=0;standby_bucket=5;thermal=0;battery_pct=83;charging=0;music=0;location_on=1"
1789424401353,994746199,hb,"recorder=1;since_fix_ms=368;fixes_this_process=4366;write_failures=0;screen_on=1;doze=0;battery_saver=0;unrestricted=1;bg_restricted=0;standby_bucket=5;thermal=0;battery_pct=83;charging=0;music=0;location_on=1"
1789424406366,994751213,hb,"recorder=1;since_fix_ms=383;fixes_this_process=4371;write_failures=0;screen_on=1;doze=0;battery_saver=0;unrestricted=1;bg_restricted=0;standby_bucket=5;thermal=0;battery_pct=83;charging=0;music=0;location_on=1"
1789424411375,994756222,hb,"recorder=1;since_fix_ms=393;fixes_this_process=4376;write_failures=0;screen_on=1;doze=0;battery_saver=0;unrestricted=1;bg_restricted=0;standby_bucket=5;thermal=0;battery_pct=83;charging=0;music=0;location_on=1"
1789424416384,994761230,hb,"recorder=1;since_fix_ms=399;fixes_this_process=4381;write_failures=0;screen_on=1;doze=0;battery_saver=0;unrestricted=1;bg_restricted=0;standby_bucket=5;thermal=0;battery_pct=83;charging=0;music=0;location_on=1"
1789424421396,994766243,hb,"recorder=1;since_fix_ms=413;fixes_this_process=4386;write_failures=0;screen_on=1;doze=0;battery_saver=0;unrestricted=1;bg_restricted=0;standby_bucket=5;thermal=0;battery_pct=83;charging=0;music=0;location_on=1"
1789424426405,994771251,hb,"recorder=1;since_fix_ms=420;fixes_this_process=4391;write_failures=0;screen_on=1;doze=0;battery_saver=0;unrestricted=1;bg_restricted=0;standby_bucket=5;thermal=0;battery_pct=83;charging=0;music=0;location_on=1"
1789424431409,994776255,hb,"recorder=1;since_fix_ms=426;fixes_this_process=4396;write_failures=0;screen_on=1;doze=0;battery_saver=0;unrestricted=1;bg_restricted=0;standby_bucket=5;thermal=0;battery_pct=83;charging=0;music=0;location_on=1"
1789424436418,994781264,hb,"recorder=1;since_fix_ms=436;fixes_this_process=4401;write_failures=0;screen_on=1;doze=0;battery_saver=0;unrestricted=1;bg_restricted=0;standby_bucket=5;thermal=0;battery_pct=83;charging=0;music=0;location_on=1"
1789424441427,994786273,hb,"recorder=1;since_fix_ms=443;fixes_this_process=4406;write_failures=0;screen_on=1;doze=0;battery_saver=0;unrestricted=1;bg_restricted=0;standby_bucket=5;thermal=0;battery_pct=83;charging=0;music=0;location_on=1"
1789424446436,994791283,hb,"recorder=1;since_fix_ms=450;fixes_this_process=4411;write_failures=0;screen_on=1;doze=0;battery_saver=0;unrestricted=1;bg_restricted=0;standby_bucket=5;thermal=0;battery_pct=83;charging=0;music=0;location_on=1"
1789424451450,994796296,hb,"recorder=1;since_fix_ms=465;fixes_this_process=4416;write_failures=0;screen_on=1;doze=0;battery_saver=0;unrestricted=1;bg_restricted=0;standby_bucket=5;thermal=0;battery_pct=83;charging=0;music=0;location_on=1"
1789424456454,994801301,hb,"recorder=1;since_fix_ms=469;fixes_this_process=4421;write_failures=0;screen_on=1;doze=0;battery_saver=0;unrestricted=1;bg_restricted=0;standby_bucket=5;thermal=0;battery_pct=83;charging=0;music=0;location_on=1"
1789424461463,994806310,hb,"recorder=1;since_fix_ms=479;fixes_this_process=4426;write_failures=0;screen_on=1;doze=0;battery_saver=0;unrestricted=1;bg_restricted=0;standby_bucket=5;thermal=0;battery_pct=83;charging=0;music=0;location_on=1"
1789424466477,994811324,hb,"recorder=1;since_fix_ms=493;fixes_this_process=4431;write_failures=0;screen_on=1;doze=0;battery_saver=0;unrestricted=1;bg_restricted=0;standby_bucket=5;thermal=0;battery_pct=83;charging=0;music=0;location_on=1"
1789424471486,994816332,hb,"recorder=1;since_fix_ms=500;fixes_this_process=4436;write_failures=0;screen_on=1;doze=0;battery_saver=0;unrestricted=1;bg_restricted=0;standby_bucket=5;thermal=0;battery_pct=83;charging=0;music=0;location_on=1"
1789424476495,994821342,hb,"recorder=1;since_fix_ms=509;fixes_this_process=4441;write_failures=0;screen_on=1;doze=0;battery_saver=0;unrestricted=1;bg_restricted=0;standby_bucket=5;thermal=0;battery_pct=83;charging=0;music=0;location_on=1"
1789424481505,994826352,hb,"recorder=1;since_fix_ms=526;fixes_this_process=4446;write_failures=0;screen_on=1;doze=0;battery_saver=0;unrestricted=1;bg_restricted=0;standby_bucket=5;thermal=0;battery_pct=83;charging=0;music=0;location_on=1"
1789424486512,994831359,hb,"recorder=1;since_fix_ms=527;fixes_this_process=4451;write_failures=0;screen_on=1;doze=0;battery_saver=0;unrestricted=1;bg_restricted=0;standby_bucket=5;thermal=0;battery_pct=83;charging=0;music=0;location_on=1"
1789424491521,994836367,hb,"recorder=1;since_fix_ms=535;fixes_this_process=4456;write_failures=0;screen_on=1;doze=0;battery_saver=0;unrestricted=1;bg_restricted=0;standby_bucket=5;thermal=0;battery_pct=83;charging=0;music=0;location_on=1"
1789424496533,994841380,hb,"recorder=1;since_fix_ms=553;fixes_this_process=4461;write_failures=0;screen_on=1;doze=0;battery_saver=0;unrestricted=1;bg_restricted=0;standby_bucket=5;thermal=0;battery_pct=83;charging=0;music=0;location_on=1"
1789424501542,994846388,hb,"recorder=1;since_fix_ms=560;fixes_this_process=4466;write_failures=0;screen_on=1;doze=0;battery_saver=0;unrestricted=1;bg_restricted=0;standby_bucket=5;thermal=0;battery_pct=83;charging=0;music=0;location_on=1"
1789424506549,994851396,hb,"recorder=1;since_fix_ms=561;fixes_this_process=4471;write_failures=0;screen_on=1;doze=0;battery_saver=0;unrestricted=1;bg_restricted=0;standby_bucket=5;thermal=0;battery_pct=83;charging=0;music=0;location_on=1"
1789424511562,994856408,hb,"recorder=1;since_fix_ms=579;fixes_this_process=4476;write_failures=0;screen_on=1;doze=0;battery_saver=0;unrestricted=1;bg_restricted=0;standby_bucket=5;thermal=0;battery_pct=83;charging=0;music=0;location_on=1"
1789424516570,994861417,hb,"recorder=1;since_fix_ms=581;fixes_this_process=4481;write_failures=0;screen_on=1;doze=0;battery_saver=0;unrestricted=1;bg_restricted=0;standby_bucket=5;thermal=0;battery_pct=83;charging=0;music=0;location_on=1"
1789424521579,994866425,hb,"recorder=1;since_fix_ms=588;fixes_this_process=4486;write_failures=0;screen_on=1;doze=0;battery_saver=0;unrestricted=1;bg_restricted=0;standby_bucket=5;thermal=0;battery_pct=83;charging=0;music=0;location_on=1"
1789424526589,994871436,hb,"recorder=1;since_fix_ms=605;fixes_this_process=4491;write_failures=0;screen_on=1;doze=0;battery_saver=0;unrestricted=1;bg_restricted=0;standby_bucket=5;thermal=0;battery_pct=83;charging=0;music=0;location_on=1"
1789424531598,994876444,hb,"recorder=1;since_fix_ms=606;fixes_this_process=4496;write_failures=0;screen_on=1;doze=0;battery_saver=0;unrestricted=1;bg_restricted=0;standby_bucket=5;thermal=0;battery_pct=83;charging=0;music=0;location_on=1"
1789424536606,994881453,hb,"recorder=1;since_fix_ms=623;fixes_this_process=4501;write_failures=0;screen_on=1;doze=0;battery_saver=0;unrestricted=1;bg_restricted=0;standby_bucket=5;thermal=0;battery_pct=83;charging=0;music=0;location_on=1"
1789424541619,994886466,hb,"recorder=1;since_fix_ms=628;fixes_this_process=4506;write_failures=0;screen_on=1;doze=0;battery_saver=0;unrestricted=1;bg_restricted=0;standby_bucket=5;thermal=0;battery_pct=83;charging=0;music=0;location_on=1"
1789424546624,994891470,hb,"recorder=1;since_fix_ms=611;fixes_this_process=4511;write_failures=0;screen_on=1;doze=0;battery_saver=0;unrestricted=1;bg_restricted=0;standby_bucket=5;thermal=0;battery_pct=83;charging=0;music=0;location_on=1"
1789424551630,994896476,hb,"recorder=1;since_fix_ms=651;fixes_this_process=4516;write_failures=0;screen_on=1;doze=0;battery_saver=0;unrestricted=1;bg_restricted=0;standby_bucket=5;thermal=0;battery_pct=83;charging=0;music=0;location_on=1"
1789424556638,994901484,hb,"recorder=1;since_fix_ms=648;fixes_this_process=4521;write_failures=0;screen_on=1;doze=0;battery_saver=0;unrestricted=1;bg_restricted=0;standby_bucket=5;thermal=0;battery_pct=83;charging=0;music=0;location_on=1"
1789424561651,994906497,hb,"recorder=1;since_fix_ms=652;fixes_this_process=4526;write_failures=0;screen_on=1;doze=0;battery_saver=0;unrestricted=1;bg_restricted=0;standby_bucket=5;thermal=0;battery_pct=83;charging=0;music=0;location_on=1"
1789424566659,994911505,hb,"recorder=1;since_fix_ms=752;fixes_this_process=4531;write_failures=0;screen_on=1;doze=0;battery_saver=0;unrestricted=1;bg_restricted=0;standby_bucket=5;thermal=0;battery_pct=83;charging=0;music=0;location_on=1"
1789424571670,994916516,hb,"recorder=1;since_fix_ms=681;fixes_this_process=4536;write_failures=0;screen_on=1;doze=0;battery_saver=0;unrestricted=1;bg_restricted=0;standby_bucket=5;thermal=0;battery_pct=83;charging=0;music=0;location_on=1"
1789424576678,994921525,hb,"recorder=1;since_fix_ms=695;fixes_this_process=4541;write_failures=0;screen_on=1;doze=0;battery_saver=0;unrestricted=1;bg_restricted=0;standby_bucket=5;thermal=0;battery_pct=82;charging=0;music=0;location_on=1"
1789424581688,994926535,hb,"recorder=1;since_fix_ms=704;fixes_this_process=4546;write_failures=0;screen_on=1;doze=0;battery_saver=0;unrestricted=1;bg_restricted=0;standby_bucket=5;thermal=0;battery_pct=82;charging=0;music=0;location_on=1"
1789424586701,994931548,hb,"recorder=1;since_fix_ms=718;fixes_this_process=4551;write_failures=0;screen_on=1;doze=0;battery_saver=0;unrestricted=1;bg_restricted=0;standby_bucket=5;thermal=0;battery_pct=82;charging=0;music=0;location_on=1"
1789424591710,994936556,hb,"recorder=1;since_fix_ms=730;fixes_this_process=4556;write_failures=0;screen_on=1;doze=0;battery_saver=0;unrestricted=1;bg_restricted=0;standby_bucket=5;thermal=0;battery_pct=82;charging=0;music=0;location_on=1"
1789424596718,994941564,hb,"recorder=1;since_fix_ms=735;fixes_this_process=4561;write_failures=0;screen_on=1;doze=0;battery_saver=0;unrestricted=1;bg_restricted=0;standby_bucket=5;thermal=0;battery_pct=82;charging=0;music=0;location_on=1"
1789424601730,994946576,hb,"recorder=1;since_fix_ms=744;fixes_this_process=4566;write_failures=0;screen_on=1;doze=0;battery_saver=0;unrestricted=1;bg_restricted=0;standby_bucket=5;thermal=0;battery_pct=82;charging=0;music=0;location_on=1"
1789424606738,994951584,hb,"recorder=1;since_fix_ms=752;fixes_this_process=4571;write_failures=0;screen_on=1;doze=0;battery_saver=0;unrestricted=1;bg_restricted=0;standby_bucket=5;thermal=0;battery_pct=82;charging=0;music=0;location_on=1"
1789424611745,994956591,hb,"recorder=1;since_fix_ms=758;fixes_this_process=4576;write_failures=0;screen_on=1;doze=0;battery_saver=0;unrestricted=1;bg_restricted=0;standby_bucket=5;thermal=0;battery_pct=82;charging=0;music=0;location_on=1"
1789424616758,994961605,hb,"recorder=1;since_fix_ms=776;fixes_this_process=4581;write_failures=0;screen_on=1;doze=0;battery_saver=0;unrestricted=1;bg_restricted=0;standby_bucket=5;thermal=0;battery_pct=82;charging=0;music=0;location_on=1"
1789424621768,994966614,hb,"recorder=1;since_fix_ms=773;fixes_this_process=4586;write_failures=0;screen_on=1;doze=0;battery_saver=0;unrestricted=1;bg_restricted=0;standby_bucket=5;thermal=0;battery_pct=82;charging=0;music=0;location_on=1"
1789424626773,994971620,hb,"recorder=1;since_fix_ms=783;fixes_this_process=4591;write_failures=0;screen_on=1;doze=0;battery_saver=0;unrestricted=1;bg_restricted=0;standby_bucket=5;thermal=0;battery_pct=82;charging=0;music=0;location_on=1"
1789424631787,994976634,hb,"recorder=1;since_fix_ms=806;fixes_this_process=4596;write_failures=0;screen_on=1;doze=0;battery_saver=0;unrestricted=1;bg_restricted=0;standby_bucket=5;thermal=0;battery_pct=82;charging=0;music=0;location_on=1"
1789424636795,994981641,hb,"recorder=1;since_fix_ms=812;fixes_this_process=4601;write_failures=0;screen_on=1;doze=0;battery_saver=0;unrestricted=1;bg_restricted=0;standby_bucket=5;thermal=0;battery_pct=82;charging=0;music=0;location_on=1"
1789424641797,994986643,hb,"recorder=1;since_fix_ms=873;fixes_this_process=4606;write_failures=0;screen_on=1;doze=0;battery_saver=0;unrestricted=1;bg_restricted=0;standby_bucket=5;thermal=0;battery_pct=82;charging=0;music=0;location_on=1"
1789424646805,994991652,hb,"recorder=1;since_fix_ms=821;fixes_this_process=4611;write_failures=0;screen_on=1;doze=0;battery_saver=0;unrestricted=1;bg_restricted=0;standby_bucket=5;thermal=0;battery_pct=82;charging=0;music=0;location_on=1"
1789424651813,994996660,hb,"recorder=1;since_fix_ms=823;fixes_this_process=4616;write_failures=0;screen_on=1;doze=0;battery_saver=0;unrestricted=1;bg_restricted=0;standby_bucket=5;thermal=0;battery_pct=82;charging=0;music=0;location_on=1"
1789424656822,995001668,hb,"recorder=1;since_fix_ms=829;fixes_this_process=4621;write_failures=0;screen_on=1;doze=0;battery_saver=0;unrestricted=1;bg_restricted=0;standby_bucket=5;thermal=0;battery_pct=82;charging=0;music=0;location_on=1"
1789424661834,995006680,hb,"recorder=1;since_fix_ms=851;fixes_this_process=4626;write_failures=0;screen_on=1;doze=0;battery_saver=0;unrestricted=1;bg_restricted=0;standby_bucket=5;thermal=0;battery_pct=82;charging=0;music=0;location_on=1"
1789424666844,995011690,hb,"recorder=1;since_fix_ms=852;fixes_this_process=4631;write_failures=0;screen_on=1;doze=0;battery_saver=0;unrestricted=1;bg_restricted=0;standby_bucket=5;thermal=0;battery_pct=82;charging=0;music=0;location_on=1"
1789424671852,995016699,hb,"recorder=1;since_fix_ms=870;fixes_this_process=4636;write_failures=0;screen_on=1;doze=0;battery_saver=0;unrestricted=1;bg_restricted=0;standby_bucket=5;thermal=0;battery_pct=82;charging=0;music=0;location_on=1"
1789424676864,995021711,hb,"recorder=1;since_fix_ms=884;fixes_this_process=4641;write_failures=0;screen_on=1;doze=0;battery_saver=0;unrestricted=1;bg_restricted=0;standby_bucket=5;thermal=0;battery_pct=82;charging=0;music=0;location_on=1"
1789424681873,995026719,hb,"recorder=1;since_fix_ms=889;fixes_this_process=4646;write_failures=0;screen_on=1;doze=0;battery_saver=0;unrestricted=1;bg_restricted=0;standby_bucket=5;thermal=0;battery_pct=82;charging=0;music=0;location_on=1"
1789424686880,995031726,hb,"recorder=1;since_fix_ms=999;fixes_this_process=4651;write_failures=0;screen_on=1;doze=0;battery_saver=0;unrestricted=1;bg_restricted=0;standby_bucket=5;thermal=0;battery_pct=82;charging=0;music=0;location_on=1"
1789424691892,995036738,hb,"recorder=1;since_fix_ms=910;fixes_this_process=4656;write_failures=0;screen_on=1;doze=0;battery_saver=0;unrestricted=1;bg_restricted=0;standby_bucket=5;thermal=0;battery_pct=82;charging=0;music=0;location_on=1"
1789424696898,995041744,hb,"recorder=1;since_fix_ms=914;fixes_this_process=4661;write_failures=0;screen_on=1;doze=0;battery_saver=0;unrestricted=1;bg_restricted=0;standby_bucket=5;thermal=0;battery_pct=82;charging=0;music=0;location_on=1"
1789424701906,995046753,hb,"recorder=1;since_fix_ms=922;fixes_this_process=4666;write_failures=0;screen_on=1;doze=0;battery_saver=0;unrestricted=1;bg_restricted=0;standby_bucket=5;thermal=0;battery_pct=82;charging=0;music=0;location_on=1"
1789424706915,995051761,hb,"recorder=1;since_fix_ms=927;fixes_this_process=4671;write_failures=0;screen_on=1;doze=0;battery_saver=0;unrestricted=1;bg_restricted=0;standby_bucket=5;thermal=0;battery_pct=82;charging=0;music=0;location_on=1"
1789424711917,995056764,hb,"recorder=1;since_fix_ms=932;fixes_this_process=4676;write_failures=0;screen_on=1;doze=0;battery_saver=0;unrestricted=1;bg_restricted=0;standby_bucket=5;thermal=0;battery_pct=82;charging=0;music=0;location_on=1"
1789424716922,995061768,hb,"recorder=1;since_fix_ms=18;fixes_this_process=4682;write_failures=0;screen_on=1;doze=0;battery_saver=0;unrestricted=1;bg_restricted=0;standby_bucket=5;thermal=0;battery_pct=82;charging=0;music=0;location_on=1"
1789424721927,995066774,hb,"recorder=1;since_fix_ms=958;fixes_this_process=4686;write_failures=0;screen_on=1;doze=0;battery_saver=0;unrestricted=1;bg_restricted=0;standby_bucket=5;thermal=0;battery_pct=82;charging=0;music=0;location_on=1"
1789424726935,995071781,hb,"recorder=1;since_fix_ms=943;fixes_this_process=4691;write_failures=0;screen_on=1;doze=0;battery_saver=0;unrestricted=1;bg_restricted=0;standby_bucket=5;thermal=0;battery_pct=82;charging=0;music=0;location_on=1"
1789424731942,995076788,hb,"recorder=1;since_fix_ms=22;fixes_this_process=4697;write_failures=0;screen_on=1;doze=0;battery_saver=0;unrestricted=1;bg_restricted=0;standby_bucket=5;thermal=0;battery_pct=82;charging=0;music=0;location_on=1"
1789424736950,995081797,hb,"recorder=1;since_fix_ms=964;fixes_this_process=4701;write_failures=0;screen_on=1;doze=0;battery_saver=0;unrestricted=1;bg_restricted=0;standby_bucket=5;thermal=0;battery_pct=82;charging=0;music=0;location_on=1"
1789424741957,995086803,hb,"recorder=1;since_fix_ms=972;fixes_this_process=4706;write_failures=0;screen_on=1;doze=0;battery_saver=0;unrestricted=1;bg_restricted=0;standby_bucket=5;thermal=0;battery_pct=82;charging=0;music=0;location_on=1"
1789424746961,995091808,hb,"recorder=1;since_fix_ms=964;fixes_this_process=4711;write_failures=0;screen_on=1;doze=0;battery_saver=0;unrestricted=1;bg_restricted=0;standby_bucket=5;thermal=0;battery_pct=82;charging=0;music=0;location_on=1"
1789424751975,995096821,hb,"recorder=1;since_fix_ms=90;fixes_this_process=4717;write_failures=0;screen_on=1;doze=0;battery_saver=0;unrestricted=1;bg_restricted=0;standby_bucket=5;thermal=0;battery_pct=82;charging=0;music=0;location_on=1"
1789424756982,995101829,hb,"recorder=1;since_fix_ms=998;fixes_this_process=4721;write_failures=0;screen_on=1;doze=0;battery_saver=0;unrestricted=1;bg_restricted=0;standby_bucket=5;thermal=0;battery_pct=82;charging=0;music=0;location_on=1"
1789424761984,995106831,hb,"recorder=1;since_fix_ms=2;fixes_this_process=4727;write_failures=0;screen_on=1;doze=0;battery_saver=0;unrestricted=1;bg_restricted=0;standby_bucket=5;thermal=0;battery_pct=82;charging=0;music=0;location_on=1"
1789424766987,995111834,hb,"recorder=1;since_fix_ms=6;fixes_this_process=4732;write_failures=0;screen_on=1;doze=0;battery_saver=0;unrestricted=1;bg_restricted=0;standby_bucket=5;thermal=0;battery_pct=82;charging=0;music=0;location_on=1"
1789424771993,995116839,hb,"recorder=1;since_fix_ms=5;fixes_this_process=4737;write_failures=0;screen_on=1;doze=0;battery_saver=0;unrestricted=1;bg_restricted=0;standby_bucket=5;thermal=0;battery_pct=82;charging=0;music=0;location_on=1"
1789424776997,995121843,hb,"recorder=1;since_fix_ms=15;fixes_this_process=4742;write_failures=0;screen_on=1;doze=0;battery_saver=0;unrestricted=1;bg_restricted=0;standby_bucket=5;thermal=0;battery_pct=82;charging=0;music=0;location_on=1"
1789424782004,995126851,hb,"recorder=1;since_fix_ms=21;fixes_this_process=4747;write_failures=0;screen_on=1;doze=0;battery_saver=0;unrestricted=1;bg_restricted=0;standby_bucket=5;thermal=0;battery_pct=82;charging=0;music=0;location_on=1"
1789424787010,995131856,hb,"recorder=1;since_fix_ms=32;fixes_this_process=4752;write_failures=0;screen_on=1;doze=0;battery_saver=0;unrestricted=1;bg_restricted=0;standby_bucket=5;thermal=0;battery_pct=82;charging=0;music=0;location_on=1"
1789424792013,995136860,hb,"recorder=1;since_fix_ms=30;fixes_this_process=4757;write_failures=0;screen_on=1;doze=0;battery_saver=0;unrestricted=1;bg_restricted=0;standby_bucket=5;thermal=0;battery_pct=82;charging=0;music=0;location_on=1"
1789424797023,995141869,hb,"recorder=1;since_fix_ms=38;fixes_this_process=4762;write_failures=0;screen_on=1;doze=0;battery_saver=0;unrestricted=1;bg_restricted=0;standby_bucket=5;thermal=0;battery_pct=82;charging=0;music=0;location_on=1"
1789424802029,995146876,hb,"recorder=1;since_fix_ms=46;fixes_this_process=4767;write_failures=0;screen_on=1;doze=0;battery_saver=0;unrestricted=1;bg_restricted=0;standby_bucket=5;thermal=0;battery_pct=82;charging=0;music=0;location_on=1"
1789424807037,995151883,hb,"recorder=1;since_fix_ms=58;fixes_this_process=4772;write_failures=0;screen_on=1;doze=0;battery_saver=0;unrestricted=1;bg_restricted=0;standby_bucket=5;thermal=0;battery_pct=82;charging=0;music=0;location_on=1"
1789424812044,995156890,hb,"recorder=1;since_fix_ms=136;fixes_this_process=4777;write_failures=0;screen_on=1;doze=0;battery_saver=0;unrestricted=1;bg_restricted=0;standby_bucket=5;thermal=0;battery_pct=82;charging=0;music=0;location_on=1"
1789424817049,995161896,hb,"recorder=1;since_fix_ms=63;fixes_this_process=4782;write_failures=0;screen_on=1;doze=0;battery_saver=0;unrestricted=1;bg_restricted=0;standby_bucket=5;thermal=0;battery_pct=82;charging=0;music=0;location_on=1"
1789424822054,995166901,hb,"recorder=1;since_fix_ms=61;fixes_this_process=4787;write_failures=0;screen_on=1;doze=0;battery_saver=0;unrestricted=1;bg_restricted=0;standby_bucket=5;thermal=0;battery_pct=82;charging=0;music=0;location_on=1"
1789424827064,995171910,hb,"recorder=1;since_fix_ms=74;fixes_this_process=4792;write_failures=0;screen_on=1;doze=0;battery_saver=0;unrestricted=1;bg_restricted=0;standby_bucket=5;thermal=0;battery_pct=82;charging=0;music=0;location_on=1"
1789424832072,995176919,hb,"recorder=1;since_fix_ms=82;fixes_this_process=4797;write_failures=0;screen_on=1;doze=0;battery_saver=0;unrestricted=1;bg_restricted=0;standby_bucket=5;thermal=0;battery_pct=82;charging=0;music=0;location_on=1"
1789424837081,995181927,hb,"recorder=1;since_fix_ms=102;fixes_this_process=4802;write_failures=0;screen_on=1;doze=0;battery_saver=0;unrestricted=1;bg_restricted=0;standby_bucket=5;thermal=0;battery_pct=82;charging=0;music=0;location_on=1"
1789424842092,995186938,hb,"recorder=1;since_fix_ms=104;fixes_this_process=4807;write_failures=0;screen_on=1;doze=0;battery_saver=0;unrestricted=1;bg_restricted=0;standby_bucket=5;thermal=0;battery_pct=82;charging=0;music=0;location_on=1"
1789424847097,995191944,hb,"recorder=1;since_fix_ms=113;fixes_this_process=4812;write_failures=0;screen_on=1;doze=0;battery_saver=0;unrestricted=1;bg_restricted=0;standby_bucket=5;thermal=0;battery_pct=82;charging=0;music=0;location_on=1"
1789424852105,995196951,hb,"recorder=1;since_fix_ms=226;fixes_this_process=4817;write_failures=0;screen_on=1;doze=0;battery_saver=0;unrestricted=1;bg_restricted=0;standby_bucket=5;thermal=0;battery_pct=82;charging=0;music=0;location_on=1"
1789424857113,995201960,hb,"recorder=1;since_fix_ms=127;fixes_this_process=4822;write_failures=0;screen_on=1;doze=0;battery_saver=0;unrestricted=1;bg_restricted=0;standby_bucket=5;thermal=0;battery_pct=82;charging=0;music=0;location_on=1"
1789424862121,995206968,hb,"recorder=1;since_fix_ms=128;fixes_this_process=4827;write_failures=0;screen_on=1;doze=0;battery_saver=0;unrestricted=1;bg_restricted=0;standby_bucket=5;thermal=0;battery_pct=82;charging=0;music=0;location_on=1"
1789424867130,995211976,hb,"recorder=1;since_fix_ms=148;fixes_this_process=4832;write_failures=0;screen_on=1;doze=0;battery_saver=0;unrestricted=1;bg_restricted=0;standby_bucket=5;thermal=0;battery_pct=82;charging=0;music=0;location_on=1"
1789424872145,995216992,hb,"recorder=1;since_fix_ms=164;fixes_this_process=4837;write_failures=0;screen_on=1;doze=0;battery_saver=0;unrestricted=1;bg_restricted=0;standby_bucket=5;thermal=0;battery_pct=82;charging=0;music=0;location_on=1"
1789424877153,995221999,hb,"recorder=1;since_fix_ms=160;fixes_this_process=4842;write_failures=0;screen_on=1;doze=0;battery_saver=0;unrestricted=1;bg_restricted=0;standby_bucket=5;thermal=0;battery_pct=82;charging=0;music=0;location_on=1"
1789424882161,995227008,hb,"recorder=1;since_fix_ms=221;fixes_this_process=4847;write_failures=0;screen_on=1;doze=0;battery_saver=0;unrestricted=1;bg_restricted=0;standby_bucket=5;thermal=0;battery_pct=82;charging=0;music=0;location_on=1"
1789424887174,995232021,hb,"recorder=1;since_fix_ms=267;fixes_this_process=4852;write_failures=0;screen_on=1;doze=0;battery_saver=0;unrestricted=1;bg_restricted=0;standby_bucket=5;thermal=0;battery_pct=82;charging=0;music=0;location_on=1"
1789424892183,995237029,hb,"recorder=1;since_fix_ms=192;fixes_this_process=4857;write_failures=0;screen_on=1;doze=0;battery_saver=0;unrestricted=1;bg_restricted=0;standby_bucket=5;thermal=0;battery_pct=82;charging=0;music=0;location_on=1"
1789424897186,995242033,hb,"recorder=1;since_fix_ms=203;fixes_this_process=4862;write_failures=0;screen_on=1;doze=0;battery_saver=0;unrestricted=1;bg_restricted=0;standby_bucket=5;thermal=0;battery_pct=82;charging=0;music=0;location_on=1"
1789424902196,995247042,hb,"recorder=1;since_fix_ms=232;fixes_this_process=4867;write_failures=0;screen_on=1;doze=0;battery_saver=0;unrestricted=1;bg_restricted=0;standby_bucket=5;thermal=0;battery_pct=82;charging=0;music=0;location_on=1"
1789424907200,995252046,hb,"recorder=1;since_fix_ms=209;fixes_this_process=4872;write_failures=0;screen_on=1;doze=0;battery_saver=0;unrestricted=1;bg_restricted=0;standby_bucket=5;thermal=0;battery_pct=82;charging=0;music=0;location_on=1"
1789424912206,995257053,hb,"recorder=1;since_fix_ms=225;fixes_this_process=4877;write_failures=0;screen_on=1;doze=0;battery_saver=0;unrestricted=1;bg_restricted=0;standby_bucket=5;thermal=0;battery_pct=82;charging=0;music=0;location_on=1"
1789424917215,995262062,hb,"recorder=1;since_fix_ms=227;fixes_this_process=4882;write_failures=0;screen_on=1;doze=0;battery_saver=0;unrestricted=1;bg_restricted=0;standby_bucket=5;thermal=0;battery_pct=82;charging=0;music=0;location_on=1"
1789424922224,995267070,hb,"recorder=1;since_fix_ms=241;fixes_this_process=4887;write_failures=0;screen_on=1;doze=0;battery_saver=0;unrestricted=1;bg_restricted=0;standby_bucket=5;thermal=0;battery_pct=82;charging=0;music=0;location_on=1"
1789424927228,995272074,hb,"recorder=1;since_fix_ms=244;fixes_this_process=4892;write_failures=0;screen_on=1;doze=0;battery_saver=0;unrestricted=1;bg_restricted=0;standby_bucket=5;thermal=0;battery_pct=82;charging=0;music=0;location_on=1"
1789424932243,995277089,hb,"recorder=1;since_fix_ms=261;fixes_this_process=4897;write_failures=0;screen_on=1;doze=0;battery_saver=0;unrestricted=1;bg_restricted=0;standby_bucket=5;thermal=0;battery_pct=82;charging=0;music=0;location_on=1"
1789424937250,995282096,hb,"recorder=1;since_fix_ms=268;fixes_this_process=4902;write_failures=0;screen_on=1;doze=0;battery_saver=0;unrestricted=1;bg_restricted=0;standby_bucket=5;thermal=0;battery_pct=82;charging=0;music=0;location_on=1"
1789424942256,995287102,hb,"recorder=1;since_fix_ms=275;fixes_this_process=4907;write_failures=0;screen_on=1;doze=0;battery_saver=0;unrestricted=1;bg_restricted=0;standby_bucket=5;thermal=0;battery_pct=82;charging=0;music=0;location_on=1"
1789424947266,995292113,hb,"recorder=1;since_fix_ms=283;fixes_this_process=4912;write_failures=0;screen_on=1;doze=0;battery_saver=0;unrestricted=1;bg_restricted=0;standby_bucket=5;thermal=0;battery_pct=82;charging=0;music=0;location_on=1"
1789424952275,995297122,hb,"recorder=1;since_fix_ms=288;fixes_this_process=4917;write_failures=0;screen_on=1;doze=0;battery_saver=0;unrestricted=1;bg_restricted=0;standby_bucket=5;thermal=0;battery_pct=82;charging=0;music=0;location_on=1"
1789424957282,995302129,hb,"recorder=1;since_fix_ms=295;fixes_this_process=4922;write_failures=0;screen_on=1;doze=0;battery_saver=0;unrestricted=1;bg_restricted=0;standby_bucket=5;thermal=0;battery_pct=82;charging=0;music=0;location_on=1"
1789424962293,995307140,hb,"recorder=1;since_fix_ms=294;fixes_this_process=4927;write_failures=0;screen_on=1;doze=0;battery_saver=0;unrestricted=1;bg_restricted=0;standby_bucket=5;thermal=0;battery_pct=82;charging=0;music=0;location_on=1"
1789424967297,995312143,hb,"recorder=1;since_fix_ms=311;fixes_this_process=4932;write_failures=0;screen_on=1;doze=0;battery_saver=0;unrestricted=1;bg_restricted=0;standby_bucket=5;thermal=0;battery_pct=82;charging=0;music=0;location_on=1"
1789424972306,995317152,hb,"recorder=1;since_fix_ms=319;fixes_this_process=4937;write_failures=0;screen_on=1;doze=0;battery_saver=0;unrestricted=1;bg_restricted=0;standby_bucket=5;thermal=0;battery_pct=82;charging=0;music=0;location_on=1"
1789424977313,995322160,hb,"recorder=1;since_fix_ms=387;fixes_this_process=4942;write_failures=0;screen_on=1;doze=0;battery_saver=0;unrestricted=1;bg_restricted=0;standby_bucket=5;thermal=0;battery_pct=82;charging=0;music=0;location_on=1"
1789424982322,995327168,hb,"recorder=1;since_fix_ms=338;fixes_this_process=4947;write_failures=0;screen_on=1;doze=0;battery_saver=0;unrestricted=1;bg_restricted=0;standby_bucket=5;thermal=0;battery_pct=82;charging=0;music=0;location_on=1"
1789424987331,995332177,hb,"recorder=1;since_fix_ms=348;fixes_this_process=4952;write_failures=0;screen_on=1;doze=0;battery_saver=0;unrestricted=1;bg_restricted=0;standby_bucket=5;thermal=0;battery_pct=82;charging=0;music=0;location_on=1"
1789424992341,995337188,hb,"recorder=1;since_fix_ms=355;fixes_this_process=4957;write_failures=0;screen_on=1;doze=0;battery_saver=0;unrestricted=1;bg_restricted=0;standby_bucket=5;thermal=0;battery_pct=82;charging=0;music=0;location_on=1"
1789424997349,995342196,hb,"recorder=1;since_fix_ms=423;fixes_this_process=4962;write_failures=0;screen_on=1;doze=0;battery_saver=0;unrestricted=1;bg_restricted=0;standby_bucket=5;thermal=0;battery_pct=82;charging=0;music=0;location_on=1"
1789425002359,995347205,hb,"recorder=1;since_fix_ms=376;fixes_this_process=4967;write_failures=0;screen_on=1;doze=0;battery_saver=0;unrestricted=1;bg_restricted=0;standby_bucket=5;thermal=0;battery_pct=82;charging=0;music=0;location_on=1"
1789425007372,995352218,hb,"recorder=1;since_fix_ms=388;fixes_this_process=4972;write_failures=0;screen_on=1;doze=0;battery_saver=0;unrestricted=1;bg_restricted=0;standby_bucket=5;thermal=0;battery_pct=82;charging=0;music=0;location_on=1"
1789425012381,995357227,hb,"recorder=1;since_fix_ms=418;fixes_this_process=4977;write_failures=0;screen_on=1;doze=0;battery_saver=0;unrestricted=1;bg_restricted=0;standby_bucket=5;thermal=0;battery_pct=82;charging=0;music=0;location_on=1"
1789425017389,995362236,hb,"recorder=1;since_fix_ms=406;fixes_this_process=4982;write_failures=0;screen_on=1;doze=0;battery_saver=0;unrestricted=1;bg_restricted=0;standby_bucket=5;thermal=0;battery_pct=82;charging=0;music=0;location_on=1"
1789425022400,995367246,hb,"recorder=1;since_fix_ms=412;fixes_this_process=4987;write_failures=0;screen_on=1;doze=0;battery_saver=0;unrestricted=1;bg_restricted=0;standby_bucket=5;thermal=0;battery_pct=82;charging=0;music=0;location_on=1"
1789425027409,995372255,hb,"recorder=1;since_fix_ms=414;fixes_this_process=4992;write_failures=0;screen_on=1;doze=0;battery_saver=0;unrestricted=1;bg_restricted=0;standby_bucket=5;thermal=0;battery_pct=82;charging=0;music=0;location_on=1"
1789425032418,995377264,hb,"recorder=1;since_fix_ms=516;fixes_this_process=4997;write_failures=0;screen_on=1;doze=0;battery_saver=0;unrestricted=1;bg_restricted=0;standby_bucket=5;thermal=0;battery_pct=82;charging=0;music=0;location_on=1"
1789425037431,995382277,hb,"recorder=1;since_fix_ms=440;fixes_this_process=5002;write_failures=0;screen_on=1;doze=0;battery_saver=0;unrestricted=1;bg_restricted=0;standby_bucket=5;thermal=0;battery_pct=82;charging=0;music=0;location_on=1"
1789425042440,995387286,hb,"recorder=1;since_fix_ms=441;fixes_this_process=5007;write_failures=0;screen_on=1;doze=0;battery_saver=0;unrestricted=1;bg_restricted=0;standby_bucket=5;thermal=0;battery_pct=82;charging=0;music=0;location_on=1"
1789425047449,995392295,hb,"recorder=1;since_fix_ms=454;fixes_this_process=5012;write_failures=0;screen_on=1;doze=0;battery_saver=0;unrestricted=1;bg_restricted=0;standby_bucket=5;thermal=0;battery_pct=82;charging=0;music=0;location_on=1"
1789425052461,995397307,hb,"recorder=1;since_fix_ms=457;fixes_this_process=5017;write_failures=0;screen_on=1;doze=0;battery_saver=0;unrestricted=1;bg_restricted=0;standby_bucket=5;thermal=0;battery_pct=82;charging=0;music=0;location_on=1"
1789425057469,995402316,hb,"recorder=1;since_fix_ms=485;fixes_this_process=5022;write_failures=0;screen_on=1;doze=0;battery_saver=0;unrestricted=1;bg_restricted=0;standby_bucket=5;thermal=0;battery_pct=82;charging=0;music=0;location_on=1"
1789425062477,995407323,hb,"recorder=1;since_fix_ms=477;fixes_this_process=5027;write_failures=0;screen_on=1;doze=0;battery_saver=0;unrestricted=1;bg_restricted=0;standby_bucket=5;thermal=0;battery_pct=82;charging=0;music=0;location_on=1"
1789425067488,995412335,hb,"recorder=1;since_fix_ms=505;fixes_this_process=5032;write_failures=0;screen_on=1;doze=0;battery_saver=0;unrestricted=1;bg_restricted=0;standby_bucket=5;thermal=0;battery_pct=82;charging=0;music=0;location_on=1"
1789425072495,995417341,hb,"recorder=1;since_fix_ms=500;fixes_this_process=5037;write_failures=0;screen_on=1;doze=0;battery_saver=0;unrestricted=1;bg_restricted=0;standby_bucket=5;thermal=0;battery_pct=82;charging=0;music=0;location_on=1"
1789425077501,995422348,hb,"recorder=1;since_fix_ms=518;fixes_this_process=5042;write_failures=0;screen_on=1;doze=0;battery_saver=0;unrestricted=1;bg_restricted=0;standby_bucket=5;thermal=0;battery_pct=82;charging=0;music=0;location_on=1"
1789425082511,995427357,hb,"recorder=1;since_fix_ms=526;fixes_this_process=5047;write_failures=0;screen_on=1;doze=0;battery_saver=0;unrestricted=1;bg_restricted=0;standby_bucket=5;thermal=0;battery_pct=82;charging=0;music=0;location_on=1"
1789425087517,995432363,hb,"recorder=1;since_fix_ms=534;fixes_this_process=5052;write_failures=0;screen_on=1;doze=0;battery_saver=0;unrestricted=1;bg_restricted=0;standby_bucket=5;thermal=0;battery_pct=82;charging=0;music=0;location_on=1"
1789425092521,995437368,hb,"recorder=1;since_fix_ms=533;fixes_this_process=5057;write_failures=0;screen_on=1;doze=0;battery_saver=0;unrestricted=1;bg_restricted=0;standby_bucket=5;thermal=0;battery_pct=82;charging=0;music=0;location_on=1"
1789425097535,995442381,hb,"recorder=1;since_fix_ms=538;fixes_this_process=5062;write_failures=0;screen_on=1;doze=0;battery_saver=0;unrestricted=1;bg_restricted=0;standby_bucket=5;thermal=0;battery_pct=82;charging=0;music=0;location_on=1"
1789425102544,995447390,hb,"recorder=1;since_fix_ms=551;fixes_this_process=5067;write_failures=0;screen_on=1;doze=0;battery_saver=0;unrestricted=1;bg_restricted=0;standby_bucket=5;thermal=0;battery_pct=82;charging=0;music=0;location_on=1"
1789425107550,995452397,hb,"recorder=1;since_fix_ms=627;fixes_this_process=5072;write_failures=0;screen_on=1;doze=0;battery_saver=0;unrestricted=1;bg_restricted=0;standby_bucket=5;thermal=0;battery_pct=82;charging=0;music=0;location_on=1"
1789425112561,995457408,hb,"recorder=1;since_fix_ms=576;fixes_this_process=5077;write_failures=0;screen_on=1;doze=0;battery_saver=0;unrestricted=1;bg_restricted=0;standby_bucket=5;thermal=0;battery_pct=82;charging=0;music=0;location_on=1"
1789425117571,995462417,hb,"recorder=1;since_fix_ms=583;fixes_this_process=5082;write_failures=0;screen_on=1;doze=0;battery_saver=0;unrestricted=1;bg_restricted=0;standby_bucket=5;thermal=0;battery_pct=82;charging=0;music=0;location_on=1"
1789425122580,995467426,hb,"recorder=1;since_fix_ms=609;fixes_this_process=5087;write_failures=0;screen_on=1;doze=0;battery_saver=0;unrestricted=1;bg_restricted=0;standby_bucket=5;thermal=0;battery_pct=82;charging=0;music=0;location_on=1"
1789425127593,995472440,hb,"recorder=1;since_fix_ms=603;fixes_this_process=5092;write_failures=0;screen_on=1;doze=0;battery_saver=0;unrestricted=1;bg_restricted=0;standby_bucket=5;thermal=0;battery_pct=82;charging=0;music=0;location_on=1"
1789425132602,995477448,hb,"recorder=1;since_fix_ms=617;fixes_this_process=5097;write_failures=0;screen_on=1;doze=0;battery_saver=0;unrestricted=1;bg_restricted=0;standby_bucket=5;thermal=0;battery_pct=82;charging=0;music=0;location_on=1"
1789425137611,995482457,hb,"recorder=1;since_fix_ms=629;fixes_this_process=5102;write_failures=0;screen_on=1;doze=0;battery_saver=0;unrestricted=1;bg_restricted=0;standby_bucket=5;thermal=0;battery_pct=82;charging=0;music=0;location_on=1"
1789425142625,995487471,hb,"recorder=1;since_fix_ms=638;fixes_this_process=5107;write_failures=0;screen_on=1;doze=0;battery_saver=0;unrestricted=1;bg_restricted=0;standby_bucket=5;thermal=0;battery_pct=82;charging=0;music=0;location_on=1"
1789425147634,995492480,hb,"recorder=1;since_fix_ms=650;fixes_this_process=5112;write_failures=0;screen_on=1;doze=0;battery_saver=0;unrestricted=1;bg_restricted=0;standby_bucket=5;thermal=0;battery_pct=82;charging=0;music=0;location_on=1"
1789425152641,995497488,hb,"recorder=1;since_fix_ms=651;fixes_this_process=5117;write_failures=0;screen_on=1;doze=0;battery_saver=0;unrestricted=1;bg_restricted=0;standby_bucket=5;thermal=0;battery_pct=82;charging=0;music=0;location_on=1"
1789425157652,995502498,hb,"recorder=1;since_fix_ms=656;fixes_this_process=5122;write_failures=0;screen_on=1;doze=0;battery_saver=0;unrestricted=1;bg_restricted=0;standby_bucket=5;thermal=0;battery_pct=82;charging=0;music=0;location_on=1"
1789425162658,995507505,hb,"recorder=1;since_fix_ms=677;fixes_this_process=5127;write_failures=0;screen_on=1;doze=0;battery_saver=0;unrestricted=1;bg_restricted=0;standby_bucket=5;thermal=0;battery_pct=82;charging=0;music=0;location_on=1"
1789425167667,995512513,hb,"recorder=1;since_fix_ms=677;fixes_this_process=5132;write_failures=0;screen_on=1;doze=0;battery_saver=0;unrestricted=1;bg_restricted=0;standby_bucket=5;thermal=0;battery_pct=82;charging=0;music=0;location_on=1"
1789425172676,995517523,hb,"recorder=1;since_fix_ms=694;fixes_this_process=5137;write_failures=0;screen_on=1;doze=0;battery_saver=0;unrestricted=1;bg_restricted=0;standby_bucket=5;thermal=0;battery_pct=82;charging=0;music=0;location_on=1"
1789425177683,995522529,hb,"recorder=1;since_fix_ms=702;fixes_this_process=5142;write_failures=0;screen_on=1;doze=0;battery_saver=0;unrestricted=1;bg_restricted=0;standby_bucket=5;thermal=0;battery_pct=82;charging=0;music=0;location_on=1"
1789425182693,995527539,hb,"recorder=1;since_fix_ms=727;fixes_this_process=5147;write_failures=0;screen_on=1;doze=0;battery_saver=0;unrestricted=1;bg_restricted=0;standby_bucket=5;thermal=0;battery_pct=82;charging=0;music=0;location_on=1"
1789425187701,995532547,hb,"recorder=1;since_fix_ms=754;fixes_this_process=5152;write_failures=0;screen_on=1;doze=0;battery_saver=0;unrestricted=1;bg_restricted=0;standby_bucket=5;thermal=0;battery_pct=82;charging=0;music=0;location_on=1"
1789425192705,995537552,hb,"recorder=1;since_fix_ms=725;fixes_this_process=5157;write_failures=0;screen_on=1;doze=0;battery_saver=0;unrestricted=1;bg_restricted=0;standby_bucket=5;thermal=0;battery_pct=82;charging=0;music=0;location_on=1"
1789425197714,995542561,hb,"recorder=1;since_fix_ms=732;fixes_this_process=5162;write_failures=0;screen_on=1;doze=0;battery_saver=0;unrestricted=1;bg_restricted=0;standby_bucket=5;thermal=0;battery_pct=82;charging=0;music=0;location_on=1"
1789425202724,995547570,hb,"recorder=1;since_fix_ms=737;fixes_this_process=5167;write_failures=0;screen_on=1;doze=0;battery_saver=0;unrestricted=1;bg_restricted=0;standby_bucket=5;thermal=0;battery_pct=82;charging=0;music=0;location_on=1"
1789425207732,995552579,hb,"recorder=1;since_fix_ms=748;fixes_this_process=5172;write_failures=0;screen_on=1;doze=0;battery_saver=0;unrestricted=1;bg_restricted=0;standby_bucket=5;thermal=0;battery_pct=82;charging=0;music=0;location_on=1"
1789425212741,995557587,hb,"recorder=1;since_fix_ms=798;fixes_this_process=5177;write_failures=0;screen_on=1;doze=0;battery_saver=0;unrestricted=1;bg_restricted=0;standby_bucket=5;thermal=0;battery_pct=82;charging=0;music=0;location_on=1"
1789425217753,995562600,hb,"recorder=1;since_fix_ms=786;fixes_this_process=5182;write_failures=0;screen_on=1;doze=0;battery_saver=0;unrestricted=1;bg_restricted=0;standby_bucket=5;thermal=0;battery_pct=82;charging=0;music=0;location_on=1"
1789425222757,995567604,hb,"recorder=1;since_fix_ms=838;fixes_this_process=5187;write_failures=0;screen_on=1;doze=0;battery_saver=0;unrestricted=1;bg_restricted=0;standby_bucket=5;thermal=0;battery_pct=82;charging=0;music=0;location_on=1"
1789425227766,995572612,hb,"recorder=1;since_fix_ms=779;fixes_this_process=5192;write_failures=0;screen_on=1;doze=0;battery_saver=0;unrestricted=1;bg_restricted=0;standby_bucket=5;thermal=0;battery_pct=82;charging=0;music=0;location_on=1"
1789425232777,995577624,hb,"recorder=1;since_fix_ms=895;fixes_this_process=5197;write_failures=0;screen_on=1;doze=0;battery_saver=0;unrestricted=1;bg_restricted=0;standby_bucket=5;thermal=0;battery_pct=82;charging=0;music=0;location_on=1"
1789425237786,995582633,hb,"recorder=1;since_fix_ms=796;fixes_this_process=5202;write_failures=0;screen_on=1;doze=0;battery_saver=0;unrestricted=1;bg_restricted=0;standby_bucket=5;thermal=0;battery_pct=82;charging=0;music=0;location_on=1"
1789425242795,995587641,hb,"recorder=1;since_fix_ms=810;fixes_this_process=5207;write_failures=0;screen_on=1;doze=0;battery_saver=0;unrestricted=1;bg_restricted=0;standby_bucket=5;thermal=0;battery_pct=82;charging=0;music=0;location_on=1"
1789425247805,995592652,hb,"recorder=1;since_fix_ms=814;fixes_this_process=5212;write_failures=0;screen_on=1;doze=0;battery_saver=0;unrestricted=1;bg_restricted=0;standby_bucket=5;thermal=0;battery_pct=82;charging=0;music=0;location_on=1"
1789425252814,995597660,hb,"recorder=1;since_fix_ms=834;fixes_this_process=5217;write_failures=0;screen_on=1;doze=0;battery_saver=0;unrestricted=1;bg_restricted=0;standby_bucket=5;thermal=0;battery_pct=81;charging=0;music=0;location_on=1"
1789425257822,995602669,hb,"recorder=1;since_fix_ms=838;fixes_this_process=5222;write_failures=0;screen_on=1;doze=0;battery_saver=0;unrestricted=1;bg_restricted=0;standby_bucket=5;thermal=0;battery_pct=81;charging=0;music=0;location_on=1"
1789425262834,995607681,hb,"recorder=1;since_fix_ms=850;fixes_this_process=5227;write_failures=0;screen_on=1;doze=0;battery_saver=0;unrestricted=1;bg_restricted=0;standby_bucket=5;thermal=0;battery_pct=81;charging=0;music=0;location_on=1"
1789425267839,995612686,hb,"recorder=1;since_fix_ms=854;fixes_this_process=5232;write_failures=0;screen_on=1;doze=0;battery_saver=0;unrestricted=1;bg_restricted=0;standby_bucket=5;thermal=0;battery_pct=81;charging=0;music=0;location_on=1"
1789425272848,995617694,hb,"recorder=1;since_fix_ms=862;fixes_this_process=5237;write_failures=0;screen_on=1;doze=0;battery_saver=0;unrestricted=1;bg_restricted=0;standby_bucket=5;thermal=0;battery_pct=81;charging=0;music=0;location_on=1"
1789425277860,995622706,hb,"recorder=1;since_fix_ms=871;fixes_this_process=5242;write_failures=0;screen_on=1;doze=0;battery_saver=0;unrestricted=1;bg_restricted=0;standby_bucket=5;thermal=0;battery_pct=81;charging=0;music=0;location_on=1"
1789425282867,995627713,hb,"recorder=1;since_fix_ms=884;fixes_this_process=5247;write_failures=0;screen_on=1;doze=0;battery_saver=0;unrestricted=1;bg_restricted=0;standby_bucket=5;thermal=0;battery_pct=81;charging=0;music=0;location_on=1"
1789425287873,995632719,hb,"recorder=1;since_fix_ms=891;fixes_this_process=5252;write_failures=0;screen_on=1;doze=0;battery_saver=0;unrestricted=1;bg_restricted=0;standby_bucket=5;thermal=0;battery_pct=81;charging=0;music=0;location_on=1"
1789425292884,995637731,hb,"recorder=1;since_fix_ms=893;fixes_this_process=5257;write_failures=0;screen_on=1;doze=0;battery_saver=0;unrestricted=1;bg_restricted=0;standby_bucket=5;thermal=0;battery_pct=81;charging=0;music=0;location_on=1"
1789425297892,995642738,hb,"recorder=1;since_fix_ms=901;fixes_this_process=5262;write_failures=0;screen_on=1;doze=0;battery_saver=0;unrestricted=1;bg_restricted=0;standby_bucket=5;thermal=0;battery_pct=81;charging=0;music=0;location_on=1"
1789425302896,995647743,hb,"recorder=1;since_fix_ms=1013;fixes_this_process=5267;write_failures=0;screen_on=1;doze=0;battery_saver=0;unrestricted=1;bg_restricted=0;standby_bucket=5;thermal=0;battery_pct=81;charging=0;music=0;location_on=1"
1789425307908,995652754,hb,"recorder=1;since_fix_ms=912;fixes_this_process=5272;write_failures=0;screen_on=1;doze=0;battery_saver=0;unrestricted=1;bg_restricted=0;standby_bucket=5;thermal=0;battery_pct=81;charging=0;music=0;location_on=1"
1789425312916,995657762,hb,"recorder=1;since_fix_ms=918;fixes_this_process=5277;write_failures=0;screen_on=1;doze=0;battery_saver=0;unrestricted=1;bg_restricted=0;standby_bucket=5;thermal=0;battery_pct=81;charging=0;music=0;location_on=1"
1789425317924,995662771,hb,"recorder=1;since_fix_ms=937;fixes_this_process=5282;write_failures=0;screen_on=1;doze=0;battery_saver=0;unrestricted=1;bg_restricted=0;standby_bucket=5;thermal=0;battery_pct=81;charging=0;music=0;location_on=1"
1789425322933,995667779,hb,"recorder=1;since_fix_ms=946;fixes_this_process=5287;write_failures=0;screen_on=1;doze=0;battery_saver=0;unrestricted=1;bg_restricted=0;standby_bucket=5;thermal=0;battery_pct=81;charging=0;music=0;location_on=1"
1789425327941,995672788,hb,"recorder=1;since_fix_ms=942;fixes_this_process=5292;write_failures=0;screen_on=1;doze=0;battery_saver=0;unrestricted=1;bg_restricted=0;standby_bucket=5;thermal=0;battery_pct=81;charging=0;music=0;location_on=1"
1789425332951,995677798,hb,"recorder=1;since_fix_ms=964;fixes_this_process=5297;write_failures=0;screen_on=1;doze=0;battery_saver=0;unrestricted=1;bg_restricted=0;standby_bucket=5;thermal=0;battery_pct=81;charging=0;music=0;location_on=1"
1789425337965,995682812,hb,"recorder=1;since_fix_ms=974;fixes_this_process=5302;write_failures=0;screen_on=1;doze=0;battery_saver=0;unrestricted=1;bg_restricted=0;standby_bucket=5;thermal=0;battery_pct=81;charging=0;music=0;location_on=1"
1789425342974,995687821,hb,"recorder=1;since_fix_ms=975;fixes_this_process=5307;write_failures=0;screen_on=1;doze=0;battery_saver=0;unrestricted=1;bg_restricted=0;standby_bucket=5;thermal=0;battery_pct=81;charging=0;music=0;location_on=1"
1789425347979,995692825,hb,"recorder=1;since_fix_ms=994;fixes_this_process=5312;write_failures=0;screen_on=1;doze=0;battery_saver=0;unrestricted=1;bg_restricted=0;standby_bucket=5;thermal=0;battery_pct=81;charging=0;music=0;location_on=1"
1789425352989,995697835,hb,"recorder=1;since_fix_ms=1005;fixes_this_process=5317;write_failures=0;screen_on=1;doze=0;battery_saver=0;unrestricted=1;bg_restricted=0;standby_bucket=5;thermal=0;battery_pct=81;charging=0;music=0;location_on=1"
1789425357993,995702840,hb,"recorder=1;since_fix_ms=986;fixes_this_process=5322;write_failures=0;screen_on=1;doze=0;battery_saver=0;unrestricted=1;bg_restricted=0;standby_bucket=5;thermal=0;battery_pct=81;charging=0;music=0;location_on=1"
1789425362999,995707845,hb,"recorder=1;since_fix_ms=13;fixes_this_process=5328;write_failures=0;screen_on=1;doze=0;battery_saver=0;unrestricted=1;bg_restricted=0;standby_bucket=5;thermal=0;battery_pct=81;charging=0;music=0;location_on=1"
1789425368003,995712849,hb,"recorder=1;since_fix_ms=9;fixes_this_process=5333;write_failures=0;screen_on=1;doze=0;battery_saver=0;unrestricted=1;bg_restricted=0;standby_bucket=5;thermal=0;battery_pct=81;charging=0;music=0;location_on=1"
1789425373009,995717855,hb,"recorder=1;since_fix_ms=23;fixes_this_process=5338;write_failures=0;screen_on=1;doze=0;battery_saver=0;unrestricted=1;bg_restricted=0;standby_bucket=5;thermal=0;battery_pct=81;charging=0;music=0;location_on=1"
1789425378016,995722863,hb,"recorder=1;since_fix_ms=34;fixes_this_process=5343;write_failures=0;screen_on=1;doze=0;battery_saver=0;unrestricted=1;bg_restricted=0;standby_bucket=5;thermal=0;battery_pct=81;charging=0;music=0;location_on=1"
1789425383025,995727872,hb,"recorder=1;since_fix_ms=29;fixes_this_process=5348;write_failures=0;screen_on=1;doze=0;battery_saver=0;unrestricted=1;bg_restricted=0;standby_bucket=5;thermal=0;battery_pct=81;charging=0;music=0;location_on=1"
1789425388033,995732879,hb,"recorder=1;since_fix_ms=39;fixes_this_process=5353;write_failures=0;screen_on=1;doze=0;battery_saver=0;unrestricted=1;bg_restricted=0;standby_bucket=5;thermal=0;battery_pct=81;charging=0;music=0;location_on=1"
1789425393041,995737887,hb,"recorder=1;since_fix_ms=52;fixes_this_process=5358;write_failures=0;screen_on=1;doze=0;battery_saver=0;unrestricted=1;bg_restricted=0;standby_bucket=5;thermal=0;battery_pct=81;charging=0;music=0;location_on=1"
1789425398050,995742897,hb,"recorder=1;since_fix_ms=65;fixes_this_process=5363;write_failures=0;screen_on=1;doze=0;battery_saver=0;unrestricted=1;bg_restricted=0;standby_bucket=5;thermal=0;battery_pct=81;charging=0;music=0;location_on=1"
1789425403058,995747904,hb,"recorder=1;since_fix_ms=74;fixes_this_process=5368;write_failures=0;screen_on=1;doze=0;battery_saver=0;unrestricted=1;bg_restricted=0;standby_bucket=5;thermal=0;battery_pct=81;charging=0;music=0;location_on=1"
1789425408065,995752912,hb,"recorder=1;since_fix_ms=85;fixes_this_process=5373;write_failures=0;screen_on=1;doze=0;battery_saver=0;unrestricted=1;bg_restricted=0;standby_bucket=5;thermal=0;battery_pct=81;charging=0;music=0;location_on=1"
1789425413079,995757925,hb,"recorder=1;since_fix_ms=296;fixes_this_process=5378;write_failures=0;screen_on=1;doze=0;battery_saver=0;unrestricted=1;bg_restricted=0;standby_bucket=5;thermal=0;battery_pct=81;charging=0;music=0;location_on=1"
1789425418087,995762933,hb,"recorder=1;since_fix_ms=99;fixes_this_process=5383;write_failures=0;screen_on=1;doze=0;battery_saver=0;unrestricted=1;bg_restricted=0;standby_bucket=5;thermal=0;battery_pct=81;charging=0;music=0;location_on=1"
1789425423095,995767942,hb,"recorder=1;since_fix_ms=108;fixes_this_process=5388;write_failures=0;screen_on=1;doze=0;battery_saver=0;unrestricted=1;bg_restricted=0;standby_bucket=5;thermal=0;battery_pct=81;charging=0;music=0;location_on=1"
1789425428101,995772947,hb,"recorder=1;since_fix_ms=103;fixes_this_process=5393;write_failures=0;screen_on=1;doze=0;battery_saver=0;unrestricted=1;bg_restricted=0;standby_bucket=5;thermal=0;battery_pct=81;charging=0;music=0;location_on=1"
1789425433109,995777955,hb,"recorder=1;since_fix_ms=125;fixes_this_process=5398;write_failures=0;screen_on=1;doze=0;battery_saver=0;unrestricted=1;bg_restricted=0;standby_bucket=5;thermal=0;battery_pct=81;charging=0;music=0;location_on=1"
1789425438114,995782960,hb,"recorder=1;since_fix_ms=126;fixes_this_process=5403;write_failures=0;screen_on=1;doze=0;battery_saver=0;unrestricted=1;bg_restricted=0;standby_bucket=5;thermal=0;battery_pct=81;charging=0;music=0;location_on=1"
1789425443126,995787973,hb,"recorder=1;since_fix_ms=130;fixes_this_process=5408;write_failures=0;screen_on=1;doze=0;battery_saver=0;unrestricted=1;bg_restricted=0;standby_bucket=5;thermal=0;battery_pct=81;charging=0;music=0;location_on=1"
1789425448135,995792981,hb,"recorder=1;since_fix_ms=153;fixes_this_process=5413;write_failures=0;screen_on=1;doze=0;battery_saver=0;unrestricted=1;bg_restricted=0;standby_bucket=5;thermal=0;battery_pct=81;charging=0;music=0;location_on=1"
1789425453142,995797989,hb,"recorder=1;since_fix_ms=160;fixes_this_process=5418;write_failures=0;screen_on=1;doze=0;battery_saver=0;unrestricted=1;bg_restricted=0;standby_bucket=5;thermal=0;battery_pct=81;charging=0;music=0;location_on=1"
1789425458154,995803000,hb,"recorder=1;since_fix_ms=164;fixes_this_process=5423;write_failures=0;screen_on=1;doze=0;battery_saver=0;unrestricted=1;bg_restricted=0;standby_bucket=5;thermal=0;battery_pct=81;charging=0;music=0;location_on=1"
1789425463159,995808006,hb,"recorder=1;since_fix_ms=238;fixes_this_process=5428;write_failures=0;screen_on=1;doze=0;battery_saver=0;unrestricted=1;bg_restricted=0;standby_bucket=5;thermal=0;battery_pct=81;charging=0;music=0;location_on=1"
1789425468169,995813015,hb,"recorder=1;since_fix_ms=187;fixes_this_process=5433;write_failures=0;screen_on=1;doze=0;battery_saver=0;unrestricted=1;bg_restricted=0;standby_bucket=5;thermal=0;battery_pct=81;charging=0;music=0;location_on=1"
1789425473181,995818028,hb,"recorder=1;since_fix_ms=200;fixes_this_process=5438;write_failures=0;screen_on=1;doze=0;battery_saver=0;unrestricted=1;bg_restricted=0;standby_bucket=5;thermal=0;battery_pct=81;charging=0;music=0;location_on=1"
1789425478187,995823033,hb,"recorder=1;since_fix_ms=208;fixes_this_process=5443;write_failures=0;screen_on=1;doze=0;battery_saver=0;unrestricted=1;bg_restricted=0;standby_bucket=5;thermal=0;battery_pct=81;charging=0;music=0;location_on=1"
1789425483190,995828036,hb,"recorder=1;since_fix_ms=246;fixes_this_process=5448;write_failures=0;screen_on=1;doze=0;battery_saver=0;unrestricted=1;bg_restricted=0;standby_bucket=5;thermal=0;battery_pct=81;charging=0;music=0;location_on=1"
1789425488202,995833048,hb,"recorder=1;since_fix_ms=302;fixes_this_process=5453;write_failures=0;screen_on=1;doze=0;battery_saver=0;unrestricted=1;bg_restricted=0;standby_bucket=5;thermal=0;battery_pct=81;charging=0;music=0;location_on=1"
1789425493206,995838052,hb,"recorder=1;since_fix_ms=215;fixes_this_process=5458;write_failures=0;screen_on=1;doze=0;battery_saver=0;unrestricted=1;bg_restricted=0;standby_bucket=5;thermal=0;battery_pct=81;charging=0;music=0;location_on=1"
1789425498212,995843059,hb,"recorder=1;since_fix_ms=225;fixes_this_process=5463;write_failures=0;screen_on=1;doze=0;battery_saver=0;unrestricted=1;bg_restricted=0;standby_bucket=5;thermal=0;battery_pct=81;charging=0;music=0;location_on=1"
1789425503218,995848065,hb,"recorder=1;since_fix_ms=228;fixes_this_process=5468;write_failures=0;screen_on=1;doze=0;battery_saver=0;unrestricted=1;bg_restricted=0;standby_bucket=5;thermal=0;battery_pct=81;charging=0;music=0;location_on=1"
1789425508222,995853069,hb,"recorder=1;since_fix_ms=240;fixes_this_process=5473;write_failures=0;screen_on=1;doze=0;battery_saver=0;unrestricted=1;bg_restricted=0;standby_bucket=5;thermal=0;battery_pct=81;charging=0;music=0;location_on=1"
1789425513227,995858073,hb,"recorder=1;since_fix_ms=246;fixes_this_process=5478;write_failures=0;screen_on=1;doze=0;battery_saver=0;unrestricted=1;bg_restricted=0;standby_bucket=5;thermal=0;battery_pct=81;charging=0;music=0;location_on=1"
1789425518241,995863088,hb,"recorder=1;since_fix_ms=337;fixes_this_process=5483;write_failures=0;screen_on=1;doze=0;battery_saver=0;unrestricted=1;bg_restricted=0;standby_bucket=5;thermal=0;battery_pct=81;charging=0;music=0;location_on=1"
1789425523250,995868096,hb,"recorder=1;since_fix_ms=266;fixes_this_process=5488;write_failures=0;screen_on=1;doze=0;battery_saver=0;unrestricted=1;bg_restricted=0;standby_bucket=5;thermal=0;battery_pct=81;charging=0;music=0;location_on=1"
1789425528258,995873105,hb,"recorder=1;since_fix_ms=276;fixes_this_process=5493;write_failures=0;screen_on=1;doze=0;battery_saver=0;unrestricted=1;bg_restricted=0;standby_bucket=5;thermal=0;battery_pct=81;charging=0;music=0;location_on=1"
1789425533269,995878116,hb,"recorder=1;since_fix_ms=290;fixes_this_process=5498;write_failures=0;screen_on=1;doze=0;battery_saver=0;unrestricted=1;bg_restricted=0;standby_bucket=5;thermal=0;battery_pct=81;charging=0;music=0;location_on=1"
1789425538273,995883120,hb,"recorder=1;since_fix_ms=289;fixes_this_process=5503;write_failures=0;screen_on=1;doze=0;battery_saver=0;unrestricted=1;bg_restricted=0;standby_bucket=5;thermal=0;battery_pct=81;charging=0;music=0;location_on=1"
1789425543282,995888128,hb,"recorder=1;since_fix_ms=299;fixes_this_process=5508;write_failures=0;screen_on=1;doze=0;battery_saver=0;unrestricted=1;bg_restricted=0;standby_bucket=5;thermal=0;battery_pct=81;charging=0;music=0;location_on=1"
1789425548296,995893142,hb,"recorder=1;since_fix_ms=310;fixes_this_process=5513;write_failures=0;screen_on=1;doze=0;battery_saver=0;unrestricted=1;bg_restricted=0;standby_bucket=5;thermal=0;battery_pct=81;charging=0;music=0;location_on=1"
1789425553305,995898151,hb,"recorder=1;since_fix_ms=312;fixes_this_process=5518;write_failures=0;screen_on=1;doze=0;battery_saver=0;unrestricted=1;bg_restricted=0;standby_bucket=5;thermal=0;battery_pct=81;charging=0;music=0;location_on=1"
1789425558313,995903159,hb,"recorder=1;since_fix_ms=331;fixes_this_process=5523;write_failures=0;screen_on=1;doze=0;battery_saver=0;unrestricted=1;bg_restricted=0;standby_bucket=5;thermal=0;battery_pct=81;charging=0;music=0;location_on=1"
1789425563327,995908174,hb,"recorder=1;since_fix_ms=337;fixes_this_process=5528;write_failures=0;screen_on=1;doze=0;battery_saver=0;unrestricted=1;bg_restricted=0;standby_bucket=5;thermal=0;battery_pct=81;charging=0;music=0;location_on=1"
1789425568336,995913183,hb,"recorder=1;since_fix_ms=354;fixes_this_process=5533;write_failures=0;screen_on=1;doze=0;battery_saver=0;unrestricted=1;bg_restricted=0;standby_bucket=5;thermal=0;battery_pct=81;charging=0;music=0;location_on=1"
1789425573341,995918188,hb,"recorder=1;since_fix_ms=351;fixes_this_process=5538;write_failures=0;screen_on=1;doze=0;battery_saver=0;unrestricted=1;bg_restricted=0;standby_bucket=5;thermal=0;battery_pct=81;charging=0;music=0;location_on=1"
1789425578355,995923201,hb,"recorder=1;since_fix_ms=368;fixes_this_process=5543;write_failures=0;screen_on=1;doze=0;battery_saver=0;unrestricted=1;bg_restricted=0;standby_bucket=5;thermal=0;battery_pct=81;charging=0;music=0;location_on=1"
1789425583364,995928210,hb,"recorder=1;since_fix_ms=379;fixes_this_process=5548;write_failures=0;screen_on=1;doze=0;battery_saver=0;unrestricted=1;bg_restricted=0;standby_bucket=5;thermal=0;battery_pct=81;charging=0;music=0;location_on=1"
1789425588372,995933219,hb,"recorder=1;since_fix_ms=372;fixes_this_process=5553;write_failures=0;screen_on=1;doze=0;battery_saver=0;unrestricted=1;bg_restricted=0;standby_bucket=5;thermal=0;battery_pct=81;charging=0;music=0;location_on=1"
1789425593385,995938232,hb,"recorder=1;since_fix_ms=423;fixes_this_process=5558;write_failures=0;screen_on=1;doze=0;battery_saver=0;unrestricted=1;bg_restricted=0;standby_bucket=5;thermal=0;battery_pct=81;charging=0;music=0;location_on=1"
1789425598393,995943239,hb,"recorder=1;since_fix_ms=509;fixes_this_process=5563;write_failures=0;screen_on=1;doze=0;battery_saver=0;unrestricted=1;bg_restricted=0;standby_bucket=5;thermal=0;battery_pct=81;charging=0;music=0;location_on=1"
1789425603401,995948248,hb,"recorder=1;since_fix_ms=419;fixes_this_process=5568;write_failures=0;screen_on=1;doze=0;battery_saver=0;unrestricted=1;bg_restricted=0;standby_bucket=5;thermal=0;battery_pct=81;charging=0;music=0;location_on=1"
1789425608414,995953260,hb,"recorder=1;since_fix_ms=430;fixes_this_process=5573;write_failures=0;screen_on=1;doze=0;battery_saver=0;unrestricted=1;bg_restricted=0;standby_bucket=5;thermal=0;battery_pct=81;charging=0;music=0;location_on=1"
1789425613422,995958269,hb,"recorder=1;since_fix_ms=428;fixes_this_process=5578;write_failures=0;screen_on=1;doze=0;battery_saver=0;unrestricted=1;bg_restricted=0;standby_bucket=5;thermal=0;battery_pct=81;charging=0;music=0;location_on=1"
1789425618431,995963278,hb,"recorder=1;since_fix_ms=448;fixes_this_process=5583;write_failures=0;screen_on=1;doze=0;battery_saver=0;unrestricted=1;bg_restricted=0;standby_bucket=5;thermal=0;battery_pct=81;charging=0;music=0;location_on=1"
1789425623445,995968291,hb,"recorder=1;since_fix_ms=453;fixes_this_process=5588;write_failures=0;screen_on=1;doze=0;battery_saver=0;unrestricted=1;bg_restricted=0;standby_bucket=5;thermal=0;battery_pct=81;charging=0;music=0;location_on=1"
1789425628453,995973300,hb,"recorder=1;since_fix_ms=468;fixes_this_process=5593;write_failures=0;screen_on=1;doze=0;battery_saver=0;unrestricted=1;bg_restricted=0;standby_bucket=5;thermal=0;battery_pct=81;charging=0;music=0;location_on=1"
1789425633458,995978305,hb,"recorder=1;since_fix_ms=471;fixes_this_process=5598;write_failures=0;screen_on=1;doze=0;battery_saver=0;unrestricted=1;bg_restricted=0;standby_bucket=5;thermal=0;battery_pct=81;charging=0;music=0;location_on=1"
1789425638471,995983318,hb,"recorder=1;since_fix_ms=485;fixes_this_process=5603;write_failures=0;screen_on=1;doze=0;battery_saver=0;unrestricted=1;bg_restricted=0;standby_bucket=5;thermal=0;battery_pct=81;charging=0;music=0;location_on=1"
1789425643476,995988323,hb,"recorder=1;since_fix_ms=478;fixes_this_process=5608;write_failures=0;screen_on=1;doze=0;battery_saver=0;unrestricted=1;bg_restricted=0;standby_bucket=5;thermal=0;battery_pct=81;charging=0;music=0;location_on=1"
1789425648484,995993331,hb,"recorder=1;since_fix_ms=580;fixes_this_process=5613;write_failures=0;screen_on=1;doze=0;battery_saver=0;unrestricted=1;bg_restricted=0;standby_bucket=5;thermal=0;battery_pct=81;charging=0;music=0;location_on=1"
1789425653495,995998341,hb,"recorder=1;since_fix_ms=548;fixes_this_process=5618;write_failures=0;screen_on=1;doze=0;battery_saver=0;unrestricted=1;bg_restricted=0;standby_bucket=5;thermal=0;battery_pct=81;charging=0;music=0;location_on=1"
1789425658502,996003348,hb,"recorder=1;since_fix_ms=522;fixes_this_process=5623;write_failures=0;screen_on=1;doze=0;battery_saver=0;unrestricted=1;bg_restricted=0;standby_bucket=5;thermal=0;battery_pct=81;charging=0;music=0;location_on=1"
1789425663507,996008353,hb,"recorder=1;since_fix_ms=524;fixes_this_process=5628;write_failures=0;screen_on=1;doze=0;battery_saver=0;unrestricted=1;bg_restricted=0;standby_bucket=5;thermal=0;battery_pct=81;charging=0;music=0;location_on=1"
1789425668513,996013360,hb,"recorder=1;since_fix_ms=531;fixes_this_process=5633;write_failures=0;screen_on=1;doze=0;battery_saver=0;unrestricted=1;bg_restricted=0;standby_bucket=5;thermal=0;battery_pct=81;charging=0;music=0;location_on=1"
1789425673518,996018365,hb,"recorder=1;since_fix_ms=537;fixes_this_process=5638;write_failures=0;screen_on=1;doze=0;battery_saver=0;unrestricted=1;bg_restricted=0;standby_bucket=5;thermal=0;battery_pct=81;charging=0;music=0;location_on=1"
1789425678489,996023335,screen_off,"screen_on=0;doze=0;battery_saver=0;unrestricted=1;bg_restricted=0;standby_bucket=5;thermal=0;battery_pct=81;charging=0;music=0;location_on=1"
1789425678520,996023367,hb,"recorder=1;since_fix_ms=539;fixes_this_process=5643;write_failures=0;screen_on=0;doze=0;battery_saver=0;unrestricted=1;bg_restricted=0;standby_bucket=5;thermal=0;battery_pct=81;charging=0;music=0;location_on=1"
1789425683532,996028378,hb,"recorder=1;since_fix_ms=550;fixes_this_process=5648;write_failures=0;screen_on=0;doze=0;battery_saver=0;unrestricted=1;bg_restricted=0;standby_bucket=5;thermal=0;battery_pct=81;charging=0;music=0;location_on=1"
1789425688540,996033387,hb,"recorder=1;since_fix_ms=549;fixes_this_process=5653;write_failures=0;screen_on=0;doze=0;battery_saver=0;unrestricted=1;bg_restricted=0;standby_bucket=5;thermal=0;battery_pct=81;charging=0;music=0;location_on=1"
1789425693544,996038391,hb,"recorder=1;since_fix_ms=563;fixes_this_process=5658;write_failures=0;screen_on=0;doze=0;battery_saver=0;unrestricted=1;bg_restricted=0;standby_bucket=5;thermal=0;battery_pct=81;charging=0;music=0;location_on=1"
1789425698557,996043403,hb,"recorder=1;since_fix_ms=565;fixes_this_process=5663;write_failures=0;screen_on=0;doze=0;battery_saver=0;unrestricted=1;bg_restricted=0;standby_bucket=5;thermal=0;battery_pct=81;charging=0;music=0;location_on=1"
1789425703565,996048411,hb,"recorder=1;since_fix_ms=610;fixes_this_process=5668;write_failures=0;screen_on=0;doze=0;battery_saver=0;unrestricted=1;bg_restricted=0;standby_bucket=5;thermal=0;battery_pct=81;charging=0;music=0;location_on=1"
1789425708573,996053419,hb,"recorder=1;since_fix_ms=590;fixes_this_process=5673;write_failures=0;screen_on=0;doze=0;battery_saver=0;unrestricted=1;bg_restricted=0;standby_bucket=5;thermal=0;battery_pct=81;charging=0;music=0;location_on=1"
1789425713586,996058432,hb,"recorder=1;since_fix_ms=594;fixes_this_process=5678;write_failures=0;screen_on=0;doze=0;battery_saver=0;unrestricted=1;bg_restricted=0;standby_bucket=5;thermal=0;battery_pct=81;charging=0;music=0;location_on=1"
1789425718594,996063440,hb,"recorder=1;since_fix_ms=604;fixes_this_process=5683;write_failures=0;screen_on=0;doze=0;battery_saver=0;unrestricted=1;bg_restricted=0;standby_bucket=5;thermal=0;battery_pct=81;charging=0;music=0;location_on=1"
1789425723602,996068449,hb,"recorder=1;since_fix_ms=607;fixes_this_process=5688;write_failures=0;screen_on=0;doze=0;battery_saver=0;unrestricted=1;bg_restricted=0;standby_bucket=5;thermal=0;battery_pct=81;charging=0;music=0;location_on=1"
1789425728613,996073460,hb,"recorder=1;since_fix_ms=623;fixes_this_process=5693;write_failures=0;screen_on=0;doze=0;battery_saver=0;unrestricted=1;bg_restricted=0;standby_bucket=5;thermal=0;battery_pct=81;charging=0;music=0;location_on=1"
1789425733622,996078469,hb,"recorder=1;since_fix_ms=624;fixes_this_process=5698;write_failures=0;screen_on=0;doze=0;battery_saver=0;unrestricted=1;bg_restricted=0;standby_bucket=5;thermal=0;battery_pct=81;charging=0;music=0;location_on=1"
1789425738632,996083479,hb,"recorder=1;since_fix_ms=636;fixes_this_process=5703;write_failures=0;screen_on=0;doze=0;battery_saver=0;unrestricted=1;bg_restricted=0;standby_bucket=5;thermal=0;battery_pct=81;charging=0;music=0;location_on=1"
1789425743645,996088492,hb,"recorder=1;since_fix_ms=653;fixes_this_process=5708;write_failures=0;screen_on=0;doze=0;battery_saver=0;unrestricted=1;bg_restricted=0;standby_bucket=5;thermal=0;battery_pct=81;charging=0;music=0;location_on=1"
1789425748651,996093498,hb,"recorder=1;since_fix_ms=667;fixes_this_process=5713;write_failures=0;screen_on=0;doze=0;battery_saver=0;unrestricted=1;bg_restricted=0;standby_bucket=5;thermal=0;battery_pct=81;charging=0;music=0;location_on=1"
1789425753660,996098506,hb,"recorder=1;since_fix_ms=670;fixes_this_process=5718;write_failures=0;screen_on=0;doze=0;battery_saver=0;unrestricted=1;bg_restricted=0;standby_bucket=5;thermal=0;battery_pct=81;charging=0;music=0;location_on=1"
1789425758674,996103520,hb,"recorder=1;since_fix_ms=682;fixes_this_process=5723;write_failures=0;screen_on=0;doze=0;battery_saver=0;unrestricted=1;bg_restricted=0;standby_bucket=5;thermal=0;battery_pct=81;charging=0;music=0;location_on=1"
1789425763682,996108528,hb,"recorder=1;since_fix_ms=693;fixes_this_process=5728;write_failures=0;screen_on=0;doze=0;battery_saver=0;unrestricted=1;bg_restricted=0;standby_bucket=5;thermal=0;battery_pct=81;charging=0;music=0;location_on=1"
1789425768691,996113537,hb,"recorder=1;since_fix_ms=699;fixes_this_process=5733;write_failures=0;screen_on=0;doze=0;battery_saver=0;unrestricted=1;bg_restricted=0;standby_bucket=5;thermal=0;battery_pct=81;charging=0;music=0;location_on=1"
1789425773705,996118551,hb,"recorder=1;since_fix_ms=717;fixes_this_process=5738;write_failures=0;screen_on=0;doze=0;battery_saver=0;unrestricted=1;bg_restricted=0;standby_bucket=5;thermal=0;battery_pct=81;charging=0;music=0;location_on=1"
1789425778714,996123560,hb,"recorder=1;since_fix_ms=719;fixes_this_process=5743;write_failures=0;screen_on=0;doze=0;battery_saver=0;unrestricted=1;bg_restricted=0;standby_bucket=5;thermal=0;battery_pct=81;charging=0;music=0;location_on=1"
1789425783723,996128569,hb,"recorder=1;since_fix_ms=712;fixes_this_process=5748;write_failures=0;screen_on=0;doze=0;battery_saver=0;unrestricted=1;bg_restricted=0;standby_bucket=5;thermal=0;battery_pct=81;charging=0;music=0;location_on=1"
1789425788733,996133580,hb,"recorder=1;since_fix_ms=744;fixes_this_process=5753;write_failures=0;screen_on=0;doze=0;battery_saver=0;unrestricted=1;bg_restricted=0;standby_bucket=5;thermal=0;battery_pct=81;charging=0;music=0;location_on=1"
1789425793743,996138589,hb,"recorder=1;since_fix_ms=748;fixes_this_process=5758;write_failures=0;screen_on=0;doze=0;battery_saver=0;unrestricted=1;bg_restricted=0;standby_bucket=5;thermal=0;battery_pct=81;charging=0;music=0;location_on=1"
1789425798752,996143598,hb,"recorder=1;since_fix_ms=759;fixes_this_process=5763;write_failures=0;screen_on=0;doze=0;battery_saver=0;unrestricted=1;bg_restricted=0;standby_bucket=5;thermal=0;battery_pct=81;charging=0;music=0;location_on=1"
1789425803765,996148611,hb,"recorder=1;since_fix_ms=773;fixes_this_process=5768;write_failures=0;screen_on=0;doze=0;battery_saver=0;unrestricted=1;bg_restricted=0;standby_bucket=5;thermal=0;battery_pct=81;charging=0;music=0;location_on=1"
1789425808774,996153621,hb,"recorder=1;since_fix_ms=777;fixes_this_process=5773;write_failures=0;screen_on=0;doze=0;battery_saver=0;unrestricted=1;bg_restricted=0;standby_bucket=5;thermal=0;battery_pct=81;charging=0;music=0;location_on=1"
1789425813783,996158629,hb,"recorder=1;since_fix_ms=891;fixes_this_process=5778;write_failures=0;screen_on=0;doze=0;battery_saver=0;unrestricted=1;bg_restricted=0;standby_bucket=5;thermal=0;battery_pct=81;charging=0;music=0;location_on=1"
1789425818794,996163641,hb,"recorder=1;since_fix_ms=800;fixes_this_process=5783;write_failures=0;screen_on=0;doze=0;battery_saver=0;unrestricted=1;bg_restricted=0;standby_bucket=5;thermal=0;battery_pct=81;charging=0;music=0;location_on=1"
1789425823803,996168649,hb,"recorder=1;since_fix_ms=946;fixes_this_process=5788;write_failures=0;screen_on=0;doze=0;battery_saver=0;unrestricted=1;bg_restricted=0;standby_bucket=5;thermal=0;battery_pct=81;charging=0;music=0;location_on=1"
1789425828810,996173656,hb,"recorder=1;since_fix_ms=55;fixes_this_process=5794;write_failures=0;screen_on=0;doze=0;battery_saver=0;unrestricted=1;bg_restricted=0;standby_bucket=5;thermal=0;battery_pct=81;charging=0;music=0;location_on=1"
1789425833819,996178666,hb,"recorder=1;since_fix_ms=1041;fixes_this_process=5798;write_failures=0;screen_on=0;doze=0;battery_saver=0;unrestricted=1;bg_restricted=0;standby_bucket=5;thermal=0;battery_pct=81;charging=0;music=0;location_on=1"
1789425838827,996183674,hb,"recorder=1;since_fix_ms=841;fixes_this_process=5803;write_failures=0;screen_on=0;doze=0;battery_saver=0;unrestricted=1;bg_restricted=0;standby_bucket=5;thermal=0;battery_pct=81;charging=0;music=0;location_on=1"
1789425843831,996188678,hb,"recorder=1;since_fix_ms=853;fixes_this_process=5808;write_failures=0;screen_on=0;doze=0;battery_saver=0;unrestricted=1;bg_restricted=0;standby_bucket=5;thermal=0;battery_pct=81;charging=0;music=0;location_on=1"
1789425848841,996193687,hb,"recorder=1;since_fix_ms=858;fixes_this_process=5813;write_failures=0;screen_on=0;doze=0;battery_saver=0;unrestricted=1;bg_restricted=0;standby_bucket=5;thermal=0;battery_pct=81;charging=0;music=0;location_on=1"
1789425853847,996198693,hb,"recorder=1;since_fix_ms=908;fixes_this_process=5818;write_failures=0;screen_on=0;doze=0;battery_saver=0;unrestricted=1;bg_restricted=0;standby_bucket=5;thermal=0;battery_pct=81;charging=0;music=0;location_on=1"
1789425858854,996203700,hb,"recorder=1;since_fix_ms=865;fixes_this_process=5823;write_failures=0;screen_on=0;doze=0;battery_saver=0;unrestricted=1;bg_restricted=0;standby_bucket=5;thermal=0;battery_pct=81;charging=0;music=0;location_on=1"
1789425863867,996208713,hb,"recorder=1;since_fix_ms=882;fixes_this_process=5828;write_failures=0;screen_on=0;doze=0;battery_saver=0;unrestricted=1;bg_restricted=0;standby_bucket=5;thermal=0;battery_pct=81;charging=0;music=0;location_on=1"
1789425868876,996213722,hb,"recorder=1;since_fix_ms=883;fixes_this_process=5833;write_failures=0;screen_on=0;doze=0;battery_saver=0;unrestricted=1;bg_restricted=0;standby_bucket=5;thermal=0;battery_pct=81;charging=0;music=0;location_on=1"
1789425873884,996218731,hb,"recorder=1;since_fix_ms=888;fixes_this_process=5838;write_failures=0;screen_on=0;doze=0;battery_saver=0;unrestricted=1;bg_restricted=0;standby_bucket=5;thermal=0;battery_pct=81;charging=0;music=0;location_on=1"
1789425878897,996223743,hb,"recorder=1;since_fix_ms=912;fixes_this_process=5843;write_failures=0;screen_on=0;doze=0;battery_saver=0;unrestricted=1;bg_restricted=0;standby_bucket=5;thermal=0;battery_pct=81;charging=0;music=0;location_on=1"
1789425883905,996228751,hb,"recorder=1;since_fix_ms=935;fixes_this_process=5848;write_failures=0;screen_on=0;doze=0;battery_saver=0;unrestricted=1;bg_restricted=0;standby_bucket=5;thermal=0;battery_pct=81;charging=0;music=0;location_on=1"
1789425888913,996233760,hb,"recorder=1;since_fix_ms=920;fixes_this_process=5853;write_failures=0;screen_on=0;doze=0;battery_saver=0;unrestricted=1;bg_restricted=0;standby_bucket=5;thermal=0;battery_pct=81;charging=0;music=0;location_on=1"
1789425893922,996238768,hb,"recorder=1;since_fix_ms=924;fixes_this_process=5858;write_failures=0;screen_on=0;doze=0;battery_saver=0;unrestricted=1;bg_restricted=0;standby_bucket=5;thermal=0;battery_pct=81;charging=0;music=0;location_on=1"
1789425898929,996243776,hb,"recorder=1;since_fix_ms=928;fixes_this_process=5863;write_failures=0;screen_on=0;doze=0;battery_saver=0;unrestricted=1;bg_restricted=0;standby_bucket=5;thermal=0;battery_pct=81;charging=0;music=0;location_on=1"
1789425903938,996248784,hb,"recorder=1;since_fix_ms=947;fixes_this_process=5868;write_failures=0;screen_on=0;doze=0;battery_saver=0;unrestricted=1;bg_restricted=0;standby_bucket=5;thermal=0;battery_pct=81;charging=0;music=0;location_on=1"
1789425908952,996253798,hb,"recorder=1;since_fix_ms=957;fixes_this_process=5873;write_failures=0;screen_on=0;doze=0;battery_saver=0;unrestricted=1;bg_restricted=0;standby_bucket=5;thermal=0;battery_pct=81;charging=0;music=0;location_on=1"
1789425913960,996258807,hb,"recorder=1;since_fix_ms=972;fixes_this_process=5878;write_failures=0;screen_on=0;doze=0;battery_saver=0;unrestricted=1;bg_restricted=0;standby_bucket=5;thermal=0;battery_pct=81;charging=0;music=0;location_on=1"
1789425918971,996263817,hb,"recorder=1;since_fix_ms=976;fixes_this_process=5883;write_failures=0;screen_on=0;doze=0;battery_saver=0;unrestricted=1;bg_restricted=0;standby_bucket=5;thermal=0;battery_pct=81;charging=0;music=0;location_on=1"
1789425923982,996268828,hb,"recorder=1;since_fix_ms=104;fixes_this_process=5889;write_failures=0;screen_on=0;doze=0;battery_saver=0;unrestricted=1;bg_restricted=0;standby_bucket=5;thermal=0;battery_pct=81;charging=0;music=0;location_on=1"
1789425928988,996273835,hb,"recorder=1;since_fix_ms=1017;fixes_this_process=5893;write_failures=0;screen_on=0;doze=0;battery_saver=0;unrestricted=1;bg_restricted=0;standby_bucket=5;thermal=0;battery_pct=81;charging=0;music=0;location_on=1"
1789425933992,996278838,hb,"recorder=1;since_fix_ms=5;fixes_this_process=5899;write_failures=0;screen_on=0;doze=0;battery_saver=0;unrestricted=1;bg_restricted=0;standby_bucket=5;thermal=0;battery_pct=81;charging=0;music=0;location_on=1"
1789425938997,996283844,hb,"recorder=1;since_fix_ms=84;fixes_this_process=5904;write_failures=0;screen_on=0;doze=0;battery_saver=0;unrestricted=1;bg_restricted=0;standby_bucket=5;thermal=0;battery_pct=81;charging=0;music=0;location_on=1"
1789425944004,996288851,hb,"recorder=1;since_fix_ms=15;fixes_this_process=5909;write_failures=0;screen_on=0;doze=0;battery_saver=0;unrestricted=1;bg_restricted=0;standby_bucket=5;thermal=0;battery_pct=81;charging=0;music=0;location_on=1"
1789425949010,996293857,hb,"recorder=1;since_fix_ms=26;fixes_this_process=5914;write_failures=0;screen_on=0;doze=0;battery_saver=0;unrestricted=1;bg_restricted=0;standby_bucket=5;thermal=0;battery_pct=81;charging=0;music=0;location_on=1"
1789425954019,996298866,hb,"recorder=1;since_fix_ms=41;fixes_this_process=5919;write_failures=0;screen_on=0;doze=0;battery_saver=0;unrestricted=1;bg_restricted=0;standby_bucket=5;thermal=0;battery_pct=81;charging=0;music=0;location_on=1"
1789425959028,996303875,hb,"recorder=1;since_fix_ms=140;fixes_this_process=5924;write_failures=0;screen_on=0;doze=0;battery_saver=0;unrestricted=1;bg_restricted=0;standby_bucket=5;thermal=0;battery_pct=81;charging=0;music=0;location_on=1"
1789425964038,996308884,hb,"recorder=1;since_fix_ms=46;fixes_this_process=5929;write_failures=0;screen_on=0;doze=0;battery_saver=0;unrestricted=1;bg_restricted=0;standby_bucket=5;thermal=0;battery_pct=81;charging=0;music=0;location_on=1"
1789425969043,996313889,hb,"recorder=1;since_fix_ms=51;fixes_this_process=5934;write_failures=0;screen_on=0;doze=0;battery_saver=0;unrestricted=1;bg_restricted=0;standby_bucket=5;thermal=0;battery_pct=81;charging=0;music=0;location_on=1"
1789425974049,996318896,hb,"recorder=1;since_fix_ms=42;fixes_this_process=5939;write_failures=0;screen_on=0;doze=0;battery_saver=0;unrestricted=1;bg_restricted=0;standby_bucket=5;thermal=0;battery_pct=81;charging=0;music=0;location_on=1"
1789425979057,996323903,hb,"recorder=1;since_fix_ms=50;fixes_this_process=5944;write_failures=0;screen_on=0;doze=0;battery_saver=0;unrestricted=1;bg_restricted=0;standby_bucket=5;thermal=0;battery_pct=81;charging=0;music=0;location_on=1"
1789425984066,996328912,hb,"recorder=1;since_fix_ms=125;fixes_this_process=5949;write_failures=0;screen_on=0;doze=0;battery_saver=0;unrestricted=1;bg_restricted=0;standby_bucket=5;thermal=0;battery_pct=81;charging=0;music=0;location_on=1"
1789425989073,996333920,hb,"recorder=1;since_fix_ms=68;fixes_this_process=5954;write_failures=0;screen_on=0;doze=0;battery_saver=0;unrestricted=1;bg_restricted=0;standby_bucket=5;thermal=0;battery_pct=81;charging=0;music=0;location_on=1"
1789425994082,996338928,hb,"recorder=1;since_fix_ms=91;fixes_this_process=5959;write_failures=0;screen_on=0;doze=0;battery_saver=0;unrestricted=1;bg_restricted=0;standby_bucket=5;thermal=0;battery_pct=81;charging=0;music=0;location_on=1"
1789425999094,996343941,hb,"recorder=1;since_fix_ms=85;fixes_this_process=5964;write_failures=0;screen_on=0;doze=0;battery_saver=0;unrestricted=1;bg_restricted=0;standby_bucket=5;thermal=0;battery_pct=81;charging=0;music=0;location_on=1"
1789426004099,996348945,hb,"recorder=1;since_fix_ms=104;fixes_this_process=5969;write_failures=0;screen_on=0;doze=0;battery_saver=0;unrestricted=1;bg_restricted=0;standby_bucket=5;thermal=0;battery_pct=81;charging=0;music=0;location_on=1"
1789426009105,996353952,hb,"recorder=1;since_fix_ms=120;fixes_this_process=5974;write_failures=0;screen_on=0;doze=0;battery_saver=0;unrestricted=1;bg_restricted=0;standby_bucket=5;thermal=0;battery_pct=81;charging=0;music=0;location_on=1"
1789426014113,996358959,hb,"recorder=1;since_fix_ms=121;fixes_this_process=5979;write_failures=0;screen_on=0;doze=0;battery_saver=0;unrestricted=1;bg_restricted=0;standby_bucket=5;thermal=0;battery_pct=81;charging=0;music=0;location_on=1"
1789426019121,996363967,hb,"recorder=1;since_fix_ms=134;fixes_this_process=5984;write_failures=0;screen_on=0;doze=0;battery_saver=0;unrestricted=1;bg_restricted=0;standby_bucket=5;thermal=0;battery_pct=81;charging=0;music=0;location_on=1"
1789426024131,996368977,hb,"recorder=1;since_fix_ms=137;fixes_this_process=5989;write_failures=0;screen_on=0;doze=0;battery_saver=0;unrestricted=1;bg_restricted=0;standby_bucket=5;thermal=0;battery_pct=81;charging=0;music=0;location_on=1"
1789426029137,996373984,hb,"recorder=1;since_fix_ms=148;fixes_this_process=5994;write_failures=0;screen_on=0;doze=0;battery_saver=0;unrestricted=1;bg_restricted=0;standby_bucket=5;thermal=0;battery_pct=81;charging=0;music=0;location_on=1"
1789426034141,996378988,hb,"recorder=1;since_fix_ms=152;fixes_this_process=5999;write_failures=0;screen_on=0;doze=0;battery_saver=0;unrestricted=1;bg_restricted=0;standby_bucket=5;thermal=0;battery_pct=81;charging=0;music=0;location_on=1"
1789426039152,996383998,hb,"recorder=1;since_fix_ms=157;fixes_this_process=6004;write_failures=0;screen_on=0;doze=0;battery_saver=0;unrestricted=1;bg_restricted=0;standby_bucket=5;thermal=0;battery_pct=81;charging=0;music=0;location_on=1"
1789426044157,996389004,hb,"recorder=1;since_fix_ms=170;fixes_this_process=6009;write_failures=0;screen_on=0;doze=0;battery_saver=0;unrestricted=1;bg_restricted=0;standby_bucket=5;thermal=0;battery_pct=81;charging=0;music=0;location_on=1"
1789426049166,996394013,hb,"recorder=1;since_fix_ms=179;fixes_this_process=6014;write_failures=0;screen_on=0;doze=0;battery_saver=0;unrestricted=1;bg_restricted=0;standby_bucket=5;thermal=0;battery_pct=81;charging=0;music=0;location_on=1"
1789426054174,996399021,hb,"recorder=1;since_fix_ms=170;fixes_this_process=6019;write_failures=0;screen_on=0;doze=0;battery_saver=0;unrestricted=1;bg_restricted=0;standby_bucket=5;thermal=0;battery_pct=81;charging=0;music=0;location_on=1"
1789426054677,996399523,screen_on,"screen_on=1;doze=0;battery_saver=0;unrestricted=1;bg_restricted=0;standby_bucket=5;thermal=0;battery_pct=81;charging=0;music=0;location_on=1"
1789426056675,996401521,screen_off,"screen_on=1;doze=0;battery_saver=0;unrestricted=1;bg_restricted=0;standby_bucket=5;thermal=0;battery_pct=81;charging=0;music=0;location_on=1"
1789426056693,996401540,screen_on,"screen_on=1;doze=0;battery_saver=0;unrestricted=1;bg_restricted=0;standby_bucket=5;thermal=0;battery_pct=81;charging=0;music=0;location_on=1"
1789426059185,996404031,hb,"recorder=1;since_fix_ms=212;fixes_this_process=6024;write_failures=0;screen_on=1;doze=0;battery_saver=0;unrestricted=1;bg_restricted=0;standby_bucket=5;thermal=0;battery_pct=81;charging=0;music=0;location_on=1"
1789426064191,996409037,hb,"recorder=1;since_fix_ms=203;fixes_this_process=6029;write_failures=0;screen_on=1;doze=0;battery_saver=0;unrestricted=1;bg_restricted=0;standby_bucket=5;thermal=0;battery_pct=81;charging=0;music=0;location_on=1"
1789426069198,996414044,hb,"recorder=1;since_fix_ms=221;fixes_this_process=6034;write_failures=0;screen_on=1;doze=0;battery_saver=0;unrestricted=1;bg_restricted=0;standby_bucket=5;thermal=0;battery_pct=81;charging=0;music=0;location_on=1"
1789426074207,996419054,hb,"recorder=1;since_fix_ms=226;fixes_this_process=6039;write_failures=0;screen_on=1;doze=0;battery_saver=0;unrestricted=1;bg_restricted=0;standby_bucket=5;thermal=0;battery_pct=81;charging=0;music=0;location_on=1"
1789426079216,996424063,hb,"recorder=1;since_fix_ms=227;fixes_this_process=6044;write_failures=0;screen_on=1;doze=0;battery_saver=0;unrestricted=1;bg_restricted=0;standby_bucket=5;thermal=0;battery_pct=80;charging=0;music=0;location_on=1"
1789426084221,996429068,hb,"recorder=1;since_fix_ms=245;fixes_this_process=6049;write_failures=0;screen_on=1;doze=0;battery_saver=0;unrestricted=1;bg_restricted=0;standby_bucket=5;thermal=0;battery_pct=80;charging=0;music=0;location_on=1"
1789426089231,996434078,hb,"recorder=1;since_fix_ms=344;fixes_this_process=6054;write_failures=0;screen_on=1;doze=0;battery_saver=0;unrestricted=1;bg_restricted=0;standby_bucket=5;thermal=0;battery_pct=80;charging=0;music=0;location_on=1"
1789426094236,996439083,hb,"recorder=1;since_fix_ms=254;fixes_this_process=6059;write_failures=0;screen_on=1;doze=0;battery_saver=0;unrestricted=1;bg_restricted=0;standby_bucket=5;thermal=0;battery_pct=80;charging=0;music=0;location_on=1"
1789426099244,996444090,hb,"recorder=1;since_fix_ms=263;fixes_this_process=6064;write_failures=0;screen_on=1;doze=0;battery_saver=0;unrestricted=1;bg_restricted=0;standby_bucket=5;thermal=0;battery_pct=80;charging=0;music=0;location_on=1"
1789426104253,996449100,hb,"recorder=1;since_fix_ms=272;fixes_this_process=6069;write_failures=0;screen_on=1;doze=0;battery_saver=0;unrestricted=1;bg_restricted=0;standby_bucket=5;thermal=0;battery_pct=80;charging=0;music=0;location_on=1"
1789426109263,996454109,hb,"recorder=1;since_fix_ms=276;fixes_this_process=6074;write_failures=0;screen_on=1;doze=0;battery_saver=0;unrestricted=1;bg_restricted=0;standby_bucket=5;thermal=0;battery_pct=80;charging=0;music=0;location_on=1"
1789426114268,996459114,hb,"recorder=1;since_fix_ms=278;fixes_this_process=6079;write_failures=0;screen_on=1;doze=0;battery_saver=0;unrestricted=1;bg_restricted=0;standby_bucket=5;thermal=0;battery_pct=80;charging=0;music=0;location_on=1"
1789426119278,996464125,hb,"recorder=1;since_fix_ms=299;fixes_this_process=6084;write_failures=0;screen_on=1;doze=0;battery_saver=0;unrestricted=1;bg_restricted=0;standby_bucket=5;thermal=0;battery_pct=80;charging=0;music=0;location_on=1"
1789426124287,996469134,hb,"recorder=1;since_fix_ms=296;fixes_this_process=6089;write_failures=0;screen_on=1;doze=0;battery_saver=0;unrestricted=1;bg_restricted=0;standby_bucket=5;thermal=0;battery_pct=80;charging=0;music=0;location_on=1"
1789426129296,996474142,hb,"recorder=1;since_fix_ms=315;fixes_this_process=6094;write_failures=0;screen_on=1;doze=0;battery_saver=0;unrestricted=1;bg_restricted=0;standby_bucket=5;thermal=0;battery_pct=80;charging=0;music=0;location_on=1"
1789426134306,996479152,hb,"recorder=1;since_fix_ms=420;fixes_this_process=6099;write_failures=0;screen_on=1;doze=0;battery_saver=0;unrestricted=1;bg_restricted=0;standby_bucket=5;thermal=0;battery_pct=80;charging=0;music=0;location_on=1"
1789426139314,996484161,hb,"recorder=1;since_fix_ms=347;fixes_this_process=6104;write_failures=0;screen_on=1;doze=0;battery_saver=0;unrestricted=1;bg_restricted=0;standby_bucket=5;thermal=0;battery_pct=80;charging=0;music=0;location_on=1"
1789426144322,996489169,hb,"recorder=1;since_fix_ms=341;fixes_this_process=6109;write_failures=0;screen_on=1;doze=0;battery_saver=0;unrestricted=1;bg_restricted=0;standby_bucket=5;thermal=0;battery_pct=80;charging=0;music=0;location_on=1"
1789426149328,996494174,hb,"recorder=1;since_fix_ms=439;fixes_this_process=6114;write_failures=0;screen_on=1;doze=0;battery_saver=0;unrestricted=1;bg_restricted=0;standby_bucket=5;thermal=0;battery_pct=80;charging=0;music=0;location_on=1"
1789426154336,996499182,hb,"recorder=1;since_fix_ms=358;fixes_this_process=6119;write_failures=0;screen_on=1;doze=0;battery_saver=0;unrestricted=1;bg_restricted=0;standby_bucket=5;thermal=0;battery_pct=80;charging=0;music=0;location_on=1"
1789426159341,996504188,hb,"recorder=1;since_fix_ms=359;fixes_this_process=6124;write_failures=0;screen_on=1;doze=0;battery_saver=0;unrestricted=1;bg_restricted=0;standby_bucket=5;thermal=0;battery_pct=80;charging=0;music=0;location_on=1"
1789426164353,996509200,hb,"recorder=1;since_fix_ms=368;fixes_this_process=6129;write_failures=0;screen_on=1;doze=0;battery_saver=0;unrestricted=1;bg_restricted=0;standby_bucket=5;thermal=0;battery_pct=80;charging=0;music=0;location_on=1"
1789426169362,996514208,hb,"recorder=1;since_fix_ms=380;fixes_this_process=6134;write_failures=0;screen_on=1;doze=0;battery_saver=0;unrestricted=1;bg_restricted=0;standby_bucket=5;thermal=0;battery_pct=80;charging=0;music=0;location_on=1"
1789426174369,996519216,hb,"recorder=1;since_fix_ms=390;fixes_this_process=6139;write_failures=0;screen_on=1;doze=0;battery_saver=0;unrestricted=1;bg_restricted=0;standby_bucket=5;thermal=0;battery_pct=80;charging=0;music=0;location_on=1"
1789426179380,996524227,hb,"recorder=1;since_fix_ms=400;fixes_this_process=6144;write_failures=0;screen_on=1;doze=0;battery_saver=0;unrestricted=1;bg_restricted=0;standby_bucket=5;thermal=0;battery_pct=80;charging=0;music=0;location_on=1"
1789426184388,996529234,hb,"recorder=1;since_fix_ms=462;fixes_this_process=6149;write_failures=0;screen_on=1;doze=0;battery_saver=0;unrestricted=1;bg_restricted=0;standby_bucket=5;thermal=0;battery_pct=80;charging=0;music=0;location_on=1"
1789426189395,996534242,hb,"recorder=1;since_fix_ms=422;fixes_this_process=6154;write_failures=0;screen_on=1;doze=0;battery_saver=0;unrestricted=1;bg_restricted=0;standby_bucket=5;thermal=0;battery_pct=80;charging=0;music=0;location_on=1"
1789426194404,996539251,hb,"recorder=1;since_fix_ms=429;fixes_this_process=6159;write_failures=0;screen_on=1;doze=0;battery_saver=0;unrestricted=1;bg_restricted=0;standby_bucket=5;thermal=0;battery_pct=80;charging=0;music=0;location_on=1"
1789426199409,996544255,hb,"recorder=1;since_fix_ms=431;fixes_this_process=6164;write_failures=0;screen_on=1;doze=0;battery_saver=0;unrestricted=1;bg_restricted=0;standby_bucket=5;thermal=0;battery_pct=80;charging=0;music=0;location_on=1"
1789426204416,996549262,hb,"recorder=1;since_fix_ms=429;fixes_this_process=6169;write_failures=0;screen_on=1;doze=0;battery_saver=0;unrestricted=1;bg_restricted=0;standby_bucket=5;thermal=0;battery_pct=80;charging=0;music=0;location_on=1"
1789426209429,996554276,hb,"recorder=1;since_fix_ms=451;fixes_this_process=6174;write_failures=0;screen_on=1;doze=0;battery_saver=0;unrestricted=1;bg_restricted=0;standby_bucket=5;thermal=0;battery_pct=80;charging=0;music=0;location_on=1"
1789426214437,996559284,hb,"recorder=1;since_fix_ms=454;fixes_this_process=6179;write_failures=0;screen_on=1;doze=0;battery_saver=0;unrestricted=1;bg_restricted=0;standby_bucket=5;thermal=0;battery_pct=80;charging=0;music=0;location_on=1"
1789426219447,996564293,hb,"recorder=1;since_fix_ms=466;fixes_this_process=6184;write_failures=0;screen_on=1;doze=0;battery_saver=0;unrestricted=1;bg_restricted=0;standby_bucket=5;thermal=0;battery_pct=80;charging=0;music=0;location_on=1"
1789426224459,996569306,hb,"recorder=1;since_fix_ms=473;fixes_this_process=6189;write_failures=0;screen_on=1;doze=0;battery_saver=0;unrestricted=1;bg_restricted=0;standby_bucket=5;thermal=0;battery_pct=80;charging=0;music=0;location_on=1"
1789426229468,996574314,hb,"recorder=1;since_fix_ms=478;fixes_this_process=6194;write_failures=0;screen_on=1;doze=0;battery_saver=0;unrestricted=1;bg_restricted=0;standby_bucket=5;thermal=0;battery_pct=80;charging=0;music=0;location_on=1"
1789426234471,996579317,hb,"recorder=1;since_fix_ms=573;fixes_this_process=6199;write_failures=0;screen_on=1;doze=0;battery_saver=0;unrestricted=1;bg_restricted=0;standby_bucket=5;thermal=0;battery_pct=80;charging=0;music=0;location_on=1"
1789426239481,996584327,hb,"recorder=1;since_fix_ms=586;fixes_this_process=6204;write_failures=0;screen_on=1;doze=0;battery_saver=0;unrestricted=1;bg_restricted=0;standby_bucket=5;thermal=0;battery_pct=80;charging=0;music=0;location_on=1"
1789426244487,996589334,hb,"recorder=1;since_fix_ms=506;fixes_this_process=6209;write_failures=0;screen_on=1;doze=0;battery_saver=0;unrestricted=1;bg_restricted=0;standby_bucket=5;thermal=0;battery_pct=80;charging=0;music=0;location_on=1"
1789426249497,996594343,hb,"recorder=1;since_fix_ms=519;fixes_this_process=6214;write_failures=0;screen_on=1;doze=0;battery_saver=0;unrestricted=1;bg_restricted=0;standby_bucket=5;thermal=0;battery_pct=80;charging=0;music=0;location_on=1"
1789426254514,996599360,hb,"recorder=1;since_fix_ms=536;fixes_this_process=6219;write_failures=0;screen_on=1;doze=0;battery_saver=0;unrestricted=1;bg_restricted=0;standby_bucket=5;thermal=0;battery_pct=80;charging=0;music=0;location_on=1"
1789426259521,996604367,hb,"recorder=1;since_fix_ms=542;fixes_this_process=6224;write_failures=0;screen_on=1;doze=0;battery_saver=0;unrestricted=1;bg_restricted=0;standby_bucket=5;thermal=0;battery_pct=80;charging=0;music=0;location_on=1"
1789426264525,996609372,hb,"recorder=1;since_fix_ms=553;fixes_this_process=6229;write_failures=0;screen_on=1;doze=0;battery_saver=0;unrestricted=1;bg_restricted=0;standby_bucket=5;thermal=0;battery_pct=80;charging=0;music=0;location_on=1"
1789426269538,996614384,hb,"recorder=1;since_fix_ms=555;fixes_this_process=6234;write_failures=0;screen_on=1;doze=0;battery_saver=0;unrestricted=1;bg_restricted=0;standby_bucket=5;thermal=0;battery_pct=80;charging=0;music=0;location_on=1"
1789426274544,996619390,hb,"recorder=1;since_fix_ms=561;fixes_this_process=6239;write_failures=0;screen_on=1;doze=0;battery_saver=0;unrestricted=1;bg_restricted=0;standby_bucket=5;thermal=0;battery_pct=80;charging=0;music=0;location_on=1"
1789426279553,996624400,hb,"recorder=1;since_fix_ms=566;fixes_this_process=6244;write_failures=0;screen_on=1;doze=0;battery_saver=0;unrestricted=1;bg_restricted=0;standby_bucket=5;thermal=0;battery_pct=80;charging=0;music=0;location_on=1"
1789426284566,996629412,hb,"recorder=1;since_fix_ms=591;fixes_this_process=6249;write_failures=0;screen_on=1;doze=0;battery_saver=0;unrestricted=1;bg_restricted=0;standby_bucket=5;thermal=0;battery_pct=80;charging=0;music=0;location_on=1"
1789426289574,996634420,hb,"recorder=1;since_fix_ms=598;fixes_this_process=6254;write_failures=0;screen_on=1;doze=0;battery_saver=0;unrestricted=1;bg_restricted=0;standby_bucket=5;thermal=0;battery_pct=80;charging=0;music=0;location_on=1"
1789426294583,996639429,hb,"recorder=1;since_fix_ms=602;fixes_this_process=6259;write_failures=0;screen_on=1;doze=0;battery_saver=0;unrestricted=1;bg_restricted=0;standby_bucket=5;thermal=0;battery_pct=80;charging=0;music=0;location_on=1"
1789426299596,996644443,hb,"recorder=1;since_fix_ms=606;fixes_this_process=6264;write_failures=0;screen_on=1;doze=0;battery_saver=0;unrestricted=1;bg_restricted=0;standby_bucket=5;thermal=0;battery_pct=80;charging=0;music=0;location_on=1"
1789426304603,996649449,hb,"recorder=1;since_fix_ms=614;fixes_this_process=6269;write_failures=0;screen_on=1;doze=0;battery_saver=0;unrestricted=1;bg_restricted=0;standby_bucket=5;thermal=0;battery_pct=80;charging=0;music=0;location_on=1"
1789426309610,996654457,hb,"recorder=1;since_fix_ms=623;fixes_this_process=6274;write_failures=0;screen_on=1;doze=0;battery_saver=0;unrestricted=1;bg_restricted=0;standby_bucket=5;thermal=0;battery_pct=80;charging=0;music=0;location_on=1"
1789426314622,996659468,hb,"recorder=1;since_fix_ms=642;fixes_this_process=6279;write_failures=0;screen_on=1;doze=0;battery_saver=0;unrestricted=1;bg_restricted=0;standby_bucket=5;thermal=0;battery_pct=80;charging=0;music=0;location_on=1"
1789426319630,996664476,hb,"recorder=1;since_fix_ms=649;fixes_this_process=6284;write_failures=0;screen_on=1;doze=0;battery_saver=0;unrestricted=1;bg_restricted=0;standby_bucket=5;thermal=0;battery_pct=80;charging=0;music=0;location_on=1"
1789426324639,996669485,hb,"recorder=1;since_fix_ms=658;fixes_this_process=6289;write_failures=0;screen_on=1;doze=0;battery_saver=0;unrestricted=1;bg_restricted=0;standby_bucket=5;thermal=0;battery_pct=80;charging=0;music=0;location_on=1"
1789426329651,996674497,hb,"recorder=1;since_fix_ms=675;fixes_this_process=6294;write_failures=0;screen_on=1;doze=0;battery_saver=0;unrestricted=1;bg_restricted=0;standby_bucket=5;thermal=0;battery_pct=80;charging=0;music=0;location_on=1"
1789426334659,996679505,hb,"recorder=1;since_fix_ms=678;fixes_this_process=6299;write_failures=0;screen_on=1;doze=0;battery_saver=0;unrestricted=1;bg_restricted=0;standby_bucket=5;thermal=0;battery_pct=80;charging=0;music=0;location_on=1"
1789426339668,996684514,hb,"recorder=1;since_fix_ms=684;fixes_this_process=6304;write_failures=0;screen_on=1;doze=0;battery_saver=0;unrestricted=1;bg_restricted=0;standby_bucket=5;thermal=0;battery_pct=80;charging=0;music=0;location_on=1"
1789426344681,996689527,hb,"recorder=1;since_fix_ms=705;fixes_this_process=6309;write_failures=0;screen_on=1;doze=0;battery_saver=0;unrestricted=1;bg_restricted=0;standby_bucket=5;thermal=0;battery_pct=80;charging=0;music=0;location_on=1"
1789426349689,996694535,hb,"recorder=1;since_fix_ms=706;fixes_this_process=6314;write_failures=0;screen_on=1;doze=0;battery_saver=0;unrestricted=1;bg_restricted=0;standby_bucket=5;thermal=0;battery_pct=80;charging=0;music=0;location_on=1"
1789426354693,996699540,hb,"recorder=1;since_fix_ms=713;fixes_this_process=6319;write_failures=0;screen_on=1;doze=0;battery_saver=0;unrestricted=1;bg_restricted=0;standby_bucket=5;thermal=0;battery_pct=80;charging=0;music=0;location_on=1"
1789426359706,996704552,hb,"recorder=1;since_fix_ms=732;fixes_this_process=6324;write_failures=0;screen_on=1;doze=0;battery_saver=0;unrestricted=1;bg_restricted=0;standby_bucket=5;thermal=0;battery_pct=80;charging=0;music=0;location_on=1"
1789426364712,996709558,hb,"recorder=1;since_fix_ms=734;fixes_this_process=6329;write_failures=0;screen_on=1;doze=0;battery_saver=0;unrestricted=1;bg_restricted=0;standby_bucket=5;thermal=0;battery_pct=80;charging=0;music=0;location_on=1"
1789426369718,996714564,hb,"recorder=1;since_fix_ms=744;fixes_this_process=6334;write_failures=0;screen_on=1;doze=0;battery_saver=0;unrestricted=1;bg_restricted=0;standby_bucket=5;thermal=0;battery_pct=80;charging=0;music=0;location_on=1"
1789426374729,996719575,hb,"recorder=1;since_fix_ms=753;fixes_this_process=6339;write_failures=0;screen_on=1;doze=0;battery_saver=0;unrestricted=1;bg_restricted=0;standby_bucket=5;thermal=0;battery_pct=80;charging=0;music=0;location_on=1"
1789426379733,996724580,hb,"recorder=1;since_fix_ms=754;fixes_this_process=6344;write_failures=0;screen_on=1;doze=0;battery_saver=0;unrestricted=1;bg_restricted=0;standby_bucket=5;thermal=0;battery_pct=80;charging=0;music=0;location_on=1"
1789426384741,996729587,hb,"recorder=1;since_fix_ms=760;fixes_this_process=6349;write_failures=0;screen_on=1;doze=0;battery_saver=0;unrestricted=1;bg_restricted=0;standby_bucket=5;thermal=0;battery_pct=80;charging=0;music=0;location_on=1"
1789426389751,996734598,hb,"recorder=1;since_fix_ms=772;fixes_this_process=6354;write_failures=0;screen_on=1;doze=0;battery_saver=0;unrestricted=1;bg_restricted=0;standby_bucket=5;thermal=0;battery_pct=80;charging=0;music=0;location_on=1"
1789426394760,996739606,hb,"recorder=1;since_fix_ms=786;fixes_this_process=6359;write_failures=0;screen_on=1;doze=0;battery_saver=0;unrestricted=1;bg_restricted=0;standby_bucket=5;thermal=0;battery_pct=80;charging=0;music=0;location_on=1"
1789426399768,996744614,hb,"recorder=1;since_fix_ms=791;fixes_this_process=6364;write_failures=0;screen_on=1;doze=0;battery_saver=0;unrestricted=1;bg_restricted=0;standby_bucket=5;thermal=0;battery_pct=80;charging=0;music=0;location_on=1"
1789426404780,996749626,hb,"recorder=1;since_fix_ms=890;fixes_this_process=6369;write_failures=0;screen_on=1;doze=0;battery_saver=0;unrestricted=1;bg_restricted=0;standby_bucket=5;thermal=0;battery_pct=80;charging=0;music=0;location_on=1"
1789426409785,996754632,hb,"recorder=1;since_fix_ms=806;fixes_this_process=6374;write_failures=0;screen_on=1;doze=0;battery_saver=0;unrestricted=1;bg_restricted=0;standby_bucket=5;thermal=0;battery_pct=80;charging=0;music=0;location_on=1"
1789426414793,996759639,hb,"recorder=1;since_fix_ms=814;fixes_this_process=6379;write_failures=0;screen_on=1;doze=0;battery_saver=0;unrestricted=1;bg_restricted=0;standby_bucket=5;thermal=0;battery_pct=80;charging=0;music=0;location_on=1"
1789426419802,996764648,hb,"recorder=1;since_fix_ms=824;fixes_this_process=6384;write_failures=0;screen_on=1;doze=0;battery_saver=0;unrestricted=1;bg_restricted=0;standby_bucket=5;thermal=0;battery_pct=80;charging=0;music=0;location_on=1"
1789426424810,996769657,hb,"recorder=1;since_fix_ms=833;fixes_this_process=6389;write_failures=0;screen_on=1;doze=0;battery_saver=0;unrestricted=1;bg_restricted=0;standby_bucket=5;thermal=0;battery_pct=80;charging=0;music=0;location_on=1"
1789426429819,996774665,hb,"recorder=1;since_fix_ms=840;fixes_this_process=6394;write_failures=0;screen_on=1;doze=0;battery_saver=0;unrestricted=1;bg_restricted=0;standby_bucket=5;thermal=0;battery_pct=80;charging=0;music=0;location_on=1"
1789426434833,996779680,hb,"recorder=1;since_fix_ms=851;fixes_this_process=6399;write_failures=0;screen_on=1;doze=0;battery_saver=0;unrestricted=1;bg_restricted=0;standby_bucket=5;thermal=0;battery_pct=80;charging=0;music=0;location_on=1"
1789426439842,996784688,hb,"recorder=1;since_fix_ms=863;fixes_this_process=6404;write_failures=0;screen_on=1;doze=0;battery_saver=0;unrestricted=1;bg_restricted=0;standby_bucket=5;thermal=0;battery_pct=80;charging=0;music=0;location_on=1"
1789426444850,996789697,hb,"recorder=1;since_fix_ms=872;fixes_this_process=6409;write_failures=0;screen_on=1;doze=0;battery_saver=0;unrestricted=1;bg_restricted=0;standby_bucket=5;thermal=0;battery_pct=80;charging=0;music=0;location_on=1"
1789426449861,996794708,hb,"recorder=1;since_fix_ms=887;fixes_this_process=6414;write_failures=0;screen_on=1;doze=0;battery_saver=0;unrestricted=1;bg_restricted=0;standby_bucket=5;thermal=0;battery_pct=80;charging=0;music=0;location_on=1"
1789426454869,996799716,hb,"recorder=1;since_fix_ms=887;fixes_this_process=6419;write_failures=0;screen_on=1;doze=0;battery_saver=0;unrestricted=1;bg_restricted=0;standby_bucket=5;thermal=0;battery_pct=80;charging=0;music=0;location_on=1"
1789426459877,996804723,hb,"recorder=1;since_fix_ms=910;fixes_this_process=6424;write_failures=0;screen_on=1;doze=0;battery_saver=0;unrestricted=1;bg_restricted=0;standby_bucket=5;thermal=0;battery_pct=80;charging=0;music=0;location_on=1"
1789426464888,996809735,hb,"recorder=1;since_fix_ms=914;fixes_this_process=6429;write_failures=0;screen_on=1;doze=0;battery_saver=0;unrestricted=1;bg_restricted=0;standby_bucket=5;thermal=0;battery_pct=80;charging=0;music=0;location_on=1"
1789426469893,996814740,hb,"recorder=1;since_fix_ms=910;fixes_this_process=6434;write_failures=0;screen_on=1;doze=0;battery_saver=0;unrestricted=1;bg_restricted=0;standby_bucket=5;thermal=0;battery_pct=80;charging=0;music=0;location_on=1"
1789426474896,996819743,hb,"recorder=1;since_fix_ms=921;fixes_this_process=6439;write_failures=0;screen_on=1;doze=0;battery_saver=0;unrestricted=1;bg_restricted=0;standby_bucket=5;thermal=0;battery_pct=80;charging=0;music=0;location_on=1"
1789426479904,996824751,hb,"recorder=1;since_fix_ms=926;fixes_this_process=6444;write_failures=0;screen_on=1;doze=0;battery_saver=0;unrestricted=1;bg_restricted=0;standby_bucket=5;thermal=0;battery_pct=80;charging=0;music=0;location_on=1"
1789426484912,996829759,hb,"recorder=1;since_fix_ms=981;fixes_this_process=6449;write_failures=0;screen_on=1;doze=0;battery_saver=0;unrestricted=1;bg_restricted=0;standby_bucket=5;thermal=0;battery_pct=80;charging=0;music=0;location_on=1"
1789426489916,996834763,hb,"recorder=1;since_fix_ms=941;fixes_this_process=6454;write_failures=0;screen_on=1;doze=0;battery_saver=0;unrestricted=1;bg_restricted=0;standby_bucket=5;thermal=0;battery_pct=80;charging=0;music=0;location_on=1"
1789426494928,996839774,hb,"recorder=1;since_fix_ms=942;fixes_this_process=6459;write_failures=0;screen_on=1;doze=0;battery_saver=0;unrestricted=1;bg_restricted=0;standby_bucket=5;thermal=0;battery_pct=80;charging=0;music=0;location_on=1"
1789426499932,996844779,hb,"recorder=1;since_fix_ms=940;fixes_this_process=6464;write_failures=0;screen_on=1;doze=0;battery_saver=0;unrestricted=1;bg_restricted=0;standby_bucket=5;thermal=0;battery_pct=80;charging=0;music=0;location_on=1"
1789426504941,996849787,hb,"recorder=1;since_fix_ms=946;fixes_this_process=6469;write_failures=0;screen_on=1;doze=0;battery_saver=0;unrestricted=1;bg_restricted=0;standby_bucket=5;thermal=0;battery_pct=80;charging=0;music=0;location_on=1"
1789426509953,996854800,hb,"recorder=1;since_fix_ms=968;fixes_this_process=6474;write_failures=0;screen_on=1;doze=0;battery_saver=0;unrestricted=1;bg_restricted=0;standby_bucket=5;thermal=0;battery_pct=80;charging=0;music=0;location_on=1"
1789426514963,996859810,hb,"recorder=1;since_fix_ms=1107;fixes_this_process=6479;write_failures=0;screen_on=1;doze=0;battery_saver=0;unrestricted=1;bg_restricted=0;standby_bucket=5;thermal=0;battery_pct=80;charging=0;music=0;location_on=1"
1789426519968,996864815,hb,"recorder=1;since_fix_ms=992;fixes_this_process=6484;write_failures=0;screen_on=1;doze=0;battery_saver=0;unrestricted=1;bg_restricted=0;standby_bucket=5;thermal=0;battery_pct=80;charging=0;music=0;location_on=1"
1789426524977,996869823,hb,"recorder=1;since_fix_ms=1001;fixes_this_process=6489;write_failures=0;screen_on=1;doze=0;battery_saver=0;unrestricted=1;bg_restricted=0;standby_bucket=5;thermal=0;battery_pct=80;charging=0;music=0;location_on=1"
1789426529982,996874828,hb,"recorder=1;since_fix_ms=995;fixes_this_process=6494;write_failures=0;screen_on=1;doze=0;battery_saver=0;unrestricted=1;bg_restricted=0;standby_bucket=5;thermal=0;battery_pct=80;charging=0;music=0;location_on=1"
1789426534984,996879831,hb,"recorder=1;since_fix_ms=3;fixes_this_process=6500;write_failures=0;screen_on=1;doze=0;battery_saver=0;unrestricted=1;bg_restricted=0;standby_bucket=5;thermal=0;battery_pct=80;charging=0;music=0;location_on=1"
1789426539992,996884838,hb,"recorder=1;since_fix_ms=12;fixes_this_process=6505;write_failures=0;screen_on=1;doze=0;battery_saver=0;unrestricted=1;bg_restricted=0;standby_bucket=5;thermal=0;battery_pct=80;charging=0;music=0;location_on=1"
1789426544998,996889845,hb,"recorder=1;since_fix_ms=1007;fixes_this_process=6509;write_failures=0;screen_on=1;doze=0;battery_saver=0;unrestricted=1;bg_restricted=0;standby_bucket=5;thermal=0;battery_pct=80;charging=0;music=0;location_on=1"
1789426550013,996894859,hb,"recorder=1;since_fix_ms=25;fixes_this_process=6515;write_failures=0;screen_on=1;doze=0;battery_saver=0;unrestricted=1;bg_restricted=0;standby_bucket=5;thermal=0;battery_pct=80;charging=0;music=0;location_on=1"
1789426555016,996899863,hb,"recorder=1;since_fix_ms=45;fixes_this_process=6520;write_failures=0;screen_on=1;doze=0;battery_saver=0;unrestricted=1;bg_restricted=0;standby_bucket=5;thermal=0;battery_pct=80;charging=0;music=0;location_on=1"
1789426560020,996904867,hb,"recorder=1;since_fix_ms=40;fixes_this_process=6525;write_failures=0;screen_on=1;doze=0;battery_saver=0;unrestricted=1;bg_restricted=0;standby_bucket=5;thermal=0;battery_pct=80;charging=0;music=0;location_on=1"
1789426565029,996909875,hb,"recorder=1;since_fix_ms=48;fixes_this_process=6530;write_failures=0;screen_on=1;doze=0;battery_saver=0;unrestricted=1;bg_restricted=0;standby_bucket=5;thermal=0;battery_pct=80;charging=0;music=0;location_on=1"
1789426570037,996914884,hb,"recorder=1;since_fix_ms=61;fixes_this_process=6535;write_failures=0;screen_on=1;doze=0;battery_saver=0;unrestricted=1;bg_restricted=0;standby_bucket=5;thermal=0;battery_pct=80;charging=0;music=0;location_on=1"
1789426575044,996919890,hb,"recorder=1;since_fix_ms=71;fixes_this_process=6540;write_failures=0;screen_on=1;doze=0;battery_saver=0;unrestricted=1;bg_restricted=0;standby_bucket=5;thermal=0;battery_pct=80;charging=0;music=0;location_on=1"
1789426580051,996924897,hb,"recorder=1;since_fix_ms=64;fixes_this_process=6545;write_failures=0;screen_on=1;doze=0;battery_saver=0;unrestricted=1;bg_restricted=0;standby_bucket=5;thermal=0;battery_pct=80;charging=0;music=0;location_on=1"
1789426585058,996929905,hb,"recorder=1;since_fix_ms=81;fixes_this_process=6550;write_failures=0;screen_on=1;doze=0;battery_saver=0;unrestricted=1;bg_restricted=0;standby_bucket=5;thermal=0;battery_pct=80;charging=0;music=0;location_on=1"
1789426590063,996934910,hb,"recorder=1;since_fix_ms=83;fixes_this_process=6555;write_failures=0;screen_on=1;doze=0;battery_saver=0;unrestricted=1;bg_restricted=0;standby_bucket=5;thermal=0;battery_pct=80;charging=0;music=0;location_on=1"
1789426595070,996939916,hb,"recorder=1;since_fix_ms=89;fixes_this_process=6560;write_failures=0;screen_on=1;doze=0;battery_saver=0;unrestricted=1;bg_restricted=0;standby_bucket=5;thermal=0;battery_pct=80;charging=0;music=0;location_on=1"
1789426600083,996944929,hb,"recorder=1;since_fix_ms=109;fixes_this_process=6565;write_failures=0;screen_on=1;doze=0;battery_saver=0;unrestricted=1;bg_restricted=0;standby_bucket=5;thermal=0;battery_pct=80;charging=0;music=0;location_on=1"
1789426605090,996949936,hb,"recorder=1;since_fix_ms=107;fixes_this_process=6570;write_failures=0;screen_on=1;doze=0;battery_saver=0;unrestricted=1;bg_restricted=0;standby_bucket=5;thermal=0;battery_pct=80;charging=0;music=0;location_on=1"
1789426610098,996954945,hb,"recorder=1;since_fix_ms=122;fixes_this_process=6575;write_failures=0;screen_on=1;doze=0;battery_saver=0;unrestricted=1;bg_restricted=0;standby_bucket=5;thermal=0;battery_pct=80;charging=0;music=0;location_on=1"
1789426615111,996959958,hb,"recorder=1;since_fix_ms=156;fixes_this_process=6580;write_failures=0;screen_on=1;doze=0;battery_saver=0;unrestricted=1;bg_restricted=0;standby_bucket=5;thermal=0;battery_pct=80;charging=0;music=0;location_on=1"
1789426620120,996964967,hb,"recorder=1;since_fix_ms=135;fixes_this_process=6585;write_failures=0;screen_on=1;doze=0;battery_saver=0;unrestricted=1;bg_restricted=0;standby_bucket=5;thermal=0;battery_pct=80;charging=0;music=0;location_on=1"
1789426625130,996969976,hb,"recorder=1;since_fix_ms=139;fixes_this_process=6590;write_failures=0;screen_on=1;doze=0;battery_saver=0;unrestricted=1;bg_restricted=0;standby_bucket=5;thermal=0;battery_pct=80;charging=0;music=0;location_on=1"
1789426630143,996974990,hb,"recorder=1;since_fix_ms=164;fixes_this_process=6595;write_failures=0;screen_on=1;doze=0;battery_saver=0;unrestricted=1;bg_restricted=0;standby_bucket=5;thermal=0;battery_pct=80;charging=0;music=0;location_on=1"
1789426635148,996979995,hb,"recorder=1;since_fix_ms=167;fixes_this_process=6600;write_failures=0;screen_on=1;doze=0;battery_saver=0;unrestricted=1;bg_restricted=0;standby_bucket=5;thermal=0;battery_pct=80;charging=0;music=0;location_on=1"
1789426640157,996985003,hb,"recorder=1;since_fix_ms=184;fixes_this_process=6605;write_failures=0;screen_on=1;doze=0;battery_saver=0;unrestricted=1;bg_restricted=0;standby_bucket=5;thermal=0;battery_pct=80;charging=0;music=0;location_on=1"
1789426645168,996990015,hb,"recorder=1;since_fix_ms=194;fixes_this_process=6610;write_failures=0;screen_on=1;doze=0;battery_saver=0;unrestricted=1;bg_restricted=0;standby_bucket=5;thermal=0;battery_pct=80;charging=0;music=0;location_on=1"
1789426650174,996995020,hb,"recorder=1;since_fix_ms=203;fixes_this_process=6615;write_failures=0;screen_on=1;doze=0;battery_saver=0;unrestricted=1;bg_restricted=0;standby_bucket=5;thermal=0;battery_pct=80;charging=0;music=0;location_on=1"
1789426655182,997000029,hb,"recorder=1;since_fix_ms=186;fixes_this_process=6620;write_failures=0;screen_on=1;doze=0;battery_saver=0;unrestricted=1;bg_restricted=0;standby_bucket=5;thermal=0;battery_pct=80;charging=0;music=0;location_on=1"
1789426660195,997005041,hb,"recorder=1;since_fix_ms=209;fixes_this_process=6625;write_failures=0;screen_on=1;doze=0;battery_saver=0;unrestricted=1;bg_restricted=0;standby_bucket=5;thermal=0;battery_pct=80;charging=0;music=0;location_on=1"
1789426665199,997010046,hb,"recorder=1;since_fix_ms=218;fixes_this_process=6630;write_failures=0;screen_on=1;doze=0;battery_saver=0;unrestricted=1;bg_restricted=0;standby_bucket=5;thermal=0;battery_pct=79;charging=0;music=0;location_on=1"
1789426670204,997015051,hb,"recorder=1;since_fix_ms=224;fixes_this_process=6635;write_failures=0;screen_on=1;doze=0;battery_saver=0;unrestricted=1;bg_restricted=0;standby_bucket=5;thermal=0;battery_pct=79;charging=0;music=0;location_on=1"
1789426675241,997020087,hb,"recorder=1;since_fix_ms=260;fixes_this_process=6640;write_failures=0;screen_on=1;doze=0;battery_saver=0;unrestricted=1;bg_restricted=0;standby_bucket=5;thermal=0;battery_pct=79;charging=0;music=0;location_on=1"
1789426680250,997025097,hb,"recorder=1;since_fix_ms=273;fixes_this_process=6645;write_failures=0;screen_on=1;doze=0;battery_saver=0;unrestricted=1;bg_restricted=0;standby_bucket=5;thermal=0;battery_pct=79;charging=0;music=0;location_on=1"
1789426685259,997030105,hb,"recorder=1;since_fix_ms=354;fixes_this_process=6650;write_failures=0;screen_on=1;doze=0;battery_saver=0;unrestricted=1;bg_restricted=0;standby_bucket=5;thermal=0;battery_pct=79;charging=0;music=0;location_on=1"
1789426690270,997035117,hb,"recorder=1;since_fix_ms=291;fixes_this_process=6655;write_failures=0;screen_on=1;doze=0;battery_saver=0;unrestricted=1;bg_restricted=0;standby_bucket=5;thermal=0;battery_pct=79;charging=0;music=0;location_on=1"
1789426695274,997040120,hb,"recorder=1;since_fix_ms=297;fixes_this_process=6660;write_failures=0;screen_on=1;doze=0;battery_saver=0;unrestricted=1;bg_restricted=0;standby_bucket=5;thermal=0;battery_pct=79;charging=0;music=0;location_on=1"
1789426700278,997045124,hb,"recorder=1;since_fix_ms=296;fixes_this_process=6665;write_failures=0;screen_on=1;doze=0;battery_saver=0;unrestricted=1;bg_restricted=0;standby_bucket=5;thermal=0;battery_pct=79;charging=0;music=0;location_on=1"
1789426705293,997050140,hb,"recorder=1;since_fix_ms=310;fixes_this_process=6670;write_failures=0;screen_on=1;doze=0;battery_saver=0;unrestricted=1;bg_restricted=0;standby_bucket=5;thermal=0;battery_pct=79;charging=0;music=0;location_on=1"
1789426710301,997055148,hb,"recorder=1;since_fix_ms=318;fixes_this_process=6675;write_failures=0;screen_on=1;doze=0;battery_saver=0;unrestricted=1;bg_restricted=0;standby_bucket=5;thermal=0;battery_pct=79;charging=0;music=0;location_on=1"
1789426715305,997060152,hb,"recorder=1;since_fix_ms=324;fixes_this_process=6680;write_failures=0;screen_on=1;doze=0;battery_saver=0;unrestricted=1;bg_restricted=0;standby_bucket=5;thermal=0;battery_pct=79;charging=0;music=0;location_on=1"
1789426720317,997065164,hb,"recorder=1;since_fix_ms=340;fixes_this_process=6685;write_failures=0;screen_on=1;doze=0;battery_saver=0;unrestricted=1;bg_restricted=0;standby_bucket=5;thermal=0;battery_pct=79;charging=0;music=0;location_on=1"
1789426725325,997070172,hb,"recorder=1;since_fix_ms=351;fixes_this_process=6690;write_failures=0;screen_on=1;doze=0;battery_saver=0;unrestricted=1;bg_restricted=0;standby_bucket=5;thermal=0;battery_pct=79;charging=0;music=0;location_on=1"
1789426730330,997075177,hb,"recorder=1;since_fix_ms=349;fixes_this_process=6695;write_failures=0;screen_on=1;doze=0;battery_saver=0;unrestricted=1;bg_restricted=0;standby_bucket=5;thermal=0;battery_pct=79;charging=0;music=0;location_on=1"
1789426735340,997080187,hb,"recorder=1;since_fix_ms=363;fixes_this_process=6700;write_failures=0;screen_on=1;doze=0;battery_saver=0;unrestricted=1;bg_restricted=0;standby_bucket=5;thermal=0;battery_pct=79;charging=0;music=0;location_on=1"
1789426740350,997085196,hb,"recorder=1;since_fix_ms=463;fixes_this_process=6705;write_failures=0;screen_on=1;doze=0;battery_saver=0;unrestricted=1;bg_restricted=0;standby_bucket=5;thermal=0;battery_pct=79;charging=0;music=0;location_on=1"
1789426745356,997090202,hb,"recorder=1;since_fix_ms=377;fixes_this_process=6710;write_failures=0;screen_on=1;doze=0;battery_saver=0;unrestricted=1;bg_restricted=0;standby_bucket=5;thermal=0;battery_pct=79;charging=0;music=0;location_on=1"
1789426750368,997095214,hb,"recorder=1;since_fix_ms=433;fixes_this_process=6715;write_failures=0;screen_on=1;doze=0;battery_saver=0;unrestricted=1;bg_restricted=0;standby_bucket=5;thermal=0;battery_pct=79;charging=0;music=0;location_on=1"
1789426755376,997100223,hb,"recorder=1;since_fix_ms=399;fixes_this_process=6720;write_failures=0;screen_on=1;doze=0;battery_saver=0;unrestricted=1;bg_restricted=0;standby_bucket=5;thermal=0;battery_pct=79;charging=0;music=0;location_on=1"
1789426760385,997105231,hb,"recorder=1;since_fix_ms=427;fixes_this_process=6725;write_failures=0;screen_on=1;doze=0;battery_saver=0;unrestricted=1;bg_restricted=0;standby_bucket=5;thermal=0;battery_pct=79;charging=0;music=0;location_on=1"
1789426765398,997110244,hb,"recorder=1;since_fix_ms=420;fixes_this_process=6730;write_failures=0;screen_on=1;doze=0;battery_saver=0;unrestricted=1;bg_restricted=0;standby_bucket=5;thermal=0;battery_pct=79;charging=0;music=0;location_on=1"
1789426770405,997115252,hb,"recorder=1;since_fix_ms=423;fixes_this_process=6735;write_failures=0;screen_on=1;doze=0;battery_saver=0;unrestricted=1;bg_restricted=0;standby_bucket=5;thermal=0;battery_pct=79;charging=0;music=0;location_on=1"
1789426775415,997120261,hb,"recorder=1;since_fix_ms=430;fixes_this_process=6740;write_failures=0;screen_on=1;doze=0;battery_saver=0;unrestricted=1;bg_restricted=0;standby_bucket=5;thermal=0;battery_pct=79;charging=0;music=0;location_on=1"
1789426780429,997125275,hb,"recorder=1;since_fix_ms=452;fixes_this_process=6745;write_failures=0;screen_on=1;doze=0;battery_saver=0;unrestricted=1;bg_restricted=0;standby_bucket=5;thermal=0;battery_pct=79;charging=0;music=0;location_on=1"
1789426785437,997130283,hb,"recorder=1;since_fix_ms=452;fixes_this_process=6750;write_failures=0;screen_on=1;doze=0;battery_saver=0;unrestricted=1;bg_restricted=0;standby_bucket=5;thermal=0;battery_pct=79;charging=0;music=0;location_on=1"
1789426790444,997135291,hb,"recorder=1;since_fix_ms=469;fixes_this_process=6755;write_failures=0;screen_on=1;doze=0;battery_saver=0;unrestricted=1;bg_restricted=0;standby_bucket=5;thermal=0;battery_pct=79;charging=0;music=0;location_on=1"
1789426795458,997140304,hb,"recorder=1;since_fix_ms=479;fixes_this_process=6760;write_failures=0;screen_on=1;doze=0;battery_saver=0;unrestricted=1;bg_restricted=0;standby_bucket=5;thermal=0;battery_pct=79;charging=0;music=0;location_on=1"
1789426800467,997145314,hb,"recorder=1;since_fix_ms=479;fixes_this_process=6765;write_failures=0;screen_on=1;doze=0;battery_saver=0;unrestricted=1;bg_restricted=0;standby_bucket=5;thermal=0;battery_pct=79;charging=0;music=0;location_on=1"
1789426805476,997150322,hb,"recorder=1;since_fix_ms=496;fixes_this_process=6770;write_failures=0;screen_on=1;doze=0;battery_saver=0;unrestricted=1;bg_restricted=0;standby_bucket=5;thermal=0;battery_pct=79;charging=0;music=0;location_on=1"
1789426810485,997155331,hb,"recorder=1;since_fix_ms=506;fixes_this_process=6775;write_failures=0;screen_on=1;doze=0;battery_saver=0;unrestricted=1;bg_restricted=0;standby_bucket=5;thermal=0;battery_pct=79;charging=0;music=0;location_on=1"
1789426815489,997160336,hb,"recorder=1;since_fix_ms=493;fixes_this_process=6780;write_failures=0;screen_on=1;doze=0;battery_saver=0;unrestricted=1;bg_restricted=0;standby_bucket=5;thermal=0;battery_pct=79;charging=0;music=0;location_on=1"
1789426820498,997165344,hb,"recorder=1;since_fix_ms=522;fixes_this_process=6785;write_failures=0;screen_on=1;doze=0;battery_saver=0;unrestricted=1;bg_restricted=0;standby_bucket=5;thermal=0;battery_pct=79;charging=0;music=0;location_on=1"
1789426825509,997170355,hb,"recorder=1;since_fix_ms=535;fixes_this_process=6790;write_failures=0;screen_on=1;doze=0;battery_saver=0;unrestricted=1;bg_restricted=0;standby_bucket=5;thermal=0;battery_pct=79;charging=0;music=0;location_on=1"
1789426830513,997175360,hb,"recorder=1;since_fix_ms=532;fixes_this_process=6795;write_failures=0;screen_on=1;doze=0;battery_saver=0;unrestricted=1;bg_restricted=0;standby_bucket=5;thermal=0;battery_pct=79;charging=0;music=0;location_on=1"
1789426835519,997180365,hb,"recorder=1;since_fix_ms=536;fixes_this_process=6800;write_failures=0;screen_on=1;doze=0;battery_saver=0;unrestricted=1;bg_restricted=0;standby_bucket=5;thermal=0;battery_pct=79;charging=0;music=0;location_on=1"
1789426840532,997185379,hb,"recorder=1;since_fix_ms=552;fixes_this_process=6805;write_failures=0;screen_on=1;doze=0;battery_saver=0;unrestricted=1;bg_restricted=0;standby_bucket=5;thermal=0;battery_pct=79;charging=0;music=0;location_on=1"
1789426845539,997190385,hb,"recorder=1;since_fix_ms=558;fixes_this_process=6810;write_failures=0;screen_on=1;doze=0;battery_saver=0;unrestricted=1;bg_restricted=0;standby_bucket=5;thermal=0;battery_pct=79;charging=0;music=0;location_on=1"
1789426850547,997195394,hb,"recorder=1;since_fix_ms=569;fixes_this_process=6815;write_failures=0;screen_on=1;doze=0;battery_saver=0;unrestricted=1;bg_restricted=0;standby_bucket=5;thermal=0;battery_pct=79;charging=0;music=0;location_on=1"
1789426855561,997200407,hb,"recorder=1;since_fix_ms=581;fixes_this_process=6820;write_failures=0;screen_on=1;doze=0;battery_saver=0;unrestricted=1;bg_restricted=0;standby_bucket=5;thermal=0;battery_pct=79;charging=0;music=0;location_on=1"
1789426860569,997205416,hb,"recorder=1;since_fix_ms=571;fixes_this_process=6825;write_failures=0;screen_on=1;doze=0;battery_saver=0;unrestricted=1;bg_restricted=0;standby_bucket=5;thermal=0;battery_pct=79;charging=0;music=0;location_on=1"
1789426865577,997210423,hb,"recorder=1;since_fix_ms=586;fixes_this_process=6830;write_failures=0;screen_on=1;doze=0;battery_saver=0;unrestricted=1;bg_restricted=0;standby_bucket=5;thermal=0;battery_pct=79;charging=0;music=0;location_on=1"
1789426870590,997215436,hb,"recorder=1;since_fix_ms=599;fixes_this_process=6835;write_failures=0;screen_on=1;doze=0;battery_saver=0;unrestricted=1;bg_restricted=0;standby_bucket=5;thermal=0;battery_pct=79;charging=0;music=0;location_on=1"
1789426875599,997220445,hb,"recorder=1;since_fix_ms=615;fixes_this_process=6840;write_failures=0;screen_on=1;doze=0;battery_saver=0;unrestricted=1;bg_restricted=0;standby_bucket=5;thermal=0;battery_pct=79;charging=0;music=0;location_on=1"
1789426880607,997225454,hb,"recorder=1;since_fix_ms=634;fixes_this_process=6845;write_failures=0;screen_on=1;doze=0;battery_saver=0;unrestricted=1;bg_restricted=0;standby_bucket=5;thermal=0;battery_pct=79;charging=0;music=0;location_on=1"
1789426885617,997230464,hb,"recorder=1;since_fix_ms=636;fixes_this_process=6850;write_failures=0;screen_on=1;doze=0;battery_saver=0;unrestricted=1;bg_restricted=0;standby_bucket=5;thermal=0;battery_pct=79;charging=0;music=0;location_on=1"
1789426890625,997235472,hb,"recorder=1;since_fix_ms=645;fixes_this_process=6855;write_failures=0;screen_on=1;doze=0;battery_saver=0;unrestricted=1;bg_restricted=0;standby_bucket=5;thermal=0;battery_pct=79;charging=0;music=0;location_on=1"
1789426895634,997240481,hb,"recorder=1;since_fix_ms=747;fixes_this_process=6860;write_failures=0;screen_on=1;doze=0;battery_saver=0;unrestricted=1;bg_restricted=0;standby_bucket=5;thermal=0;battery_pct=79;charging=0;music=0;location_on=1"
1789426900645,997245491,hb,"recorder=1;since_fix_ms=659;fixes_this_process=6865;write_failures=0;screen_on=1;doze=0;battery_saver=0;unrestricted=1;bg_restricted=0;standby_bucket=5;thermal=0;battery_pct=79;charging=0;music=0;location_on=1"
1789426905654,997250500,hb,"recorder=1;since_fix_ms=745;fixes_this_process=6870;write_failures=0;screen_on=1;doze=0;battery_saver=0;unrestricted=1;bg_restricted=0;standby_bucket=5;thermal=0;battery_pct=79;charging=0;music=0;location_on=1"
1789426910662,997255509,hb,"recorder=1;since_fix_ms=682;fixes_this_process=6875;write_failures=0;screen_on=1;doze=0;battery_saver=0;unrestricted=1;bg_restricted=0;standby_bucket=5;thermal=0;battery_pct=79;charging=0;music=0;location_on=1"
1789426915673,997260519,hb,"recorder=1;since_fix_ms=677;fixes_this_process=6880;write_failures=0;screen_on=1;doze=0;battery_saver=0;unrestricted=1;bg_restricted=0;standby_bucket=5;thermal=0;battery_pct=79;charging=0;music=0;location_on=1"
1789426920683,997265529,hb,"recorder=1;since_fix_ms=708;fixes_this_process=6885;write_failures=0;screen_on=1;doze=0;battery_saver=0;unrestricted=1;bg_restricted=0;standby_bucket=5;thermal=0;battery_pct=79;charging=0;music=0;location_on=1"
1789426925687,997270533,hb,"recorder=1;since_fix_ms=792;fixes_this_process=6890;write_failures=0;screen_on=1;doze=0;battery_saver=0;unrestricted=1;bg_restricted=0;standby_bucket=5;thermal=0;battery_pct=79;charging=0;music=0;location_on=1"
1789426930700,997275547,hb,"recorder=1;since_fix_ms=720;fixes_this_process=6895;write_failures=0;screen_on=1;doze=0;battery_saver=0;unrestricted=1;bg_restricted=0;standby_bucket=5;thermal=0;battery_pct=79;charging=0;music=0;location_on=1"
1789426935706,997280553,hb,"recorder=1;since_fix_ms=730;fixes_this_process=6900;write_failures=0;screen_on=1;doze=0;battery_saver=0;unrestricted=1;bg_restricted=0;standby_bucket=5;thermal=0;battery_pct=79;charging=0;music=0;location_on=1"
1789426940713,997285560,hb,"recorder=1;since_fix_ms=738;fixes_this_process=6905;write_failures=0;screen_on=1;doze=0;battery_saver=0;unrestricted=1;bg_restricted=0;standby_bucket=5;thermal=0;battery_pct=79;charging=0;music=0;location_on=1"
1789426945725,997290572,hb,"recorder=1;since_fix_ms=747;fixes_this_process=6910;write_failures=0;screen_on=1;doze=0;battery_saver=0;unrestricted=1;bg_restricted=0;standby_bucket=5;thermal=0;battery_pct=79;charging=0;music=0;location_on=1"
1789426950735,997295581,hb,"recorder=1;since_fix_ms=759;fixes_this_process=6915;write_failures=0;screen_on=1;doze=0;battery_saver=0;unrestricted=1;bg_restricted=0;standby_bucket=5;thermal=0;battery_pct=79;charging=0;music=0;location_on=1"
1789426955741,997300588,hb,"recorder=1;since_fix_ms=762;fixes_this_process=6920;write_failures=0;screen_on=1;doze=0;battery_saver=0;unrestricted=1;bg_restricted=0;standby_bucket=5;thermal=0;battery_pct=79;charging=0;music=0;location_on=1"
1789426960752,997305599,hb,"recorder=1;since_fix_ms=778;fixes_this_process=6925;write_failures=0;screen_on=1;doze=0;battery_saver=0;unrestricted=1;bg_restricted=0;standby_bucket=5;thermal=0;battery_pct=79;charging=0;music=0;location_on=1"
1789426965759,997310606,hb,"recorder=1;since_fix_ms=779;fixes_this_process=6930;write_failures=0;screen_on=1;doze=0;battery_saver=0;unrestricted=1;bg_restricted=0;standby_bucket=5;thermal=0;battery_pct=79;charging=0;music=0;location_on=1"
1789426970767,997315614,hb,"recorder=1;since_fix_ms=794;fixes_this_process=6935;write_failures=0;screen_on=1;doze=0;battery_saver=0;unrestricted=1;bg_restricted=0;standby_bucket=5;thermal=0;battery_pct=79;charging=0;music=0;location_on=1"
1789426975781,997320627,hb,"recorder=1;since_fix_ms=807;fixes_this_process=6940;write_failures=0;screen_on=1;doze=0;battery_saver=0;unrestricted=1;bg_restricted=0;standby_bucket=5;thermal=0;battery_pct=79;charging=0;music=0;location_on=1"
1789426980789,997325636,hb,"recorder=1;since_fix_ms=804;fixes_this_process=6945;write_failures=0;screen_on=1;doze=0;battery_saver=0;unrestricted=1;bg_restricted=0;standby_bucket=5;thermal=0;battery_pct=79;charging=0;music=0;location_on=1"
1789426985795,997330642,hb,"recorder=1;since_fix_ms=816;fixes_this_process=6950;write_failures=0;screen_on=1;doze=0;battery_saver=0;unrestricted=1;bg_restricted=0;standby_bucket=5;thermal=0;battery_pct=79;charging=0;music=0;location_on=1"
1789426990804,997335650,hb,"recorder=1;since_fix_ms=822;fixes_this_process=6955;write_failures=0;screen_on=1;doze=0;battery_saver=0;unrestricted=1;bg_restricted=0;standby_bucket=5;thermal=0;battery_pct=79;charging=0;music=0;location_on=1"
1789426995810,997340656,hb,"recorder=1;since_fix_ms=834;fixes_this_process=6960;write_failures=0;screen_on=1;doze=0;battery_saver=0;unrestricted=1;bg_restricted=0;standby_bucket=5;thermal=0;battery_pct=79;charging=0;music=0;location_on=1"
1789427000818,997345664,hb,"recorder=1;since_fix_ms=838;fixes_this_process=6965;write_failures=0;screen_on=1;doze=0;battery_saver=0;unrestricted=1;bg_restricted=0;standby_bucket=5;thermal=0;battery_pct=79;charging=0;music=0;location_on=1"
1789427005830,997350676,hb,"recorder=1;since_fix_ms=841;fixes_this_process=6970;write_failures=0;screen_on=1;doze=0;battery_saver=0;unrestricted=1;bg_restricted=0;standby_bucket=5;thermal=0;battery_pct=79;charging=0;music=0;location_on=1"
1789427010837,997355683,hb,"recorder=1;since_fix_ms=855;fixes_this_process=6975;write_failures=0;screen_on=1;doze=0;battery_saver=0;unrestricted=1;bg_restricted=0;standby_bucket=5;thermal=0;battery_pct=79;charging=0;music=0;location_on=1"
1789427015845,997360692,hb,"recorder=1;since_fix_ms=869;fixes_this_process=6980;write_failures=0;screen_on=1;doze=0;battery_saver=0;unrestricted=1;bg_restricted=0;standby_bucket=5;thermal=0;battery_pct=79;charging=0;music=0;location_on=1"
1789427020857,997365704,hb,"recorder=1;since_fix_ms=884;fixes_this_process=6985;write_failures=0;screen_on=1;doze=0;battery_saver=0;unrestricted=1;bg_restricted=0;standby_bucket=5;thermal=0;battery_pct=79;charging=0;music=0;location_on=1"
1789427025866,997370712,hb,"recorder=1;since_fix_ms=890;fixes_this_process=6990;write_failures=0;screen_on=1;doze=0;battery_saver=0;unrestricted=1;bg_restricted=0;standby_bucket=5;thermal=0;battery_pct=79;charging=0;music=0;location_on=1"
1789427030872,997375719,hb,"recorder=1;since_fix_ms=898;fixes_this_process=6995;write_failures=0;screen_on=1;doze=0;battery_saver=0;unrestricted=1;bg_restricted=0;standby_bucket=5;thermal=0;battery_pct=79;charging=0;music=0;location_on=1"
1789427035883,997380730,hb,"recorder=1;since_fix_ms=906;fixes_this_process=7000;write_failures=0;screen_on=1;doze=0;battery_saver=0;unrestricted=1;bg_restricted=0;standby_bucket=5;thermal=0;battery_pct=79;charging=0;music=0;location_on=1"
1789427040891,997385737,hb,"recorder=1;since_fix_ms=904;fixes_this_process=7005;write_failures=0;screen_on=1;doze=0;battery_saver=0;unrestricted=1;bg_restricted=0;standby_bucket=5;thermal=0;battery_pct=79;charging=0;music=0;location_on=1"
1789427045896,997390742,hb,"recorder=1;since_fix_ms=919;fixes_this_process=7010;write_failures=0;screen_on=1;doze=0;battery_saver=0;unrestricted=1;bg_restricted=0;standby_bucket=5;thermal=0;battery_pct=79;charging=0;music=0;location_on=1"
1789427050907,997395754,hb,"recorder=1;since_fix_ms=924;fixes_this_process=7015;write_failures=0;screen_on=1;doze=0;battery_saver=0;unrestricted=1;bg_restricted=0;standby_bucket=5;thermal=0;battery_pct=79;charging=0;music=0;location_on=1"
1789427055915,997400762,hb,"recorder=1;since_fix_ms=938;fixes_this_process=7020;write_failures=0;screen_on=1;doze=0;battery_saver=0;unrestricted=1;bg_restricted=0;standby_bucket=5;thermal=0;battery_pct=79;charging=0;music=0;location_on=1"
1789427060923,997405770,hb,"recorder=1;since_fix_ms=936;fixes_this_process=7025;write_failures=0;screen_on=1;doze=0;battery_saver=0;unrestricted=1;bg_restricted=0;standby_bucket=5;thermal=0;battery_pct=79;charging=0;music=0;location_on=1"
1789427065935,997410781,hb,"recorder=1;since_fix_ms=962;fixes_this_process=7030;write_failures=0;screen_on=1;doze=0;battery_saver=0;unrestricted=1;bg_restricted=0;standby_bucket=5;thermal=0;battery_pct=79;charging=0;music=0;location_on=1"
1789427070944,997415791,hb,"recorder=1;since_fix_ms=987;fixes_this_process=7035;write_failures=0;screen_on=1;doze=0;battery_saver=0;unrestricted=1;bg_restricted=0;standby_bucket=5;thermal=0;battery_pct=79;charging=0;music=0;location_on=1"
1789427075953,997420800,hb,"recorder=1;since_fix_ms=973;fixes_this_process=7040;write_failures=0;screen_on=1;doze=0;battery_saver=0;unrestricted=1;bg_restricted=0;standby_bucket=5;thermal=0;battery_pct=79;charging=0;music=0;location_on=1"
1789427080966,997425812,hb,"recorder=1;since_fix_ms=982;fixes_this_process=7045;write_failures=0;screen_on=1;doze=0;battery_saver=0;unrestricted=1;bg_restricted=0;standby_bucket=5;thermal=0;battery_pct=79;charging=0;music=0;location_on=1"
1789427085974,997430821,hb,"recorder=1;since_fix_ms=992;fixes_this_process=7050;write_failures=0;screen_on=1;doze=0;battery_saver=0;unrestricted=1;bg_restricted=0;standby_bucket=5;thermal=0;battery_pct=79;charging=0;music=0;location_on=1"
1789427090979,997435826,hb,"recorder=1;since_fix_ms=9;fixes_this_process=7056;write_failures=0;screen_on=1;doze=0;battery_saver=0;unrestricted=1;bg_restricted=0;standby_bucket=5;thermal=0;battery_pct=79;charging=0;music=0;location_on=1"
1789427095985,997440831,hb,"recorder=1;since_fix_ms=12;fixes_this_process=7061;write_failures=0;screen_on=1;doze=0;battery_saver=0;unrestricted=1;bg_restricted=0;standby_bucket=5;thermal=0;battery_pct=79;charging=0;music=0;location_on=1"
1789427100988,997445834,hb,"recorder=1;since_fix_ms=9;fixes_this_process=7066;write_failures=0;screen_on=1;doze=0;battery_saver=0;unrestricted=1;bg_restricted=0;standby_bucket=5;thermal=0;battery_pct=79;charging=0;music=0;location_on=1"
1789427105989,997450836,hb,"recorder=1;since_fix_ms=6;fixes_this_process=7071;write_failures=0;screen_on=1;doze=0;battery_saver=0;unrestricted=1;bg_restricted=0;standby_bucket=5;thermal=0;battery_pct=79;charging=0;music=0;location_on=1"
1789427110993,997455840,hb,"recorder=1;since_fix_ms=15;fixes_this_process=7076;write_failures=0;screen_on=1;doze=0;battery_saver=0;unrestricted=1;bg_restricted=0;standby_bucket=5;thermal=0;battery_pct=79;charging=0;music=0;location_on=1"
1789427116000,997460846,hb,"recorder=1;since_fix_ms=5;fixes_this_process=7081;write_failures=0;screen_on=1;doze=0;battery_saver=0;unrestricted=1;bg_restricted=0;standby_bucket=5;thermal=0;battery_pct=79;charging=0;music=0;location_on=1"
1789427121003,997465849,hb,"recorder=1;since_fix_ms=30;fixes_this_process=7086;write_failures=0;screen_on=1;doze=0;battery_saver=0;unrestricted=1;bg_restricted=0;standby_bucket=5;thermal=0;battery_pct=79;charging=0;music=0;location_on=1"
1789427126015,997470861,hb,"recorder=1;since_fix_ms=27;fixes_this_process=7091;write_failures=0;screen_on=1;doze=0;battery_saver=0;unrestricted=1;bg_restricted=0;standby_bucket=5;thermal=0;battery_pct=79;charging=0;music=0;location_on=1"
1789427131021,997475868,hb,"recorder=1;since_fix_ms=50;fixes_this_process=7096;write_failures=0;screen_on=1;doze=0;battery_saver=0;unrestricted=1;bg_restricted=0;standby_bucket=5;thermal=0;battery_pct=79;charging=0;music=0;location_on=1"
1789427136029,997480876,hb,"recorder=1;since_fix_ms=56;fixes_this_process=7101;write_failures=0;screen_on=1;doze=0;battery_saver=0;unrestricted=1;bg_restricted=0;standby_bucket=5;thermal=0;battery_pct=79;charging=0;music=0;location_on=1"
1789427141045,997485892,hb,"recorder=1;since_fix_ms=71;fixes_this_process=7106;write_failures=0;screen_on=1;doze=0;battery_saver=0;unrestricted=1;bg_restricted=0;standby_bucket=5;thermal=0;battery_pct=79;charging=0;music=0;location_on=1"
1789427146053,997490900,hb,"recorder=1;since_fix_ms=138;fixes_this_process=7111;write_failures=0;screen_on=1;doze=0;battery_saver=0;unrestricted=1;bg_restricted=0;standby_bucket=5;thermal=0;battery_pct=79;charging=0;music=0;location_on=1"
1789427151058,997495905,hb,"recorder=1;since_fix_ms=62;fixes_this_process=7116;write_failures=0;screen_on=1;doze=0;battery_saver=0;unrestricted=1;bg_restricted=0;standby_bucket=5;thermal=0;battery_pct=79;charging=0;music=0;location_on=1"
1789427156063,997500909,hb,"recorder=1;since_fix_ms=88;fixes_this_process=7121;write_failures=0;screen_on=1;doze=0;battery_saver=0;unrestricted=1;bg_restricted=0;standby_bucket=5;thermal=0;battery_pct=79;charging=0;music=0;location_on=1"
1789427161071,997505918,hb,"recorder=1;since_fix_ms=96;fixes_this_process=7126;write_failures=0;screen_on=1;doze=0;battery_saver=0;unrestricted=1;bg_restricted=0;standby_bucket=5;thermal=0;battery_pct=79;charging=0;music=0;location_on=1"
1789427166080,997510926,hb,"recorder=1;since_fix_ms=103;fixes_this_process=7131;write_failures=0;screen_on=1;doze=0;battery_saver=0;unrestricted=1;bg_restricted=0;standby_bucket=5;thermal=0;battery_pct=79;charging=0;music=0;location_on=1"
1789427171089,997515936,hb,"recorder=1;since_fix_ms=100;fixes_this_process=7136;write_failures=0;screen_on=1;doze=0;battery_saver=0;unrestricted=1;bg_restricted=0;standby_bucket=5;thermal=0;battery_pct=79;charging=0;music=0;location_on=1"
1789427176097,997520943,hb,"recorder=1;since_fix_ms=121;fixes_this_process=7141;write_failures=0;screen_on=1;doze=0;battery_saver=0;unrestricted=1;bg_restricted=0;standby_bucket=5;thermal=0;battery_pct=79;charging=0;music=0;location_on=1"
1789427181105,997525952,hb,"recorder=1;since_fix_ms=125;fixes_this_process=7146;write_failures=0;screen_on=1;doze=0;battery_saver=0;unrestricted=1;bg_restricted=0;standby_bucket=5;thermal=0;battery_pct=79;charging=0;music=0;location_on=1"
1789427186112,997530959,hb,"recorder=1;since_fix_ms=132;fixes_this_process=7151;write_failures=0;screen_on=1;doze=0;battery_saver=0;unrestricted=1;bg_restricted=0;standby_bucket=5;thermal=0;battery_pct=79;charging=0;music=0;location_on=1"
1789427191117,997535963,hb,"recorder=1;since_fix_ms=142;fixes_this_process=7156;write_failures=0;screen_on=1;doze=0;battery_saver=0;unrestricted=1;bg_restricted=0;standby_bucket=5;thermal=0;battery_pct=79;charging=0;music=0;location_on=1"
1789427196125,997540971,hb,"recorder=1;since_fix_ms=142;fixes_this_process=7161;write_failures=0;screen_on=1;doze=0;battery_saver=0;unrestricted=1;bg_restricted=0;standby_bucket=5;thermal=0;battery_pct=79;charging=0;music=0;location_on=1"
1789427201134,997545981,hb,"recorder=1;since_fix_ms=156;fixes_this_process=7166;write_failures=0;screen_on=1;doze=0;battery_saver=0;unrestricted=1;bg_restricted=0;standby_bucket=5;thermal=0;battery_pct=79;charging=0;music=0;location_on=1"
1789427206142,997550989,hb,"recorder=1;since_fix_ms=168;fixes_this_process=7171;write_failures=0;screen_on=1;doze=0;battery_saver=0;unrestricted=1;bg_restricted=0;standby_bucket=5;thermal=0;battery_pct=79;charging=0;music=0;location_on=1"
1789427211149,997555996,hb,"recorder=1;since_fix_ms=163;fixes_this_process=7176;write_failures=0;screen_on=1;doze=0;battery_saver=0;unrestricted=1;bg_restricted=0;standby_bucket=5;thermal=0;battery_pct=79;charging=0;music=0;location_on=1"
1789427216157,997561003,hb,"recorder=1;since_fix_ms=171;fixes_this_process=7181;write_failures=0;screen_on=1;doze=0;battery_saver=0;unrestricted=1;bg_restricted=0;standby_bucket=5;thermal=0;battery_pct=79;charging=0;music=0;location_on=1"
1789427221166,997566012,hb,"recorder=1;since_fix_ms=173;fixes_this_process=7186;write_failures=0;screen_on=1;doze=0;battery_saver=0;unrestricted=1;bg_restricted=0;standby_bucket=5;thermal=0;battery_pct=79;charging=0;music=0;location_on=1"
1789427226172,997571019,hb,"recorder=1;since_fix_ms=198;fixes_this_process=7191;write_failures=0;screen_on=1;doze=0;battery_saver=0;unrestricted=1;bg_restricted=0;standby_bucket=5;thermal=0;battery_pct=79;charging=0;music=0;location_on=1"
1789427231184,997576031,hb,"recorder=1;since_fix_ms=208;fixes_this_process=7196;write_failures=0;screen_on=1;doze=0;battery_saver=0;unrestricted=1;bg_restricted=0;standby_bucket=5;thermal=0;battery_pct=79;charging=0;music=0;location_on=1"
1789427236191,997581038,hb,"recorder=1;since_fix_ms=212;fixes_this_process=7201;write_failures=0;screen_on=1;doze=0;battery_saver=0;unrestricted=1;bg_restricted=0;standby_bucket=5;thermal=0;battery_pct=79;charging=0;music=0;location_on=1"
1789427241195,997586042,hb,"recorder=1;since_fix_ms=209;fixes_this_process=7206;write_failures=0;screen_on=1;doze=0;battery_saver=0;unrestricted=1;bg_restricted=0;standby_bucket=5;thermal=0;battery_pct=79;charging=0;music=0;location_on=1"
1789427246205,997591052,hb,"recorder=1;since_fix_ms=234;fixes_this_process=7211;write_failures=0;screen_on=1;doze=0;battery_saver=0;unrestricted=1;bg_restricted=0;standby_bucket=5;thermal=0;battery_pct=78;charging=0;music=0;location_on=1"
1789427251210,997596056,hb,"recorder=1;since_fix_ms=236;fixes_this_process=7216;write_failures=0;screen_on=1;doze=0;battery_saver=0;unrestricted=1;bg_restricted=0;standby_bucket=5;thermal=0;battery_pct=78;charging=0;music=0;location_on=1"
1789427256217,997601063,hb,"recorder=1;since_fix_ms=241;fixes_this_process=7221;write_failures=0;screen_on=1;doze=0;battery_saver=0;unrestricted=1;bg_restricted=0;standby_bucket=5;thermal=0;battery_pct=78;charging=0;music=0;location_on=1"
1789427261231,997606078,hb,"recorder=1;since_fix_ms=264;fixes_this_process=7226;write_failures=0;screen_on=1;doze=0;battery_saver=0;unrestricted=1;bg_restricted=0;standby_bucket=5;thermal=0;battery_pct=78;charging=0;music=0;location_on=1"
1789427266241,997611087,hb,"recorder=1;since_fix_ms=270;fixes_this_process=7231;write_failures=0;screen_on=1;doze=0;battery_saver=0;unrestricted=1;bg_restricted=0;standby_bucket=5;thermal=0;battery_pct=78;charging=0;music=0;location_on=1"
1789427271245,997616092,hb,"recorder=1;since_fix_ms=273;fixes_this_process=7236;write_failures=0;screen_on=1;doze=0;battery_saver=0;unrestricted=1;bg_restricted=0;standby_bucket=5;thermal=0;battery_pct=78;charging=0;music=0;location_on=1"
1789427276256,997621102,hb,"recorder=1;since_fix_ms=281;fixes_this_process=7241;write_failures=0;screen_on=1;doze=0;battery_saver=0;unrestricted=1;bg_restricted=0;standby_bucket=5;thermal=0;battery_pct=78;charging=0;music=0;location_on=1"
1789427281262,997626108,hb,"recorder=1;since_fix_ms=285;fixes_this_process=7246;write_failures=0;screen_on=1;doze=0;battery_saver=0;unrestricted=1;bg_restricted=0;standby_bucket=5;thermal=0;battery_pct=78;charging=0;music=0;location_on=1"
1789427286265,997631112,hb,"recorder=1;since_fix_ms=293;fixes_this_process=7251;write_failures=0;screen_on=1;doze=0;battery_saver=0;unrestricted=1;bg_restricted=0;standby_bucket=5;thermal=0;battery_pct=78;charging=0;music=0;location_on=1"
1789427287415,997632262,sdk_ready_on_resume,""
1789427289626,997634472,sdk_stop_requested,""
1789427289629,997634476,stop,""
1789427289632,997634478,log_close,"reason=stop"
