wall_ms,fix_ms,elapsed_rt_ms,lat,lon,acc_m,alt_m,vacc_m,speed_mps,bearing_deg,provider,mock,moving,sample,event
1789420044175,1789420043967,990388813,42.0410105,-93.6501412,3.984,255.00001525878906,6.9902735,0.029404514,,fused,0,1,0,motionchange
1789420044182,1789420043967,990388813,42.0410105,-93.6501412,3.984,255.00001525878906,6.9902735,0.029404514,,fused,0,1,0,
1789420044446,1789420043967,990388813,42.0410105,-93.6501412,3.984,255.00001525878906,6.9902735,0.029404514,,fused,0,1,0,
1789420044446,1789420043967,990388813,42.0410105,-93.6501412,3.984,255.00001525878906,6.9902735,0.029404514,,fused,0,1,0,
1789420044446,1789420043967,990388813,42.0410105,-93.6501412,3.984,255.00001525878906,6.9902735,0.029404514,,fused,0,1,0,
1789420044990,1789420044966,990389813,42.04101,-93.6501414,3.537,255.00001525878906,7.0234647,0.036975123,,fused,0,1,0,
1789420045991,1789420045967,990390813,42.0410094,-93.6501413,3.424,255.00001525878906,7.0336967,0.042070862,,fused,0,1,0,
1789420046992,1789420046968,990391814,42.041009,-93.6501412,3.232,255.00001525878906,7.4201107,0.04744446,,fused,0,1,0,
1789420047989,1789420047966,990392813,42.0410087,-93.6501412,3.048,255.00001525878906,7.0524416,0.05287436,,fused,0,1,0,
1789420048986,1789420048967,990393813,42.0410085,-93.6501411,3.024,255.00001525878906,7.0589347,0.057044595,,fused,0,1,0,
1789420049990,1789420049967,990394813,42.0410082,-93.6501409,3.0,255.00001525878906,6.4090986,0.060841843,,fused,0,1,0,
1789420050989,1789420050967,990395813,42.0410081,-93.6501409,3.0,255.00001525878906,6.457503,0.06260258,,fused,0,1,0,
1789420051988,1789420051967,990396813,42.0410078,-93.6501408,3.0,255.00001525878906,6.4389095,0.064496905,,fused,0,1,0,
1789420052988,1789420052966,990397813,42.0410076,-93.6501408,3.0,255.00001525878906,6.4454026,0.06651389,,fused,0,1,0,
1789420053987,1789420053966,990398813,42.0410073,-93.6501409,3.0,255.00001525878906,6.4482512,0.06759998,,fused,0,1,0,
1789420054705,1789420054398,990399245,42.0410072,-93.6501412,3.0,255.00001525878906,6.8981867,0.06752518,,fused,0,1,0,
1789420054715,1789420054398,990399245,42.0410072,-93.6501412,3.0,255.00001525878906,6.8981867,0.06752518,,fused,0,1,0,
1789420054716,1789420054398,990399245,42.0410072,-93.6501412,3.0,255.00001525878906,6.8981867,0.06752518,,fused,0,1,0,
1789420055990,1789420055966,990400813,42.0410069,-93.650141,3.0,255.00001525878906,6.9065747,0.07107783,,fused,0,1,0,
1789420056985,1789420056967,990401813,42.0410067,-93.650141,3.0,255.00001525878906,6.9070263,0.07182522,,fused,0,1,0,
1789420057989,1789420057967,990402813,42.0410065,-93.6501409,3.0,255.00001525878906,6.9195747,0.071665555,,fused,0,1,0,
1789420058986,1789420058967,990403813,42.0410063,-93.650141,3.0,255.00001525878906,6.9136357,0.070215985,,fused,0,1,0,
1789420059988,1789420059966,990404813,42.0410058,-93.650141,3.0,255.00001525878906,6.535891,0.23107849,90.00406,fused,0,1,0,
1789420060919,1789420060901,990405748,42.0410056,-93.650141,3.0,255.00001525878906,6.535891,0.237112,90.00047,fused,0,1,0,
1789420061990,1789420061968,990406814,42.0410043,-93.6501416,3.0,255.00001525878906,6.552909,0.079247475,,fused,0,1,0,
1789420062990,1789420062967,990407813,42.0410039,-93.6501418,3.0,255.00001525878906,6.569353,0.06939273,,fused,0,1,0,
1789420063984,1789420063966,990408813,42.0410035,-93.6501419,3.0,255.00001525878906,6.590819,0.06586887,,fused,0,1,0,
1789420064990,1789420064968,990409814,42.0410034,-93.6501422,3.0,255.00001525878906,6.464281,0.06430345,,fused,0,1,0,
1789420065988,1789420065967,990410813,42.0410031,-93.6501423,3.0,253.3280749796936,6.5420547,0.0644849,,fused,0,1,0,
1789420066983,1789420066967,990411813,42.0410027,-93.6501423,3.0,253.15455995032272,6.5713468,0.063529424,,fused,0,1,0,
1789420067988,1789420067966,990412813,42.0410023,-93.6501423,3.0,253.13575822238425,6.5778546,0.063588485,,fused,0,1,0,
1789420068988,1789420068967,990413813,42.041002,-93.6501424,3.0,253.13575822238425,6.569372,0.062706865,,fused,0,1,0,
1789420069988,1789420069967,990414813,42.0410017,-93.6501425,3.0,253.13575822238425,6.4896965,0.06675051,,fused,0,1,0,
1789420070991,1789420070967,990415814,42.0410014,-93.6501427,3.0,255.00001525878906,6.21817,0.067469366,,fused,0,1,0,
1789420071992,1789420071967,990416813,42.0410012,-93.6501428,3.0,255.00001525878906,6.473651,0.067413114,,fused,0,1,0,
1789420072964,1789420072942,990417789,42.0410011,-93.6501428,3.0,255.00001525878906,6.473651,0.06784691,,fused,0,1,0,
1789420073996,1789420073966,990418813,42.0410008,-93.6501431,3.0,255.00001525878906,6.483954,0.06901187,,fused,0,1,0,
1789420074990,1789420074966,990419813,42.0410005,-93.6501432,3.0,255.00001525878906,6.49237,0.07007691,,fused,0,1,0,
1789420075988,1789420075967,990420813,42.0410004,-93.6501431,3.0,255.00001525878906,6.4989734,0.29454106,179.06393,fused,0,1,0,
1789420076994,1789420076967,990421813,42.0409995,-93.6501424,3.0,255.00001525878906,6.5037565,0.12470125,153.30634,fused,0,1,0,
1789420077987,1789420077967,990422813,42.0410001,-93.6501412,3.0,255.00001525878906,6.27842,0.120649844,129.78552,fused,0,1,0,
1789420078988,1789420078968,990423814,42.0410002,-93.6501417,3.0,255.00001525878906,6.27842,0.11351759,138.98747,fused,0,1,0,
1789420079996,1789420079966,990424813,42.0410007,-93.6501439,3.0,255.00001525878906,6.298752,0.09142545,,fused,0,1,0,
1789420080989,1789420080967,990425813,42.0410011,-93.6501451,3.0,255.00001525878906,6.5554314,0.08759585,,fused,0,1,0,
1789420081991,1789420081966,990426813,42.0410007,-93.6501464,3.0,255.00001525878906,6.5619392,0.071174756,,fused,0,1,0,
1789420082992,1789420082966,990427813,42.0410009,-93.6501481,3.0,255.00001525878906,6.1703134,0.07169624,,fused,0,1,0,
1789420083988,1789420083966,990428813,42.041,-93.6501489,3.0,255.00001525878906,6.15574,0.0652937,,fused,0,1,0,
1789420084991,1789420084966,990429813,42.0409999,-93.6501493,3.0,255.00001525878906,5.8965745,0.07299607,,fused,0,1,0,
1789420085987,1789420085967,990430814,42.0409997,-93.6501501,3.0,255.00001525878906,5.795937,0.061271828,,fused,0,1,0,
1789420086995,1789420086967,990431813,42.0409988,-93.650151,3.0,255.00001525878906,5.714553,0.088307455,,fused,0,1,0,
1789420087995,1789420087968,990432814,42.0409972,-93.6501519,3.0,255.00001525878906,5.254039,0.1065496,201.1268,fused,0,1,0,
1789420088990,1789420088967,990433813,42.0409963,-93.6501522,3.0,255.00001525878906,5.1357107,0.10688071,173.59471,fused,0,1,0,
1789420089995,1789420089966,990434813,42.0409948,-93.6501519,3.0,255.00001525878906,5.167065,0.11710158,151.94418,fused,0,1,0,
1789420091000,1789420090967,990435813,42.040994,-93.650151,3.0,255.00001525878906,5.154106,0.10777493,147.10062,fused,0,1,0,
1789420091986,1789420091966,990436813,42.0409943,-93.6501493,3.0,255.00001525878906,5.1141367,0.1841048,101.0278,fused,0,1,0,
1789420092988,1789420092967,990437813,42.0409966,-93.6501466,3.0,255.00001525878906,4.9365487,0.18874016,58.605972,fused,0,1,0,
1789420093891,1789420093867,990438714,42.0409967,-93.6501468,3.0,255.00001525878906,4.9365487,0.16180992,37.70161,fused,0,1,0,
1789420094997,1789420094966,990439813,42.0409998,-93.6501455,3.0,255.00001525878906,4.954634,0.17711452,54.324272,fused,0,1,0,
1789420095985,1789420095966,990440813,42.0410015,-93.6501449,3.0,255.00001525878906,4.921447,0.1222672,52.601036,fused,0,1,0,
1789420096989,1789420096967,990441813,42.0410028,-93.6501443,3.0,255.00001525878906,4.9145427,0.102647014,51.3905,fused,0,1,0,
1789420097991,1789420097966,990442813,42.0410045,-93.6501438,3.0,255.00001525878906,4.9297442,0.08584826,,fused,0,1,0,
1789420098990,1789420098967,990443813,42.041006,-93.6501438,3.0,255.00001525878906,5.1300626,0.087114014,,fused,0,1,0,
1789420099991,1789420099967,990444813,42.0410063,-93.6501435,3.0,255.00001525878906,5.1990643,0.061856125,,fused,0,1,0,
1789420100990,1789420100967,990445813,42.041007,-93.6501429,3.0,255.00001525878906,5.2491956,0.06691086,,fused,0,1,0,
1789420101993,1789420101966,990446812,42.0410082,-93.6501419,3.0,255.00001525878906,5.250778,0.06693281,,fused,0,1,0,
1789420102989,1789420102966,990447813,42.0410088,-93.6501421,3.0,255.00001525878906,5.231116,0.06592231,,fused,0,1,0,
1789420103990,1789420103966,990448813,42.0410095,-93.6501428,3.0,255.00001525878906,5.248788,0.06843437,,fused,0,1,0,
1789420104991,1789420104965,990449812,42.0410102,-93.650143,3.0,255.00001525878906,5.255631,0.06806528,,fused,0,1,0,
1789420105993,1789420105967,990450813,42.0410103,-93.6501434,3.0,255.00001525878906,5.2653613,0.06482841,,fused,0,1,0,
1789420106991,1789420106965,990451812,42.0410099,-93.6501433,3.0,255.00001525878906,4.899111,0.065113686,,fused,0,1,0,
1789420107988,1789420107965,990452812,42.0410101,-93.6501434,3.0,255.00001525878906,4.891848,0.06359299,,fused,0,1,0,
1789420108989,1789420108966,990453813,42.0410107,-93.6501432,3.0,255.00001525878906,4.905219,0.06160169,,fused,0,1,0,
1789420109988,1789420109966,990454813,42.0410107,-93.6501436,3.0,255.00001525878906,4.9186993,0.063648954,,fused,0,1,0,
1789420110995,1789420110967,990455813,42.0410101,-93.6501444,3.0,255.00001525878906,4.92945,0.056129437,,fused,0,1,0,
1789420111991,1789420111966,990456813,42.0410098,-93.6501438,3.0,255.00001525878906,5.4911437,0.061253097,,fused,0,1,0,
1789420112990,1789420112967,990457813,42.0410108,-93.6501439,3.0,255.00001525878906,5.520014,0.058780994,,fused,0,1,0,
1789420113993,1789420113966,990458813,42.0410119,-93.6501437,3.0,255.00001525878906,5.53283,0.0030490723,,fused,0,1,0,
1789420114987,1789420114967,990459813,42.0410122,-93.6501438,3.0,255.00001525878906,5.5417094,0.018076668,,fused,0,1,0,
1789420115989,1789420115967,990460813,42.0410125,-93.6501437,3.0,255.00001525878906,5.5458302,0.028348241,,fused,0,1,0,
1789420116993,1789420116967,990461813,42.0410127,-93.6501436,3.0,255.00001525878906,5.55054,0.03646695,,fused,0,1,0,
1789420117995,1789420117966,990462813,42.0410129,-93.6501434,3.0,255.00001525878906,5.554678,0.041436333,,fused,0,1,0,
1789420118946,1789420118890,990463736,42.041013,-93.6501433,3.0,255.00001525878906,5.6780806,0.041593865,,fused,0,1,0,
1789420119993,1789420119967,990464813,42.0410133,-93.6501432,3.0,255.00001525878906,5.679916,0.04975751,,fused,0,1,0,
1789420120992,1789420120966,990465813,42.0410134,-93.6501432,3.0,255.00001525878906,5.6823616,0.052985027,,fused,0,1,0,
1789420121989,1789420121966,990466813,42.0410136,-93.6501431,3.0,255.00001525878906,5.6838756,0.056202408,,fused,0,1,0,
1789420122992,1789420122966,990467812,42.041014,-93.6501431,3.0,255.00001525878906,5.3705444,0.06029946,,fused,0,1,0,
1789420123996,1789420123967,990468814,42.0410142,-93.6501431,3.0,255.00001525878906,5.381009,0.06468609,,fused,0,1,0,
1789420124992,1789420124967,990469813,42.0410144,-93.6501431,3.0,255.00001525878906,5.37973,0.066531025,,fused,0,1,0,
1789420125993,1789420125966,990470813,42.0410147,-93.6501431,3.0,255.00001525878906,5.3750615,0.06680652,,fused,0,1,0,
1789420126995,1789420126966,990471813,42.0410149,-93.6501431,3.0,255.00001525878906,5.370167,0.06782248,,fused,0,1,0,
1789420127989,1789420127967,990472814,42.0410152,-93.6501431,3.0,255.00001525878906,5.3698344,0.0674497,,fused,0,1,0,
1789420128995,1789420128966,990473813,42.0410154,-93.6501428,3.0,255.00001525878906,5.373005,0.06638298,,fused,0,1,0,
1789420129990,1789420129968,990474814,42.0410157,-93.6501428,3.0,255.00001525878906,5.827758,0.0671318,,fused,0,1,0,
1789420130995,1789420130966,990475813,42.0410159,-93.6501429,3.0,255.00001525878906,5.8399744,0.07134246,,fused,0,1,0,
1789420131996,1789420131967,990476813,42.0410161,-93.650143,3.0,255.00001525878906,5.835674,0.072313376,,fused,0,1,0,
1789420132987,1789420132967,990477813,42.0410163,-93.650143,3.0,255.00001525878906,5.8072968,0.06949598,,fused,0,1,0,
1789420133993,1789420133965,990478812,42.0410165,-93.6501431,3.0,255.00001525878906,5.772506,0.070780106,,fused,0,1,0,
1789420134995,1789420134968,990479814,42.0410167,-93.6501433,3.0,255.00001525878906,5.7790017,0.07238602,,fused,0,1,0,
1789420135995,1789420135967,990480813,42.041017,-93.6501434,3.0,255.00001525878906,5.3166056,0.07349195,,fused,0,1,0,
1789420136992,1789420136966,990481812,42.0410174,-93.6501436,3.0,255.00001525878906,5.341435,0.07405427,,fused,0,1,0,
1789420137990,1789420137966,990482813,42.0410177,-93.6501437,3.0,255.00001525878906,5.38637,0.07486059,,fused,0,1,0,
1789420138994,1789420138967,990483814,42.0410179,-93.6501436,3.0,255.00001525878906,5.406778,0.07391827,,fused,0,1,0,
1789420139992,1789420139967,990484813,42.0410182,-93.6501436,3.0,255.00001525878906,5.4224987,0.07316837,,fused,0,1,0,
1789420140991,1789420140967,990485814,42.0410184,-93.6501436,3.0,255.00001525878906,5.4330926,0.074270934,,fused,0,1,0,
1789420141991,1789420141967,990486813,42.0410187,-93.6501435,3.0,255.00001525878906,5.318672,0.071972996,,fused,0,1,0,
1789420142993,1789420142967,990487813,42.0410189,-93.6501435,3.0,255.00001525878906,5.1798525,0.071407415,,fused,0,1,0,
1789420143989,1789420143966,990488812,42.0410193,-93.6501436,3.0,255.00001525878906,5.1797395,0.071936786,,fused,0,1,0,
1789420144993,1789420144965,990489812,42.0410194,-93.6501436,3.0,255.00001525878906,5.185447,0.07017771,,fused,0,1,0,
1789420145989,1789420145965,990490812,42.0410196,-93.6501436,3.0,255.00001525878906,5.1925673,0.06958177,,fused,0,1,0,
1789420146994,1789420146967,990491813,42.0410196,-93.6501436,3.0,255.00001525878906,5.2401366,0.0697261,,fused,0,1,0,
1789420147993,1789420147965,990492812,42.0410197,-93.6501436,3.0,255.00001525878906,5.247762,0.070439965,,fused,0,1,0,
1789420148995,1789420148968,990493814,42.0410198,-93.6501437,3.0,255.00001525878906,5.2553253,0.07181838,,fused,0,1,0,
1789420149998,1789420149968,990494814,42.0410198,-93.6501436,3.0,255.00001525878906,5.2614727,0.07024749,,fused,0,1,0,
1789420150991,1789420150965,990495812,42.0410198,-93.6501435,3.0,255.00001525878906,5.2671304,0.07135665,,fused,0,1,0,
1789420151991,1789420151967,990496813,42.0410198,-93.6501436,3.0,255.00001525878906,5.272359,0.07279951,,fused,0,1,0,
1789420152995,1789420152966,990497813,42.0410198,-93.6501437,3.0,255.00001525878906,5.4629364,0.07229003,,fused,0,1,0,
1789420153991,1789420153966,990498812,42.0410198,-93.6501438,3.0,255.00001525878906,5.463745,0.07414632,,fused,0,1,0,
1789420154995,1789420154966,990499813,42.0410199,-93.6501439,3.0,255.00001525878906,5.465411,0.07419942,,fused,0,1,0,
1789420155989,1789420155967,990500813,42.0410199,-93.650144,3.0,255.00001525878906,5.4641213,0.07450172,,fused,0,1,0,
1789420156991,1789420156966,990501812,42.0410199,-93.6501442,3.0,255.00001525878906,5.4715652,0.073374614,,fused,0,1,0,
1789420157993,1789420157966,990502813,42.04102,-93.6501442,3.0,255.00001525878906,5.475461,0.06760981,,fused,0,1,0,
1789420158993,1789420158965,990503812,42.04102,-93.6501441,3.0,255.00001525878906,5.277775,0.069254525,,fused,0,1,0,
1789420159989,1789420159966,990504812,42.04102,-93.6501441,3.0,255.00001525878906,5.2839665,0.06877695,,fused,0,1,0,
1789420160990,1789420160966,990505813,42.04102,-93.6501441,3.0,255.00001525878906,5.291894,0.06859384,,fused,0,1,0,
1789420161994,1789420161966,990506813,42.04102,-93.6501441,3.0,255.00001525878906,5.301146,0.07113455,,fused,0,1,0,
1789420162992,1789420162967,990507813,42.0410199,-93.6501442,3.0,255.00001525878906,5.3091154,0.06870935,,fused,0,1,0,
1789420163994,1789420163966,990508813,42.0410199,-93.6501443,3.0,255.00001525878906,5.3161545,0.06900496,,fused,0,1,0,
1789420164993,1789420164967,990509813,42.0410196,-93.6501444,3.0,255.00001525878906,5.1232495,0.06765725,,fused,0,1,0,
1789420165994,1789420165968,990510814,42.0410195,-93.6501446,3.0,255.00001525878906,5.13419,0.06855257,,fused,0,1,0,
1789420166991,1789420166967,990511813,42.0410194,-93.6501448,3.0,255.00001525878906,5.15022,0.06752588,,fused,0,1,0,
1789420167988,1789420167965,990512812,42.0410193,-93.6501451,3.0,255.00001525878906,5.1593103,0.070905074,,fused,0,1,0,
1789420168992,1789420168966,990513813,42.0410192,-93.6501453,3.0,255.00001525878906,5.1666083,0.068812415,,fused,0,1,0,
1789420169995,1789420169967,990514814,42.0410191,-93.6501455,3.0,255.00001525878906,5.1739163,0.06882079,,fused,0,1,0,
1789420170991,1789420170965,990515812,42.041019,-93.6501459,3.0,255.00001525878906,4.9562654,0.07242605,,fused,0,1,0,
1789420171990,1789420171967,990516813,42.0410189,-93.6501461,3.0,255.00001525878906,4.9607015,0.06996982,,fused,0,1,0,
1789420172991,1789420172966,990517812,42.0410188,-93.6501461,3.0,255.00001525878906,4.97843,0.07084337,,fused,0,1,0,
1789420173991,1789420173965,990518812,42.0410187,-93.6501462,3.0,255.00001525878906,4.984168,0.0684244,,fused,0,1,0,
1789420174992,1789420174968,990519814,42.0410186,-93.6501462,3.0,255.00001525878906,4.98988,0.066566445,,fused,0,1,0,
1789420175997,1789420175966,990520813,42.0410185,-93.6501462,3.0,255.00001525878906,4.995913,0.06677498,,fused,0,1,0,
1789420176991,1789420176965,990521812,42.0410185,-93.6501458,3.0,255.00001525878906,4.8348265,0.06497823,,fused,0,1,0,
1789420177991,1789420177965,990522812,42.0410185,-93.6501457,3.0,255.00001525878906,4.838577,0.06628869,,fused,0,1,0,
1789420178996,1789420178966,990523813,42.0410184,-93.6501458,3.0,255.00001525878906,4.8351917,0.067868784,,fused,0,1,0,
1789420179991,1789420179966,990524813,42.0410184,-93.6501458,3.0,255.00001525878906,4.816104,0.06980821,,fused,0,1,0,
1789420180989,1789420180967,990525813,42.0410184,-93.6501459,3.0,255.00001525878906,4.778067,0.06767796,,fused,0,1,0,
1789420181991,1789420181966,990526813,42.0410182,-93.6501459,3.0,255.00001525878906,4.7051363,0.070111565,,fused,0,1,0,
1789420182996,1789420182966,990527813,42.0410182,-93.6501459,3.0,255.00001525878906,4.7153044,0.069880314,,fused,0,1,0,
1789420183990,1789420183965,990528812,42.0410183,-93.650146,3.0,255.00001525878906,4.7231164,0.0687273,,fused,0,1,0,
1789420184994,1789420184967,990529814,42.0410181,-93.650146,3.0,255.00001525878906,4.731442,0.07064629,,fused,0,1,0,
1789420185990,1789420185966,990530813,42.0410182,-93.6501464,3.0,255.00001525878906,4.7407784,0.06984358,,fused,0,1,0,
1789420186993,1789420186966,990531813,42.0410182,-93.6501467,3.0,255.00001525878906,4.7463093,0.070163876,,fused,0,1,0,
1789420187991,1789420187967,990532813,42.0410182,-93.6501468,3.0,255.00001525878906,4.646038,0.06920999,,fused,0,1,0,
1789420188990,1789420188966,990533813,42.0410182,-93.6501469,3.0,255.00001525878906,4.6515875,0.069384396,,fused,0,1,0,
1789420189992,1789420189966,990534813,42.0410182,-93.6501471,3.0,255.00001525878906,4.6572595,0.070088066,,fused,0,1,0,
1789420190991,1789420190967,990535813,42.0410183,-93.6501468,3.0,255.00001525878906,4.6632524,0.06964671,,fused,0,1,0,
1789420191990,1789420191965,990536812,42.0410181,-93.6501467,3.0,255.00001525878906,4.667795,0.067987256,,fused,0,1,0,
1789420192995,1789420192966,990537813,42.041018,-93.6501467,3.0,255.00001525878906,4.6726904,0.06903862,,fused,0,1,0,
1789420193993,1789420193966,990538813,42.0410179,-93.6501466,3.0,255.00001525878906,4.6274543,0.06723617,,fused,0,1,0,
1789420194990,1789420194967,990539813,42.0410179,-93.6501466,3.0,255.00001525878906,4.63275,0.06644794,,fused,0,1,0,
1789420195992,1789420195967,990540813,42.0410178,-93.6501466,3.0,255.00001525878906,4.639902,0.06767519,,fused,0,1,0,
1789420196994,1789420196967,990541813,42.0410177,-93.6501465,3.0,255.00001525878906,4.6331143,0.06547029,,fused,0,1,0,
1789420197992,1789420197966,990542813,42.0410176,-93.6501465,3.0,255.00001525878906,4.65353,0.066125415,,fused,0,1,0,
1789420198992,1789420198966,990543812,42.0410176,-93.6501465,3.0,255.00001525878906,4.660838,0.06784412,,fused,0,1,0,
1789420199991,1789420199967,990544813,42.0410175,-93.6501463,3.0,255.00001525878906,4.5847964,0.069418624,,fused,0,1,0,
1789420200991,1789420200965,990545812,42.0410175,-93.6501463,3.0,255.00001525878906,4.5907726,0.06966929,,fused,0,1,0,
1789420201993,1789420201966,990546812,42.0410175,-93.6501462,3.0,255.00001525878906,4.596603,0.07174924,,fused,0,1,0,
1789420202990,1789420202965,990547812,42.0410175,-93.6501461,3.0,255.00001525878906,4.603196,0.06940933,,fused,0,1,0,
1789420203995,1789420203966,990548813,42.0410173,-93.6501461,3.0,255.00001525878906,4.61021,0.07425796,,fused,0,1,0,
1789420204992,1789420204965,990549812,42.0410173,-93.650146,3.0,255.00001525878906,4.6057863,0.07268704,,fused,0,1,0,
1789420205986,1789420205965,990550812,42.0410173,-93.6501459,3.0,255.00001525878906,4.629069,0.06935438,,fused,0,1,0,
1789420206994,1789420206966,990551812,42.0410173,-93.6501459,3.0,255.00001525878906,4.6380033,0.06832742,,fused,0,1,0,
1789420207992,1789420207966,990552812,42.0410173,-93.6501458,3.0,255.00001525878906,4.6400304,0.066518255,,fused,0,1,0,
1789420208992,1789420208966,990553812,42.0410173,-93.6501458,3.0,255.00001525878906,4.6448736,0.06747404,,fused,0,1,0,
1789420209994,1789420209965,990554812,42.0410174,-93.6501455,3.0,255.00001525878906,4.6504393,0.070186526,,fused,0,1,0,
1789420210995,1789420210966,990555813,42.0410175,-93.6501454,3.0,255.00001525878906,4.655433,0.07453328,,fused,0,1,0,
1789420211993,1789420211966,990556812,42.0410176,-93.6501455,3.0,255.00001525878906,4.566661,0.0724025,,fused,0,1,0,
1789420212992,1789420212965,990557812,42.0410176,-93.6501455,3.0,255.00001525878906,4.5803995,0.072129376,,fused,0,1,0,
1789420213996,1789420213966,990558812,42.0410177,-93.6501455,3.0,255.00001525878906,4.5870953,0.07087177,,fused,0,1,0,
1789420214989,1789420214967,990559813,42.0410178,-93.6501456,3.0,255.00001525878906,4.593403,0.0720613,,fused,0,1,0,
1789420215991,1789420215965,990560812,42.0410179,-93.6501457,3.0,255.00001525878906,4.5993066,0.07324432,,fused,0,1,0,
1789420216990,1789420216965,990561812,42.041018,-93.6501457,3.0,255.00001525878906,4.602179,0.072070755,,fused,0,1,0,
1789420217994,1789420217966,990562813,42.0410181,-93.6501458,3.0,255.00001525878906,4.534536,0.0735292,,fused,0,1,0,
1789420218993,1789420218966,990563812,42.0410182,-93.6501458,3.0,255.00001525878906,4.5407805,0.07330322,,fused,0,1,0,
1789420219992,1789420219966,990564812,42.0410183,-93.6501458,3.0,255.00001525878906,4.547082,0.07272631,,fused,0,1,0,
1789420221000,1789420220967,990565813,42.0410184,-93.6501457,3.0,255.00001525878906,4.548072,0.07222044,,fused,0,1,0,
1789420221989,1789420221965,990566812,42.0410185,-93.6501456,3.0,255.00001525878906,4.558437,0.07311848,,fused,0,1,0,
1789420222992,1789420222965,990567812,42.0410183,-93.6501456,3.0,255.00001525878906,4.5643883,0.07495179,,fused,0,1,0,
1789420223991,1789420223966,990568812,42.0410185,-93.6501456,3.0,255.00001525878906,4.4296036,0.074838,,fused,0,1,0,
1789420224990,1789420224966,990569812,42.0410186,-93.6501455,3.0,255.00001525878906,4.4458184,0.07307091,,fused,0,1,0,
1789420225991,1789420225966,990570813,42.0410186,-93.6501454,3.0,255.00001525878906,4.4451036,0.08293495,,fused,0,1,0,
1789420226994,1789420226967,990571813,42.0410187,-93.6501451,3.0,255.00001525878906,4.45032,0.0800848,,fused,0,1,0,
1789420227994,1789420227965,990572812,42.0410188,-93.650145,3.0,255.00001525878906,4.4582715,0.076658584,,fused,0,1,0,
1789420228990,1789420228967,990573813,42.0410189,-93.6501448,3.0,255.00001525878906,4.4658265,0.07467077,,fused,0,1,0,
1789420229991,1789420229965,990574812,42.0410189,-93.6501447,3.0,255.00001525878906,4.400173,0.07327354,,fused,0,1,0,
1789420230991,1789420230965,990575812,42.0410189,-93.6501446,3.0,255.00001525878906,4.4077125,0.07157882,,fused,0,1,0,
1789420231994,1789420231967,990576813,42.0410188,-93.6501446,3.0,255.00001525878906,4.413695,0.0728758,,fused,0,1,0,
1789420232991,1789420232965,990577812,42.0410188,-93.6501445,3.0,255.00001525878906,4.4199743,0.0715253,,fused,0,1,0,
1789420233993,1789420233968,990578814,42.0410188,-93.6501445,3.0,255.00001525878906,4.425962,0.07004087,,fused,0,1,0,
1789420234986,1789420234966,990579812,42.0410189,-93.6501444,3.0,255.00001525878906,4.3551493,0.06728172,,fused,0,1,0,
1789420235993,1789420235967,990580813,42.041019,-93.6501443,3.0,255.00001525878906,4.361183,0.28099602,89.99998,fused,0,1,0,
1789420237002,1789420236967,990581813,42.0410192,-93.6501436,3.0,255.00001525878906,4.3672,0.1012679,89.99973,fused,0,1,0,
1789420237994,1789420237966,990582813,42.0410194,-93.6501437,3.0,255.00001525878906,4.3739977,0.09209101,,fused,0,1,0,
1789420238996,1789420238966,990583813,42.0410196,-93.6501438,3.0,255.00001525878906,4.380641,0.07765079,,fused,0,1,0,
1789420239994,1789420239965,990584812,42.0410195,-93.6501439,3.0,255.00001525878906,4.4423323,0.06833902,,fused,0,1,0,
1789420240910,1789420240870,990585717,42.0410195,-93.6501439,3.0,255.00001525878906,4.407229,0.06869058,,fused,0,1,0,
1789420241993,1789420241966,990586813,42.0410197,-93.650144,3.0,255.00001525878906,4.3996787,0.06258546,,fused,0,1,0,
1789420242996,1789420242965,990587812,42.0410198,-93.6501442,3.0,255.00001525878906,4.4061522,0.06072981,,fused,0,1,0,
1789420243996,1789420243966,990588813,42.0410199,-93.6501443,3.0,255.00001525878906,4.4124737,0.06137837,,fused,0,1,0,
1789420244994,1789420244967,990589813,42.04102,-93.6501445,3.0,255.00001525878906,4.4117565,0.0616273,,fused,0,1,0,
1789420245998,1789420245967,990590813,42.0410201,-93.6501446,3.0,255.00001525878906,4.4174395,0.061166663,,fused,0,1,0,
1789420246988,1789420246966,990591812,42.0410201,-93.6501446,3.0,255.00001525878906,4.362426,0.06367396,,fused,0,1,0,
1789420247990,1789420247966,990592813,42.0410203,-93.6501447,3.0,255.00001525878906,4.3681035,0.06559541,,fused,0,1,0,
1789420248993,1789420248967,990593813,42.0410203,-93.6501448,3.0,255.00001525878906,4.4285398,0.06530912,,fused,0,1,0,
1789420249992,1789420249965,990594812,42.0410204,-93.6501448,3.0,255.00001525878906,4.38585,0.0668552,,fused,0,1,0,
1789420250991,1789420250966,990595812,42.0410205,-93.6501448,3.0,255.00001525878906,4.392332,0.068237975,,fused,0,1,0,
1789420251994,1789420251966,990596813,42.0410205,-93.6501448,3.0,255.00001525878906,4.39885,0.07141403,,fused,0,1,0,
1789420252989,1789420252966,990597812,42.0410206,-93.6501447,3.0,255.00001525878906,4.244807,0.070496775,,fused,0,1,0,
1789420253988,1789420253966,990598812,42.0410207,-93.6501447,3.0,255.00001525878906,4.310526,0.07138772,,fused,0,1,0,
1789420254993,1789420254966,990599812,42.0410207,-93.6501447,3.0,255.00001525878906,4.2745996,0.07025354,,fused,0,1,0,
1789420255989,1789420255966,990600813,42.041021,-93.6501445,3.0,255.00001525878906,4.2750688,0.07018001,,fused,0,1,0,
1789420256991,1789420256965,990601812,42.0410212,-93.6501447,3.0,255.00001525878906,4.283162,0.0712306,,fused,0,1,0,
1789420257989,1789420257965,990602812,42.0410213,-93.6501448,3.0,255.00001525878906,4.2882595,0.07167929,,fused,0,1,0,
1789420258997,1789420258967,990603813,42.0410213,-93.6501447,3.0,255.00001525878906,4.22683,0.07088867,,fused,0,1,0,
1789420259989,1789420259966,990604813,42.0410214,-93.6501447,3.0,255.00001525878906,4.1892667,0.07050374,,fused,0,1,0,
1789420260991,1789420260966,990605813,42.0410214,-93.6501448,3.0,255.00001525878906,4.2405787,0.06942082,,fused,0,1,0,
1789420261988,1789420261965,990606812,42.0410214,-93.650145,3.0,255.00001525878906,4.248172,0.071336865,,fused,0,1,0,
1789420262994,1789420262967,990607813,42.0410213,-93.650145,3.0,255.00001525878906,4.079527,0.073725894,,fused,0,1,0,
1789420263994,1789420263965,990608812,42.0410213,-93.6501451,3.0,255.00001525878906,4.151585,0.07413933,,fused,0,1,0,
1789420264994,1789420264966,990609812,42.0410213,-93.6501452,3.0,255.00001525878906,4.158973,0.0729925,,fused,0,1,0,
1789420265992,1789420265966,990610813,42.0410213,-93.6501454,3.0,255.00001525878906,4.1641436,0.07141416,,fused,0,1,0,
1789420266986,1789420266965,990611812,42.0410213,-93.6501455,3.0,255.00001525878906,4.1062922,0.06795296,,fused,0,1,0,
1789420267994,1789420267966,990612812,42.0410213,-93.6501456,3.0,255.00001525878906,4.0415306,0.06566732,,fused,0,1,0,
1789420268991,1789420268965,990613812,42.0410213,-93.6501457,3.0,255.00001525878906,4.2014427,0.0677478,,fused,0,1,0,
1789420269991,1789420269966,990614812,42.0410211,-93.6501455,3.0,255.00001525878906,4.1690063,0.072414,,fused,0,1,0,
1789420270988,1789420270967,990615813,42.0410211,-93.6501455,3.0,255.00001525878906,4.137331,0.07128149,,fused,0,1,0,
1789420271987,1789420271967,990616814,42.0410211,-93.6501457,3.0,255.00001525878906,4.082439,0.07042865,,fused,0,1,0,
1789420272992,1789420272965,990617812,42.0410211,-93.6501458,3.0,255.00001525878906,4.083735,0.06794343,,fused,0,1,0,
1789420273993,1789420273965,990618812,42.0410211,-93.650146,3.0,255.00001525878906,4.0902863,0.064237475,,fused,0,1,0,
1789420274991,1789420274966,990619812,42.0410211,-93.6501462,3.0,255.00001525878906,4.175931,0.065763205,,fused,0,1,0,
1789420275990,1789420275965,990620812,42.0410211,-93.6501467,3.0,255.00001525878906,4.181698,0.06487393,,fused,0,1,0,
1789420276997,1789420276965,990621812,42.041021,-93.6501469,3.0,255.00001525878906,4.189099,0.066991165,,fused,0,1,0,
1789420277991,1789420277966,990622812,42.041021,-93.6501471,3.0,255.00001525878906,4.1782455,0.0669046,,fused,0,1,0,
1789420278992,1789420278966,990623812,42.0410209,-93.6501469,3.0,255.00001525878906,4.144847,0.067995705,,fused,0,1,0,
1789420279993,1789420279965,990624812,42.0410208,-93.6501474,3.0,255.00001525878906,4.1906404,0.066903755,,fused,0,1,0,
1789420280995,1789420280966,990625812,42.0410208,-93.6501475,3.0,255.00001525878906,4.185655,0.06587998,,fused,0,1,0,
1789420281995,1789420281966,990626813,42.0410208,-93.6501476,3.0,255.00001525878906,4.1786556,0.065207794,,fused,0,1,0,
1789420282989,1789420282966,990627812,42.0410207,-93.6501482,3.0,255.00001525878906,3.9993048,0.06261478,,fused,0,1,0,
1789420283996,1789420283967,990628813,42.0410206,-93.6501483,3.0,255.00001525878906,4.0038853,0.06600513,,fused,0,1,0,
1789420284992,1789420284966,990629812,42.0410206,-93.6501483,3.0,255.00001525878906,4.0090523,0.09375923,,fused,0,1,0,
1789420285992,1789420285965,990630812,42.0410205,-93.6501484,3.0,255.00001525878906,4.0955343,0.09015243,,fused,0,1,0,
1789420286993,1789420286967,990631813,42.0410204,-93.6501485,3.0,255.00001525878906,4.156337,0.08608649,,fused,0,1,0,
1789420287988,1789420287967,990632813,42.0410203,-93.6501485,3.0,255.00001525878906,4.127317,0.08286056,,fused,0,1,0,
1789420288999,1789420288967,990633813,42.0410202,-93.6501487,3.0,255.00001525878906,4.0854797,0.078698464,,fused,0,1,0,
1789420289986,1789420289965,990634811,42.0410204,-93.650149,3.0,255.00001525878906,4.0925765,0.11148439,272.4666,fused,0,1,0,
1789420290994,1789420290966,990635812,42.04102,-93.6501489,3.0,255.00001525878906,4.0036225,0.084824935,,fused,0,1,0,
1789420291992,1789420291967,990636814,42.0410198,-93.6501485,3.0,255.00001525878906,4.012653,0.05344299,,fused,0,1,0,
1789420292996,1789420292967,990637813,42.0410195,-93.650149,3.0,255.00001525878906,4.0142217,0.06348118,,fused,0,1,0,
1789420293990,1789420293965,990638812,42.0410187,-93.6501489,3.0,255.00001525878906,4.0514636,0.06384773,,fused,0,1,0,
1789420294995,1789420294966,990639812,42.0410188,-93.6501488,3.0,255.00001525878906,4.0466795,0.06815086,,fused,0,1,0,
1789420295990,1789420295965,990640812,42.0410192,-93.650149,3.0,255.00001525878906,4.0333834,0.06310298,,fused,0,1,0,
1789420296990,1789420296966,990641812,42.0410192,-93.6501489,3.0,255.00001525878906,4.0359883,0.06669345,,fused,0,1,0,
1789420297994,1789420297966,990642812,42.0410195,-93.6501487,3.0,255.00001525878906,4.108479,0.061365325,,fused,0,1,0,
1789420298992,1789420298966,990643813,42.0410197,-93.6501483,3.0,255.00001525878906,4.0597806,0.05993659,,fused,0,1,0,
1789420299991,1789420299965,990644812,42.0410201,-93.6501477,3.0,255.00001525878906,4.066365,0.05757355,,fused,0,1,0,
1789420300994,1789420300967,990645814,42.0410198,-93.6501479,3.0,255.00001525878906,3.9877238,0.061768916,,fused,0,1,0,
1789420301991,1789420301965,990646812,42.0410193,-93.6501485,3.0,255.00001525878906,3.9030404,0.061327673,,fused,0,1,0,
1789420302991,1789420302966,990647812,42.0410194,-93.6501483,3.0,255.00001525878906,3.9483202,0.055542264,,fused,0,1,0,
1789420303990,1789420303965,990648812,42.0410191,-93.6501474,3.0,255.00001525878906,3.892965,0.06513015,,fused,0,1,0,
1789420304992,1789420304966,990649813,42.0410188,-93.6501475,3.0,255.00001525878906,4.0046477,0.057063114,,fused,0,1,0,
1789420305991,1789420305968,990650814,42.0410189,-93.6501486,3.0,255.00001525878906,3.9853444,0.06262055,,fused,0,1,0,
1789420306990,1789420306965,990651812,42.0410193,-93.6501482,3.0,255.00001525878906,4.006757,0.057657443,,fused,0,1,0,
1789420307989,1789420307966,990652813,42.0410192,-93.6501478,3.0,255.00001525878906,3.984968,0.06136659,,fused,0,1,0,
1789420308990,1789420308965,990653812,42.0410189,-93.6501483,3.0,255.00001525878906,4.064954,0.066005744,,fused,0,1,0,
1789420309988,1789420309967,990654813,42.0410191,-93.6501477,3.0,255.00001525878906,3.9738722,0.063432924,,fused,0,1,0,
1789420310990,1789420310965,990655812,42.0410191,-93.6501474,3.0,255.00001525878906,3.9069586,0.054004893,,fused,0,1,0,
1789420311992,1789420311966,990656812,42.0410185,-93.6501469,3.0,255.00001525878906,3.9879751,0.05415526,,fused,0,1,0,
1789420312988,1789420312967,990657813,42.0410186,-93.6501468,3.0,255.00001525878906,3.9128284,0.023578897,,fused,0,1,0,
1789420313990,1789420313966,990658812,42.0410187,-93.650147,3.0,255.00001525878906,3.9182653,0.033970054,,fused,0,1,0,
1789420314999,1789420314967,990659813,42.0410188,-93.6501472,3.0,255.00001525878906,3.936733,0.040254865,,fused,0,1,0,
1789420315990,1789420315965,990660812,42.041019,-93.6501475,3.0,255.00001525878906,3.990461,0.04508312,,fused,0,1,0,
1789420316996,1789420316966,990661813,42.0410191,-93.6501478,3.0,255.00001525878906,4.0442686,0.050968572,,fused,0,1,0,
1789420317989,1789420317966,990662812,42.0410192,-93.6501482,3.0,255.00001525878906,3.9403837,0.055435333,,fused,0,1,0,
1789420318996,1789420318967,990663813,42.0410193,-93.6501484,3.0,255.00001525878906,3.928136,0.058360986,,fused,0,1,0,
1789420319994,1789420319966,990664813,42.0410194,-93.6501488,3.0,255.00001525878906,3.917326,0.061155703,,fused,0,1,0,
1789420320996,1789420320967,990665813,42.0410194,-93.650149,3.0,255.00001525878906,3.9237447,0.061569426,,fused,0,1,0,
1789420321991,1789420321965,990666812,42.0410195,-93.6501491,3.0,255.00001525878906,3.9347107,0.062026072,,fused,0,1,0,
1789420322993,1789420322965,990667812,42.0410196,-93.6501492,3.0,255.00001525878906,4.022385,0.06542215,,fused,0,1,0,
1789420323993,1789420323967,990668813,42.0410197,-93.6501493,3.0,255.00001525878906,4.0547156,0.06619919,,fused,0,1,0,
1789420324989,1789420324965,990669812,42.0410197,-93.6501494,3.0,255.00001525878906,3.8879077,0.0659241,,fused,0,1,0,
1789420325996,1789420325966,990670813,42.0410197,-93.6501494,3.0,255.00001525878906,3.875791,0.06619874,,fused,0,1,0,
1789420326983,1789420326966,990671813,42.0410198,-93.6501494,3.0,255.00001525878906,3.937963,0.0689531,,fused,0,1,0,
1789420327991,1789420327966,990672812,42.0410198,-93.6501495,3.0,255.00001525878906,3.9129307,0.06556028,,fused,0,1,0,
1789420328996,1789420328966,990673813,42.0410198,-93.6501494,3.0,255.00001525878906,3.9229028,0.06700915,,fused,0,1,0,
1789420329988,1789420329966,990674813,42.0410199,-93.6501495,3.0,255.00001525878906,4.0483007,0.068646,,fused,0,1,0,
1789420330982,1789420330966,990675812,42.0410199,-93.6501495,3.0,255.00001525878906,3.9001997,0.06777106,,fused,0,1,0,
1789420331993,1789420331967,990676813,42.04102,-93.6501494,3.0,255.00001525878906,3.9037268,0.06946574,,fused,0,1,0,
1789420332988,1789420332967,990677813,42.04102,-93.6501495,3.0,255.00001525878906,3.8928864,0.06950389,,fused,0,1,0,
1789420333991,1789420333966,990678813,42.04102,-93.6501494,3.0,255.00001525878906,3.8467357,0.06969022,,fused,0,1,0,
1789420334991,1789420334966,990679812,42.0410199,-93.6501491,3.0,255.00001525878906,3.9410684,0.06108861,,fused,0,1,0,
1789420335994,1789420335965,990680812,42.0410201,-93.6501491,3.0,255.00001525878906,3.9070573,0.060916167,,fused,0,1,0,
1789420336990,1789420336965,990681812,42.0410204,-93.6501491,3.0,255.00001525878906,3.8538847,0.050712474,,fused,0,1,0,
1789420337990,1789420337966,990682812,42.0410201,-93.65015,3.0,255.00001525878906,3.8177094,0.05734642,,fused,0,1,0,
1789420338993,1789420338966,990683812,42.0410198,-93.6501498,3.0,255.00001525878906,3.7771366,0.09413428,,fused,0,1,0,
1789420339989,1789420339965,990684812,42.0410192,-93.6501492,3.0,255.00001525878906,3.7870672,0.09131153,,fused,0,1,0,
1789420340991,1789420340966,990685812,42.0410188,-93.6501492,3.0,255.00001525878906,3.789391,0.08248549,,fused,0,1,0,
1789420341996,1789420341967,990686813,42.0410185,-93.6501496,3.0,255.00001525878906,3.7931006,0.089523286,,fused,0,1,0,
1789420342918,1789420342901,990687748,42.0410187,-93.6501495,3.0,255.00001525878906,3.6473587,0.06397048,,fused,0,1,0,
1789420343993,1789420343966,990688812,42.0410179,-93.6501486,3.0,255.00001525878906,3.6771555,0.10254694,221.15999,fused,0,1,0,
1789420344924,1789420344903,990689750,42.0410172,-93.6501492,3.0,255.00001525878906,3.6771555,0.10239419,114.214165,fused,0,1,0,
1789420345992,1789420345966,990690813,42.0410151,-93.6501481,3.0,255.00001525878906,3.7199204,0.08641687,,fused,0,1,0,
1789420346989,1789420346965,990691812,42.0410137,-93.650148,3.0,255.00001525878906,3.8364146,0.08858655,,fused,0,1,0,
1789420347991,1789420347965,990692812,42.0410127,-93.6501478,3.0,255.00001525878906,3.7758605,0.10168384,64.28013,fused,0,1,0,
1789420348998,1789420348965,990693812,42.0410119,-93.6501475,3.0,255.00001525878906,3.7458837,0.08256522,,fused,0,1,0,
1789420349986,1789420349965,990694812,42.0410109,-93.6501483,3.0,255.00001525878906,3.6988752,0.1455443,245.50227,fused,0,1,0,
1789420350993,1789420350966,990695813,42.0410094,-93.6501491,3.0,255.00001525878906,3.6845949,0.12686007,221.17413,fused,0,1,0,
1789420351989,1789420351966,990696813,42.0410083,-93.6501491,3.0,255.00001525878906,3.6958935,0.10215273,217.29163,fused,0,1,0,
1789420352984,1789420352965,990697811,42.0410081,-93.6501492,3.0,255.00001525878906,3.6958935,0.15070705,257.8741,fused,0,1,0,
1789420353991,1789420353965,990698812,42.0410066,-93.650149,3.0,255.00001525878906,3.8596842,0.12253283,256.6277,fused,0,1,0,
1789420354990,1789420354967,990699813,42.0410061,-93.6501493,3.0,255.00001525878906,3.845928,0.12221188,253.59692,fused,0,1,0,
1789420355988,1789420355966,990700813,42.0410059,-93.6501489,3.0,255.00001525878906,3.8426688,0.0765892,,fused,0,1,0,
1789420356993,1789420356966,990701813,42.0410052,-93.6501495,3.0,255.00001525878906,3.8514967,0.0740149,,fused,0,1,0,
1789420357988,1789420357965,990702812,42.0410042,-93.6501489,3.0,255.00001525878906,3.8192286,0.059070718,,fused,0,1,0,
1789420358991,1789420358965,990703812,42.0410043,-93.6501485,3.0,255.00001525878906,3.6486397,0.057379015,,fused,0,1,0,
1789420359986,1789420359965,990704812,42.0410044,-93.650149,3.0,255.00001525878906,3.651713,0.055170525,,fused,0,1,0,
1789420360988,1789420360966,990705812,42.0410047,-93.6501488,3.0,255.00001525878906,3.6501055,0.057552252,,fused,0,1,0,
1789420361991,1789420361965,990706812,42.0410052,-93.6501494,3.0,255.00001525878906,3.7790549,0.056100048,,fused,0,1,0,
1789420362992,1789420362966,990707813,42.0410056,-93.650149,3.0,255.00001525878906,3.6895132,0.05370852,,fused,0,1,0,
1789420363987,1789420363965,990708812,42.0410062,-93.6501493,3.0,255.00001525878906,3.6759565,0.055397872,,fused,0,1,0,
1789420364989,1789420364965,990709812,42.0410068,-93.6501493,3.0,255.00001525878906,3.7433133,0.06498294,,fused,0,1,0,
1789420365990,1789420365965,990710812,42.0410069,-93.650149,3.0,255.00001525878906,3.6018505,0.05519814,,fused,0,1,0,
1789420366988,1789420366966,990711812,42.0410075,-93.6501488,3.0,255.00001525878906,3.621541,0.084856495,,fused,0,1,0,
1789420367991,1789420367966,990712812,42.0410077,-93.6501483,3.0,255.00001525878906,3.6185026,0.084271,,fused,0,1,0,
1789420368991,1789420368967,990713813,42.041008,-93.6501479,3.0,255.00001525878906,3.5937898,0.09674999,,fused,0,1,0,
1789420369989,1789420369966,990714812,42.0410071,-93.6501485,3.0,255.00001525878906,3.6673589,0.05871723,,fused,0,1,0,
1789420370988,1789420370967,990715813,42.0410067,-93.6501491,3.0,255.00001525878906,3.6097102,0.05279241,,fused,0,1,0,
1789420371989,1789420371967,990716813,42.0410066,-93.6501495,3.0,255.00001525878906,3.5776367,0.09485266,,fused,0,1,0,
1789420372990,1789420372965,990717812,42.0410064,-93.6501499,3.0,255.00001525878906,3.6278102,0.09115303,,fused,0,1,0,
1789420373991,1789420373966,990718813,42.0410063,-93.6501501,3.0,255.00001525878906,3.716129,0.08850621,,fused,0,1,0,
1789420374988,1789420374966,990719812,42.0410062,-93.6501502,3.0,255.00001525878906,3.7204397,0.089357026,,fused,0,1,0,
1789420375989,1789420375966,990720812,42.0410061,-93.6501504,3.0,255.00001525878906,3.740409,0.08932998,,fused,0,1,0,
1789420376991,1789420376965,990721812,42.041006,-93.6501506,3.0,255.00001525878906,3.5921707,0.08716828,,fused,0,1,0,
1789420377989,1789420377965,990722812,42.0410059,-93.6501507,3.0,255.00001525878906,3.5913773,0.08502519,,fused,0,1,0,
1789420378992,1789420378966,990723813,42.0410057,-93.6501508,3.0,255.00001525878906,3.4856055,0.08502673,,fused,0,1,0,
1789420379989,1789420379966,990724812,42.0410056,-93.6501508,3.0,255.00001525878906,3.5528822,0.08373593,,fused,0,1,0,
1789420380993,1789420380966,990725812,42.0410055,-93.6501509,3.0,255.00001525878906,3.5793052,0.081033215,,fused,0,1,0,
1789420381990,1789420381967,990726813,42.0410054,-93.650151,3.0,255.00001525878906,3.6189213,0.08171911,,fused,0,1,0,
1789420382992,1789420382966,990727812,42.0410054,-93.6501512,3.0,255.00001525878906,3.639074,0.081453286,,fused,0,1,0,
1789420383992,1789420383967,990728813,42.0410053,-93.6501514,3.0,255.00001525878906,3.6997313,0.07971318,,fused,0,1,0,
1789420384991,1789420384966,990729812,42.0410052,-93.6501516,3.0,255.00001525878906,3.7059102,0.08079238,,fused,0,1,0,
1789420385986,1789420385965,990730812,42.0410051,-93.6501517,3.0,255.00001525878906,3.775255,0.08185511,,fused,0,1,0,
1789420386990,1789420386965,990731812,42.0410049,-93.6501518,3.0,255.00001525878906,3.7122622,0.08151217,,fused,0,1,0,
1789420387990,1789420387965,990732812,42.0410046,-93.6501519,3.0,255.00001525878906,3.7337906,0.08006216,,fused,0,1,0,
1789420388990,1789420388966,990733812,42.0410045,-93.650152,3.0,255.00001525878906,3.7904491,0.07919035,,fused,0,1,0,
1789420389990,1789420389966,990734812,42.0410045,-93.6501521,3.0,255.00001525878906,3.7360275,0.07719607,,fused,0,1,0,
1789420390988,1789420390966,990735812,42.0410044,-93.6501521,3.0,255.00001525878906,3.7218716,0.07461242,,fused,0,1,0,
1789420391989,1789420391967,990736813,42.0410043,-93.6501521,3.0,255.00001525878906,3.7260098,0.06825146,,fused,0,1,0,
1789420392989,1789420392966,990737812,42.0410042,-93.6501521,3.0,255.00001525878906,3.677186,0.067902125,,fused,0,1,0,
1789420393991,1789420393965,990738812,42.0410041,-93.650152,3.0,255.00001525878906,3.5827684,0.067129314,,fused,0,1,0,
1789420394990,1789420394966,990739813,42.0410042,-93.6501517,3.0,255.00001525878906,3.5880122,0.06572951,,fused,0,1,0,
1789420395990,1789420395966,990740812,42.0410041,-93.6501518,3.0,255.00001525878906,3.6509104,0.06592269,,fused,0,1,0,
1789420396988,1789420396966,990741812,42.041004,-93.6501519,3.0,255.00001525878906,3.7456193,0.067816235,,fused,0,1,0,
1789420397991,1789420397965,990742812,42.0410038,-93.6501521,3.0,255.00001525878906,3.8247676,0.06946546,,fused,0,1,0,
1789420398990,1789420398966,990743812,42.0410037,-93.6501521,3.0,255.00001525878906,3.7632883,0.06855144,,fused,0,1,0,
1789420399991,1789420399965,990744812,42.0410035,-93.6501522,3.0,255.00001525878906,3.6995661,0.0664549,,fused,0,1,0,
1789420400996,1789420400967,990745813,42.0410034,-93.6501521,3.0,255.00001525878906,3.6367157,0.06897711,,fused,0,1,0,
1789420401988,1789420401966,990746812,42.0410032,-93.650152,3.0,255.00001525878906,3.620451,0.07036047,,fused,0,1,0,
1789420402990,1789420402966,990747812,42.0410031,-93.650152,3.0,255.00001525878906,3.5839562,0.072150305,,fused,0,1,0,
1789420403989,1789420403965,990748812,42.041003,-93.6501519,3.0,255.00001525878906,3.606712,0.07140369,,fused,0,1,0,
1789420404991,1789420404965,990749812,42.041003,-93.6501517,3.0,255.00001525878906,3.7134304,0.070072554,,fused,0,1,0,
1789420405987,1789420405966,990750812,42.041003,-93.6501516,3.0,255.00001525878906,3.7451282,0.07073299,,fused,0,1,0,
1789420406990,1789420406966,990751812,42.0410029,-93.6501514,3.0,255.00001525878906,3.7142863,0.06946458,,fused,0,1,0,
1789420407990,1789420407965,990752812,42.0410028,-93.6501513,3.0,255.00001525878906,3.6740541,0.07023039,,fused,0,1,0,
1789420408988,1789420408966,990753812,42.0410028,-93.650151,3.0,255.00001525878906,3.7358987,0.07312922,,fused,0,1,0,
1789420409990,1789420409967,990754813,42.0410026,-93.650151,3.0,255.00001525878906,3.708945,0.07404096,,fused,0,1,0,
1789420410989,1789420410965,990755812,42.0410025,-93.6501509,3.0,255.00001525878906,3.7155144,0.07640986,,fused,0,1,0,
1789420411988,1789420411966,990756812,42.0410023,-93.6501509,3.0,255.00001525878906,3.5446978,0.07490899,,fused,0,1,0,
1789420412987,1789420412966,990757812,42.0410022,-93.650151,3.0,255.00001525878906,3.5906012,0.07421718,,fused,0,1,0,
1789420413990,1789420413967,990758813,42.0410022,-93.650151,3.0,255.00001525878906,3.7133882,0.0766824,,fused,0,1,0,
1789420414987,1789420414965,990759812,42.0410021,-93.650151,3.0,255.00001525878906,3.718583,0.07468745,,fused,0,1,0,
1789420415994,1789420415967,990760813,42.041002,-93.6501511,3.0,255.00001525878906,3.7725797,0.07241675,,fused,0,1,0,
1789420416989,1789420416966,990761812,42.041002,-93.6501512,3.0,255.00001525878906,3.690083,0.071995735,,fused,0,1,0,
1789420417988,1789420417964,990762811,42.0410021,-93.6501513,3.0,255.00001525878906,3.608134,0.0695612,,fused,0,1,0,
1789420418991,1789420418965,990763812,42.0410021,-93.6501513,3.0,255.00001525878906,3.6115677,0.06836752,,fused,0,1,0,
1789420419988,1789420419966,990764812,42.0410022,-93.6501513,3.0,255.00001525878906,3.5758684,0.066949576,,fused,0,1,0,
1789420420988,1789420420965,990765811,42.0410025,-93.6501509,3.0,255.00001525878906,3.592781,0.06902272,,fused,0,1,0,
1789420421988,1789420421967,990766813,42.0410024,-93.6501509,3.0,255.00001525878906,3.5291457,0.06758631,,fused,0,1,0,
1789420422989,1789420422966,990767812,42.0410024,-93.650151,3.0,255.00001525878906,3.610586,0.06952347,,fused,0,1,0,
1789420423991,1789420423965,990768812,42.0410025,-93.650151,3.0,255.00001525878906,3.6481683,0.07160734,,fused,0,1,0,
1789420424988,1789420424966,990769812,42.0410025,-93.6501511,3.0,255.00001525878906,3.6821446,0.07073155,,fused,0,1,0,
1789420425986,1789420425967,990770813,42.0410025,-93.6501511,3.0,255.00001525878906,3.6809235,0.07001075,,fused,0,1,0,
1789420426993,1789420426966,990771812,42.0410027,-93.6501508,3.0,255.00001525878906,3.620227,0.06921168,,fused,0,1,0,
1789420427988,1789420427966,990772812,42.0410027,-93.650151,3.0,255.00001525878906,3.600445,0.0696413,,fused,0,1,0,
1789420428990,1789420428966,990773812,42.0410027,-93.6501512,3.0,255.00001525878906,3.6117516,0.06969295,,fused,0,1,0,
1789420429990,1789420429967,990774813,42.0410028,-93.6501513,3.0,255.00001525878906,3.616537,0.07031784,,fused,0,1,0,
1789420430988,1789420430965,990775811,42.0410028,-93.6501515,3.0,255.00001525878906,3.6233027,0.072025605,,fused,0,1,0,
1789420431991,1789420431966,990776812,42.0410029,-93.6501516,3.0,255.00001525878906,3.6001937,0.072663315,,fused,0,1,0,
1789420432987,1789420432964,990777811,42.0410028,-93.650152,3.0,255.00001525878906,3.6090734,0.071401514,,fused,0,1,0,
1789420433990,1789420433966,990778812,42.0410029,-93.6501521,3.0,255.00001525878906,3.6623886,0.07022375,,fused,0,1,0,
1789420434989,1789420434966,990779812,42.0410032,-93.6501523,3.0,255.00001525878906,3.5665512,0.06867696,,fused,0,1,0,
1789420435990,1789420435965,990780812,42.0410033,-93.6501523,3.0,255.00001525878906,3.648181,0.070868336,,fused,0,1,0,
1789420436989,1789420436966,990781812,42.0410034,-93.6501525,3.0,255.00001525878906,3.6380715,0.06818212,,fused,0,1,0,
1789420437990,1789420437965,990782812,42.0410036,-93.6501527,3.0,255.00001525878906,3.6047218,0.070955634,,fused,0,1,0,
1789420438988,1789420438965,990783812,42.0410037,-93.6501528,3.0,255.00001525878906,3.6007626,0.07383734,,fused,0,1,0,
1789420439989,1789420439966,990784813,42.0410039,-93.650153,3.0,255.00001525878906,3.6093953,0.07308308,,fused,0,1,0,
1789420440990,1789420440965,990785812,42.0410041,-93.6501533,3.0,255.00001525878906,3.5678906,0.07509233,,fused,0,1,0,
1789420441988,1789420441966,990786812,42.0410043,-93.6501533,3.0,255.00001525878906,3.5642138,0.07481074,,fused,0,1,0,
1789420442992,1789420442967,990787813,42.0410045,-93.6501534,3.0,255.00001525878906,3.613103,0.07156357,,fused,0,1,0,
1789420443989,1789420443965,990788812,42.0410048,-93.6501536,3.0,255.00001525878906,3.6273122,0.073530726,,fused,0,1,0,
1789420444991,1789420444966,990789812,42.0410051,-93.6501541,3.0,255.00001525878906,3.6115408,0.07589453,,fused,0,1,0,
1789420445992,1789420445965,990790812,42.0410053,-93.6501542,3.0,255.00001525878906,3.6236782,0.07344544,,fused,0,1,0,
1789420446990,1789420446966,990791812,42.0410055,-93.6501543,3.0,255.00001525878906,3.9983659,0.07555407,,fused,0,1,0,
1789420447990,1789420447964,990792811,42.0410055,-93.6501543,3.0,255.00001525878906,4.00793,0.07575534,,fused,0,1,0,
1789420448985,1789420448965,990793812,42.0410057,-93.6501544,3.0,255.00001525878906,4.0028334,0.07457413,,fused,0,1,0,
1789420449993,1789420449965,990794812,42.0410048,-93.6501547,3.0,255.00001525878906,3.9238467,0.23462532,259.0124,fused,0,1,0,
1789420450990,1789420450965,990795812,42.0410003,-93.6501552,3.0,255.00001525878906,3.8996775,0.3714443,175.34854,fused,0,1,0,
1789420451989,1789420451965,990796812,42.0409926,-93.6501528,3.0,255.00001525878906,4.0021443,0.5995569,157.56612,fused,0,1,0,
1789420452990,1789420452965,990797812,42.0409775,-93.6501439,3.01,255.00001525878906,4.114926,0.7123678,144.24963,fused,0,1,0,
1789420453901,1789420453882,990798729,42.0409707,-93.6501377,3.041,255.00001525878906,4.114926,0.7518449,138.77094,fused,0,1,0,
1789420454903,1789420454884,990799730,42.04095,-93.6501262,3.049,255.00001525878906,4.0410995,1.1417873,146.22108,fused,0,1,0,
1789420455881,1789420455860,990800706,42.0409282,-93.6501195,3.045,255.00001525878906,4.0155334,1.2526923,151.02908,fused,0,1,0,
1789420456789,1789420456768,990801614,42.0409189,-93.6501134,3.045,255.00001525878906,4.0087304,1.0398115,151.76323,fused,0,1,0,
1789420457882,1789420457861,990802708,42.0409074,-93.6501041,3.033,255.00001525878906,4.1163387,1.0217743,153.15666,fused,0,1,0,
1789420458989,1789420458965,990803812,42.0408895,-93.650091,3.006,255.00001525878906,4.1334724,1.3275179,154.39883,fused,0,1,0,
1789420459989,1789420459965,990804812,42.0408747,-93.6500799,3.0,255.00001525878906,3.685489,1.4061702,153.68373,fused,0,1,0,
1789420460989,1789420460966,990805812,42.0408624,-93.6500708,3.008,255.00001525878906,3.6875618,1.2499857,154.15288,fused,0,1,0,
1789420461992,1789420461966,990806812,42.0408511,-93.6500617,3.009,255.00001525878906,3.658206,1.1949463,155.2077,fused,0,1,0,
1789420462990,1789420462965,990807812,42.040839,-93.650053,3.01,255.00001525878906,3.7569017,1.266584,157.0224,fused,0,1,0,
1789420463986,1789420463966,990808812,42.0408261,-93.6500449,3.008,255.00001525878906,4.1019735,1.3026574,159.3171,fused,0,1,0,
1789420464987,1789420464966,990809812,42.040812,-93.650036,3.008,255.00001525878906,4.177026,1.3348659,159.86244,fused,0,1,0,
1789420465991,1789420465967,990810813,42.0407986,-93.6500273,3.0,255.00001525878906,4.155927,1.3206477,159.26234,fused,0,1,0,
1789420466988,1789420466966,990811812,42.0407854,-93.6500186,3.0,255.00001525878906,4.168866,1.3236333,157.79007,fused,0,1,0,
1789420467993,1789420467965,990812812,42.0407722,-93.6500083,3.0,255.00001525878906,4.1391144,1.3730458,154.19385,fused,0,1,0,
1789420468990,1789420468966,990813812,42.0407568,-93.6499951,3.003,255.00001525878906,4.1719966,1.5807316,152.55476,fused,0,1,0,
1789420469991,1789420469966,990814812,42.0407387,-93.6499802,3.033,255.00001525878906,4.15582,1.8606794,151.96544,fused,0,1,0,
1789420470987,1789420470966,990815812,42.0407145,-93.6499614,3.056,255.00001525878906,3.7920086,2.2123194,152.86641,fused,0,1,0,
1789420471987,1789420471965,990816812,42.0406902,-93.6499443,3.06,255.00001525878906,3.7037733,2.29048,155.82915,fused,0,1,0,
1789420472989,1789420472965,990817812,42.0406654,-93.6499291,3.056,255.00001525878906,3.5615833,2.247812,158.41008,fused,0,1,0,
1789420473989,1789420473965,990818812,42.0406495,-93.6499205,3.053,255.00001525878906,3.9840126,2.0981588,159.25206,fused,0,1,0,
1789420474989,1789420474965,990819812,42.0406343,-93.6499127,3.042,255.00001525878906,4.020141,1.9300247,159.48415,fused,0,1,0,
1789420475989,1789420475966,990820812,42.0406213,-93.6499068,3.02,255.00001525878906,4.0222516,1.7426026,160.42528,fused,0,1,0,
1789420476988,1789420476966,990821812,42.0406111,-93.6499015,3.023,255.00001525878906,4.0671825,1.4895594,160.71965,fused,0,1,0,
1789420477986,1789420477966,990822812,42.0406002,-93.6498966,3.02,253.3017123612275,4.0702896,1.40217,161.1449,fused,0,1,0,
1789420478939,1789420478921,990823767,42.0405889,-93.6498914,3.022,253.3017123612275,4.0702896,1.3253604,160.93427,fused,0,1,0,
1789420479987,1789420479965,990824812,42.0405737,-93.649886,3.01,252.7419530082086,4.1176114,1.458133,161.87491,fused,0,1,0,
1789420480989,1789420480966,990825812,42.04056,-93.6498814,3.009,252.4916309607264,3.980846,1.4030644,162.4178,fused,0,1,0,
1789420481989,1789420481966,990826812,42.040547,-93.6498769,3.006,252.21016165289524,3.407469,1.285439,165.26622,fused,0,1,0,
1789420482903,1789420482882,990827729,42.0405374,-93.6498738,3.019,252.21016165289524,3.407469,1.1534401,166.39659,fused,0,1,0,
1789420483995,1789420483965,990828812,42.0405324,-93.6498724,3.015,251.85941222116003,3.3797562,0.7556904,166.64691,fused,0,1,0,
1789420484993,1789420484967,990829813,42.0405263,-93.6498698,3.036,251.6220064820871,3.342312,0.8438381,155.4659,fused,0,1,0,
1789420485987,1789420485962,990830809,42.040519,-93.6498625,3.052,251.24227834785188,3.3319218,0.8809989,136.92354,fused,0,1,0,
1789420486990,1789420486965,990831812,42.0405044,-93.6498434,3.056,251.0628935188222,3.5766065,1.2681048,137.2353,fused,0,1,0,
1789420487988,1789420487967,990832813,42.0404961,-93.6498332,3.056,250.90177261060938,3.6288395,1.3375214,141.33699,fused,0,1,0,
1789420488992,1789420488966,990833812,42.0404833,-93.6498187,3.056,250.88673481319137,3.6290517,1.4367346,145.31664,fused,0,1,0,
1789420489983,1789420489960,990834806,42.040471,-93.6498079,3.055,250.88673481319137,3.6290517,1.3805012,150.14404,fused,0,1,0,
1789420490988,1789420490965,990835812,42.0404557,-93.649795,3.069,250.84376982259954,3.802385,1.4652752,153.09718,fused,0,1,0,
1789420491904,1789420491885,990836732,42.040444,-93.6497868,3.107,250.84376982259954,3.802385,1.3866602,153.58083,fused,0,1,0,
1789420492987,1789420492965,990837812,42.0404261,-93.6497723,3.124,250.7707298312102,3.5913515,1.5697999,151.70161,fused,0,1,0,
1789420493991,1789420493966,990838812,42.0404108,-93.6497592,3.135,250.65526346324828,3.2589982,1.6085235,150.9913,fused,0,1,0,
1789420494994,1789420494966,990839813,42.0403965,-93.6497471,3.133,250.64398543599543,3.299789,1.5826807,150.73422,fused,0,1,0,
1789420495988,1789420495965,990840812,42.0403823,-93.6497356,3.088,250.63270742353302,3.1596806,1.596857,150.65207,fused,0,1,0,
1789420496988,1789420496965,990841812,42.0403673,-93.6497242,3.058,250.61928123750425,3.1728144,1.6002078,150.10777,fused,0,1,0,
1789420497989,1789420497965,990842812,42.0403454,-93.6497077,3.082,250.58598438660312,3.1129813,1.91,150.0,fused,0,1,0,
1789420498989,1789420498966,990843813,42.0403303,-93.6496965,3.15,250.5408727297388,3.498306,1.91,152.0,fused,0,1,0,
1789420499988,1789420499966,990844812,42.0403152,-93.6496866,3.225,250.5000576250501,3.5066454,1.9,153.0,fused,0,1,0,
1789420500992,1789420500965,990845812,42.0403003,-93.6496766,3.407,250.4640760486766,3.519137,1.93,153.0,fused,0,1,0,
1789420501988,1789420501966,990846812,42.0402849,-93.6496659,3.564,250.4028540109877,3.57131,1.88,152.0,fused,0,1,0,
1789420502990,1789420502966,990847812,42.0402698,-93.6496558,3.79,250.32391044782202,3.6171858,1.82,150.0,fused,0,1,0,
1789420503990,1789420503966,990848813,42.0402551,-93.6496455,3.79,250.32391044782202,3.5599694,1.88,150.0,fused,0,1,0,
1789420504989,1789420504967,990849813,42.0402407,-93.6496353,3.79,250.32391044782202,3.5298557,1.82,150.0,fused,0,1,0,
1789420505986,1789420505965,990850812,42.040226,-93.6496236,3.79,250.31263285509573,3.4884932,1.92,150.0,fused,0,1,0,
1789420506988,1789420506966,990851812,42.0402113,-93.6496103,3.79,250.26215238320134,3.227472,1.92,149.0,fused,0,1,0,
1789420507985,1789420507966,990852812,42.0401967,-93.6495978,3.79,250.24389356208133,3.245724,1.86,149.0,fused,0,1,0,
1789420508988,1789420508966,990853812,42.0401822,-93.6495854,3.79,250.20254284579676,3.1175354,1.87,149.0,fused,0,1,0,
1789420509989,1789420509966,990854812,42.0401677,-93.6495725,3.79,250.13702653355745,3.1160386,1.95,147.0,fused,0,1,0,
1789420510988,1789420510965,990855812,42.0401537,-93.6495586,3.79,250.06399254428902,3.138054,1.94,143.0,fused,0,1,0,
1789420511988,1789420511965,990856812,42.0401412,-93.6495447,3.79,250.0548633392388,3.509586,1.84,139.0,fused,0,1,0,
1789420512804,1789420511965,990856812,42.0401412,-93.6495447,3.79,250.0548633392388,3.509586,1.84,139.0,fused,0,1,0,motionchange
1789420512812,1789420511965,990856812,42.0401412,-93.6495447,3.79,250.0548633392388,3.509586,1.84,139.0,fused,0,1,0,
1789420512985,1789420512965,990857812,42.040129,-93.6495304,3.79,250.0548633392388,3.4457622,1.84,137.0,fused,0,1,0,
1789420513986,1789420513966,990858812,42.0401174,-93.6495154,3.79,250.05110425762433,3.4684618,1.83,135.0,fused,0,1,0,
1789420514987,1789420514966,990859812,42.0401061,-93.6495005,3.79,250.04573414388204,3.47587,1.85,137.0,fused,0,1,0,
1789420515986,1789420515966,990860812,42.0400939,-93.6494854,3.79,250.03821599027577,3.4754033,1.9,137.0,fused,0,1,0,
1789420516987,1789420516966,990861812,42.0400822,-93.6494702,3.79,250.05110425762433,3.4124076,1.85,136.0,fused,0,1,0,
1789420517987,1789420517965,990862812,42.04007,-93.6494546,3.79,250.073658771961,3.31455,1.9,136.0,fused,0,1,0,
1789420518991,1789420518965,990863812,42.0400583,-93.6494396,3.79,250.16495145807062,3.3199337,1.84,135.0,fused,0,1,0,
1789420519987,1789420519965,990864812,42.040046,-93.6494238,3.79,250.211672207616,3.0595427,1.95,134.0,fused,0,1,0,
1789420520987,1789420520966,990865812,42.0400347,-93.6494071,3.79,250.22294966794652,3.0465238,1.92,133.0,fused,0,1,0,
1789420521987,1789420521966,990866812,42.0400235,-93.6493906,3.79,250.26054130918953,3.063562,1.9,133.0,fused,0,1,0,
1789420522987,1789420522966,990867812,42.0400117,-93.6493742,3.79,250.26215238320134,3.1691606,1.86,135.0,fused,0,1,0,
1789420523988,1789420523965,990868812,42.0399985,-93.6493578,3.79,250.30511446816308,3.168734,1.9,137.0,fused,0,1,0,
1789420524991,1789420524966,990869812,42.0399855,-93.6493415,3.79,250.35022488835847,3.1711776,1.92,137.0,fused,0,1,0,
1789420525987,1789420525965,990870812,42.0399721,-93.649325,3.79,250.40446511165925,3.43304,1.96,138.0,fused,0,1,0,
1789420526988,1789420526966,990871812,42.0399586,-93.6493082,3.79,250.49790946701114,3.5082636,1.98,136.0,fused,0,1,0,
1789420527987,1789420527965,990872812,42.0399461,-93.6492908,3.79,250.510798423292,3.5238066,1.93,134.0,fused,0,1,0,
1789420528989,1789420528967,990873813,42.0399347,-93.649273,3.79,250.51831699004418,3.5453591,1.9,130.0,fused,0,1,0,
1789420529987,1789420529966,990874812,42.0399244,-93.6492546,3.79,250.51831699004418,3.4023566,1.87,127.0,fused,0,1,0,
1789420530988,1789420530965,990875812,42.0399143,-93.6492358,3.79,250.51831699004418,3.283311,1.9,125.0,fused,0,1,0,
1789420531988,1789420531965,990876812,42.0399042,-93.6492175,3.79,250.51831699004418,3.268033,1.9,125.0,fused,0,1,0,
1789420532989,1789420532966,990877812,42.0398942,-93.649199,3.79,250.51831699004418,3.306518,1.85,125.0,fused,0,1,0,
1789420533989,1789420533966,990878812,42.0398846,-93.6491813,3.79,250.47159457458235,2.9938633,1.86,124.0,fused,0,1,0,
1789420534987,1789420534965,990879812,42.0398753,-93.6491639,3.79,250.3276696486828,3.0240424,1.87,124.0,fused,0,1,0,
1789420535990,1789420535965,990880812,42.039865,-93.6491473,3.79,250.27557801169706,3.0733132,1.9,127.0,fused,0,1,0,
1789420536990,1789420536966,990881812,42.0398546,-93.6491305,3.79,250.25463404039778,3.0843844,1.86,128.0,fused,0,1,0,
1789420537991,1789420537966,990882813,42.0398436,-93.6491142,3.79,250.24174546802766,3.087758,1.84,129.0,fused,0,1,0,
1789420538985,1789420538965,990883812,42.0398323,-93.6490977,3.79,250.21757944689597,3.0454495,1.88,130.0,fused,0,1,0,
1789420539990,1789420539965,990884812,42.0398212,-93.6490811,3.79,250.1987836996306,3.4826653,1.85,130.0,fused,0,1,0,
1789420540996,1789420540966,990885813,42.0398101,-93.6490643,3.79,250.09621334545125,3.4524987,1.85,129.0,fused,0,1,0,
1789420541990,1789420541966,990886813,42.0397992,-93.6490468,3.79,250.06023345868317,3.4887528,1.89,129.0,fused,0,1,0,
1789420542991,1789420542967,990887813,42.0397876,-93.6490293,3.79,250.03821599027577,3.4836166,1.86,132.0,fused,0,1,0,
1789420543989,1789420543966,990888813,42.0397754,-93.6490123,3.79,250.00975446830267,3.3420203,1.89,133.0,fused,0,1,0,
1789420544992,1789420544965,990889812,42.0397634,-93.6489956,3.79,249.98021902622258,3.2109127,1.83,132.0,fused,0,1,0,
1789420545990,1789420545966,990890812,42.0397516,-93.648978,3.79,249.88463229084766,3.23098,1.91,132.0,fused,0,1,0,
1789420546992,1789420546966,990891812,42.0397398,-93.6489609,3.79,249.7895836130793,3.284749,1.86,132.0,fused,0,1,0,
1789420547989,1789420547965,990892812,42.0397287,-93.6489444,3.79,249.77454776028708,3.2917166,1.85,130.0,fused,0,1,0,
1789420548991,1789420548966,990893812,42.0397187,-93.6489282,3.79,249.77454776028708,2.9552824,1.71,129.0,fused,0,1,0,
1789420549989,1789420549965,990894812,42.0397087,-93.6489118,3.79,249.77454776028708,3.023572,1.82,128.0,fused,0,1,0,
1789420550990,1789420550965,990895812,42.0396977,-93.6488944,3.79,249.77454776028708,3.0214188,1.94,129.0,fused,0,1,0,
1789420551992,1789420551966,990896813,42.0396876,-93.6488761,3.79,249.77454776028708,3.0743482,1.88,126.0,fused,0,1,0,
1789420552992,1789420552966,990897812,42.0396786,-93.6488586,3.79,249.94477662962197,2.993409,1.81,125.0,fused,0,1,0,
1789420553987,1789420553966,990898812,42.0396698,-93.6488419,3.79,250.45494641891526,3.0145216,1.8,125.0,fused,0,1,0,
1789420554990,1789420554966,990899813,42.0396609,-93.6488238,3.79,250.46246493683776,3.3800514,1.91,124.0,fused,0,1,0,
1789420555989,1789420555966,990900813,42.0396512,-93.6488058,3.79,250.458705677056,3.3788784,1.83,125.0,fused,0,1,0,
1789420556992,1789420556965,990901812,42.0396413,-93.6487883,3.79,250.46246493683776,3.3682985,1.85,125.0,fused,0,1,0,
1789420557990,1789420557966,990902812,42.0396313,-93.6487707,3.79,250.458705677056,3.384412,1.79,126.0,fused,0,1,0,
1789420558986,1789420558966,990903812,42.0396215,-93.6487536,3.79,250.45655752934613,3.1578803,1.73,128.0,fused,0,1,0,
1789420559987,1789420559965,990904812,42.0396117,-93.6487364,3.79,250.29061474049354,3.1381137,1.76,128.0,fused,0,1,0,
1789420560991,1789420560967,990905813,42.0396023,-93.6487194,3.79,250.10910169971862,3.0900075,1.75,126.0,fused,0,1,0,
1789420561989,1789420561965,990906812,42.0395936,-93.6487026,3.79,249.9727009298897,3.157448,1.74,125.0,fused,0,1,0,
1789420562988,1789420562965,990907812,42.0395848,-93.6486858,3.79,249.96679385881117,3.1871016,1.73,126.0,fused,0,1,0,
1789420563989,1789420563966,990908812,42.0395747,-93.6486688,3.79,249.95927577421264,2.9794295,1.82,129.0,fused,0,1,0,
1789420564988,1789420564965,990909812,42.0395642,-93.6486516,3.79,249.95927577421264,2.9862883,1.84,130.0,fused,0,1,0,
1789420565989,1789420565966,990910812,42.0395541,-93.6486346,3.79,249.95927577421264,2.9857194,1.8,131.0,fused,0,1,0,
1789420566989,1789420566966,990911813,42.0395439,-93.648619,3.79,249.95927577421264,2.9830213,1.77,132.0,fused,0,1,0,
1789420567988,1789420567966,990912812,42.0395338,-93.6486024,3.79,249.96679385881117,2.9899044,1.83,129.0,fused,0,1,0,
1789420568986,1789420568965,990913812,42.0395246,-93.6485862,3.79,250.0081434415727,3.0834095,1.74,127.0,fused,0,1,0,
1789420569988,1789420569965,990914812,42.0395156,-93.6485684,3.79,250.07902890314102,3.047227,1.79,126.0,fused,0,1,0,
1789420570987,1789420570965,990915812,42.0395066,-93.6485519,3.79,250.17085866526054,3.2659016,1.74,128.0,fused,0,1,0,
1789420571988,1789420571965,990916812,42.0394981,-93.6485372,3.79,250.17085866526054,3.2432773,1.65,132.0,fused,0,1,0,
1789420572989,1789420572966,990917812,42.0394892,-93.6485245,3.79,250.17085866526054,3.2654572,1.49,135.0,fused,0,1,0,
1789420573986,1789420573966,990918812,42.0394831,-93.6485172,3.79,250.17085866526054,3.0839124,0.89,135.0,fused,0,1,0,
1789420574992,1789420574966,990919812,42.0394818,-93.6485148,3.79,250.17085866526054,2.9995794,0.19,135.0,fused,0,1,0,
1789420575986,1789420575966,990920812,42.0394828,-93.6485154,3.968,250.15206302010574,2.9609277,0.0,,fused,0,1,0,
1789420576989,1789420576965,990921812,42.039482,-93.648516,3.942,250.0269387721887,3.0809178,0.0,,fused,0,1,0,
1789420577987,1789420577966,990922812,42.0394841,-93.6485097,3.968,249.96679385881117,3.1291885,0.72,135.0,fused,0,1,0,
1789420578992,1789420578966,990923812,42.0394849,-93.6484998,3.942,249.95551673437922,2.8209493,0.93,83.0,fused,0,1,0,
1789420579985,1789420579965,990924812,42.0394815,-93.648486,3.942,249.93511054680823,2.8314462,1.01,110.0,fused,0,1,0,
1789420580989,1789420580965,990925812,42.0394813,-93.6484789,3.79,249.92598147857166,2.9120398,0.37,110.0,fused,0,1,0,
1789420581986,1789420581966,990926812,42.0394816,-93.6484799,3.79,249.89429831692655,2.9932365,0.27,110.0,fused,0,1,0,
1789420582986,1789420582965,990927812,42.0394821,-93.648493,3.79,249.8975203280342,2.9348805,0.94,282.0,fused,0,1,0,
1789420583990,1789420583965,990928812,42.0394822,-93.6485102,3.79,249.89590932233006,2.95517,1.26,273.0,fused,0,1,0,
1789420584989,1789420584965,990929812,42.0394804,-93.6485142,3.79,249.92222245329123,2.9940376,0.0,,fused,0,1,0,
1789420585987,1789420585965,990930812,42.03948,-93.6485145,3.79,250.0306978432405,3.253784,0.0,,fused,0,1,0,
1789420586990,1789420586967,990931813,42.0394801,-93.6485144,3.79,250.11447185303075,3.2228684,0.0,,fused,0,1,0,
1789420587989,1789420587966,990932812,42.03948,-93.6485144,3.79,250.29061474049354,3.0782337,0.0,,fused,0,1,0,
1789420588988,1789420588965,990933812,42.0394801,-93.6485142,3.79,250.47535383999957,3.0238037,0.0,,fused,0,1,0,
1789420589990,1789420589966,990934812,42.03948,-93.6485143,3.79,250.47159457458235,3.0438092,0.0,,fused,0,1,0,
1789420590989,1789420590966,990935812,42.03948,-93.6485143,3.79,250.47535383999957,3.0533154,0.0,,fused,0,1,0,
1789420591988,1789420591966,990936812,42.0394801,-93.6485143,3.79,250.47159457458235,3.099536,0.0,,fused,0,1,0,
1789420592994,1789420592966,990937812,42.0394801,-93.6485143,3.79,250.47159457458235,3.2176607,0.0,,fused,0,1,0,
1789420593987,1789420593967,990938813,42.0394802,-93.6485158,3.79,250.43239090458354,3.2364125,0.29,273.0,fused,0,1,0,
1789420594995,1789420594967,990939813,42.0394763,-93.648509,3.79,250.40607621263314,2.9418192,0.76,118.0,fused,0,1,0,
1789420595989,1789420595965,990940812,42.0394759,-93.6484952,3.79,250.3894281837985,2.858981,1.11,92.0,fused,0,1,0,
1789420596992,1789420596966,990941812,42.0394773,-93.6484817,3.79,250.37278018719115,2.9395928,1.08,86.0,fused,0,1,0,
1789420597988,1789420597966,990942812,42.0394776,-93.6484674,3.79,250.3631136233052,2.934538,1.07,93.0,fused,0,1,0,
1789420598992,1789420598966,990943812,42.0394771,-93.648458,3.79,250.34861379784894,2.9492743,0.71,97.0,fused,0,1,0,
1789420599991,1789420599966,990944812,42.0394763,-93.6484562,3.79,250.29813311475198,2.846465,0.2,97.0,fused,0,1,0,
1789420600997,1789420600966,990945812,42.039468,-93.6484757,3.79,250.29813311475198,3.1970053,1.83,242.0,fused,0,1,0,
1789420601997,1789420601966,990946812,42.0394683,-93.648487,3.79,250.29813311475198,3.1095417,0.7,242.0,fused,0,1,0,
1789420603001,1789420602965,990947812,42.0394779,-93.6484919,3.79,250.29813311475198,3.0594733,0.93,341.0,fused,0,1,0,
1789420603998,1789420603966,990948812,42.0394876,-93.6484893,3.79,250.32981776419814,3.0785394,0.92,18.0,fused,0,1,0,
1789420605000,1789420604966,990949812,42.0394891,-93.6484818,3.79,250.353984100724,3.1710243,0.43,33.0,fused,0,1,0,
1789420605985,1789420605966,990950812,42.0394815,-93.6484704,3.79,250.29974419580589,3.175606,1.06,135.0,fused,0,1,0,
1789420606992,1789420606966,990951813,42.0394749,-93.6484634,3.79,250.28309637280927,3.241242,0.63,135.0,fused,0,1,0,
1789420607993,1789420607966,990952812,42.0394685,-93.648463,3.79,250.2476527279665,3.2865665,0.88,188.0,fused,0,1,0,
1789420608988,1789420608966,990953812,42.0394646,-93.6484638,3.79,250.21919051285988,3.3205352,0.39,199.0,fused,0,1,0,
1789420609991,1789420609966,990954812,42.0394658,-93.6484631,3.79,250.11286080668418,3.0546517,0.0,,fused,0,1,0,
1789420610996,1789420610966,990955812,42.0394565,-93.6484694,3.79,250.1015834907151,2.8465462,1.3,212.0,fused,0,1,0,
1789420611989,1789420611965,990956812,42.0394546,-93.6484699,3.79,250.1015834907151,2.853025,0.0,,fused,0,1,0,
1789420612987,1789420612965,990957812,42.0394561,-93.6484673,3.79,250.1015834907151,2.9153082,0.0,,fused,0,1,0,
1789420613996,1789420613965,990958812,42.0394562,-93.6484664,3.79,250.1015834907151,2.9271226,0.0,,fused,0,1,0,
1789420614993,1789420614966,990959812,42.0394566,-93.648467,3.79,250.08654709242626,2.9332678,0.16,211.0,fused,0,1,0,
1789420615995,1789420615965,990960812,42.0394593,-93.6484642,3.79,250.05647437472055,2.9728642,0.0,,fused,0,1,0,
1789420616996,1789420616966,990961813,42.0394584,-93.6484653,3.79,250.07526981096407,3.0960183,0.0,,fused,0,1,0,
1789420617993,1789420617966,990962812,42.0394594,-93.6484648,3.79,250.05647437472055,3.0319202,0.0,,fused,0,1,0,
1789420619003,1789420618966,990963812,42.0394587,-93.6484705,3.79,250.09943543220726,3.0486646,0.56,211.0,fused,0,1,0,
1789420619999,1789420619965,990964812,42.0394599,-93.6484704,3.79,250.2476527279665,3.0513215,0.0,,fused,0,1,0,
1789420620988,1789420620967,990965813,42.0394596,-93.6484712,3.79,250.33518805533544,3.0957618,0.0,,fused,0,1,0,
1789420621992,1789420621967,990966813,42.039459,-93.6484741,3.79,250.1558221458493,3.2803776,0.3,211.0,fused,0,1,0,
1789420622994,1789420622965,990967812,42.0394581,-93.6484916,3.79,250.01566156888902,3.2810948,1.31,267.0,fused,0,1,0,
1789420624001,1789420623965,990968812,42.0394611,-93.6485093,3.79,249.99310720665557,3.2861104,1.18,284.0,fused,0,1,0,
1789420624998,1789420624965,990969812,42.0394683,-93.6485224,3.79,249.9501466803245,3.3152654,1.09,304.0,fused,0,1,0,
1789420626002,1789420625965,990970812,42.0394747,-93.6485325,3.79,249.99149618304642,2.9580364,0.85,307.0,fused,0,1,0,
1789420627006,1789420626966,990971812,42.0394759,-93.6485344,3.79,250.14078565273024,3.0226479,0.0,,fused,0,1,0,
1789420627988,1789420627965,990972812,42.0394753,-93.648535,3.79,250.3072625780444,3.0717678,0.0,,fused,0,1,0,
1789420628990,1789420628965,990973812,42.0394761,-93.6485344,3.79,250.26215238320134,3.0790792,0.0,,fused,0,1,0,
1789420629992,1789420629966,990974812,42.0394766,-93.6485337,3.79,250.17246972247153,3.0316253,0.0,,fused,0,1,0,
1789420630995,1789420630965,990975812,42.0394767,-93.6485335,3.79,250.1429337215652,3.040302,0.0,,fused,0,1,0,
1789420631994,1789420631966,990976812,42.0394767,-93.6485334,3.79,250.15045196671838,2.9213169,0.0,,fused,0,1,0,
1789420632994,1789420632966,990977812,42.0394767,-93.6485333,3.79,250.1783769348259,2.8248794,0.0,,fused,0,1,0,
1789420633998,1789420633966,990978812,42.0394767,-93.6485333,3.79,250.1799879934432,2.7777011,0.0,,fused,0,1,0,
1789420635002,1789420634965,990979812,42.0394768,-93.6485332,3.79,250.18589521096192,3.0288193,0.0,,fused,0,1,0,
1789420635986,1789420635965,990980812,42.0394767,-93.6485332,3.79,250.1783769348259,3.0313618,0.0,,fused,0,1,0,
1789420636993,1789420636965,990981812,42.0394767,-93.6485332,3.79,250.16495145807062,3.0537782,0.0,,fused,0,1,0,
1789420637996,1789420637965,990982812,42.0394767,-93.6485331,3.79,250.16495145807062,3.1232321,0.0,,fused,0,1,0,
1789420638990,1789420638966,990983812,42.039476,-93.6485333,3.79,250.17246972247153,3.1988082,0.0,,fused,0,1,0,
1789420639991,1789420639966,990984812,42.0394756,-93.648533,3.79,250.19341349367227,3.1480467,0.0,,fused,0,1,0,
1789420640986,1789420640965,990985812,42.0394751,-93.6485327,3.79,250.22294966794652,3.2015383,0.0,,fused,0,1,0,
1789420641988,1789420641966,990986812,42.0394748,-93.6485327,3.79,250.2530229677959,3.1357152,0.0,,fused,0,1,0,
1789420642991,1789420642965,990987812,42.0394747,-93.6485329,3.79,250.29974419580589,3.1595557,0.0,,fused,0,1,0,
1789420643989,1789420643965,990988812,42.0394747,-93.6485327,3.79,250.3072625780444,2.999947,0.0,,fused,0,1,0,
1789420644988,1789420644965,990989812,42.0394747,-93.6485324,3.79,250.31263285509573,3.061316,0.0,,fused,0,1,0,
1789420645991,1789420645966,990990812,42.0394747,-93.6485323,3.79,250.32391044782202,3.0251682,0.0,,fused,0,1,0,
1789420646991,1789420646965,990991812,42.0394748,-93.6485322,3.79,250.36687284130284,3.0554922,0.0,,fused,0,1,0,
1789420647990,1789420647966,990992812,42.0394748,-93.6485322,3.79,250.39909477726155,3.02627,0.0,,fused,0,1,0,
1789420648987,1789420648965,990993812,42.0394749,-93.6485321,3.79,250.4028540109877,3.018737,0.0,,fused,0,1,0,
1789420649989,1789420649965,990994812,42.0394749,-93.6485321,3.79,250.40446511165925,2.8885584,0.0,,fused,0,1,0,
1789420650990,1789420650966,990995812,42.0394747,-93.6485322,3.79,250.41198358545017,2.8041801,0.0,,fused,0,1,0,
1789420651992,1789420651966,990996812,42.0394749,-93.648532,3.79,250.4135946878302,2.804489,0.0,,fused,0,1,0,
1789420652990,1789420652965,990997812,42.039475,-93.648532,3.79,250.41198358545017,3.1337616,0.0,,fused,0,1,0,
1789420653997,1789420653966,990998813,42.039475,-93.6485319,3.79,250.41198358545017,3.2198734,0.0,,fused,0,1,0,
1789420654992,1789420654967,990999813,42.0394752,-93.6485316,3.79,250.41198358545017,3.145822,0.0,,fused,0,1,0,
1789420655989,1789420655966,991000813,42.0394751,-93.6485314,3.79,250.41198358545017,3.1452777,0.0,,fused,0,1,0,
1789420656994,1789420656966,991001812,42.0394751,-93.6485312,3.79,250.4028540109877,3.109277,0.0,,fused,0,1,0,
1789420657991,1789420657965,991002812,42.0394751,-93.648531,3.79,250.3072625780444,3.1395552,0.0,,fused,0,1,0,
1789420658995,1789420658965,991003812,42.0394751,-93.6485307,3.79,250.2922258201395,3.146477,0.0,,fused,0,1,0,
1789420659993,1789420659966,991004813,42.039475,-93.6485307,3.79,250.27342990972863,3.1232293,0.0,,fused,0,1,0,
1789420660992,1789420660965,991005812,42.039475,-93.6485308,3.79,250.26054130918953,2.8008988,0.0,,fused,0,1,0,
1789420661996,1789420661965,991006812,42.0394751,-93.6485307,3.79,250.26054130918953,2.847009,0.0,,fused,0,1,0,
1789420662989,1789420662966,991007812,42.0394753,-93.6485306,3.79,250.26054130918953,2.88543,0.0,,fused,0,1,0,
1789420663990,1789420663965,991008812,42.0394753,-93.6485302,3.79,250.26054130918953,2.956638,0.0,,fused,0,1,0,
1789420665001,1789420664966,991009813,42.0394754,-93.6485301,3.79,250.26054130918953,3.0074198,0.0,,fused,0,1,0,
1789420665990,1789420665966,991010813,42.0394753,-93.64853,3.79,248.70001220703125,3.0480797,0.0,,fused,0,1,0,
1789420666990,1789420666966,991011812,42.0394754,-93.64853,3.79,248.70001220703125,3.0735366,0.0,,fused,0,1,0,
1789420667997,1789420667966,991012813,42.0394754,-93.6485299,3.79,248.70001220703125,2.931445,0.0,,fused,0,1,0,
1789420668991,1789420668965,991013812,42.0394754,-93.64853,3.79,248.70001220703125,2.9149728,0.0,,fused,0,1,0,
1789420669996,1789420669966,991014812,42.0394754,-93.64853,3.79,250.25839321097703,2.8832543,0.0,,fused,0,1,0,
1789420670993,1789420670966,991015813,42.0394755,-93.64853,3.79,250.26054130918953,2.890961,0.0,,fused,0,1,0,
1789420671988,1789420671966,991016812,42.0394755,-93.64853,3.79,250.16226636523527,3.2593768,0.0,,fused,0,1,0,
1789420672994,1789420672966,991017812,42.0394755,-93.64853,3.79,250.1381005674384,3.3325958,0.0,,fused,0,1,0,
1789420673992,1789420673965,991018812,42.0394755,-93.64853,3.79,250.08117695655346,3.1652577,0.0,,fused,0,1,0,
1789420674993,1789420674966,991019813,42.0394755,-93.64853,3.79,250.04358609932336,3.2186568,0.0,,fused,0,1,0,
1789420675995,1789420675966,991020812,42.0394755,-93.6485299,3.79,250.0119025044101,3.2239888,0.0,,fused,0,1,0,
1789420676989,1789420676966,991021812,42.0394755,-93.6485299,3.79,248.70001220703125,3.3463664,0.0,,fused,0,1,0,
1789420677992,1789420677965,991022812,42.0394755,-93.6485299,3.79,248.70001220703125,3.3146276,0.0,,fused,0,1,0,
1789420678994,1789420678965,991023812,42.0394755,-93.64853,3.79,248.70001220703125,3.3322532,0.0,,fused,0,1,0,
1789420679987,1789420679966,991024812,42.0394755,-93.6485302,3.79,249.96518284012996,3.3017256,0.0,,fused,0,1,0,
1789420680995,1789420680967,991025813,42.0394755,-93.6485302,3.79,249.95766475693978,2.9046357,0.0,,fused,0,1,0,
1789420681991,1789420681965,991026811,42.0394755,-93.6485302,3.79,249.8921503101925,2.872755,0.0,,fused,0,1,0,
1789420682992,1789420682965,991027811,42.0394755,-93.6485302,3.79,249.86046727318455,2.9436336,0.0,,fused,0,1,0,
1789420683998,1789420683966,991028812,42.0394755,-93.6485302,3.79,249.80408249602647,3.031059,0.0,,fused,0,1,0,
1789420684992,1789420684965,991029811,42.0394758,-93.6485299,3.79,249.79602755803745,2.9871814,0.0,,fused,0,1,0,
1789420685989,1789420685965,991030811,42.0394759,-93.6485298,3.79,249.77401076603115,3.0517907,0.0,,fused,0,1,0,
1789420686990,1789420686965,991031811,42.039476,-93.6485297,3.79,249.74930906648575,3.0164003,0.0,,fused,0,1,0,
1789420687990,1789420687964,991032811,42.0394761,-93.6485296,3.79,249.6692975268029,2.880721,0.0,,fused,0,1,0,
1789420688996,1789420688965,991033811,42.0394763,-93.6485294,3.79,249.6655386137155,2.8364651,0.0,,fused,0,1,0,
1789420689994,1789420689965,991034812,42.0394763,-93.6485294,3.79,249.65426188431292,2.8894432,0.0,,fused,0,1,0,
1789420690992,1789420690966,991035812,42.0394766,-93.6485296,3.79,248.70001220703125,3.0619326,0.0,,fused,0,1,0,
1789420691991,1789420691965,991036811,42.0394766,-93.6485296,3.79,248.70001220703125,3.0630176,0.0,,fused,0,1,0,
1789420692998,1789420692966,991037812,42.0394768,-93.6485296,3.79,248.70001220703125,3.2524981,0.0,,fused,0,1,0,
1789420693989,1789420693965,991038811,42.0394768,-93.6485296,3.79,249.6677042157782,3.2158773,0.0,,fused,0,1,0,
1789420694991,1789420694965,991039811,42.0394768,-93.6485296,3.79,249.66179737374762,3.1262732,0.0,,fused,0,1,0,
1789420695987,1789420695965,991040811,42.0394768,-93.6485296,3.79,249.6526686258611,3.279062,0.0,,fused,0,1,0,
1789420696993,1789420696965,991041812,42.0394769,-93.6485295,3.79,249.63387417543174,3.2076175,0.0,,fused,0,1,0,
1789420697989,1789420697964,991042811,42.0394769,-93.6485295,3.79,249.50285114798686,3.198108,0.0,,fused,0,1,0,
1789420698994,1789420698964,991043811,42.0394769,-93.6485295,3.79,249.4856679481863,3.195167,0.0,,fused,0,1,0,
1789420699992,1789420699965,991044811,42.039477,-93.6485295,3.79,249.45933928287855,3.2753177,0.0,,fused,0,1,0,
1789420700995,1789420700964,991045811,42.0394772,-93.6485296,3.79,249.45933928287855,2.8658204,0.0,,fused,0,1,0,
1789420701990,1789420701965,991046811,42.0394773,-93.6485296,3.79,249.45933928287855,2.9200778,0.0,,fused,0,1,0,
1789420702991,1789420702964,991047811,42.0394774,-93.6485295,3.79,249.45933928287855,2.9450288,0.0,,fused,0,1,0,
1789420703995,1789420703964,991048811,42.0394775,-93.6485294,3.79,249.48189223965636,3.0199146,0.0,,fused,0,1,0,
1789420704989,1789420704965,991049811,42.0394775,-93.6485294,3.79,249.56404993950844,2.9937344,0.0,,fused,0,1,0,
1789420705992,1789420705965,991050811,42.0394777,-93.6485295,3.79,249.63493172300088,3.0623612,0.0,,fused,0,1,0,
1789420706990,1789420706965,991051812,42.0394777,-93.6485294,3.79,249.64835636900932,3.0681698,0.0,,fused,0,1,0,
1789420707988,1789420707965,991052811,42.0394777,-93.6485294,3.79,249.6687618710771,3.0067976,0.0,,fused,0,1,0,
1789420708995,1789420708964,991053811,42.0394777,-93.6485295,3.79,249.70044419391542,2.893781,0.0,,fused,0,1,0,
1789420709989,1789420709965,991054811,42.0394777,-93.6485294,3.79,249.7101100105608,2.8238206,0.0,,fused,0,1,0,
1789420710993,1789420710966,991055812,42.0394698,-93.6485212,3.79,249.721386810377,2.9163733,0.97,142.0,fused,0,1,0,
1789420711989,1789420711964,991056811,42.0394594,-93.6485098,3.79,249.73427459970242,2.935477,1.49,146.0,fused,0,1,0,
1789420712992,1789420712965,991057811,42.0394471,-93.648497,3.79,249.76058722954195,2.8647828,1.72,145.0,fused,0,1,0,
1789420713998,1789420713964,991058811,42.0394321,-93.6484854,3.79,249.77723403693773,3.2809014,1.89,153.0,fused,0,1,0,
1789420714998,1789420714966,991059812,42.0394163,-93.6484788,3.79,249.79226989066825,3.2268703,1.79,166.0,fused,0,1,0,
1789420716000,1789420715965,991060811,42.0393992,-93.6484754,3.79,249.79978782739232,3.2256625,1.82,171.0,fused,0,1,0,
1789420717008,1789420716964,991061811,42.0393808,-93.648472,3.79,249.79763984480064,3.2441463,2.04,172.0,fused,0,1,0,
1789420718013,1789420717965,991062811,42.0393636,-93.6484705,3.79,249.79763984480064,3.0464888,1.85,175.0,fused,0,1,0,
1789420719006,1789420718965,991063812,42.0393469,-93.6484705,3.79,249.80139881468762,3.1050572,1.81,180.0,fused,0,1,0,
1789420719990,1789420719965,991064811,42.0393302,-93.6484721,3.79,249.79978782739232,3.0587652,1.85,181.0,fused,0,1,0,
1789420720990,1789420720965,991065812,42.0393123,-93.6484729,3.79,249.79978782739232,3.1826315,1.95,182.0,fused,0,1,0,
1789420721996,1789420721965,991066811,42.039294,-93.6484745,3.79,249.79978782739232,3.1816018,1.94,184.0,fused,0,1,0,
1789420722998,1789420722966,991067812,42.039276,-93.6484771,3.79,249.79012190995513,3.148433,1.91,185.0,fused,0,1,0,
1789420723990,1789420723965,991068812,42.0392584,-93.6484788,3.79,249.76595716389124,3.132596,1.9,183.0,fused,0,1,0,
1789420725002,1789420724964,991069811,42.0392415,-93.6484788,3.79,249.71923884736822,2.6536555,1.83,180.0,fused,0,1,0,
1789420726003,1789420725965,991070811,42.0392237,-93.648478,3.79,249.68755645528825,2.7634268,1.93,180.0,fused,0,1,0,
1789420727009,1789420726964,991071811,42.0392074,-93.6484757,3.79,249.64620842423938,2.8323157,1.82,180.0,fused,0,1,0,
1789420728009,1789420727964,991072811,42.0391895,-93.6484747,3.79,249.586603170886,2.9737668,2.01,183.0,fused,0,1,0,
1789420729009,1789420728965,991073811,42.0391723,-93.6484754,3.79,249.53397905634267,2.9796457,1.88,183.0,fused,0,1,0,
1789420730010,1789420729965,991074811,42.0391555,-93.6484776,3.79,249.47652248267912,2.8778968,1.94,184.0,fused,0,1,0,
1789420731009,1789420730965,991075811,42.0391393,-93.6484801,3.79,249.37503470629832,2.8997056,1.88,184.0,fused,0,1,0,
1789420732006,1789420731965,991076811,42.0391224,-93.6484804,3.79,249.37503470629832,2.942116,1.92,179.0,fused,0,1,0,
1789420732994,1789420732965,991077811,42.039106,-93.6484774,3.79,249.37503470629832,2.9854383,1.91,173.0,fused,0,1,0,
1789420733993,1789420733965,991078811,42.0390892,-93.648473,3.79,249.37503470629832,2.9919405,2.0,171.0,fused,0,1,0,
1789420734998,1789420734965,991079811,42.039073,-93.6484682,3.79,249.37503470629832,3.0389383,1.96,170.0,fused,0,1,0,
1789420736004,1789420735965,991080811,42.0390576,-93.6484638,3.79,249.38470015721197,3.031836,1.92,169.0,fused,0,1,0,
1789420737000,1789420736965,991081811,42.0390394,-93.6484589,3.79,249.43302757472298,3.033713,2.05,168.0,fused,0,1,0,
1789420738009,1789420737964,991082811,42.0390225,-93.648454,3.79,249.59197299659803,2.9572468,1.9,167.0,fused,0,1,0,
1789420739008,1789420738965,991083811,42.0390062,-93.6484485,3.79,249.6311728258732,3.0019262,1.84,166.0,fused,0,1,0,
1789420740004,1789420739966,991084812,42.0389896,-93.6484445,3.79,249.67090982147903,3.3374581,1.86,170.0,fused,0,1,0,
1789420741007,1789420740964,991085811,42.0389732,-93.6484414,3.79,249.76810513856998,3.483864,1.87,173.0,fused,0,1,0,
1789420741996,1789420741965,991086811,42.0389564,-93.6484415,3.79,249.8126757342073,3.4032664,1.88,180.0,fused,0,1,0,
1789420742994,1789420742964,991087811,42.0389379,-93.6484438,3.79,249.83522961760923,3.3188806,2.03,184.0,fused,0,1,0,
1789420743993,1789420743964,991088811,42.0389195,-93.648447,3.79,249.83308162616476,3.4075062,2.03,185.0,fused,0,1,0,
1789420744997,1789420744964,991089811,42.0389019,-93.6484498,3.79,249.83522961760923,3.4505496,1.93,183.0,fused,0,1,0,
1789420745991,1789420745964,991090811,42.0388848,-93.6484525,3.79,249.83308162616476,3.4072733,1.89,183.0,fused,0,1,0,
1789420746996,1789420746965,991091811,42.038867,-93.6484545,3.79,249.83522961760923,2.9878862,1.87,183.0,fused,0,1,0,
1789420747997,1789420747965,991092811,42.0388501,-93.648456,3.79,249.73803354189334,2.9511757,1.8,182.0,fused,0,1,0,
1789420749002,1789420748964,991093811,42.0388332,-93.648457,3.79,249.73803354189334,3.0381312,1.81,181.0,fused,0,1,0,
1789420749997,1789420749965,991094811,42.0388158,-93.6484593,3.79,249.73803354189334,3.0458724,1.85,183.0,fused,0,1,0,
1789420750988,1789420750965,991095811,42.0387983,-93.6484637,3.79,249.74879240930977,2.6377997,1.89,187.0,fused,0,1,0,
1789420751991,1789420751964,991096811,42.038781,-93.6484688,3.79,249.74288551490565,2.6543353,1.83,189.0,fused,0,1,0,
1789420752995,1789420752965,991097811,42.0387646,-93.6484728,3.79,249.7337566860807,2.6394312,1.77,187.0,fused,0,1,0,
1789420753986,1789420753965,991098812,42.0387479,-93.6484761,3.79,249.73160872776373,2.592235,1.89,187.0,fused,0,1,0,
1789420754988,1789420754964,991099811,42.0387319,-93.6484788,3.79,249.7337566860807,2.6325526,1.86,186.0,fused,0,1,0,
1789420755988,1789420755964,991100811,42.038716,-93.6484804,3.79,249.73160872776373,2.5947292,1.83,183.0,fused,0,1,0,
1789420756988,1789420756964,991101811,42.0386998,-93.6484802,3.79,249.7337566860807,2.5667195,1.86,181.0,fused,0,1,0,
1789420757988,1789420757965,991102811,42.0386839,-93.6484798,3.79,249.70959218596056,2.6996288,1.81,179.0,fused,0,1,0,
1789420758986,1789420758965,991103811,42.0386682,-93.6484781,3.79,249.59736239760775,2.7173872,1.81,177.0,fused,0,1,0,
1789420759988,1789420759964,991104811,42.0386535,-93.6484808,3.79,249.58017901863144,2.7956738,1.65,191.0,fused,0,1,0,
1789420760996,1789420760965,991105811,42.0386421,-93.6484896,3.79,249.56729150693087,2.6265461,1.4,209.0,fused,0,1,0,
1789420761987,1789420761965,991106811,42.0386327,-93.6484999,3.79,249.5431274745436,2.768151,1.28,213.0,fused,0,1,0,
1789420762994,1789420762965,991107811,42.0386221,-93.6485086,3.79,249.52594420393308,2.8101327,1.4,205.0,fused,0,1,0,
1789420763991,1789420763964,991108811,42.03861,-93.6485152,3.79,249.522185368063,2.7518616,1.52,199.0,fused,0,1,0,
1789420764988,1789420764965,991109811,42.038597,-93.6485214,3.79,249.514667701252,2.774728,1.59,198.0,fused,0,1,0,
1789420765990,1789420765964,991110811,42.038583,-93.6485286,3.79,249.5039281886369,2.9158351,1.69,198.0,fused,0,1,0,
1789420766990,1789420766964,991111811,42.0385686,-93.6485362,3.79,249.514667701252,2.98701,1.68,199.0,fused,0,1,0,
1789420767989,1789420767965,991112811,42.0385542,-93.6485454,3.79,249.514667701252,3.3082597,1.74,206.0,fused,0,1,0,
1789420768988,1789420768965,991113811,42.0385403,-93.6485546,3.79,249.52809211088226,3.2030897,1.75,207.0,fused,0,1,0,
1789420769990,1789420769964,991114811,42.0385266,-93.6485644,3.79,249.55440401454183,3.2093315,1.72,208.0,fused,0,1,0,
1789420770988,1789420770964,991115811,42.0385132,-93.6485747,3.79,249.56729150693087,3.2048643,1.73,208.0,fused,0,1,0,
1789420771989,1789420771964,991116811,42.0384995,-93.6485846,3.79,249.56138473718846,3.2646143,1.76,207.0,fused,0,1,0,
1789420772988,1789420772965,991117811,42.0384856,-93.6485934,3.79,249.56514359019098,3.3087971,1.66,206.0,fused,0,1,0,
1789420773991,1789420773965,991118811,42.0384716,-93.6486,3.79,249.55064516623338,3.1666596,1.57,197.0,fused,0,1,0,
1789420774988,1789420774965,991119811,42.0384565,-93.6486009,3.79,249.53722072139965,3.1689522,1.66,183.0,fused,0,1,0,
1789420775987,1789420775965,991120811,42.0384426,-93.6485978,3.79,249.54688631956668,3.1771388,1.5,175.0,fused,0,1,0,
1789420776995,1789420776966,991121812,42.0384277,-93.6485895,3.79,249.52433327407374,3.1936123,1.75,159.0,fused,0,1,0,
1789420777987,1789420777965,991122811,42.0384153,-93.6485786,3.79,249.52218399950232,3.1125262,1.56,154.0,fused,0,1,0,
1789420778990,1789420778965,991123811,42.0384024,-93.6485695,3.79,249.52218399950232,3.0915425,1.56,158.0,fused,0,1,0,
1789420779993,1789420779964,991124811,42.0383885,-93.6485618,3.79,249.52218399950232,2.7636416,1.6,161.0,fused,0,1,0,
1789420780988,1789420780964,991125811,42.0383752,-93.6485548,3.79,249.52003609349157,2.730386,1.53,163.0,fused,0,1,0,
1789420781992,1789420781965,991126811,42.0383604,-93.6485485,3.79,249.51251842668057,2.7946482,1.73,164.0,fused,0,1,0,
1789420782995,1789420782965,991127811,42.0383463,-93.6485413,3.79,249.51627725926517,2.7826807,1.65,162.0,fused,0,1,0,
1789420783989,1789420783964,991128811,42.0383324,-93.6485342,3.79,249.51251842668057,2.7898455,1.65,161.0,fused,0,1,0,
1789420784997,1789420784964,991129811,42.0383183,-93.6485272,3.79,249.51627725926517,2.7526793,1.7,161.0,fused,0,1,0,
1789420785993,1789420785965,991130811,42.0383033,-93.6485201,3.79,249.47170835008967,2.7565658,1.87,160.0,fused,0,1,0,
1789420786990,1789420786965,991131811,42.0382879,-93.6485124,3.79,249.43412029297906,2.7322252,1.84,160.0,fused,0,1,0,
1789420787995,1789420787964,991132811,42.0382733,-93.6485054,3.79,249.40780875075154,2.7980516,1.77,161.0,fused,0,1,0,
1789420788987,1789420788965,991133811,42.038259,-93.6484986,3.79,249.34068783416905,2.8016472,1.67,160.0,fused,0,1,0,
1789420789990,1789420789965,991134811,42.038245,-93.6484915,3.79,249.31813532377583,2.8428695,1.68,157.0,fused,0,1,0,
1789420790995,1789420790966,991135812,42.0382317,-93.6484838,3.79,249.31813532377583,2.8744326,1.66,158.0,fused,0,1,0,
1789420791989,1789420791964,991136811,42.0382221,-93.6484792,3.79,249.31813532377583,2.8775442,1.1,160.0,fused,0,1,0,
1789420792990,1789420792965,991137812,42.0382185,-93.6484779,3.79,249.31813532377583,2.9014523,0.36,160.0,fused,0,1,0,
1789420793992,1789420793965,991138811,42.0382188,-93.6484779,3.79,249.31813532377583,2.976216,0.0,,fused,0,1,0,
1789420794987,1789420794966,991139812,42.0382186,-93.6484775,4.592,249.34068783416905,2.78586,0.0,,fused,0,1,0,
1789420795996,1789420795965,991140811,42.0382184,-93.648477,4.478,249.39492149413172,2.8321779,0.0,,fused,0,1,0,
1789420796991,1789420796965,991141811,42.0382186,-93.6484803,4.592,249.44915549610909,2.6466756,0.49,160.0,fused,0,1,0,
1789420797997,1789420797964,991142811,42.0382189,-93.6484844,4.478,249.48674361893455,2.7471156,0.38,160.0,fused,0,1,0,
1789420798988,1789420798964,991143811,42.0382167,-93.6484853,4.478,249.48674361893455,3.1971037,0.17,160.0,fused,0,1,0,
1789420799987,1789420799964,991144811,42.0382129,-93.6484888,3.79,249.48674361893455,3.1997435,0.57,160.0,fused,0,1,0,
1789420800990,1789420800966,991145812,42.0382112,-93.6484929,3.79,249.48674361893455,3.314319,0.27,160.0,fused,0,1,0,
1789420801992,1789420801965,991146811,42.0382112,-93.648494,3.79,249.33317032413254,3.245402,0.0,,fused,0,1,0,
1789420802988,1789420802965,991147811,42.0382111,-93.6484946,3.79,249.28108489938023,3.3419542,0.0,,fused,0,1,0,
1789420803987,1789420803965,991148811,42.038213,-93.6484936,3.79,249.28108489938023,3.4159052,0.42,160.0,fused,0,1,0,
1789420804988,1789420804965,991149811,42.0382156,-93.6484877,3.79,249.28108489938023,3.3304033,0.43,160.0,fused,0,1,0,
1789420805987,1789420805964,991150811,42.0382199,-93.6484787,3.79,249.28108489938023,3.3268518,0.86,53.0,fused,0,1,0,
1789420806989,1789420806964,991151811,42.0382227,-93.6484746,3.79,249.2848436308111,3.3753006,0.28,53.0,fused,0,1,0,
1789420807991,1789420807965,991152811,42.0382236,-93.6484737,3.79,249.18013672689364,3.3198955,0.0,,fused,0,1,0,
1789420808991,1789420808964,991153811,42.0382236,-93.6484731,3.79,249.39331058841202,3.3349788,0.0,,fused,0,1,0,
1789420809989,1789420809965,991154811,42.0382232,-93.6484728,3.79,249.48459572177626,3.285261,0.0,,fused,0,1,0,
1789420810994,1789420810965,991155812,42.0382232,-93.6484719,3.79,249.54473704499526,2.9827423,0.0,,fused,0,1,0,
1789420811994,1789420811965,991156811,42.0382228,-93.6484713,3.79,249.63441283482388,2.9487238,0.0,,fused,0,1,0,
1789420812997,1789420812966,991157812,42.0382223,-93.6484709,3.79,249.86048589221218,2.9987144,0.0,,fused,0,1,0,
1789420813998,1789420813965,991158811,42.038222,-93.6484706,3.79,250.14295131759172,2.9360013,0.0,,fused,0,1,0,
1789420814987,1789420814964,991159811,42.0382217,-93.6484704,3.79,250.16067133041764,2.8355613,0.0,,fused,0,1,0,
1789420815986,1789420815964,991160811,42.0382216,-93.6484703,3.79,250.17355973860725,2.4971492,0.0,,fused,0,1,0,
1789420816991,1789420816964,991161811,42.0382214,-93.6484704,3.79,250.16980061755623,2.534592,0.0,,fused,0,1,0,
1789420817988,1789420817964,991162811,42.0382213,-93.6484704,3.79,250.16980061755623,2.6012442,0.0,,fused,0,1,0,
1789420818988,1789420818965,991163811,42.038221,-93.6484703,3.79,250.16980061755623,2.666019,0.0,,fused,0,1,0,
1789420819990,1789420819965,991164811,42.0382206,-93.6484706,3.79,250.16067133041764,2.6214175,0.0,,fused,0,1,0,
1789420820985,1789420820964,991165811,42.0382203,-93.6484708,3.79,250.14026472362258,2.6207466,0.0,,fused,0,1,0,
1789420821988,1789420821964,991166811,42.0382203,-93.6484709,3.79,249.9963458191001,2.5248263,0.0,,fused,0,1,0,
1789420822990,1789420822964,991167811,42.0382202,-93.6484707,3.79,249.89700021919504,2.488163,0.0,,fused,0,1,0,
1789420823988,1789420823965,991168811,42.0382201,-93.6484707,3.79,249.75523335044437,2.5201395,0.0,,fused,0,1,0,
1789420824989,1789420824965,991169811,42.03822,-93.6484697,3.79,249.73643867586856,2.3904889,0.0,,fused,0,1,0,
1789420825990,1789420825964,991170811,42.0382201,-93.6484694,3.79,249.72301393346157,2.3507857,0.0,,fused,0,1,0,
1789420826987,1789420826965,991171811,42.0382201,-93.6484696,3.79,249.71549608686894,2.7515185,0.0,,fused,0,1,0,
1789420827989,1789420827965,991172811,42.0382203,-93.6484697,3.79,249.6258194235358,2.8325434,0.0,,fused,0,1,0,
1789420828987,1789420828965,991173811,42.0382208,-93.6484697,3.79,249.596285397795,3.1945884,0.0,,fused,0,1,0,
1789420829991,1789420829965,991174811,42.0382212,-93.6484701,3.79,249.59037860481618,2.9606576,0.0,,fused,0,1,0,
1789420830992,1789420830964,991175811,42.0382215,-93.6484702,3.79,249.596285397795,2.993728,0.0,,fused,0,1,0,
1789420831987,1789420831966,991176812,42.0382219,-93.64847,3.79,249.5420504510261,3.0729668,0.0,,fused,0,1,0,
1789420832992,1789420832965,991177811,42.0382221,-93.6484699,3.79,249.5624556383903,2.8936763,0.0,,fused,0,1,0,
1789420833989,1789420833965,991178811,42.0382222,-93.6484696,3.79,249.50983183271143,3.0113816,0.0,,fused,0,1,0,
1789420834987,1789420834965,991179811,42.0382221,-93.6484698,3.79,249.4819091278071,3.1227596,0.0,,fused,0,1,0,
1789420835988,1789420835964,991180811,42.038222,-93.6484697,3.79,249.45935624003073,3.0847168,0.0,,fused,0,1,0,
1789420836991,1789420836965,991181811,42.0382218,-93.64847,3.79,249.44485798626096,3.0109744,0.0,,fused,0,1,0,
1789420837991,1789420837966,991182812,42.0382218,-93.6484701,3.79,249.4427100988937,2.9506562,0.0,,fused,0,1,0,
1789420838992,1789420838964,991183811,42.0382217,-93.6484701,3.79,249.44485798626096,3.0483987,0.0,,fused,0,1,0,
1789420839993,1789420839964,991184811,42.0382217,-93.6484698,3.79,249.46311505055155,2.695879,0.0,,fused,0,1,0,
1789420840992,1789420840965,991185812,42.038222,-93.6484692,3.79,249.46687386271782,3.007757,0.0,,fused,0,1,0,
1789420841987,1789420841964,991186811,42.0382221,-93.6484688,3.79,249.45935624003073,2.9755914,0.0,,fused,0,1,0,
1789420842989,1789420842965,991187811,42.0382224,-93.6484689,3.79,249.45935624003073,2.717089,0.0,,fused,0,1,0,
1789420843989,1789420843964,991188811,42.0382225,-93.6484689,3.79,249.45935624003073,2.675188,0.0,,fused,0,1,0,
1789420844991,1789420844966,991189812,42.0382227,-93.6484689,3.79,249.50285114798686,2.6929722,0.0,,fused,0,1,0,
1789420845991,1789420845964,991190811,42.0382225,-93.6484688,3.79,249.5345327626236,2.6998105,0.0,,fused,0,1,0,
1789420846992,1789420846964,991191811,42.0382226,-93.6484689,3.79,249.58876766198108,2.5050359,0.0,,fused,0,1,0,
1789420847994,1789420847965,991192812,42.0382225,-93.6484688,3.79,249.64300290336803,2.5125196,0.0,,fused,0,1,0,
1789420848989,1789420848966,991193812,42.0382225,-93.6484685,3.79,249.69884944994044,2.5868807,0.0,,fused,0,1,0,
1789420849995,1789420849965,991194811,42.0382222,-93.6484681,3.79,249.7101262004682,2.6602666,0.0,,fused,0,1,0,
1789420850992,1789420850964,991195811,42.0382218,-93.648468,3.79,249.7439565407692,2.6751688,0.0,,fused,0,1,0,
1789420851989,1789420851964,991196811,42.0382216,-93.6484675,3.79,249.75684432446099,2.4825325,0.0,,fused,0,1,0,
1789420852990,1789420852966,991197812,42.0382216,-93.6484675,3.79,249.75845529878194,2.3214273,0.0,,fused,0,1,0,
1789420853986,1789420853964,991198811,42.0382215,-93.6484675,3.79,249.75684432446099,2.2752879,0.0,,fused,0,1,0,
1789420854991,1789420854964,991199811,42.0382215,-93.6484675,3.79,249.75684432446099,2.2803,0.0,,fused,0,1,0,
1789420855993,1789420855965,991200811,42.0382211,-93.6484673,3.79,249.75523335044437,2.3217337,0.0,,fused,0,1,0,
1789420856988,1789420856964,991201811,42.0382209,-93.6484668,3.79,249.75308538555703,2.349184,0.0,,fused,0,1,0,
1789420857991,1789420857966,991202812,42.0382205,-93.6484668,3.79,249.68005489858865,2.6176453,0.0,,fused,0,1,0,
1789420858995,1789420858964,991203811,42.0382201,-93.6484667,3.79,249.61293183619375,2.6397047,0.0,,fused,0,1,0,
1789420859988,1789420859965,991204811,42.0382199,-93.6484671,3.79,249.61669071384097,2.6819704,0.0,,fused,0,1,0,
1789420860995,1789420860966,991205812,42.0382196,-93.6484676,3.79,249.60541408582992,3.0091755,0.0,,fused,0,1,0,
1789420861993,1789420861966,991206812,42.0382194,-93.6484682,3.79,249.55116240527678,3.0450654,0.0,,fused,0,1,0,
1789420862989,1789420862965,991207811,42.0382192,-93.6484684,3.79,249.52323948069352,3.0613778,0.0,,fused,0,1,0,
1789420863993,1789420863966,991208812,42.038219,-93.6484683,3.79,249.52323948069352,2.978681,0.0,,fused,0,1,0,
1789420864991,1789420864964,991209811,42.0382189,-93.6484681,3.79,249.52323948069352,2.9863749,0.0,,fused,0,1,0,
1789420865991,1789420865965,991210811,42.0382188,-93.648468,3.79,249.5323681191398,2.9495795,0.0,,fused,0,1,0,
1789420866994,1789420866964,991211811,42.0382186,-93.6484679,3.79,249.5323681191398,2.9768937,0.0,,fused,0,1,0,
1789420867990,1789420867965,991212811,42.0382185,-93.6484681,3.79,249.5323681191398,3.0052707,0.0,,fused,0,1,0,
1789420868992,1789420868966,991213812,42.0382187,-93.6484679,3.79,249.52699833064565,2.598634,0.0,,fused,0,1,0,
1789420869993,1789420869964,991214811,42.0382189,-93.6484677,3.79,249.52323948069352,2.6976202,0.0,,fused,0,1,0,
1789420870992,1789420870965,991215811,42.0382191,-93.6484677,3.79,249.52323948069352,2.504813,0.0,,fused,0,1,0,
1789420871994,1789420871965,991216811,42.0382173,-93.6484678,3.79,249.5323681191398,2.2992632,0.21,53.0,fused,0,1,0,
1789420872994,1789420872966,991217812,42.0382066,-93.6484631,3.79,249.53773791098865,2.266999,1.41,159.0,fused,0,1,0,
1789420873988,1789420873965,991218811,42.0381913,-93.648456,3.79,249.53773791098865,2.1655679,1.75,157.0,fused,0,1,0,
1789420874999,1789420874964,991219811,42.0381754,-93.648448,3.79,249.56780880729787,2.1082957,1.86,157.0,fused,0,1,0,
1789420875987,1789420875964,991220811,42.0381587,-93.6484402,3.79,249.60915646140847,2.1700532,1.89,159.0,fused,0,1,0,
1789420876989,1789420876964,991221811,42.0381424,-93.6484337,3.79,249.6295618704653,2.257512,1.88,159.0,fused,0,1,0,
1789420877995,1789420877965,991222812,42.0381211,-93.6484231,3.79,249.64620842423938,2.3201513,2.67,158.0,fused,0,1,0,
1789420878991,1789420878964,991223811,42.038096,-93.6484093,3.79,249.66124404889285,2.3996377,2.97,156.0,fused,0,1,0,
1789420879994,1789420879964,991224811,42.0380782,-93.6483987,3.79,249.67842765211225,2.3388684,1.98,156.0,fused,0,1,0,
1789420880997,1789420880965,991225811,42.0380693,-93.6483934,3.79,249.7025921522324,2.3134468,1.01,156.0,fused,0,1,0,
1789420881990,1789420881964,991226811,42.0380685,-93.6483938,3.79,249.71923884736822,2.315492,0.2,156.0,fused,0,1,0,
1789420882992,1789420882964,991227811,42.0380562,-93.648388,3.79,249.74340346215843,2.4338927,1.68,158.0,fused,0,1,0,
1789420883997,1789420883965,991228811,42.0380405,-93.648381,3.79,249.74179248572767,2.3883374,1.81,158.0,fused,0,1,0,
1789420884990,1789420884964,991229811,42.0380248,-93.6483731,3.79,249.74340346215843,2.4865124,1.76,160.0,fused,0,1,0,
1789420885989,1789420885965,991230811,42.0380069,-93.648365,3.79,249.74179248572767,2.4514906,2.11,161.0,fused,0,1,0,
1789420886990,1789420886964,991231811,42.0379884,-93.6483551,3.79,249.71923884736822,2.1862028,2.17,158.0,fused,0,1,0,
1789420887988,1789420887964,991232811,42.0379711,-93.6483451,3.79,249.64835636900932,2.221,2.06,159.0,fused,0,1,0,
1789420888993,1789420888965,991233811,42.037955,-93.6483359,3.79,249.6258029756865,2.2575629,1.97,159.0,fused,0,1,0,
1789420889987,1789420889965,991234812,42.0379394,-93.6483264,3.79,249.58069636647502,2.2477937,1.88,156.0,fused,0,1,0,
1789420890989,1789420890965,991235811,42.0379242,-93.6483153,3.79,249.53612697308256,2.2438326,1.89,153.0,fused,0,1,0,
1789420891991,1789420891965,991236811,42.0379088,-93.648303,3.79,249.52485041618525,2.1956031,1.94,151.0,fused,0,1,0,
1789420892990,1789420892965,991237811,42.0378934,-93.6482913,3.79,249.52323948069352,2.1465366,1.9,152.0,fused,0,1,0,
1789420893990,1789420893964,991238811,42.0378781,-93.6482812,3.79,249.52323948069352,2.1760547,1.9,156.0,fused,0,1,0,
1789420894988,1789420894965,991239811,42.0378627,-93.6482727,3.79,249.52323948069352,2.2082,1.92,157.0,fused,0,1,0,
1789420895991,1789420895965,991240811,42.0378472,-93.6482638,3.79,249.53397905634267,2.1254053,1.96,157.0,fused,0,1,0,
1789420896986,1789420896966,991241812,42.0378318,-93.6482538,3.79,249.57747447487003,2.556273,1.94,155.0,fused,0,1,0,
1789420897988,1789420897965,991242811,42.0378164,-93.6482421,3.79,249.62043312885055,2.6002018,2.02,151.0,fused,0,1,0,
1789420898997,1789420898964,991243811,42.0378013,-93.6482288,3.79,249.67466873597482,2.6970983,2.06,148.0,fused,0,1,0,
1789420899986,1789420899966,991244812,42.037786,-93.6482165,3.79,249.67090982147903,2.5818467,2.04,148.0,fused,0,1,0,
1789420900990,1789420900964,991245811,42.0377707,-93.6482053,3.79,249.67466873597482,2.6096528,1.97,151.0,fused,0,1,0,
1789420901990,1789420901964,991246811,42.0377547,-93.648196,3.79,249.67090982147903,2.655995,2.01,155.0,fused,0,1,0,
1789420902986,1789420902965,991247811,42.0377377,-93.6481871,3.79,249.67466873597482,2.6341236,2.07,156.0,fused,0,1,0,
1789420903995,1789420903964,991248811,42.0377217,-93.6481784,3.79,249.63869062177014,2.58957,1.95,154.0,fused,0,1,0,
1789420904990,1789420904964,991249811,42.0377054,-93.6481684,3.79,249.6311728258732,2.5203846,2.03,152.0,fused,0,1,0,
1789420905991,1789420905965,991250811,42.0376893,-93.6481584,3.79,249.63332076688778,2.5627027,1.95,154.0,fused,0,1,0,
1789420906998,1789420906965,991251811,42.0376739,-93.6481502,3.79,249.63332076688778,2.649434,1.86,157.0,fused,0,1,0,
1789420907997,1789420907965,991252811,42.0376577,-93.6481437,3.79,249.61667423806028,2.4631646,1.89,162.0,fused,0,1,0,
1789420908999,1789420908964,991253811,42.0376408,-93.6481388,3.79,249.59197299659803,2.4829476,1.95,165.0,fused,0,1,0,
1789420909997,1789420909964,991254811,42.0376237,-93.6481348,3.79,249.58445524154035,2.4779503,1.96,170.0,fused,0,1,0,
1789420910989,1789420910966,991255812,42.0376079,-93.6481319,3.79,249.57371560285685,2.1805332,1.78,173.0,fused,0,1,0,
1789420911989,1789420911964,991256811,42.0375916,-93.6481288,3.79,249.57156767672905,2.1596632,1.88,172.0,fused,0,1,0,
1789420912993,1789420912964,991257811,42.037574,-93.6481247,3.79,249.54901448478313,2.129273,2.0,170.0,fused,0,1,0,
1789420913993,1789420913964,991258811,42.0375569,-93.6481197,3.79,249.4389342777098,2.0846128,1.95,168.0,fused,0,1,0,
1789420915000,1789420914965,991259811,42.03754,-93.6481155,3.79,249.39006985685864,2.0384202,1.89,169.0,fused,0,1,0,
1789420915989,1789420915965,991260812,42.0375228,-93.6481122,3.79,249.39006985685864,2.090712,1.88,171.0,fused,0,1,0,
1789420916992,1789420916966,991261812,42.037506,-93.6481088,3.79,249.39006985685864,2.0523245,1.85,170.0,fused,0,1,0,
1789420917990,1789420917966,991262812,42.0374895,-93.6481041,3.79,249.39006985685864,2.1110523,1.86,168.0,fused,0,1,0,
1789420918994,1789420918966,991263812,42.0374725,-93.6480999,3.79,249.39006985685864,2.3556976,1.91,169.0,fused,0,1,0,
1789420919995,1789420919965,991264811,42.0374554,-93.6480955,3.79,249.42926876584227,2.3268356,1.89,169.0,fused,0,1,0,
1789420920997,1789420920964,991265811,42.0374384,-93.6480908,3.79,249.48189223965636,2.352455,1.91,167.0,fused,0,1,0,
1789420922003,1789420921965,991266812,42.0374222,-93.6480851,3.79,249.56243899667334,2.3777108,1.82,165.0,fused,0,1,0,
1789420923007,1789420922965,991267811,42.037407,-93.6480792,3.79,249.721386810377,2.4239488,1.73,164.0,fused,0,1,0,
1789420924008,1789420923965,991268812,42.0373926,-93.6480738,3.79,249.79012190995513,2.443873,1.65,167.0,fused,0,1,0,
1789420925002,1789420924964,991269811,42.0373818,-93.6480694,3.79,249.8781895591489,2.499243,1.22,169.0,fused,0,1,0,
1789420926008,1789420925964,991270811,42.0373768,-93.64807,3.79,249.91202066415389,2.503063,0.29,170.0,fused,0,1,0,
1789420927005,1789420926964,991271811,42.0373753,-93.6480723,3.79,250.0307170873018,2.4381359,0.0,,fused,0,1,0,
1789420928007,1789420927965,991272811,42.0373756,-93.6480731,3.79,250.14510059216315,2.3875637,0.0,,fused,0,1,0,
1789420929011,1789420928964,991273811,42.0373755,-93.6480733,3.79,250.15261881008576,2.295805,0.0,,fused,0,1,0,
1789420930006,1789420929965,991274811,42.0373753,-93.6480732,3.79,250.1601370345811,2.1766727,0.0,,fused,0,1,0,
1789420930988,1789420930964,991275811,42.0373753,-93.6480731,3.79,250.1655071989582,2.1786351,0.0,,fused,0,1,0,
1789420931994,1789420931964,991276811,42.0373753,-93.6480731,3.79,250.17302543472067,2.158534,0.0,,fused,0,1,0,
1789420932996,1789420932965,991277811,42.0373753,-93.6480732,3.79,250.1746364860968,2.1867795,0.0,,fused,0,1,0,
1789420933992,1789420933966,991278812,42.0373752,-93.6480733,3.79,250.1746364860968,2.1755426,0.0,,fused,0,1,0,
1789420934995,1789420934965,991279811,42.0373752,-93.6480734,3.79,250.1746364860968,2.2091951,0.0,,fused,0,1,0,
1789420935989,1789420935964,991280811,42.037375,-93.6480732,3.79,250.1746364860968,2.1888926,0.0,,fused,0,1,0,
1789420936991,1789420936965,991281812,42.0373748,-93.6480732,3.79,250.1746364860968,2.1584198,0.0,,fused,0,1,0,
1789420937992,1789420937965,991282811,42.0373747,-93.6480733,3.79,250.1746364860968,2.1816883,0.0,,fused,0,1,0,
1789420938990,1789420938964,991283811,42.0373746,-93.6480733,3.79,250.1746364860968,2.3946197,0.0,,fused,0,1,0,
1789420939989,1789420939965,991284811,42.0373745,-93.6480735,3.79,250.1746364860968,2.4367714,0.0,,fused,0,1,0,
1789420940996,1789420940965,991285811,42.0373746,-93.6480747,3.79,250.1746364860968,2.4523864,0.0,,fused,0,1,0,
1789420941992,1789420941964,991286811,42.0373743,-93.6480766,3.79,250.170877366689,2.522444,0.0,,fused,0,1,0,
1789420942985,1789420942964,991287811,42.0373702,-93.6480792,3.79,250.16765526564905,2.6596112,0.52,170.0,fused,0,1,0,
1789420943988,1789420943964,991288811,42.037369,-93.648079,3.79,250.21117796013885,2.528239,0.0,,fused,0,1,0,
1789420944990,1789420944964,991289811,42.0373691,-93.6480782,3.79,250.16765526564905,2.60903,0.0,,fused,0,1,0,
1789420945989,1789420945965,991290811,42.0373697,-93.6480784,3.79,250.1655071989582,2.649319,0.0,,fused,0,1,0,
1789420946992,1789420946966,991291812,42.0373704,-93.6480782,3.79,250.1601370345811,2.6533537,0.0,,fused,0,1,0,
1789420947991,1789420947964,991292811,42.037381,-93.6480702,3.79,250.15637792151273,2.7168875,1.45,31.0,fused,0,1,0,
1789420948996,1789420948964,991293811,42.0373919,-93.6480618,3.79,250.1655071989582,2.8168225,1.28,32.0,fused,0,1,0,
1789420949998,1789420949964,991294811,42.0373786,-93.6480009,3.79,250.16765526564905,2.806213,5.91,107.0,fused,0,1,0,
1789420951001,1789420950965,991295811,42.0373414,-93.6480018,3.79,250.17839560714782,2.6000433,4.61,178.0,fused,0,1,0,
1789420952000,1789420951965,991296811,42.0373307,-93.6480359,3.79,250.1767845550666,2.6112397,2.67,233.0,fused,0,1,0,
1789420952987,1789420952964,991297811,42.037327,-93.6480517,3.79,250.16765526564905,2.5135367,1.65,216.0,fused,0,1,0,
1789420953988,1789420953965,991298811,42.0373439,-93.6480395,3.79,249.95231424913686,2.083654,1.16,73.0,fused,0,1,0,
1789420954990,1789420954965,991299811,42.037324,-93.6480112,3.79,249.8572651915274,2.0644398,4.3,145.0,fused,0,1,0,
1789420955987,1789420955964,991300811,42.0373253,-93.6480058,3.79,249.85350621084353,2.044333,0.0,,fused,0,1,0,
1789420956987,1789420956964,991301811,42.0373247,-93.6480057,3.79,249.8572651915274,2.079864,0.0,,fused,0,1,0,
1789420957989,1789420957965,991302811,42.0373281,-93.6480084,3.79,249.855117202364,2.07541,0.15,145.0,fused,0,1,0,
1789420959004,1789420958966,991303812,42.037331,-93.6480194,3.79,249.855117202364,2.059604,0.46,231.0,fused,0,1,0,
1789420959988,1789420959965,991304811,42.037329,-93.6480301,3.79,249.85887618375114,2.0152242,0.0,,fused,0,1,0,
1789420960991,1789420960965,991305812,42.03733,-93.6480283,3.79,249.85887618375114,1.9988996,0.21,231.0,fused,0,1,0,
1789420961989,1789420961966,991306812,42.0373366,-93.6480243,3.79,249.8680051453921,2.0079875,0.0,,fused,0,1,0,
1789420962996,1789420962965,991307811,42.0373386,-93.6480233,3.79,249.9018360877356,1.9752549,0.0,,fused,0,1,0,
1789420963996,1789420963964,991308811,42.0373392,-93.6480231,3.79,249.91848310822076,1.9888556,0.0,,fused,0,1,0,
1789420964987,1789420964965,991309811,42.0373432,-93.6480202,3.79,249.9222421173066,1.9925711,0.3,231.0,fused,0,1,0,
1789420966001,1789420965965,991310811,42.03736,-93.6480586,3.79,249.93351915442054,2.0207965,3.92,294.0,fused,0,1,0,
1789420966992,1789420966964,991311811,42.0373641,-93.6480712,3.79,249.93566716316587,2.0784569,1.33,273.0,fused,0,1,0,
1789420967997,1789420967965,991312811,42.0373693,-93.6480669,3.79,250.00869977974878,2.0730422,0.38,273.0,fused,0,1,0,
1789420968993,1789420968965,991313811,42.0373714,-93.6480604,3.79,250.00869977974878,2.1372952,0.0,,fused,0,1,0,
1789420970000,1789420969965,991314811,42.037372,-93.6480585,3.79,250.08871416724043,2.301384,0.0,,fused,0,1,0,
1789420971000,1789420970965,991315811,42.0373741,-93.6480554,3.79,250.28687380817217,2.3685706,0.0,,fused,0,1,0,
1789420972009,1789420971964,991316811,42.0373837,-93.6480548,3.79,250.33950233924475,2.4886825,0.98,340.0,fused,0,1,0,
1789420973002,1789420972965,991317811,42.037398,-93.648058,3.79,250.35453912156385,2.6208875,1.35,330.0,fused,0,1,0,
1789420974004,1789420973965,991318811,42.0373936,-93.6480997,3.79,250.35453912156385,2.4265609,4.98,249.0,fused,0,1,0,
1789420974990,1789420974964,991319811,42.037366,-93.6480871,3.79,250.341113421807,2.435372,4.33,173.0,fused,0,1,0,
1789420976005,1789420975965,991320811,42.0373675,-93.6480437,3.79,250.3040585992324,2.4509876,2.86,104.0,fused,0,1,0,
1789420976986,1789420976964,991321811,42.0373874,-93.6480191,3.79,250.2739852374105,2.173114,1.71,53.0,fused,0,1,0,
1789420977992,1789420977965,991322811,42.0374012,-93.6480075,3.79,250.25357837321064,2.1713443,0.71,53.0,fused,0,1,0,
1789420978988,1789420978965,991323811,42.0374299,-93.6480061,3.79,250.13382327760218,2.1372368,2.64,1.0,fused,0,1,0,
1789420979989,1789420979965,991324811,42.0374451,-93.6480224,3.79,250.06454866973377,2.140073,1.88,308.0,fused,0,1,0,
1789420980995,1789420980965,991325811,42.0374477,-93.6480253,3.79,249.99366360210394,2.1581197,0.0,,fused,0,1,0,
1789420981989,1789420981964,991326811,42.0374394,-93.6480435,3.79,249.96359132568523,2.1620076,1.23,227.0,fused,0,1,0,
1789420982995,1789420982965,991327811,42.0374423,-93.6480537,3.79,249.95070323940826,2.1096737,0.6,227.0,fused,0,1,0,
1789420983997,1789420983964,991328811,42.0374462,-93.6480624,3.79,249.96896136733324,2.1026545,0.35,273.0,fused,0,1,0,
1789420984990,1789420984964,991329811,42.0374495,-93.6480668,3.79,249.96896136733324,2.3109982,0.44,273.0,fused,0,1,0,
1789420985991,1789420985964,991330811,42.0374516,-93.6480671,3.79,250.00494073287217,2.3551147,0.0,,fused,0,1,0,
1789420987000,1789420986965,991331811,42.0374296,-93.6480595,3.632,250.0570305288033,2.4149382,0.12939055,225.78906,fused,0,1,0,
1789420987996,1789420987964,991332811,42.0374315,-93.6480592,3.395,250.02910606288555,2.39106,0.109615535,222.87563,fused,0,1,0,
1789420989001,1789420988964,991333811,42.0374345,-93.6480585,3.197,250.10375051107212,2.2936957,0.10718981,223.00801,fused,0,1,0,
1789420990004,1789420989965,991334812,42.0374382,-93.6480576,3.087,250.14510059216315,2.3899193,0.14763705,227.67528,fused,0,1,0,
1789420991006,1789420990964,991335811,42.0374408,-93.6480572,3.065,250.11878688119157,2.4113827,0.18688393,326.70468,fused,0,1,0,
1789420991943,1789420991924,991336770,42.0374429,-93.6480584,3.0,250.11878688119157,2.4113827,0.23549508,317.04004,fused,0,1,0,
1789420992987,1789420992965,991337811,42.0374483,-93.6480605,3.0,250.13223686173023,2.7050703,0.152547,296.17166,fused,0,1,0,
1789420993986,1789420993964,991338811,42.0374539,-93.6480633,3.0,250.02590918061333,2.780126,0.15309379,299.29736,fused,0,1,0,
1789420994992,1789420994964,991339811,42.0374614,-93.6480679,3.0,249.79983297527406,2.8637886,0.13663018,312.7786,fused,0,1,0,
1789420995988,1789420995964,991340811,42.0374704,-93.6480736,3.0,249.64625490506717,3.1073513,0.13866167,313.98386,fused,0,1,0,
1789420996988,1789420996965,991341811,42.0374742,-93.6480765,3.0,249.55120971101724,2.7535594,0.12010376,317.28183,fused,0,1,0,
1789420997994,1789420997965,991342811,42.0374764,-93.6480783,3.0,249.46690496599285,2.771852,0.18843493,315.6676,fused,0,1,0,
1789420998996,1789420998964,991343811,42.0374764,-93.6480779,3.0,249.37075934640467,2.4523964,0.34574106,330.30798,fused,0,1,0,
1789420999960,1789420999942,991344788,42.0374773,-93.6480778,3.008,249.37075934640467,2.4523964,0.28792498,313.60037,fused,0,1,0,
1789421000931,1789421000857,991345704,42.0374713,-93.648079,3.006,249.35787214852422,2.580932,0.22841376,90.0,fused,0,1,0,
1789421001857,1789421001843,991346689,42.0374652,-93.6480915,3.06,249.35787214852422,2.3337336,0.76381797,209.50305,fused,0,1,0,
1789421002991,1789421002965,991347811,42.0374625,-93.648103,3.125,249.35787214852422,2.1500437,0.8577689,219.02707,fused,0,1,0,
1789421003986,1789421003963,991348810,42.0374592,-93.6481073,3.284,249.3449849699573,2.1565635,0.7947293,204.18942,fused,0,1,0,
1789421004987,1789421004964,991349811,42.0374634,-93.6481043,3.372,249.39545986298344,1.9697285,0.42689735,203.0474,fused,0,1,0,
1789421005985,1789421005965,991350812,42.0374637,-93.6481073,3.418,249.4700988115581,1.9634858,0.78124493,246.57487,fused,0,1,0,
1789421006987,1789421006965,991351811,42.0374704,-93.6481228,3.464,249.69240858274117,2.0320554,0.93701977,328.80777,fused,0,1,0,
1789421007992,1789421007964,991352811,42.0374752,-93.6481241,3.449,249.7504020696539,2.037655,1.0545039,340.84216,fused,0,1,0,
1789421008993,1789421008965,991353811,42.0374799,-93.64813,3.375,249.81000825718303,2.0735774,1.2251506,320.68405,fused,0,1,0,
1789421009988,1789421009964,991354811,42.0374796,-93.6481413,3.356,249.91848183863982,2.0232136,1.1083993,253.19232,fused,0,1,0,
1789421010992,1789421010964,991355811,42.0374709,-93.6481384,3.363,250.12200774517822,1.9718553,0.843338,171.34323,fused,0,1,0,
1789421011988,1789421011965,991356811,42.0374656,-93.6481239,3.278,250.13328504706374,1.904229,0.6483478,138.94788,fused,0,1,0,
1789421012881,1789421012864,991357711,42.0374641,-93.6481155,3.229,250.13328504706374,1.904229,0.56712484,124.695946,fused,0,1,0,
1789421013867,1789421013849,991358695,42.0374637,-93.6481065,3.155,250.06991754266573,1.9068342,0.38755372,113.343506,fused,0,1,0,
1789421014989,1789421014964,991359811,42.037463,-93.6480972,3.023,249.91472283025905,2.0751503,0.15713593,112.7559,fused,0,1,0,
1789421015987,1789421015965,991360812,42.0374625,-93.6480921,3.003,249.8024903368896,2.0410936,0.103765294,116.004166,fused,0,1,0,
1789421016988,1789421016965,991361811,42.0374618,-93.6480878,3.0,249.71281279443735,2.2160978,0.10249801,115.35684,fused,0,1,0,
1789421017990,1789421017965,991362811,42.0374614,-93.6480852,3.0,249.66609492423072,2.3056717,0.10350264,114.48798,fused,0,1,0,
1789421018994,1789421018964,991363811,42.0374607,-93.6480829,3.0,249.61185955415914,2.4454212,0.09096878,,fused,0,1,0,
1789421019993,1789421019964,991364811,42.0374601,-93.6480808,3.0,249.56514223235945,2.5723984,0.08228131,,fused,0,1,0,
1789421020998,1789421020964,991365811,42.0374598,-93.6480805,3.0,249.54473704499526,2.4956498,0.09009678,,fused,0,1,0,
1789421021995,1789421021965,991366811,42.0374596,-93.6480792,3.0,249.54258913335383,2.3652902,0.08664955,,fused,0,1,0,
1789421022998,1789421022965,991367811,42.0374592,-93.6480784,3.0,249.53131260602908,2.410571,0.0847247,,fused,0,1,0,
1789421023996,1789421023965,991368811,42.0374593,-93.6480774,3.0,249.4980200878186,2.4188027,0.10410908,116.3007,fused,0,1,0,
1789421024995,1789421024964,991369811,42.0374595,-93.6480769,3.0,249.4040499655752,2.472137,0.06980052,,fused,0,1,0,
1789421025991,1789421025965,991370811,42.0374593,-93.6480762,3.0,249.3610925373897,2.440286,0.073354505,,fused,0,1,0,
1789421026991,1789421026964,991371811,42.0374589,-93.6480755,3.0,249.33531818347228,2.0989423,0.0806029,,fused,0,1,0,
1789421027987,1789421027965,991372811,42.0374585,-93.6480759,3.0,249.33531818347228,2.056034,0.077177964,,fused,0,1,0,
1789421028988,1789421028964,991373811,42.037458,-93.6480753,3.0,249.33531818347228,2.0013304,0.06864114,,fused,0,1,0,
1789421029986,1789421029965,991374811,42.0374573,-93.6480739,3.0,249.33531818347228,2.1555943,0.06973219,,fused,0,1,0,
1789421030990,1789421030964,991375811,42.037457,-93.6480731,3.0,249.3557228739528,2.0845773,0.071297504,,fused,0,1,0,
1789421031989,1789421031965,991376811,42.0374566,-93.6480725,3.0,249.351964111543,2.0352035,0.06815915,,fused,0,1,0,
1789421032991,1789421032965,991377811,42.0374564,-93.6480717,3.0,249.33907693860715,2.0965323,0.0744874,,fused,0,1,0,
1789421033988,1789421033965,991378811,42.0374556,-93.6480703,3.0,249.3444465916511,2.0866566,0.1293466,128.4783,fused,0,1,0,
1789421034987,1789421034964,991379811,42.0374543,-93.6480673,3.0,249.39868027531895,2.3352423,0.117778055,141.4414,fused,0,1,0,
1789421035988,1789421035964,991380811,42.0374525,-93.6480651,3.0,249.4400269767881,2.3509982,0.6271788,130.99524,fused,0,1,0,
1789421036987,1789421036965,991381811,42.0374486,-93.6480587,3.0,249.47331927049515,2.3935966,0.8550625,116.94373,fused,0,1,0,
1789421038005,1789421037964,991382811,42.0374433,-93.6480536,3.018,249.50338984010364,2.3672037,1.0284103,132.92638,fused,0,1,0,
1789421038995,1789421038965,991383811,42.0374361,-93.6480568,3.064,249.47331927049515,2.2968454,1.2324703,163.88689,fused,0,1,0,
1789421039997,1789421039964,991384811,42.0374298,-93.6480768,3.079,249.4921133641784,2.33362,1.1422797,232.19307,fused,0,1,0,
1789421041000,1789421040964,991385811,42.0374315,-93.6480982,3.064,249.692407256695,2.334166,0.8925594,264.52304,fused,0,1,0,
1789421041992,1789421041965,991386811,42.0374351,-93.6481026,3.073,249.8024903368896,2.4667356,0.4551925,258.98117,fused,0,1,0,
1789421042987,1789421042964,991387811,42.0374369,-93.6480989,3.062,249.8567269091797,2.485675,0.40384606,261.76544,fused,0,1,0,
1789421043988,1789421043966,991388812,42.037439,-93.648094,3.02,249.92975887364025,2.3880014,0.5113096,303.38647,fused,0,1,0,
1789421044987,1789421044965,991389811,42.0374378,-93.6480894,3.042,250.01729064816016,2.329154,0.7815601,289.76453,fused,0,1,0,
1789421045986,1789421045965,991390811,42.0374296,-93.6480832,3.252,250.19128283320805,2.6349504,0.9147369,277.4926,fused,0,1,0,
1789421046986,1789421046964,991391811,42.0374155,-93.648075,3.577,250.43831482175187,2.7865965,0.9963552,213.99007,fused,0,1,0,
1789421047991,1789421047964,991392811,42.0374,-93.6480563,3.952,250.6268157426394,2.7371736,0.9280703,106.097,fused,0,1,0,
1789421048995,1789421048964,991393811,42.0374005,-93.6480292,3.989,250.63057506228563,2.5979993,1.1351241,62.685738,fused,0,1,0,
1789421049988,1789421049964,991394811,42.0374083,-93.6480081,4.044,250.6268157426394,2.3074148,1.2400495,40.947716,fused,0,1,0,
1789421050988,1789421050964,991395811,42.037418,-93.647991,3.977,250.54464816658725,2.1214788,1.2818507,54.670086,fused,0,1,0,
1789421051989,1789421051964,991396811,42.0374216,-93.6479721,3.797,250.51296284045935,2.0804157,0.9199225,79.5011,fused,0,1,0,
1789421052987,1789421052965,991397811,42.037425,-93.647961,3.661,250.22135591334194,2.035016,0.7607504,69.27762,fused,0,1,0,
1789421053987,1789421053965,991398811,42.0374289,-93.6479574,3.652,250.086564892669,2.2247841,0.4701465,54.036407,fused,0,1,0,
1789421054989,1789421054964,991399811,42.0374296,-93.6479584,3.771,249.90183481399703,2.2632406,0.2169514,42.868996,fused,0,1,0,
1789421055987,1789421055966,991400812,42.0374288,-93.6479594,3.737,249.72892081754014,2.178984,0.10200881,42.098717,fused,0,1,0,
1789421056989,1789421056965,991401811,42.0374279,-93.6479583,3.403,249.67253708954712,2.0807135,0.14621785,52.717773,fused,0,1,0,
1789421057991,1789421057965,991402811,42.0374268,-93.6479542,3.061,249.67253708954712,2.049302,0.12608303,70.838066,fused,0,1,0,
1789421058993,1789421058965,991403811,42.0374279,-93.6479564,3.046,249.64300290336803,2.0755303,0.38242453,36.748158,fused,0,1,0,
1789421060005,1789421059965,991404811,42.0374365,-93.6479636,3.05,249.4012549673859,1.9691223,0.8021359,22.048262,fused,0,1,0,
1789421060996,1789421060965,991405811,42.0374489,-93.6479681,3.113,249.4034028860026,1.9631447,0.8610044,40.1851,fused,0,1,0,
1789421061989,1789421061965,991406811,42.0374511,-93.647966,3.116,249.3921263192491,1.9597256,0.5329616,52.352448,fused,0,1,0,
1789421062987,1789421062964,991407811,42.037449,-93.6479682,3.125,249.3921263192491,1.9403399,0.27753156,64.007225,fused,0,1,0,
1789421063989,1789421063965,991408811,42.0374469,-93.6479715,3.161,249.4909310259825,1.9641118,0.24298781,109.22498,fused,0,1,0,
1789421064991,1789421064965,991409811,42.0374421,-93.6479716,3.163,249.71173716603602,2.0497472,0.5110808,172.20935,fused,0,1,0,
1789421065992,1789421065965,991410811,42.0374323,-93.6479744,3.025,249.820209541863,2.01644,0.7812105,200.99234,fused,0,1,0,
1789421066995,1789421066964,991411811,42.0374197,-93.6479748,3.01,249.88787122164206,2.0277946,0.9181052,163.08507,fused,0,1,0,
1789421067997,1789421067964,991412811,42.0374118,-93.6479608,3.009,249.9066662271661,2.0361042,1.052302,66.98787,fused,0,1,0,
1789421068999,1789421068964,991413811,42.0374172,-93.6479521,3.0,249.88787122164206,2.1135948,0.9159991,10.0517845,fused,0,1,0,
1789421069944,1789421069923,991414770,42.0374244,-93.6479539,3.0,249.88787122164206,2.1135948,0.82926685,354.94873,fused,0,1,0,
1789421070990,1789421070965,991415811,42.0374306,-93.6479597,3.0,250.12308025019382,2.1785464,0.9183227,14.183656,fused,0,1,0,
1789421071988,1789421071964,991416811,42.0374356,-93.6479599,3.0,250.19074431290312,2.0955744,0.8888488,48.808247,fused,0,1,0,
1789421072989,1789421072964,991417811,42.0374352,-93.647964,3.0,250.1477829415452,2.196625,0.47937202,61.587223,fused,0,1,0,
1789421073988,1789421073965,991418811,42.0374305,-93.6479724,3.0,250.16067133041764,2.183272,0.19636823,72.08735,fused,0,1,0,
1789421074993,1789421074964,991419811,42.0374287,-93.6479768,3.0,250.16067133041764,2.1736007,0.094000384,,fused,0,1,0,
1789421075989,1789421075964,991420811,42.0374279,-93.6479805,3.0,250.1569122150011,2.096067,0.08248278,,fused,0,1,0,
1789421076992,1789421076965,991421811,42.0374273,-93.6479836,3.0,250.16067133041764,2.1211557,0.07798699,,fused,0,1,0,
1789421077998,1789421077964,991422811,42.0374271,-93.6479863,3.0,250.16067133041764,1.9781526,0.07006431,,fused,0,1,0,
1789421078995,1789421078965,991423811,42.0374268,-93.6479884,3.0,250.159060280752,2.0280654,0.056716863,,fused,0,1,0,
1789421079987,1789421079965,991424811,42.0374269,-93.6479897,3.0,250.13650561712512,2.0862982,0.061041713,,fused,0,1,0,
1789421080988,1789421080965,991425811,42.0374272,-93.64799,3.0,250.113951012651,2.1024814,0.078342795,,fused,0,1,0,
1789421081987,1789421081964,991426810,42.0374277,-93.6479902,3.0,250.113951012651,2.1112864,0.09763315,,fused,0,1,0,
1789421082987,1789421082964,991427811,42.0374284,-93.6479915,3.0,250.13650561712512,2.12158,0.080660805,,fused,0,1,0,
1789421083989,1789421083964,991428811,42.0374288,-93.6479923,3.0,250.13650561712512,2.0847154,0.09675198,,fused,0,1,0,
1789421084989,1789421084965,991429811,42.0374289,-93.6479926,3.0,250.16281939710848,2.0074682,0.096878305,,fused,0,1,0,
1789421085991,1789421085966,991430812,42.0374287,-93.6479929,3.0,250.10643282430584,1.9945068,0.107188314,93.59543,fused,0,1,0,
1789421086990,1789421086964,991431811,42.0374289,-93.6479931,3.0,250.04306549796746,1.9516782,0.1061417,88.856804,fused,0,1,0,
1789421088000,1789421087965,991432811,42.0374292,-93.647993,3.0,250.0001048643316,1.9375759,0.08890912,,fused,0,1,0,
1789421088990,1789421088965,991433811,42.0374296,-93.6479929,3.0,250.0001048643316,1.8607354,0.094591185,,fused,0,1,0,
1789421089942,1789421089922,991434769,42.0374297,-93.6479924,3.0,250.0001048643316,1.8607354,0.105585694,51.3303,fused,0,1,0,
1789421090990,1789421090965,991435811,42.0374305,-93.647994,3.0,249.96412549879267,2.1957889,0.24158414,337.57,fused,0,1,0,
1789421091989,1789421091964,991436811,42.0374347,-93.647997,3.0,249.83363443599586,2.1546228,0.4062788,31.041172,fused,0,1,0,
1789421092986,1789421092965,991437811,42.0374412,-93.6479951,3.0,249.81108062582575,2.198092,0.6469607,37.371727,fused,0,1,0,
1789421093987,1789421093964,991438811,42.0374523,-93.6479905,3.0,249.7192550093435,2.3549392,0.98349553,24.468363,fused,0,1,0,
1789421094988,1789421094965,991439811,42.0374644,-93.6479883,3.0,249.6258194235358,2.3452318,1.1475416,31.236279,fused,0,1,0,
1789421095990,1789421095964,991440811,42.0374774,-93.6479914,3.0,249.56997335120104,2.3189573,1.2179972,17.035349,fused,0,1,0,
1789421096992,1789421096965,991441811,42.0374904,-93.6479993,3.0,249.551179081493,2.036745,1.1862272,351.72986,fused,0,1,0,
1789421097888,1789421097864,991442711,42.0374998,-93.6480078,3.0,249.551179081493,2.036745,1.108176,316.96127,fused,0,1,0,
1789421098883,1789421098865,991443712,42.0375016,-93.6480259,3.0,249.51734949952242,2.0412006,1.1040016,246.1092,fused,0,1,0,
1789421099985,1789421099965,991444812,42.0374996,-93.6480425,3.0,249.32135533395575,2.1081393,1.0134736,240.34753,fused,0,1,0,
1789421100947,1789421100927,991445774,42.0374984,-93.648052,3.0,249.32135533395575,2.1081393,0.9410421,245.52597,fused,0,1,0,
1789421101904,1789421101885,991446732,42.0374975,-93.6480671,3.0,249.336390344638,2.1653028,1.137786,227.58546,fused,0,1,0,
1789421102986,1789421102963,991447810,42.037491,-93.648082,3.017,249.42391610730158,2.1654801,1.2536869,219.83525,fused,0,1,0,
1789421104006,1789421103982,991448828,42.0374808,-93.6480961,3.06,249.5458092976928,2.0868046,1.3601038,224.31776,fused,0,1,0,
1789421104991,1789421104965,991449811,42.037468,-93.6481065,3.076,249.7079782468466,2.1033647,1.4022985,223.1656,fused,0,1,0,
1789421105991,1789421105966,991450812,42.0374538,-93.6481151,3.108,249.81645057526288,2.2280967,1.4549732,219.93016,fused,0,1,0,
1789421106994,1789421106965,991451811,42.0374404,-93.6481231,3.155,249.9324423015372,2.2254782,1.4524373,223.20454,fused,0,1,0,
1789421107888,1789421107867,991452714,42.0374291,-93.6481306,3.184,249.9324423015372,1.9974487,1.396415,196.32892,fused,0,1,0,
1789421108995,1789421108964,991453811,42.0374158,-93.6481145,3.159,250.26001997626912,2.0383294,1.1034528,136.54024,fused,0,1,0,
1789421109990,1789421109963,991454810,42.0374068,-93.6481013,3.112,250.3212407944215,2.037729,1.0776256,164.5421,fused,0,1,0,
1789421110996,1789421110964,991455810,42.0373919,-93.6480976,3.095,250.3212407944215,2.0388937,1.267004,197.55276,fused,0,1,0,
1789421111994,1789421111964,991456810,42.0373809,-93.6481002,3.057,250.3212407944215,2.037147,0.92353714,204.24123,fused,0,1,0,
1789421112998,1789421112963,991457810,42.0373774,-93.6481019,3.005,250.3174816088179,2.008068,0.4691491,224.62283,fused,0,1,0,
1789421113991,1789421113963,991458810,42.0373785,-93.6481022,3.005,250.28418603663636,1.9707981,0.3573901,237.72017,fused,0,1,0,
1789421115000,1789421114964,991459811,42.0373804,-93.6481011,3.007,250.11932115120908,1.9560673,0.29922363,221.21431,fused,0,1,0,
1789421116006,1789421115964,991460810,42.0373792,-93.6480995,3.007,250.21652123873355,2.0633893,0.21594612,167.12524,fused,0,1,0,
1789421117004,1789421116963,991461810,42.0373764,-93.6480988,3.005,250.21652123873355,2.0483034,0.14891097,189.44571,fused,0,1,0,
1789421118012,1789421117963,991462810,42.0373704,-93.6480991,3.0,250.15154205297216,1.9710084,0.43744028,189.00111,fused,0,1,0,
1789421119009,1789421118966,991463812,42.0373615,-93.6481025,3.088,250.113951012651,2.050797,0.6365697,201.39853,fused,0,1,0,
1789421119928,1789421119907,991464754,42.0373469,-93.6481087,3.255,250.113951012651,2.050797,1.0065665,235.65881,fused,0,1,0,
1789421120995,1789421120964,991465810,42.0373345,-93.64812,3.343,250.2465944165184,1.8336188,1.1440446,240.86353,fused,0,1,0,
1789421121988,1789421121963,991466810,42.0373246,-93.6481313,3.371,250.30298190831326,1.8740608,1.2701896,223.92105,fused,0,1,0,
1789421122989,1789421122964,991467811,42.037311,-93.6481409,3.408,250.3475551396537,1.9468008,1.4015337,212.97447,fused,0,1,0,
1789421123987,1789421123963,991468810,42.0372975,-93.648151,3.345,250.3475551396537,2.0038416,1.395885,215.89429,fused,0,1,0,
1789421124990,1789421124963,991469810,42.0372867,-93.6481627,3.156,250.3475551396537,2.00373,1.4325823,217.29,fused,0,1,0,
1789421125985,1789421125964,991470810,42.0372741,-93.6481775,3.099,250.30674108757785,2.0145428,1.4805264,215.64955,fused,0,1,0,
1789421126988,1789421126965,991471811,42.0372644,-93.6481875,3.066,250.30083380661438,1.9903152,1.5954007,213.8539,fused,0,1,0,
1789421127992,1789421127964,991472810,42.0372515,-93.6481978,3.049,250.33090727923155,1.9693205,1.6111467,210.62744,fused,0,1,0,
1789421128988,1789421128964,991473811,42.0372396,-93.6482066,3.051,250.3083521649085,1.8943467,1.5525633,215.58484,fused,0,1,0,
1789421129988,1789421129964,991474810,42.0372289,-93.6482167,3.053,250.0951405422631,1.8545414,1.5269455,210.45319,fused,0,1,0,
1789421130995,1789421130964,991475811,42.0372165,-93.6482237,3.056,249.97001715379236,1.8541273,1.5215245,206.30188,fused,0,1,0,
1789421131993,1789421131963,991476810,42.0372052,-93.6482323,3.057,249.91739069305976,1.8446782,1.495667,216.307,fused,0,1,0,
1789421132992,1789421132963,991477810,42.0371936,-93.6482434,3.053,249.83898860392662,1.8463727,1.5753107,220.28773,fused,0,1,0,
1789421133995,1789421133964,991478811,42.0371807,-93.6482609,3.049,249.76595716389124,1.9285356,1.5285597,229.09,fused,0,1,0,
1789421134885,1789421134867,991479713,42.037174,-93.6482723,3.057,249.76595716389124,1.9285356,1.542817,228.40488,fused,0,1,0,
1789421136004,1789421135987,991480833,42.0371634,-93.6482886,3.05,249.88946657936293,1.9247315,1.5656953,224.99625,fused,0,1,0,
1789421136989,1789421136964,991481810,42.0371544,-93.6483029,3.034,249.97001715379236,1.9022919,1.5352902,222.89288,fused,0,1,0,
1789421137986,1789421137964,991482810,42.0371427,-93.6483177,3.032,249.91363167247243,1.9091995,1.572639,218.7345,fused,0,1,0,
1789421138994,1789421138963,991483810,42.0371302,-93.6483307,3.017,249.91363167247243,1.901068,1.6296017,220.55959,fused,0,1,0,
1789421139991,1789421139964,991484810,42.037121,-93.6483476,3.008,250.0221069269528,1.8968912,1.671928,239.38652,fused,0,1,0,
1789421140899,1789421140882,991485728,42.0371153,-93.6483663,3.018,250.0221069269528,1.8968912,1.6453117,248.78186,fused,0,1,0,
1789421142001,1789421141964,991486810,42.0371107,-93.6483906,3.016,250.10265874375386,1.9232538,1.5932685,250.38882,fused,0,1,0,
1789421142920,1789421142902,991487748,42.037106,-93.648406,3.026,250.10265874375386,1.9232538,1.6081549,249.18207,fused,0,1,0,
1789421143987,1789421143964,991488810,42.0371015,-93.6484251,3.024,250.4576327380517,2.1547842,1.6347193,248.35027,fused,0,1,0,
1789421144988,1789421144963,991489810,42.0370947,-93.6484446,3.024,250.51939219103798,2.208337,1.6646744,243.30968,fused,0,1,0,
1789421145986,1789421145964,991490810,42.037086,-93.648463,3.012,250.57363346773565,2.150868,1.6233394,235.85535,fused,0,1,0,
1789421146989,1789421146964,991491810,42.0370745,-93.6484784,3.012,250.71595131515193,2.116348,1.6390967,223.84273,fused,0,1,0,
1789421147986,1789421147964,991492810,42.0370611,-93.648491,3.0,250.8357149512379,1.9781407,1.6177531,216.85039,fused,0,1,0,
1789421148991,1789421148963,991493810,42.0370472,-93.6485039,3.0,250.85612327078815,2.1595187,1.6851885,217.92592,fused,0,1,0,
1789421149982,1789421149963,991494810,42.0370337,-93.6485196,3.0,250.71595131515193,2.0523849,1.7063241,226.0165,fused,0,1,0,
1789421150989,1789421150965,991495811,42.0370215,-93.6485367,3.0,250.70843257749544,1.9771147,1.7011998,227.86774,fused,0,1,0,
1789421151985,1789421151965,991496811,42.0370099,-93.6485535,3.0,250.80188021236745,1.940169,1.7259166,227.54292,fused,0,1,0,
1789421152988,1789421152963,991497810,42.0369991,-93.6485711,3.0,250.65794979489363,1.8965837,1.703379,231.36125,fused,0,1,0,
1789421153988,1789421153963,991498810,42.0369897,-93.6485897,3.002,250.64130128263275,2.1067743,1.7031859,233.74725,fused,0,1,0,
1789421154986,1789421154963,991499810,42.0369804,-93.6486089,3.002,250.56074442050192,2.088084,1.7174095,235.66594,fused,0,1,0,
1789421155989,1789421155963,991500810,42.0369708,-93.6486282,3.002,250.46729940576415,1.9462514,1.7071248,236.95813,fused,0,1,0,
1789421156986,1789421156963,991501810,42.0369615,-93.6486466,3.002,250.31209699851217,2.0262792,1.6338954,233.54681,fused,0,1,0,
1789421157988,1789421157964,991502810,42.0369519,-93.6486607,3.002,250.29115294351016,1.9684222,1.5158873,231.81575,fused,0,1,0,
1789421158991,1789421158964,991503811,42.0369429,-93.6486725,3.0,250.37385540636092,2.0353014,1.5278596,216.01654,fused,0,1,0,
1789421160002,1789421159964,991504810,42.036936,-93.6486805,3.0,250.50059578883048,1.9962587,0.98666763,206.94612,fused,0,1,0,
1789421160986,1789421160963,991505810,42.0369328,-93.6486886,3.0,250.45602162782296,1.7854365,1.0984498,251.32831,fused,0,1,0,
1789421161985,1789421161963,991506810,42.0369361,-93.6487138,3.0,250.52691076342364,1.8318657,1.2905157,266.3416,fused,0,1,0,
1789421162988,1789421162963,991507810,42.0369373,-93.6487211,3.0,250.70091384641177,1.8756553,0.6019149,249.10936,fused,0,1,0,
1789421163992,1789421163965,991508811,42.0369391,-93.6487234,3.0,250.71971068644513,1.9218426,0.2333398,248.5902,fused,0,1,0,
1789421164991,1789421164963,991509810,42.0369404,-93.6487224,3.0,250.92540450632464,1.8342302,0.1598864,246.08318,fused,0,1,0,
1789421165987,1789421165963,991510810,42.0369412,-93.6487217,3.0,251.13110324608488,1.8649209,0.1376398,242.13657,fused,0,1,0,
1789421166995,1789421166964,991511810,42.0369416,-93.6487208,3.0,251.1348627988619,1.8884426,0.10770362,240.4605,fused,0,1,0,
1789421167993,1789421167965,991512811,42.0369422,-93.6487208,3.0,251.1348627988619,1.8905985,0.09602848,,fused,0,1,0,
1789421168995,1789421168963,991513810,42.0369421,-93.6487208,3.0,251.1794404784826,2.027737,0.104509085,239.79184,fused,0,1,0,
1789421169995,1789421169964,991514810,42.0369419,-93.6487204,3.0,251.21703629151114,2.1156466,0.07485853,,fused,0,1,0,
1789421170985,1789421170963,991515810,42.0369419,-93.6487207,3.0,251.22240713536098,1.9031378,0.07714394,,fused,0,1,0,
1789421171989,1789421171963,991516810,42.0369419,-93.6487213,3.0,251.21703629151114,1.8401005,0.074961424,,fused,0,1,0,
1789421172988,1789421172964,991517810,42.0369412,-93.6487211,3.0,251.2299263223856,1.7982061,0.084317856,,fused,0,1,0,
1789421173984,1789421173964,991518811,42.0369406,-93.6487181,3.0,251.2299263223856,1.7990065,0.10608363,136.8074,fused,0,1,0,
1789421174987,1789421174963,991519810,42.0369412,-93.6487156,3.0,251.2299263223856,1.7576439,0.1181797,118.58378,fused,0,1,0,
1789421175986,1789421175964,991520810,42.0369412,-93.648712,3.0,251.25463226889667,1.8206481,0.12538804,114.90852,fused,0,1,0,
1789421176987,1789421176963,991521810,42.0369408,-93.6487103,3.0,251.35345676469558,1.8607312,0.25203893,166.9176,fused,0,1,0,
1789421177988,1789421177964,991522810,42.0369396,-93.6487127,3.0,251.4635614806047,1.817591,0.27893654,205.95592,fused,0,1,0,
1789421178991,1789421178963,991523810,42.0369373,-93.6487195,3.0,251.57581603242028,1.9375352,0.60255873,192.19171,fused,0,1,0,
1789421179991,1789421179964,991524810,42.0369358,-93.6487215,3.0,251.69022050430664,1.9440626,0.4596597,118.97232,fused,0,1,0,
1789421180999,1789421180963,991525810,42.0369377,-93.6487177,3.0,251.6955916436761,2.0269766,0.4246386,81.194695,fused,0,1,0,
1789421181997,1789421181963,991526810,42.036938,-93.6487145,3.0,251.72352162247188,1.9757756,0.35419986,70.99653,fused,0,1,0,
1789421182886,1789421182866,991527712,42.036939,-93.6487132,3.0,251.72352162247188,1.9757756,0.29237026,23.90963,fused,0,1,0,
1789421184006,1789421183963,991528810,42.0369318,-93.648717,3.0,251.73480106269966,1.8940586,0.50187576,14.035546,fused,0,1,0,
1789421184983,1789421184964,991529810,42.0369269,-93.6487215,3.0,251.61717334192036,1.892745,0.17284384,9.099965,fused,0,1,0,
1789421185985,1789421185964,991530810,42.0369211,-93.6487241,3.0,251.34808583900207,1.9023373,0.113818035,10.999636,fused,0,1,0,
1789421186989,1789421186963,991531810,42.0369162,-93.6487255,3.0,251.20360919656213,1.7660521,0.10260015,13.173342,fused,0,1,0,
1789421187987,1789421187965,991532811,42.0369144,-93.6487256,3.0,251.20360919656213,1.6771178,0.08750103,,fused,0,1,0,
1789421188987,1789421188964,991533810,42.0369125,-93.648726,3.0,251.20199794657788,1.6546098,0.09570528,,fused,0,1,0,
1789421189988,1789421189963,991534810,42.0369108,-93.6487259,3.0,251.19286753569736,1.6671354,0.08319725,,fused,0,1,0,
1789421190989,1789421190963,991535810,42.0369099,-93.6487253,3.0,251.18695962793885,1.6829256,0.08857017,,fused,0,1,0,
1789421191992,1789421191964,991536810,42.0369086,-93.6487232,3.0,251.17782923302497,1.7307235,0.092044674,,fused,0,1,0,
1789421192987,1789421192963,991537810,42.0369076,-93.6487234,3.0,251.0762760350279,1.6731322,0.078449324,,fused,0,1,0,
1789421193984,1789421193964,991538810,42.0369069,-93.6487234,3.0,251.1703100915512,1.7053832,0.08736818,,fused,0,1,0,
1789421194990,1789421194963,991539810,42.0369065,-93.6487235,3.0,251.11982459761919,1.6942494,0.08976789,,fused,0,1,0,
1789421195990,1789421195965,991540811,42.0369065,-93.6487231,3.0,251.11391674003943,1.7930868,0.09092523,,fused,0,1,0,
1789421196986,1789421196963,991541810,42.0369065,-93.6487224,3.0,251.0107523252284,1.7552639,0.088326916,,fused,0,1,0,
1789421197992,1789421197963,991542810,42.0369068,-93.6487219,3.0,251.0107523252284,1.7104707,0.055630147,,fused,0,1,0,
1789421198989,1789421198964,991543810,42.0369066,-93.6487212,3.0,251.00699278325283,1.7535899,0.06711089,,fused,0,1,0,
1789421199992,1789421199965,991544811,42.036907,-93.6487208,3.0,251.00699278325283,1.8190799,0.05595722,,fused,0,1,0,
1789421200992,1789421200964,991545810,42.0369076,-93.6487207,3.0,251.0166601802262,1.8499451,0.05766954,,fused,0,1,0,
1789421201988,1789421201963,991546810,42.0369074,-93.6487201,3.0,251.11982459761919,1.8885192,0.06326698,,fused,0,1,0,
1789421202989,1789421202964,991547811,42.0369064,-93.6487189,3.0,251.13110324608488,1.9609687,5.098221E-10,,fused,0,1,0,
1789421203989,1789421203963,991548810,42.0369063,-93.6487189,3.0,251.1515122666259,1.883298,0.015656393,,fused,0,1,0,
1789421204988,1789421204964,991549810,42.0369064,-93.6487189,3.0,251.25087266376227,1.9666402,0.02599121,,fused,0,1,0,
1789421205989,1789421205964,991550810,42.0369066,-93.6487188,3.0,251.37762597182268,1.9814496,0.036596134,,fused,0,1,0,
1789421206989,1789421206964,991551810,42.0369069,-93.6487186,3.0,251.4318726617995,1.8597255,0.042365547,,fused,0,1,0,
1789421207987,1789421207964,991552811,42.0369073,-93.6487185,3.0,251.62845264266514,1.8793352,0.045817558,,fused,0,1,0,
1789421208994,1789421208964,991553810,42.0369075,-93.6487184,3.0,251.6375835160091,2.0025024,0.04855831,,fused,0,1,0,
1789421209986,1789421209965,991554811,42.0369077,-93.6487181,3.0,251.6338237434581,1.953553,0.053586915,,fused,0,1,0,
1789421210995,1789421210963,991555810,42.036908,-93.6487181,3.0,251.4973417161184,1.8225576,0.053954292,,fused,0,1,0,
1789421211993,1789421211963,991556810,42.0369083,-93.6487179,3.0,251.4935819435674,1.7510902,0.05641377,,fused,0,1,0,
1789421212986,1789421212963,991557810,42.0369086,-93.6487177,3.0,251.6655133064134,1.826153,0.05886797,,fused,0,1,0,
1789421213992,1789421213963,991558810,42.0369088,-93.6487176,3.0,251.67894112254942,1.8299568,0.061091475,,fused,0,1,0,
1789421214990,1789421214964,991559810,42.036909,-93.6487175,3.0,251.6639019698867,1.8117255,0.06548821,,fused,0,1,0,
1789421215987,1789421215964,991560810,42.0369093,-93.6487174,3.0,251.58548395708846,1.7354279,0.06783297,,fused,0,1,0,
1789421216991,1789421216964,991561810,42.0369096,-93.6487172,3.0,251.40603341894013,1.669715,0.06934655,,fused,0,1,0,
1789421217988,1789421217964,991562811,42.0369098,-93.6487171,3.0,251.396365538348,1.669694,0.07238492,,fused,0,1,0,
1789421218990,1789421218964,991563810,42.03691,-93.648717,3.0,251.38508635806306,1.7359966,0.07421797,,fused,0,1,0,
1789421219995,1789421219963,991564810,42.0369103,-93.6487168,3.0,251.5511216587695,1.776865,0.0740948,,fused,0,1,0,
1789421220987,1789421220963,991565810,42.0369105,-93.6487167,3.0,251.56025241692043,1.765508,0.07310492,,fused,0,1,0,
1789421221987,1789421221963,991566810,42.0369106,-93.6487165,3.0,251.58495922287403,1.8291978,0.07318629,,fused,0,1,0,
1789421222988,1789421222964,991567810,42.0369108,-93.6487164,3.0,251.56240083201078,1.8544492,0.07682036,,fused,0,1,0,
1789421223983,1789421223963,991568810,42.036911,-93.6487161,3.0,251.54145380776464,1.838335,0.07576862,,fused,0,1,0,
1789421224986,1789421224963,991569810,42.0369112,-93.6487159,3.0,251.53447147768628,1.8511639,0.077094436,,fused,0,1,0,
1789421225987,1789421225965,991570811,42.0369115,-93.6487156,3.0,251.54360221815978,1.8535372,0.07519456,,fused,0,1,0,
1789421226986,1789421226964,991571810,42.0369117,-93.6487153,3.0,251.56240083201078,1.9319085,0.0760783,,fused,0,1,0,
1789421227986,1789421227963,991572810,42.0369121,-93.6487148,3.0,251.56992028905802,1.9402734,0.07250317,,fused,0,1,0,
1789421228984,1789421228964,991573810,42.0369122,-93.6487146,3.0,251.6069805662686,1.8504527,0.07165499,,fused,0,1,0,
1789421229988,1789421229964,991574810,42.0369123,-93.6487144,3.0,251.64457811214146,1.95726,0.07219217,,fused,0,1,0,
1789421230989,1789421230964,991575810,42.0369124,-93.6487143,3.0,251.64994920354093,2.0554934,0.0722865,,fused,0,1,0,
1789421231985,1789421231964,991576810,42.0369126,-93.6487139,3.0,251.60322082072224,2.0836763,0.0724869,,fused,0,1,0,
1789421232986,1789421232964,991577811,42.0369126,-93.6487137,3.0,251.66337694671603,2.0100744,0.073695235,,fused,0,1,0,
1789421233986,1789421233964,991578810,42.0369128,-93.6487134,3.0,251.689695384157,1.982542,0.076873906,,fused,0,1,0,
1789421234988,1789421234963,991579810,42.0369128,-93.648713,3.0,251.7267561775244,1.9992498,0.07491369,,fused,0,1,0,
1789421235989,1789421235964,991580810,42.0369128,-93.6487128,3.0,251.5553498437854,1.8863411,0.0754386,,fused,0,1,0,
1789421236986,1789421236963,991581810,42.036913,-93.6487126,3.0,251.8314940657243,2.2013357,0.07514343,,fused,0,1,0,
1789421237988,1789421237963,991582810,42.0369131,-93.6487125,3.0,252.02217400897302,2.2309382,0.07494921,,fused,0,1,0,
1789421238990,1789421238963,991583810,42.0369132,-93.6487123,3.0,252.20533816086737,1.9590362,0.07627722,,fused,0,1,0,
1789421239987,1789421239963,991584810,42.0369133,-93.6487122,3.0,252.20533816086737,1.8433307,0.074872196,,fused,0,1,0,
1789421240990,1789421240964,991585810,42.0369134,-93.648712,3.0,252.20748673711785,1.8309615,0.07513888,,fused,0,1,0,
1789421241989,1789421241964,991586810,42.0369132,-93.648712,3.0,252.20533816086737,1.8725271,0.07178646,,fused,0,1,0,
1789421242983,1789421242963,991587810,42.0369133,-93.6487118,3.0,252.20748673711785,1.9024817,0.07200158,,fused,0,1,0,
1789421243989,1789421243964,991588810,42.0369134,-93.6487116,3.0,252.20533816086737,1.8139392,0.07471973,,fused,0,1,0,
1789421244988,1789421244963,991589810,42.0369136,-93.6487113,3.0,251.9625525019988,1.8075156,0.0779149,,fused,0,1,0,
1789421245987,1789421245964,991590810,42.0369137,-93.6487111,3.0,251.82988270393645,1.889929,0.076104976,,fused,0,1,0,
1789421246986,1789421246964,991591810,42.0369138,-93.6487108,3.0,251.77563369994488,1.8697385,0.07474091,,fused,0,1,0,
1789421247987,1789421247963,991592810,42.036914,-93.6487106,3.0,251.48069130730073,1.6628886,0.07319642,,fused,0,1,0,
1789421248988,1789421248963,991593810,42.036914,-93.6487103,3.0,251.64242967652143,1.7534924,0.07372084,,fused,0,1,0,
1789421249988,1789421249964,991594810,42.0369141,-93.64871,3.0,251.64242967652143,1.6647166,0.07232811,,fused,0,1,0,
1789421250985,1789421250964,991595810,42.0369142,-93.6487098,3.0,251.64242967652143,1.6552241,0.072072186,,fused,0,1,0,
1789421251988,1789421251963,991596810,42.0369143,-93.6487096,3.0,251.50001525878906,2.92681,0.06954447,,fused,0,1,0,
1789421252989,1789421252963,991597810,42.0369144,-93.6487093,3.0,251.50001525878906,2.8994741,0.067115486,,fused,0,1,0,
1789421253985,1789421253963,991598810,42.0369144,-93.648709,3.0,251.6284648580683,1.7998269,0.06790513,,fused,0,1,0,
1789421254990,1789421254964,991599810,42.0369146,-93.6487086,3.0,251.65317185999027,1.8091906,0.067011505,,fused,0,1,0,
1789421255993,1789421255964,991600810,42.0369147,-93.6487083,3.0,251.7004376266661,1.7599686,0.068174906,,fused,0,1,0,
1789421256987,1789421256963,991601810,42.0369148,-93.6487081,3.0,251.55051581820197,1.7383268,0.06863453,,fused,0,1,0,
1789421257995,1789421257964,991602810,42.0369148,-93.6487078,3.0,251.7267561775244,1.6627966,0.071745805,,fused,0,1,0,
1789421258987,1789421258963,991603810,42.0369148,-93.6487076,3.0,251.74286961576064,1.7972466,0.06975398,,fused,0,1,0,
1789421259992,1789421259964,991604811,42.0369148,-93.6487073,3.0,251.75092634619972,1.7971739,0.073124275,,fused,0,1,0,
1789421260990,1789421260963,991605810,42.0369148,-93.648707,3.0,251.78691316764548,1.7346653,0.0730302,,fused,0,1,0,
1789421261991,1789421261965,991606811,42.0369148,-93.6487069,3.0,251.84384784945917,1.7001203,0.07367139,,fused,0,1,0,
1789421262987,1789421262964,991607810,42.0369149,-93.6487066,3.0,251.8604986295274,1.7151023,0.073405825,,fused,0,1,0,
1789421263992,1789421263964,991608810,42.036915,-93.6487062,3.0,251.8943374109316,1.8260612,0.07074204,,fused,0,1,0,
1789421264989,1789421264965,991609811,42.036915,-93.6487059,3.0,251.94267875819384,1.7613183,0.06995626,,fused,0,1,0,
1789421265990,1789421265963,991610810,42.036915,-93.6487056,3.0,251.95395844498796,1.717773,0.06884119,,fused,0,1,0,
1789421266995,1789421266963,991611810,42.036915,-93.6487053,3.0,251.97490647399957,1.7026986,0.06887431,,fused,0,1,0,
1789421267988,1789421267963,991612810,42.0369149,-93.6487048,3.0,251.98403768210022,1.7112103,0.067610316,,fused,0,1,0,
1789421268996,1789421268965,991613811,42.0369149,-93.6487046,3.0,251.98564907277165,1.7586477,0.06684775,,fused,0,1,0,
1789421269990,1789421269963,991614810,42.0369148,-93.6487045,3.0,251.98403768210022,1.7558074,0.068916574,,fused,0,1,0,
1789421270988,1789421270963,991615810,42.0369148,-93.6487044,3.0,251.97812925222252,1.7776572,0.06955741,,fused,0,1,0,
1789421271994,1789421271965,991616811,42.0369149,-93.6487042,3.0,251.96147824440283,1.7882591,0.07026615,,fused,0,1,0,
1789421272988,1789421272964,991617811,42.0369149,-93.6487041,3.0,251.89809728375076,1.8003838,0.06811046,,fused,0,1,0,
1789421273991,1789421273963,991618810,42.036915,-93.648704,3.0,251.8626471196256,1.8072642,0.0660408,,fused,0,1,0,
1789421274993,1789421274963,991619810,42.036915,-93.6487038,3.0,251.78745028552368,1.8002548,0.06328426,,fused,0,1,0,
1789421275989,1789421275964,991620810,42.0369151,-93.6487037,3.0,251.73910981080462,1.7669269,0.065987386,,fused,0,1,0,
1789421276992,1789421276963,991621810,42.0369153,-93.6487036,3.0,251.73696135156825,1.7602,0.06427455,,fused,0,1,0,
1789421277988,1789421277963,991622810,42.0369155,-93.6487035,3.0,251.73696135156825,2.8582406,0.065817766,,fused,0,1,0,
1789421278987,1789421278963,991623810,42.0369157,-93.6487033,3.0,251.73696135156825,2.6331131,0.06654083,,fused,0,1,0,
1789421279986,1789421279963,991624810,42.036916,-93.6487032,3.0,251.59026233145357,2.2194996,0.06754318,,fused,0,1,0,
1789421280985,1789421280963,991625810,42.0369161,-93.648703,3.0,251.7616686651926,2.731916,0.0694435,,fused,0,1,0,
1789421281989,1789421281963,991626810,42.0369163,-93.6487026,3.0,251.66277333563488,2.5442464,0.07109279,,fused,0,1,0,
1789421282990,1789421282964,991627810,42.0369165,-93.6487026,3.0,251.7245424510562,2.5836246,0.06993309,,fused,0,1,0,
1789421283988,1789421283965,991628811,42.0369166,-93.6487025,3.0,251.77503231841047,1.8171458,0.06960414,,fused,0,1,0,
1789421284983,1789421284964,991629810,42.0369168,-93.6487024,3.0,251.7900719106638,1.8032516,0.06800262,,fused,0,1,0,
1789421285989,1789421285964,991630810,42.0369169,-93.6487024,3.0,251.80350014026055,1.7861638,0.06729396,,fused,0,1,0,
1789421286987,1789421286963,991631810,42.036917,-93.6487022,3.0,251.83680224013386,1.832503,0.06701928,,fused,0,1,0,
1789421287988,1789421287963,991632810,42.0369171,-93.648702,3.0,252.0420383279511,1.7165725,0.06785616,,fused,0,1,0,
1789421288985,1789421288965,991633811,42.0369172,-93.6487021,3.0,252.0796378980226,1.695327,0.07118677,,fused,0,1,0,
1789421289986,1789421289964,991634810,42.0369172,-93.6487019,3.0,252.0946777720817,1.7633035,0.07046807,,fused,0,1,0,
1789421290989,1789421290964,991635810,42.0369174,-93.6487016,3.0,252.14302040255296,2.0844603,0.07063631,,fused,0,1,0,
1789421291983,1789421291964,991636811,42.0369174,-93.6487013,3.0,252.2327235590426,1.9862195,0.07101681,,fused,0,1,0,
1789421292988,1789421292964,991637810,42.0369175,-93.648701,3.0,252.28912422634437,1.9911274,0.068690635,,fused,0,1,0,
1789421293990,1789421293965,991638811,42.0369176,-93.6487007,3.0,252.30362731486343,1.9117222,0.07106489,,fused,0,1,0,
1789421294988,1789421294963,991639810,42.0369177,-93.6487006,3.0,252.30577592265178,1.8685223,0.07076346,,fused,0,1,0,
1789421295984,1789421295964,991640810,42.036918,-93.6487003,3.0,252.16231020022968,1.7781237,0.07314069,,fused,0,1,0,
1789421296988,1789421296963,991641810,42.0369181,-93.6487001,3.0,252.16231020022968,1.795923,0.072610594,,fused,0,1,0,
1789421297985,1789421297963,991642810,42.0369181,-93.6486999,3.0,252.30362731486343,1.8285673,0.071928605,,fused,0,1,0,
1789421298988,1789421298964,991643810,42.0369177,-93.6487001,3.0,252.28912422634437,1.7789296,0.9389077,61.83628,fused,0,1,0,
1789421299993,1789421299964,991644810,42.0369162,-93.6486995,3.059,252.27193541236034,1.774523,1.3969234,134.93842,fused,0,1,0,
1789421300989,1789421300963,991645810,42.0369039,-93.6487147,3.542,252.25152374037776,1.8184185,2.2448995,217.57991,fused,0,1,0,
1789421301998,1789421301964,991646811,42.0368788,-93.6487565,4.061,252.19727190034683,1.8312117,2.6154108,228.00601,fused,0,1,0,
1789421302985,1789421302963,991647810,42.0368602,-93.6487825,4.03,252.01195879024993,1.8183247,2.416747,225.46916,fused,0,1,0,
1789421303985,1789421303965,991648811,42.0368468,-93.648798,4.176,251.79173680831195,1.8234608,1.9676764,223.6908,fused,0,1,0,
1789421304991,1789421304964,991649810,42.0368447,-93.6488108,4.143,251.67192019470485,1.737546,1.4565909,222.80597,fused,0,1,0,
1789421305991,1789421305964,991650810,42.0368396,-93.6488227,3.946,251.7578983206722,2.8302193,1.346401,221.79117,fused,0,1,0,
1789421306986,1789421306963,991651810,42.0368302,-93.6488313,3.506,251.73748786869447,2.7863503,1.3692721,206.89366,fused,0,1,0,
1789421307986,1789421307964,991652810,42.0368152,-93.6488387,3.299,251.71492900444372,2.9115705,1.4623255,202.98293,fused,0,1,0,
1789421308946,1789421308924,991653771,42.0368061,-93.6488435,3.093,251.71492900444372,2.9115705,1.2971301,201.70888,fused,0,1,0,
1789421309992,1789421309964,991654810,42.0367881,-93.6488488,3.0,251.71492900444372,2.6882293,1.5013366,198.15063,fused,0,1,0,
1789421310947,1789421310927,991655773,42.0367756,-93.6488537,3.015,251.71492900444372,2.6882293,1.3795458,197.80371,fused,0,1,0,
1789421311988,1789421311964,991656810,42.0367584,-93.6488603,3.018,251.7578983206722,2.682555,1.5144264,198.75739,fused,0,1,0,
1789421312993,1789421312964,991657810,42.036743,-93.6488667,3.024,251.778308821091,2.959189,1.6102139,197.30995,fused,0,1,0,
1789421313987,1789421313964,991658811,42.0367274,-93.6488745,3.056,251.83255801821048,1.8143953,1.6543334,199.8839,fused,0,1,0,
1789421314988,1789421314964,991659810,42.0367124,-93.6488846,3.07,252.0382783799842,1.7643906,1.6797745,204.59866,fused,0,1,0,
1789421315999,1789421315964,991660810,42.0366954,-93.6488965,3.075,252.15967181596892,1.786198,1.8641853,204.54507,fused,0,1,0,
1789421316990,1789421316963,991661810,42.0366782,-93.6489075,3.094,252.2402436266446,1.8548666,1.8701802,204.50117,fused,0,1,0,
1789421317994,1789421317963,991662810,42.0366627,-93.6489154,3.196,252.2907356794156,1.8698217,1.64,205.0,fused,0,1,0,
1789421318994,1789421318964,991663811,42.0366525,-93.6489221,3.245,252.3073873788441,1.8835967,1.26,205.0,fused,0,1,0,
1789421319982,1789421319963,991664810,42.0366393,-93.6489302,3.336,252.3261877233994,1.7131798,1.73,202.0,fused,0,1,0,
1789421320999,1789421320963,991665810,42.0366251,-93.6489386,3.457,252.3525082748253,2.4292936,1.8,202.0,fused,0,1,0,
1789421321996,1789421321964,991666810,42.0366123,-93.6489468,3.597,252.3541197397749,2.4928665,1.6,202.0,fused,0,1,0,
1789421322989,1789421322965,991667811,42.0365974,-93.6489558,3.79,252.2514909460524,1.8822551,1.89,202.0,fused,0,1,0,
1789421323993,1789421323965,991668811,42.0365824,-93.6489638,3.79,252.3541197397749,1.9604402,1.81,200.0,fused,0,1,0,
1789421324988,1789421324965,991669811,42.0365672,-93.6489703,3.79,252.3525082748253,1.9715847,1.78,195.0,fused,0,1,0,
1789421325990,1789421325964,991670810,42.0365514,-93.6489766,3.79,252.3541197397749,1.8245512,1.79,194.0,fused,0,1,0,
1789421326993,1789421326963,991671810,42.0365359,-93.6489826,3.79,252.3600284471712,1.7529659,1.83,195.0,fused,0,1,0,
1789421327987,1789421327964,991672810,42.0365203,-93.6489878,3.79,252.49270685502756,1.7318556,1.78,195.0,fused,0,1,0,
1789421328988,1789421328963,991673810,42.0365055,-93.6489941,3.79,252.8574487348368,1.7408766,1.77,198.0,fused,0,1,0,
1789421329992,1789421329964,991674810,42.0364899,-93.6490003,3.79,252.96220073487376,1.7904216,1.77,200.0,fused,0,1,0,
1789421330988,1789421330963,991675810,42.0364751,-93.6490078,3.79,252.9041840849044,1.7742714,1.74,201.0,fused,0,1,0,
1789421331995,1789421331964,991676810,42.0364606,-93.649017,3.79,252.82305254962785,1.7497996,1.73,205.0,fused,0,1,0,
1789421332996,1789421332963,991677810,42.0364455,-93.6490286,3.79,252.9041840849044,1.7341545,1.84,208.0,fused,0,1,0,
1789421333988,1789421333964,991678810,42.0364313,-93.6490395,3.79,252.88753122989272,1.7340577,1.66,208.0,fused,0,1,0,
1789421334994,1789421334964,991679810,42.0364184,-93.6490545,3.79,252.9041840849044,1.7352846,1.93,215.0,fused,0,1,0,
1789421335983,1789421335964,991680810,42.0364119,-93.6490787,3.79,252.81447392443607,1.7861934,1.94,251.0,fused,0,1,0,
1789421336991,1789421336965,991681811,42.0364091,-93.6491063,3.79,252.6576176888579,1.768709,2.2,262.0,fused,0,1,0,
1789421337992,1789421337963,991682810,42.0364103,-93.6491428,3.79,252.47766628487312,1.7289977,3.01,273.0,fused,0,1,0,
1789421338986,1789421338963,991683810,42.0364144,-93.6491862,3.79,252.18814043617027,1.7128755,3.54,277.0,fused,0,1,0,
1789421339986,1789421339963,991684810,42.03642,-93.6492272,3.79,251.89647582819623,1.7284495,3.25,278.0,fused,0,1,0,
1789421340987,1789421340963,991685810,42.0364258,-93.6492624,3.79,251.61771171883572,1.7029381,2.78,279.0,fused,0,1,0,
1789421341987,1789421341964,991686810,42.0364353,-93.6493025,3.807,251.57635442225006,1.7171057,2.34,280.0,fused,0,1,0,
1789421342987,1789421342964,991687810,42.0364382,-93.6493243,3.823,251.46409990548892,1.6993041,1.83,280.0,fused,0,1,0,
1789421343992,1789421343964,991688811,42.0364399,-93.6493413,3.829,251.30350867063987,1.6984601,1.36,279.0,fused,0,1,0,
1789421344986,1789421344964,991689810,42.0364415,-93.649353,3.829,251.2809509447403,1.6904969,0.94,279.0,fused,0,1,0,
1789421345988,1789421345963,991690810,42.0364425,-93.6493593,3.823,251.2809509447403,1.684374,0.56,279.0,fused,0,1,0,
1789421346984,1789421346964,991691810,42.0364427,-93.6493604,3.823,251.2809509447403,1.6917648,0.26,279.0,fused,0,1,0,
1789421347987,1789421347964,991692810,42.0364442,-93.6493691,3.806,251.33519700458066,1.6594846,0.96,279.0,fused,0,1,0,
1789421348988,1789421348963,991693810,42.0364427,-93.649393,3.79,251.3668854552842,1.6641488,2.42,260.0,fused,0,1,0,
1789421349993,1789421349963,991694810,42.0364376,-93.6494158,3.79,251.3727934844311,1.7174511,1.91,252.0,fused,0,1,0,
1789421350990,1789421350964,991695811,42.036431,-93.6494351,3.79,251.3727934844311,1.7701257,1.77,244.0,fused,0,1,0,
1789421351987,1789421351964,991696810,42.0364219,-93.6494548,3.79,251.32606645570735,1.826688,2.03,239.0,fused,0,1,0,
1789421352988,1789421352963,991697810,42.0364129,-93.6494755,3.79,251.33143736563557,1.848765,2.01,241.0,fused,0,1,0,
1789421353987,1789421353963,991698810,42.0364051,-93.6494946,3.79,251.40233369104482,2.4806736,1.81,242.0,fused,0,1,0,
1789421354987,1789421354964,991699810,42.0363974,-93.6495133,3.79,251.4232804444925,2.4342253,1.85,241.0,fused,0,1,0,
1789421355989,1789421355963,991700810,42.0363895,-93.6495318,3.79,251.42704012358848,2.3163147,1.83,240.0,fused,0,1,0,
1789421356985,1789421356964,991701810,42.0363829,-93.6495466,3.79,251.42704012358848,2.2463465,1.31,241.0,fused,0,1,0,
1789421357988,1789421357964,991702810,42.0363808,-93.6495598,3.79,251.42704012358848,1.7758473,1.12,266.0,fused,0,1,0,
1789421358987,1789421358963,991703810,42.036384,-93.6495692,3.79,251.6155632829462,1.9874611,0.77,292.0,fused,0,1,0,
1789421359987,1789421359965,991704811,42.0363873,-93.6495748,3.79,251.6644403322095,2.103101,0.49,292.0,fused,0,1,0,
1789421360987,1789421360963,991705810,42.0363943,-93.6495838,3.79,251.88895606118837,2.1255732,1.32,311.0,fused,0,1,0,
1789421361989,1789421361964,991706810,42.0364049,-93.6495974,3.79,252.1204604745153,2.0111485,1.8,309.0,fused,0,1,0,
1789421362990,1789421362964,991707810,42.0364136,-93.6496138,3.79,252.16558038977018,1.899518,1.6,303.0,fused,0,1,0,
1789421363987,1789421363964,991708811,42.0364205,-93.649628,3.79,252.2085519577161,1.8612981,1.34,302.0,fused,0,1,0,
1789421364989,1789421364963,991709810,42.0364265,-93.64964,3.79,252.30577592265178,1.7819405,1.19,303.0,fused,0,1,0,
1789421365988,1789421365964,991710810,42.0364325,-93.6496515,3.79,252.33209641160533,1.7594438,1.18,305.0,fused,0,1,0,
1789421366989,1789421366964,991711810,42.0364385,-93.6496634,3.79,252.367548626094,1.7038776,1.21,306.0,fused,0,1,0,
1789421367987,1789421367964,991712810,42.0364433,-93.6496746,3.79,252.51526775958382,1.6881425,1.1,299.0,fused,0,1,0,
1789421368990,1789421368963,991713810,42.0364463,-93.6496849,3.79,252.71509549788055,1.6601734,0.95,294.0,fused,0,1,0,
1789421369990,1789421369964,991714810,42.0364496,-93.6496955,3.79,252.91009317024145,1.6259271,1.0,295.0,fused,0,1,0,
1789421370996,1789421370963,991715810,42.0364527,-93.6497055,3.79,253.12497175890803,1.5699164,0.94,295.0,fused,0,1,0,
1789421371997,1789421371964,991716810,42.0364561,-93.6497157,3.79,253.46932589322773,1.5798695,0.91,297.0,fused,0,1,0,
1789421372998,1789421372964,991717810,42.0364605,-93.6497266,3.79,253.8878341124639,1.608663,1.02,299.0,fused,0,1,0,
1789421374000,1789421373963,991718810,42.0364653,-93.6497394,3.79,254.20965338549615,1.5735857,1.08,296.0,fused,0,1,0,
1789421375012,1789421374963,991719810,42.03647,-93.6497513,3.79,254.7899255793448,1.6072412,1.04,298.0,fused,0,1,0,
1789421375990,1789421375965,991720811,42.0364736,-93.649761,3.79,255.0424636689288,1.5874635,0.95,299.0,fused,0,1,0,
1789421376993,1789421376963,991721810,42.0364774,-93.6497705,3.79,255.30253553051045,1.577613,1.0,303.0,fused,0,1,0,
1789421377990,1789421377963,991722810,42.0364818,-93.6497817,3.79,255.82807561914098,1.582619,1.09,299.0,fused,0,1,0,
1789421378989,1789421378964,991723810,42.0364862,-93.6497935,3.79,256.48477718569677,1.6108212,1.05,298.0,fused,0,1,0,
1789421379996,1789421379965,991724811,42.0364907,-93.6498037,3.79,256.67018891506484,1.5896175,0.93,299.0,fused,0,1,0,
1789421380991,1789421380964,991725810,42.036496,-93.649815,3.79,257.0684098913895,1.7080495,1.06,297.0,fused,0,1,0,
1789421381994,1789421381964,991726811,42.036502,-93.6498274,3.79,257.10388163605404,1.683146,1.23,300.0,fused,0,1,0,
1789421382994,1789421382963,991727810,42.0365084,-93.6498389,3.79,257.2575942202889,1.6295822,1.09,302.0,fused,0,1,0,
1789421383987,1789421383964,991728810,42.0365144,-93.6498495,3.79,257.67306191134946,1.6675671,1.07,302.0,fused,0,1,0,
1789421384991,1789421384963,991729810,42.0365195,-93.6498587,3.79,258.1315508482199,1.6425958,0.88,301.0,fused,0,1,0,
1789421385993,1789421385964,991730811,42.0365236,-93.6498681,3.79,258.41966425703737,1.6855285,0.92,302.0,fused,0,1,0,
1789421386980,1789421386963,991731810,42.036529,-93.6498789,3.79,258.6217794237685,1.6883076,1.13,305.0,fused,0,1,0,
1789421387996,1789421387963,991732810,42.036536,-93.6498919,3.79,258.83142517399403,1.7538021,1.3,306.0,fused,0,1,0,
1789421388993,1789421388963,991733810,42.036542,-93.6499043,3.79,259.17923337039963,1.7543577,1.13,305.0,fused,0,1,0,
1789421389990,1789421389964,991734810,42.0365463,-93.6499106,3.79,259.5743648490939,1.7926189,0.62,305.0,fused,0,1,0,
1789421390995,1789421390964,991735810,42.0365477,-93.6499107,3.79,259.8286563406267,2.3548632,0.0,,fused,0,1,0,
1789421391987,1789421391964,991736810,42.0365482,-93.649911,3.79,259.98779395322276,1.7697105,0.0,,fused,0,1,0,
1789421392994,1789421392964,991737810,42.036548,-93.6499113,3.79,260.21091414573266,1.7878834,0.0,,fused,0,1,0,
1789421393995,1789421393964,991738810,42.0365478,-93.6499112,3.79,260.21091414573266,1.7875638,0.0,,fused,0,1,0,
1789421394987,1789421394965,991739811,42.0365477,-93.6499105,3.79,260.24424826186925,1.7420794,0.0,,fused,0,1,0,
1789421395991,1789421395963,991740810,42.0365478,-93.64991,3.79,260.28726021554144,1.8168378,0.0,,fused,0,1,0,
1789421396991,1789421396965,991741811,42.0365479,-93.6499103,3.79,260.33242299842317,1.7904496,0.0,,fused,0,1,0,
1789421397988,1789421397964,991742810,42.0365481,-93.6499106,3.79,260.3657636218747,1.608117,0.0,,fused,0,1,0,
1789421398993,1789421398964,991743810,42.0365481,-93.6499107,3.79,260.2631416204864,1.6178533,0.0,,fused,0,1,0,
1789421399998,1789421399963,991744810,42.0365484,-93.6499107,3.79,260.24056005681337,1.6342485,0.0,,fused,0,1,0,
1789421400991,1789421400965,991745811,42.0365486,-93.6499113,3.79,260.1814301290513,1.6725427,0.0,,fused,0,1,0,
1789421401992,1789421401963,991746810,42.0365489,-93.6499121,3.79,260.14379449311934,1.6621245,0.0,,fused,0,1,0,
1789421402987,1789421402964,991747810,42.0365492,-93.6499128,3.79,260.1663758549144,1.6589831,0.0,,fused,0,1,0,
1789421403991,1789421403963,991748810,42.0365498,-93.6499129,3.79,260.34262406474636,1.7493284,0.0,,fused,0,1,0,
1789421404997,1789421404964,991749811,42.0365502,-93.6499133,3.79,260.33509692908956,1.7879384,0.0,,fused,0,1,0,
1789421405988,1789421405963,991750810,42.0365508,-93.6499141,3.79,260.1459450964514,1.762777,0.0,,fused,0,1,0,
1789421406992,1789421406964,991751810,42.0365509,-93.6499142,3.79,260.1346544349649,1.7344066,0.0,,fused,0,1,0,
1789421407990,1789421407964,991752810,42.0365509,-93.6499142,3.79,260.1271273355425,1.7237278,0.0,,fused,0,1,0,
1789421408987,1789421408964,991753810,42.0365506,-93.649914,3.79,260.1120731564627,1.6268779,0.0,,fused,0,1,0,
1789421409992,1789421409964,991754810,42.0365505,-93.649914,3.79,260.22274432416737,1.6828847,0.0,,fused,0,1,0,
1789421410992,1789421410963,991755810,42.0365503,-93.649914,3.79,260.1926361485885,1.6972917,0.0,,fused,0,1,0,
1789421411986,1789421411963,991756810,42.0365502,-93.6499138,3.79,260.14962465203826,1.7079018,0.0,,fused,0,1,0,
1789421412997,1789421412964,991757811,42.0365498,-93.6499137,3.79,260.1544447504802,1.7057173,0.0,,fused,0,1,0,
1789421413987,1789421413963,991758810,42.0365494,-93.6499137,3.79,260.01204882404835,1.6597,0.0,,fused,0,1,0,
1789421414994,1789421414963,991759810,42.036549,-93.6499137,3.79,259.98625709410993,1.64997,0.0,,fused,0,1,0,
1789421415989,1789421415963,991760810,42.0365486,-93.6499139,3.79,259.98625709410993,1.6386098,0.0,,fused,0,1,0,
1789421416988,1789421416964,991761810,42.0365482,-93.6499141,3.79,259.98625709410993,1.6462376,0.0,,fused,0,1,0,
1789421417991,1789421417964,991762810,42.0365479,-93.6499143,3.79,259.98625709410993,1.5761666,0.0,,fused,0,1,0,
1789421418992,1789421418964,991763810,42.0365477,-93.6499141,3.79,259.99163349722977,1.5801868,0.0,,fused,0,1,0,
1789421419987,1789421419964,991764811,42.0365473,-93.6499141,3.79,260.16949870368785,1.5657102,0.0,,fused,0,1,0,
1789421420992,1789421420964,991765811,42.036547,-93.6499141,3.79,260.24423121865436,1.7832717,0.0,,fused,0,1,0,
1789421421994,1789421421965,991766811,42.0365467,-93.6499144,3.79,260.31146980407334,2.3064046,0.0,,fused,0,1,0,
1789421422990,1789421422964,991767811,42.0365465,-93.6499145,3.79,260.43674405752563,1.7251893,0.0,,fused,0,1,0,
1789421423994,1789421423964,991768810,42.0365465,-93.6499151,3.79,260.57169819208434,1.7384256,0.0,,fused,0,1,0,
1789421424988,1789421424963,991769810,42.0365463,-93.6499154,3.79,260.67492153853055,1.734462,0.0,,fused,0,1,0,
1789421425992,1789421425963,991770810,42.0365463,-93.6499155,3.79,260.74213125194115,1.7026277,0.0,,fused,0,1,0,
1789421426991,1789421426964,991771810,42.0365462,-93.6499154,3.79,260.6938156480896,1.5975286,0.0,,fused,0,1,0,
1789421427987,1789421427963,991772810,42.0365459,-93.6499153,3.79,260.6814620655549,1.5648913,0.0,,fused,0,1,0,
1789421428992,1789421428964,991773811,42.0365453,-93.6499152,3.79,260.709421698774,1.5975391,0.0,,fused,0,1,0,
1789421429993,1789421429964,991774811,42.036545,-93.6499149,3.79,260.74329599156476,1.6011776,0.0,,fused,0,1,0,
1789421430990,1789421430963,991775810,42.0365447,-93.6499149,3.79,260.75620051915405,1.6461056,0.0,,fused,0,1,0,
1789421431986,1789421431964,991776810,42.0365446,-93.6499147,3.79,260.7599643433471,1.6288922,0.0,,fused,0,1,0,
1789421432991,1789421432964,991777810,42.0365444,-93.6499143,3.79,260.7599643433471,1.6392062,0.0,,fused,0,1,0,
1789421433987,1789421433963,991778810,42.0365444,-93.6499141,3.79,260.7599643433471,1.6689053,0.0,,fused,0,1,0,
1789421434996,1789421434964,991779810,42.0365439,-93.6499137,3.79,260.7599643433471,1.7019376,0.0,,fused,0,1,0,
1789421435990,1789421435963,991780810,42.0365435,-93.6499135,3.79,260.7599643433471,1.6777633,0.0,,fused,0,1,0,
1789421436995,1789421436965,991781811,42.0365435,-93.6499133,3.79,260.89805538635403,1.7131572,0.0,,fused,0,1,0,
1789421437996,1789421437964,991782810,42.0365433,-93.6499132,3.79,260.72232617553266,1.598102,0.0,,fused,0,1,0,
1789421438982,1789421438963,991783810,42.0365433,-93.6499128,3.79,260.6174778623413,1.5818671,0.0,,fused,0,1,0,
1789421439992,1789421439965,991784811,42.0365433,-93.6499126,3.79,260.7426646247752,1.6273906,0.0,,fused,0,1,0,
1789421440992,1789421440964,991785810,42.0365433,-93.6499122,3.79,260.7319110427281,1.655513,0.0,,fused,0,1,0,
1789421441991,1789421441964,991786810,42.0365435,-93.649912,3.79,260.62766882265424,1.6083595,0.0,,fused,0,1,0,
1789421442993,1789421442964,991787810,42.0365435,-93.6499118,3.79,260.5965003080782,1.6298791,0.0,,fused,0,1,0,
1789421443986,1789421443963,991788810,42.0365437,-93.6499116,3.79,260.5943495951649,1.6034939,0.0,,fused,0,1,0,
1789421444990,1789421444963,991789810,42.0365439,-93.6499115,3.79,260.50832151966983,1.5904669,0.0,,fused,0,1,0,
1789421445990,1789421445964,991790810,42.0365442,-93.6499113,3.79,260.4056266313522,1.5409898,0.0,,fused,0,1,0,
1789421446988,1789421446964,991791810,42.0365445,-93.6499113,3.79,260.3604627755235,1.546215,0.0,,fused,0,1,0,
1789421447992,1789421447964,991792810,42.0365446,-93.6499113,3.79,260.3077719101646,1.5303596,0.0,,fused,0,1,0,
1789421448998,1789421448964,991793811,42.0365447,-93.6499115,3.79,260.4635937183687,1.6685312,0.0,,fused,0,1,0,
1789421449987,1789421449964,991794810,42.0365447,-93.6499114,3.79,260.41093633675564,1.7342736,0.0,,fused,0,1,0,
1789421450995,1789421450963,991795810,42.0365446,-93.6499117,3.79,260.41093633675564,1.6813993,0.0,,fused,0,1,0,
1789421451990,1789421451963,991796810,42.0365445,-93.649912,3.79,260.41093633675564,1.6673043,0.0,,fused,0,1,0,
1789421452988,1789421452965,991797811,42.0365446,-93.6499126,3.79,260.42759431610784,1.670965,0.0,,fused,0,1,0,
1789421453990,1789421453963,991798810,42.0365449,-93.6499131,3.79,260.4464124417204,1.6466521,0.0,,fused,0,1,0,
1789421454997,1789421454964,991799810,42.0365452,-93.6499134,3.79,260.3416398983801,1.5532832,0.0,,fused,0,1,0,
1789421455989,1789421455964,991800810,42.0365457,-93.6499134,3.79,260.35508145616967,1.5581315,0.0,,fused,0,1,0,
1789421456993,1789421456963,991801810,42.0365461,-93.6499135,3.79,260.3610081454567,1.5245256,0.0,,fused,0,1,0,
1789421457988,1789421457964,991802811,42.0365462,-93.6499136,3.79,260.3744497645926,1.5531882,0.0,,fused,0,1,0,
1789421458996,1789421458964,991803810,42.0365462,-93.6499133,3.79,260.40240839969147,1.557756,0.0,,fused,0,1,0,
1789421459993,1789421459965,991804811,42.0365462,-93.6499133,3.79,260.53781535184265,1.6420645,0.0,,fused,0,1,0,
1789421460990,1789421460964,991805810,42.0365462,-93.6499134,3.79,260.5050352723177,1.6520103,0.0,,fused,0,1,0,
1789421461993,1789421461964,991806810,42.0365463,-93.6499134,3.79,260.4824533006382,1.6815319,0.0,,fused,0,1,0,
1789421462987,1789421462963,991807810,42.0365461,-93.6499131,3.79,260.3819770804852,1.5969341,0.0,,fused,0,1,0,
1789421463988,1789421463964,991808810,42.0365461,-93.6499126,3.79,260.3760627603005,1.6138935,0.0,,fused,0,1,0,
1789421464995,1789421464964,991809810,42.0365461,-93.6499124,3.79,260.47707664945347,1.6394968,0.0,,fused,0,1,0,
1789421465991,1789421465963,991810810,42.036546,-93.6499121,3.79,260.33520029560697,1.5455779,0.0,,fused,0,1,0,
1789421466987,1789421466964,991811810,42.0365457,-93.6499116,3.79,260.4329899343211,1.5771217,0.0,,fused,0,1,0,
1789421467994,1789421467964,991812810,42.0365453,-93.6499113,3.79,260.3292860075902,1.5330967,0.0,,fused,0,1,0,
1789421468990,1789421468965,991813811,42.036545,-93.6499108,3.79,260.3674363022023,1.5602057,0.0,,fused,0,1,0,
1789421469993,1789421469964,991814810,42.0365447,-93.6499104,3.79,260.3454082096225,1.5682445,0.0,,fused,0,1,0,
1789421470997,1789421470964,991815811,42.0365446,-93.6499099,3.79,260.3771303613701,1.5705084,0.0,,fused,0,1,0,
1789421471988,1789421471964,991816811,42.0365444,-93.6499094,3.79,260.3905719863895,1.5489445,0.0,,fused,0,1,0,
1789421472994,1789421472963,991817810,42.0365445,-93.6499092,3.79,260.43519833211053,1.4921179,0.0,,fused,0,1,0,
1789421473994,1789421473964,991818811,42.0365444,-93.649909,3.79,260.4486400478899,1.4965328,0.0,,fused,0,1,0,
1789421474989,1789421474964,991819810,42.0365445,-93.6499092,3.79,260.47821189655406,1.486458,0.0,,fused,0,1,0,
1789421475992,1789421475965,991820811,42.0365447,-93.6499089,3.79,260.48788997820253,1.5222132,0.0,,fused,0,1,0,
1789421476991,1789421476964,991821810,42.0365446,-93.6499088,3.79,260.5942803656548,1.577613,0.0,,fused,0,1,0,
1789421477986,1789421477964,991822810,42.0365447,-93.6499084,3.79,260.6055641174286,1.6129597,0.0,,fused,0,1,0,
1789421478996,1789421478963,991823810,42.0365448,-93.6499083,3.79,260.592122340302,2.205162,0.0,,fused,0,1,0,
1789421479990,1789421479964,991824810,42.0365447,-93.6499081,3.79,260.59642825375334,2.2001724,0.0,,fused,0,1,0,
1789421480992,1789421480964,991825810,42.0365447,-93.6499075,3.79,260.5695997264754,1.601206,0.0,,fused,0,1,0,
1789421481993,1789421481965,991826811,42.0365447,-93.649907,3.79,260.5572450194716,1.5760661,0.0,,fused,0,1,0,
1789421482988,1789421482964,991827810,42.0365447,-93.6499067,3.79,260.53251198797216,1.465639,0.0,,fused,0,1,0,
1789421483993,1789421483964,991828810,42.0365448,-93.6499067,3.79,260.4099357400551,1.5183444,0.0,,fused,0,1,0,
1789421484991,1789421484964,991829810,42.0365447,-93.6499068,3.79,260.3534808479161,1.5558395,0.0,,fused,0,1,0,
1789421485990,1789421485964,991830810,42.0365446,-93.6499067,3.79,260.3534808479161,1.5025907,0.0,,fused,0,1,0,
1789421486998,1789421486963,991831810,42.0365443,-93.6499065,3.79,260.413699412709,1.5133908,0.0,,fused,0,1,0,
1789421487992,1789421487963,991832810,42.0365442,-93.6499065,3.79,260.50133968450405,1.5266867,0.0,,fused,0,1,0,
1789421488990,1789421488963,991833810,42.0365441,-93.6499066,3.79,260.65773573829273,1.5876296,0.0,,fused,0,1,0,
1789421489991,1789421489964,991834810,42.0365441,-93.6499065,3.79,260.5782272841867,1.5810404,0.0,,fused,0,1,0,
1789421490991,1789421490964,991835810,42.036544,-93.6499066,3.79,260.6680199665571,1.5479919,0.0,,fused,0,1,0,
1789421491992,1789421491964,991836810,42.036544,-93.6499068,3.79,260.9562231729347,1.5393147,0.0,,fused,0,1,0,
1789421492995,1789421492963,991837810,42.0365441,-93.649907,3.79,261.2110974886144,1.5339925,0.0,,fused,0,1,0,
1789421493990,1789421493964,991838810,42.0365441,-93.6499071,3.79,261.3373855797781,1.5892363,0.0,,fused,0,1,0,
1789421494995,1789421494965,991839811,42.036544,-93.649907,3.79,261.244973757506,1.5154822,0.0,,fused,0,1,0,
1789421495994,1789421495964,991840811,42.0365439,-93.6499068,3.79,261.2336816530472,1.5032599,0.0,,fused,0,1,0,
1789421496987,1789421496964,991841810,42.036544,-93.6499071,3.79,261.29065212999325,1.5090795,0.0,,fused,0,1,0,
1789421497998,1789421497964,991842810,42.0365441,-93.6499071,3.79,261.2627095199893,1.5300907,0.0,,fused,0,1,0,
1789421499000,1789421498963,991843810,42.0365443,-93.6499069,3.79,261.20678682710536,1.5316747,0.0,,fused,0,1,0,
1789421499992,1789421499964,991844811,42.0365445,-93.6499067,3.79,261.099781918759,1.5209947,0.0,,fused,0,1,0,
1789421500995,1789421500963,991845810,42.0365446,-93.6499067,3.79,260.9723456493432,1.4700183,0.0,,fused,0,1,0,
1789421501988,1789421501963,991846809,42.0365447,-93.6499065,3.79,260.86749443864494,1.455486,0.0,,fused,0,1,0,
1789421502995,1789421502963,991847809,42.0365447,-93.6499062,3.79,260.6728509649681,1.4528766,0.0,,fused,0,1,0,
1789421503985,1789421503962,991848809,42.0365447,-93.6499058,3.79,260.5330361750426,1.447593,0.0,,fused,0,1,0,
1789421504988,1789421504964,991849810,42.0365446,-93.6499057,3.79,260.4206633468286,1.5260807,0.0,,fused,0,1,0,
1789421505993,1789421505963,991850810,42.0365445,-93.6499058,3.79,260.4948045005962,1.531584,0.0,,fused,0,1,0,
1789421506995,1789421506962,991851809,42.0365445,-93.6499058,3.79,260.3916382189792,1.5135103,0.0,,fused,0,1,0,
1789421507990,1789421507962,991852809,42.0365445,-93.6499056,3.79,260.4878193226726,2.102122,0.0,,fused,0,1,0,
1789421508993,1789421508963,991853809,42.0365445,-93.6499055,3.79,260.44217169525484,2.003232,0.0,,fused,0,1,0,
1789421509993,1789421509963,991854809,42.0365444,-93.6499051,3.79,260.4653030225079,1.529841,0.0,,fused,0,1,0,
1789421510987,1789421510963,991855810,42.0365443,-93.6499049,3.79,260.47553141352887,1.4419819,0.0,,fused,0,1,0,
1789421511989,1789421511963,991856809,42.036544,-93.6499046,3.79,260.4287541197907,1.4456776,0.0,,fused,0,1,0,
1789421512992,1789421512963,991857810,42.0365438,-93.6499044,3.79,260.43789449052053,1.4946986,0.0,,fused,0,1,0,
1789421513991,1789421513963,991858809,42.0365436,-93.6499042,3.79,260.43628148321625,1.4978116,0.0,,fused,0,1,0,
1789421514989,1789421514963,991859809,42.0365434,-93.649904,3.79,260.43789449052053,1.479377,0.0,,fused,0,1,0,
1789421515989,1789421515963,991860809,42.0365432,-93.6499037,3.79,260.4604766245601,1.4713681,0.0,,fused,0,1,0,
1789421516990,1789421516963,991861809,42.0365431,-93.6499034,3.79,260.48090813026056,1.5021152,0.0,,fused,0,1,0,
1789421517996,1789421517963,991862809,42.036543,-93.649903,3.79,260.48090813026056,1.5200099,0.0,,fused,0,1,0,
1789421518987,1789421518962,991863809,42.0365429,-93.6499027,3.79,260.44380885322863,1.5239389,0.0,,fused,0,1,0,
1789421519994,1789421519962,991864809,42.0365429,-93.6499025,3.79,260.44004516739756,1.4948535,0.0,,fused,0,1,0,
1789421520993,1789421520963,991865809,42.0365429,-93.6499021,3.79,260.43789449052053,1.4654986,0.0,,fused,0,1,0,
1789421521988,1789421521963,991866810,42.0365428,-93.6499019,3.79,260.43789449052053,1.483513,0.0,,fused,0,1,0,
1789421522992,1789421522964,991867810,42.0365428,-93.6499019,3.79,260.4212267629556,1.4542509,0.0,,fused,0,1,0,
1789421523986,1789421523962,991868809,42.0365428,-93.6499016,3.79,260.45346271039,1.4858813,0.0,,fused,0,1,0,
1789421524990,1789421524963,991869809,42.0365428,-93.6499014,3.79,260.4126162968996,1.4603767,0.0,,fused,0,1,0,
1789421525993,1789421525963,991870809,42.0365427,-93.6499013,3.79,260.3830446737894,1.4716748,0.0,,fused,0,1,0,
1789421526988,1789421526964,991871810,42.0365431,-93.6499003,3.79,260.3115355326971,1.474759,0.0,,fused,0,1,0,
1789421527990,1789421527962,991872809,42.0365366,-93.6499013,3.79,260.2255102862087,1.4731529,1.16,188.0,fused,0,1,0,
1789421528990,1789421528962,991873809,42.0365285,-93.6499027,3.79,260.19378869372497,1.4358414,0.56,188.0,fused,0,1,0,
1789421529993,1789421529963,991874809,42.0365247,-93.6499028,3.79,260.14324944910317,1.4153098,0.38,188.0,fused,0,1,0,
1789421530986,1789421530963,991875809,42.036524,-93.649902,3.79,260.095957721675,1.3983015,0.0,,fused,0,1,0,
1789421531998,1789421531963,991876809,42.0365233,-93.6499014,3.79,260.0766049085979,1.4327043,0.0,,fused,0,1,0,
1789421532993,1789421532963,991877809,42.0365224,-93.6499009,3.79,260.0894677628619,1.4747874,0.0,,fused,0,1,0,
1789421533999,1789421533963,991878809,42.0365218,-93.6499008,3.79,260.0184989399671,1.4804926,0.0,,fused,0,1,0,
1789421535000,1789421534962,991879809,42.0365214,-93.6499007,3.79,259.94972084306016,1.4443302,0.0,,fused,0,1,0,
1789421535997,1789421535963,991880809,42.0365303,-93.6499017,3.79,259.96527425871767,1.9207672,0.93,357.0,fused,0,1,0,
1789421536994,1789421536963,991881810,42.0365403,-93.649898,3.79,259.91369901308593,1.8028967,1.02,17.0,fused,0,1,0,
1789421537988,1789421537962,991882809,42.0365452,-93.6498937,3.79,260.01099577938595,1.7189769,0.57,17.0,fused,0,1,0,
1789421538988,1789421538963,991883809,42.0365476,-93.6498926,3.79,260.05560852881945,1.3893906,0.19,17.0,fused,0,1,0,
1789421539995,1789421539963,991884809,42.0365504,-93.64989,3.79,260.20346190235495,1.4120927,0.39,26.0,fused,0,1,0,
1789421540988,1789421540963,991885809,42.0365542,-93.6498938,3.79,260.6115504034001,1.4398566,0.58,26.0,fused,0,1,0,
1789421541988,1789421541962,991886809,42.0365481,-93.6499054,3.79,260.6077866528606,1.4566196,1.09,214.0,fused,0,1,0,
1789421542986,1789421542963,991887809,42.0365431,-93.6499395,3.79,260.5546003855604,1.4471546,3.09,267.0,fused,0,1,0,
1789421543990,1789421543963,991888809,42.0365548,-93.6499548,3.79,260.6362699237244,1.468292,2.36,325.0,fused,0,1,0,
1789421544995,1789421544962,991889809,42.0365625,-93.6499582,3.79,260.6287691577283,1.4470651,1.31,336.0,fused,0,1,0,
1789421545982,1789421545962,991890809,42.0365703,-93.6499601,3.79,260.7335903736509,1.5102265,1.42,335.0,fused,0,1,0,
1789421546987,1789421546963,991891809,42.0365752,-93.6499697,3.79,260.7335903736509,1.4986055,1.56,325.0,fused,0,1,0,
1789421547981,1789421547963,991892809,42.0365592,-93.6499849,3.79,260.86424884210624,1.487406,1.75,229.0,fused,0,1,0,
1789421548992,1789421548963,991893809,42.0365658,-93.6500189,3.564,260.7034800615409,1.4539081,1.5619848,269.75055,fused,0,1,0,
1789421549983,1789421549963,991894809,42.0365503,-93.6500342,3.361,260.6287424209975,1.4525028,1.5552226,255.70296,fused,0,1,0,
1789421550985,1789421550963,991895809,42.0365315,-93.6500539,3.237,260.56750017812794,1.4195346,1.5879239,262.00778,fused,0,1,0,
1789421551988,1789421551967,991896813,42.0365242,-93.6500761,3.154,260.83575297049964,1.4455218,1.5338066,273.60675,fused,0,1,0,
1789421552903,1789421552884,991897730,42.0365158,-93.6500988,3.173,260.9072839783481,1.4329758,1.5728284,280.97827,fused,0,1,0,
1789421553861,1789421553843,991898689,42.036507,-93.6501201,3.198,261.008371745015,1.4366217,1.5672787,280.05063,fused,0,1,0,
1789421554989,1789421554963,991899809,42.0364955,-93.6501311,3.23,261.16325771435567,1.424009,1.0291187,264.43338,fused,0,1,0,
1789421555989,1789421555962,991900809,42.0364881,-93.6501361,3.275,261.2078882566555,1.4234104,1.049568,197.75323,fused,0,1,0,
1789421556989,1789421556962,991901809,42.0364685,-93.6501307,3.276,261.2831429023294,1.4127234,1.6304767,183.27968,fused,0,1,0,
1789421557990,1789421557962,991902809,42.0364502,-93.6501196,3.223,261.27400164633417,1.4012485,2.0160806,195.82819,fused,0,1,0,
1789421558990,1789421558962,991903809,42.0364411,-93.6501133,3.081,261.2374659588617,1.3851844,1.8931458,198.05939,fused,0,1,0,
1789421559989,1789421559964,991904810,42.0364434,-93.6500944,3.116,261.23370191345316,1.4032751,1.6190083,171.02425,fused,0,1,0,
1789421560988,1789421560962,991905809,42.0364418,-93.6500742,3.099,261.2374659588617,1.4061815,1.5144879,144.22708,fused,0,1,0,
1789421561993,1789421561962,991906809,42.0364407,-93.6500577,3.077,261.23370191345316,1.4096822,1.2624103,143.34793,fused,0,1,0,
1789421562987,1789421562962,991907809,42.0364394,-93.6500499,3.063,260.9825900336494,1.4108491,1.1510863,140.3838,fused,0,1,0,
1789421563983,1789421563962,991908809,42.0364423,-93.6500444,3.058,260.91376407489065,1.4042107,0.6943058,107.37635,fused,0,1,0,
1789421565002,1789421564962,991909809,42.0364467,-93.6500429,3.0,260.9615864036607,1.7255461,0.42214245,110.20367,fused,0,1,0,
1789421565988,1789421565963,991910809,42.0364497,-93.6500442,3.0,260.9615864036607,1.7698087,0.31387383,112.5865,fused,0,1,0,
1789421566989,1789421566962,991911809,42.0364522,-93.6500452,3.0,260.9615864036607,1.7894875,0.20875368,98.04482,fused,0,1,0,
1789421567993,1789421567963,991912809,42.036455,-93.6500452,3.0,260.9873960736469,1.7714497,0.19933827,107.38931,fused,0,1,0,
1789421568999,1789421568963,991913809,42.0364576,-93.6500464,3.0,261.02127138305184,1.391399,0.1526382,142.20053,fused,0,1,0,
1789421570003,1789421569963,991914809,42.0364605,-93.6500467,3.0,261.1712771713334,1.3970925,0.13696478,166.2522,fused,0,1,0,
1789421571004,1789421570962,991915809,42.0364634,-93.650047,3.0,261.31652590074435,1.4086623,0.11306784,140.74988,fused,0,1,0,
1789421571945,1789421571922,991916769,42.0364645,-93.6500466,3.0,261.4051852687681,1.4523811,0.10339312,114.878876,fused,0,1,0,
1789421572883,1789421572864,991917711,42.0364666,-93.6500462,3.0,261.4051852687681,1.4361035,0.115302436,99.81113,fused,0,1,0,
1789421574003,1789421573963,991918809,42.0364696,-93.6500455,3.0,261.7294408089604,1.4399824,0.13640569,126.87535,fused,0,1,0,
1789421575005,1789421574962,991919809,42.0364692,-93.6500441,3.0,261.6616849095395,1.4776236,0.16166733,169.76294,fused,0,1,0,
1789421576007,1789421575962,991920809,42.0364658,-93.6500433,3.0,261.6186655679248,1.4629934,0.27292952,227.59871,fused,0,1,0,
1789421577004,1789421576963,991921809,42.0364622,-93.6500461,3.0,261.6396374700797,1.4237702,0.36987475,281.1831,fused,0,1,0,
1789421577988,1789421577962,991922809,42.0364594,-93.6500474,3.0,261.58001085822656,1.4077625,0.36489248,303.37863,fused,0,1,0,
1789421578992,1789421578963,991923809,42.0364573,-93.6500468,3.0,261.3367685584208,1.3446816,0.26424265,333.0542,fused,0,1,0,
1789421579997,1789421579963,991924809,42.0364547,-93.6500447,3.0,261.6144132567054,1.3933058,0.24771431,335.8069,fused,0,1,0,
1789421580996,1789421580963,991925809,42.0364514,-93.6500446,3.0,261.6165365251007,1.4054329,0.3437981,327.47015,fused,0,1,0,
1789421582004,1789421581963,991926809,42.036446,-93.6500468,3.0,261.48698499846057,1.3789595,0.42534193,333.76425,fused,0,1,0,
1789421583006,1789421582970,991927816,42.0364475,-93.6500476,3.0,261.5617144874387,1.3990258,0.4169706,340.05875,fused,0,1,0,
1789421584010,1789421583962,991928809,42.0364373,-93.6500462,3.0,261.5412803576673,1.3732331,0.30145812,0.19451086,fused,0,1,0,
1789421584967,1789421584948,991929794,42.0364352,-93.6500437,3.0,261.5412803576673,1.3732331,0.2661566,18.20133,fused,0,1,0,
1789421585992,1789421585963,991930809,42.0364242,-93.6500459,3.0,261.5643757022203,1.3786031,0.16230685,24.682865,fused,0,1,0,
1789421586997,1789421586963,991931809,42.0364198,-93.650048,3.0,261.52192501436303,1.3668194,0.2000891,40.12826,fused,0,1,0,
1789421587999,1789421587962,991932809,42.0364171,-93.6500492,3.0,261.5391326692363,1.3820469,0.17489082,49.152428,fused,0,1,0,
1789421588995,1789421588962,991933809,42.0364153,-93.650052,3.0,261.5445100684463,1.3896881,0.31557992,41.692104,fused,0,1,0,
1789421589995,1789421589963,991934809,42.0364172,-93.6500533,3.0,261.4955758595647,1.3972642,0.67691076,47.861076,fused,0,1,0,
1789421590995,1789421590962,991935809,42.0364206,-93.650055,3.0,261.49772680795195,1.3878219,0.8060403,48.407352,fused,0,1,0,
1789421591981,1789421591962,991936809,42.0364181,-93.6500634,3.0,261.5391326692363,1.3827074,0.4688229,53.394764,fused,0,1,0,
1789421592990,1789421592962,991937809,42.0364156,-93.6500705,3.0,261.5687084064941,1.3405979,0.5521866,58.306683,fused,0,1,0,
1789421593985,1789421593963,991938809,42.0364175,-93.6500709,3.0,261.62517146006536,1.6864668,0.83325976,56.577602,fused,0,1,0,
1789421594983,1789421594962,991939809,42.0364253,-93.6500601,3.007,261.68966390410316,1.6581415,1.1062253,50.272903,fused,0,1,0,
1789421595985,1789421595963,991940809,42.0364219,-93.6502059,3.085,261.68966390410316,1.6164614,1.82,284.0,fused,0,1,0,
1789421596984,1789421596962,991941809,42.0364255,-93.6502265,3.151,261.7176267506626,1.3699578,1.69,284.0,fused,0,1,0,
1789421597992,1789421597963,991942810,42.0364295,-93.6502468,3.289,261.7912819767666,1.3618176,1.72,286.0,fused,0,1,0,
1789421598992,1789421598963,991943809,42.0364345,-93.6502661,3.424,261.8800823418322,1.3699639,1.66,288.0,fused,0,1,0,
1789421599984,1789421599963,991944809,42.0364394,-93.650285,3.597,262.2462315412604,1.3857824,1.58,288.0,fused,0,1,0,
1789421600988,1789421600963,991945809,42.0364432,-93.6503027,3.79,262.34894807109015,1.3890017,1.49,286.0,fused,0,1,0,
1789421601991,1789421601962,991946809,42.0364443,-93.6503212,3.79,262.57213219453456,1.4035774,1.6,273.0,fused,0,1,0,
1789421602986,1789421602963,991947809,42.0364424,-93.650341,3.79,262.8249019312316,1.3942035,1.71,263.0,fused,0,1,0,
1789421603987,1789421603963,991948809,42.0364392,-93.6503614,3.79,263.35251546842306,1.4138803,1.77,261.0,fused,0,1,0,
1789421604985,1789421604963,991949809,42.0364345,-93.650381,3.79,263.5257855510064,1.3829275,1.8,257.0,fused,0,1,0,
1789421605987,1789421605963,991950809,42.0364289,-93.6503983,3.79,263.870546050969,1.380041,1.64,251.0,fused,0,1,0,
1789421606985,1789421606963,991951809,42.0364218,-93.6504157,3.79,263.9135769811926,1.3676355,1.7,246.0,fused,0,1,0,
1789421607984,1789421607963,991952809,42.0364147,-93.6504331,3.79,263.9211074161182,1.3609328,1.66,245.0,fused,0,1,0,
1789421608993,1789421608963,991953809,42.0364083,-93.6504494,3.79,263.9232589701663,1.3670906,1.54,242.0,fused,0,1,0,
1789421609987,1789421609962,991954809,42.0364008,-93.6504624,3.79,263.95710850182655,1.3730237,1.35,237.0,fused,0,1,0,
1789421610989,1789421610962,991955809,42.036395,-93.6504707,3.79,263.9135769811926,1.3626777,0.9,234.0,fused,0,1,0,
1789421611990,1789421611962,991956809,42.0363926,-93.6504725,3.79,263.7897271182934,1.333517,0.27,234.0,fused,0,1,0,
1789421612991,1789421612962,991957809,42.0363922,-93.6504701,3.79,263.7249217359009,1.3287973,0.0,,fused,0,1,0,
1789421613987,1789421613964,991958810,42.0363921,-93.6504695,3.79,263.603315547125,1.3265604,0.0,,fused,0,1,0,
1789421614994,1789421614963,991959810,42.0363918,-93.6504697,3.79,263.5179829349682,1.3369272,0.0,,fused,0,1,0,
1789421615987,1789421615963,991960809,42.0363916,-93.6504701,3.79,263.43150907578786,1.3331077,0.0,,fused,0,1,0,
1789421616991,1789421616963,991961809,42.0363917,-93.6504703,3.79,263.5983847048877,1.3515655,0.0,,fused,0,1,0,
1789421617990,1789421617962,991962809,42.0363916,-93.6504707,3.79,263.5870894731966,1.3492255,0.0,,fused,0,1,0,
1789421618984,1789421618963,991963809,42.0363917,-93.6504711,3.79,263.57955932697814,1.3492025,0.0,,fused,0,1,0,
1789421619989,1789421619962,991964809,42.0363919,-93.6504714,3.79,263.5741806551448,1.3355924,0.0,,fused,0,1,0,
1789421620987,1789421620964,991965810,42.0363921,-93.6504714,3.79,263.565036920748,1.3333844,0.0,,fused,0,1,0,
1789421621991,1789421621962,991966809,42.0363924,-93.6504719,3.79,263.5263303447199,1.3367335,0.0,,fused,0,1,0,
1789421622988,1789421622963,991967809,42.0363921,-93.6504719,3.79,263.51880023429555,1.5409331,0.0,,fused,0,1,0,
1789421623990,1789421623963,991968810,42.0363919,-93.6504722,3.79,263.51880023429555,1.542164,0.0,,fused,0,1,0,
1789421624979,1789421624962,991969809,42.0363917,-93.6504724,3.79,263.5225652886831,1.5362976,0.0,,fused,0,1,0,
1789421625996,1789421625963,991970809,42.0363917,-93.6504725,3.79,263.432331947545,1.3293133,0.0,,fused,0,1,0,
1789421626988,1789421626962,991971809,42.0363917,-93.6504727,3.79,263.5241788839257,1.335067,0.0,,fused,0,1,0,
1789421627990,1789421627963,991972809,42.0363917,-93.6504732,3.79,263.5295506053939,1.3890617,0.0,,fused,0,1,0,
1789421628988,1789421628963,991973809,42.0363918,-93.6504734,3.79,263.52202049826457,1.4034513,0.0,,fused,0,1,0,
1789421629990,1789421629964,991974810,42.0363917,-93.6504734,3.79,263.51986904029644,1.4316157,0.0,,fused,0,1,0,
1789421630994,1789421630963,991975809,42.0363917,-93.6504733,3.79,263.52202049826457,1.4398555,0.0,,fused,0,1,0,
1789421631992,1789421631962,991976809,42.0363917,-93.6504735,3.79,263.51986904029644,1.450695,0.0,,fused,0,1,0,
1789421632990,1789421632962,991977809,42.036392,-93.6504734,3.79,263.5127583663599,1.3339789,0.0,,fused,0,1,0,
1789421633994,1789421633963,991978809,42.0363921,-93.6504735,3.79,263.6107153197432,1.3427304,0.0,,fused,0,1,0,
1789421634992,1789421634963,991979809,42.0363921,-93.6504735,3.79,263.57471423403484,1.3292999,0.0,,fused,0,1,0,
1789421635985,1789421635962,991980809,42.0363919,-93.6504729,3.79,263.6107153197432,1.3362337,0.0,,fused,0,1,0,
1789421636990,1789421636963,991981809,42.0363918,-93.6504725,3.79,263.48654121215,1.3276651,0.0,,fused,0,1,0,
1789421637988,1789421637963,991982810,42.0363919,-93.6504723,3.79,263.64717408862356,1.3229938,0.0,,fused,0,1,0,
1789421638991,1789421638963,991983809,42.036392,-93.6504723,3.79,263.5460677905152,1.3170369,0.0,,fused,0,1,0,
1789421639987,1789421639962,991984809,42.0363921,-93.6504721,3.79,263.6548610858669,1.3194631,0.0,,fused,0,1,0,
1789421640990,1789421640962,991985809,42.0363922,-93.6504719,3.79,263.5706944299286,1.3230184,0.0,,fused,0,1,0,
1789421641992,1789421641962,991986809,42.0363925,-93.6504716,3.79,263.49649729194647,1.3214101,0.0,,fused,0,1,0,
1789421642991,1789421642962,991987809,42.0363926,-93.6504712,3.79,263.62697083475774,1.3242749,0.0,,fused,0,1,0,
1789421643984,1789421643963,991988809,42.0363927,-93.650471,3.79,263.7135018684272,1.3290316,0.0,,fused,0,1,0,
1789421644995,1789421644962,991989809,42.0363928,-93.6504707,3.79,263.72264577381634,1.328675,0.0,,fused,0,1,0,
1789421645992,1789421645963,991990810,42.0363928,-93.6504705,3.79,263.7156626368819,1.3268272,0.0,,fused,0,1,0,
1789421646987,1789421646962,991991809,42.0363929,-93.6504702,3.79,263.7865918655137,1.315738,0.0,,fused,0,1,0,
1789421647989,1789421647962,991992809,42.036393,-93.6504701,3.79,263.7865918655137,1.3222181,0.0,,fused,0,1,0,
1789421648989,1789421648962,991993809,42.0363932,-93.65047,3.79,263.71888826562684,1.4819622,0.0,,fused,0,1,0,
1789421649988,1789421649962,991994809,42.0363933,-93.6504698,3.79,263.71512312528654,1.4890805,0.0,,fused,0,1,0,
1789421650996,1789421650962,991995809,42.0363933,-93.6504698,3.79,263.77906158648403,1.5126376,0.0,,fused,0,1,0,
1789421651988,1789421651963,991996809,42.0363934,-93.6504697,3.79,263.69844895216943,1.5490901,0.0,,fused,0,1,0,
1789421652992,1789421652962,991997809,42.0363936,-93.6504695,3.79,263.5507987926614,1.3257512,0.0,,fused,0,1,0,
1789421653993,1789421653963,991998809,42.0363936,-93.6504694,3.79,263.38473392459696,1.3423946,0.0,,fused,0,1,0,
1789421654990,1789421654963,991999809,42.0363936,-93.6504694,3.79,263.4054499824198,1.3552704,0.0,,fused,0,1,0,
1789421655991,1789421655962,992000809,42.0363937,-93.6504693,3.79,263.3335375450218,1.375931,0.0,,fused,0,1,0,
1789421656991,1789421656962,992001809,42.0363938,-93.6504692,3.79,263.69037375320727,1.3537384,0.0,,fused,0,1,0,
1789421657987,1789421657962,992002809,42.0363937,-93.650469,3.79,263.70005551025616,1.3389308,0.0,,fused,0,1,0,
1789421658989,1789421658964,992003810,42.0363937,-93.6504688,3.79,263.81408591343404,1.3282065,0.0,,fused,0,1,0,
1789421659988,1789421659963,992004809,42.0363937,-93.6504688,3.79,263.7951430087702,1.3202053,0.0,,fused,0,1,0,
1789421660987,1789421660963,992005809,42.0363936,-93.6504687,3.79,263.59504893977436,1.3150693,0.0,,fused,0,1,0,
1789421661994,1789421661963,992006809,42.0363935,-93.6504686,3.79,263.8666660392244,1.3194112,0.0,,fused,0,1,0,
1789421662990,1789421662963,992007809,42.0363934,-93.6504685,3.79,263.7561896363895,1.3143786,0.0,,fused,0,1,0,
1789421663991,1789421663963,992008809,42.0363934,-93.6504685,3.79,263.5913715232385,1.3109328,0.0,,fused,0,1,0,
1789421664990,1789421664963,992009809,42.0363933,-93.6504685,3.79,263.83274149912927,1.3169658,0.0,,fused,0,1,0,
1789421665988,1789421665962,992010809,42.0363933,-93.6504684,3.79,263.68404260531,1.3103014,0.0,,fused,0,1,0,
1789421666989,1789421666963,992011809,42.0363934,-93.6504682,3.79,263.66818132135614,1.3101305,0.0,,fused,0,1,0,
1789421667987,1789421667962,992012809,42.0363933,-93.6504681,3.79,263.67969420144897,1.3139958,0.0,,fused,0,1,0,
1789421668986,1789421668962,992013809,42.0363932,-93.6504682,3.79,263.53895827371576,1.3124564,0.0,,fused,0,1,0,
1789421669991,1789421669962,992014809,42.0363932,-93.6504684,3.79,263.4852019126095,1.3371555,0.0,,fused,0,1,0,
1789421670987,1789421670962,992015809,42.036393,-93.6504684,3.79,263.6236769617445,1.349093,0.0,,fused,0,1,0,
1789421671983,1789421671963,992016810,42.0363929,-93.6504684,3.79,263.6236769617445,1.3554322,0.0,,fused,0,1,0,
1789421672986,1789421672962,992017809,42.0363928,-93.6504683,3.79,263.6145423162456,1.3507886,0.0,,fused,0,1,0,
1789421673982,1789421673962,992018809,42.0363927,-93.6504686,3.79,263.6145423162456,1.3622384,0.0,,fused,0,1,0,
1789421674988,1789421674962,992019809,42.0363925,-93.6504689,3.79,263.6145423162456,1.3684229,0.0,,fused,0,1,0,
1789421675986,1789421675963,992020809,42.0363924,-93.6504693,3.79,263.68177643952737,1.4352671,0.0,,fused,0,1,0,
1789421676985,1789421676962,992021809,42.0363924,-93.6504693,3.79,263.95501964603534,1.4463283,0.0,,fused,0,1,0,
1789421677991,1789421677962,992022809,42.0363922,-93.650469,3.79,263.93834500778723,1.4454639,0.0,,fused,0,1,0,
1789421678985,1789421678962,992023809,42.0363919,-93.6504686,3.79,263.7911376953125,1.4612601,0.0,,fused,0,1,0,
1789421679987,1789421679963,992024809,42.036392,-93.6504682,3.79,263.71250802186006,1.3189172,0.0,,fused,0,1,0,
1789421680987,1789421680964,992025810,42.0363921,-93.6504679,3.79,263.65636513413585,1.3175701,0.0,,fused,0,1,0,
1789421681986,1789421681963,992026809,42.036392,-93.6504678,3.79,263.630284708504,1.3209785,0.0,,fused,0,1,0,
1789421682987,1789421682962,992027809,42.0363921,-93.6504679,3.79,263.4184596452995,1.3352194,0.0,,fused,0,1,0,
1789421683990,1789421683963,992028809,42.0363921,-93.6504679,3.79,263.69272398882396,1.3300129,0.0,,fused,0,1,0,
1789421684986,1789421684963,992029809,42.0363922,-93.650468,3.79,263.78611605195283,1.3235873,0.0,,fused,0,1,0,
1789421685986,1789421685962,992030809,42.0363923,-93.650468,3.79,263.78611605195283,1.318316,0.0,,fused,0,1,0,
1789421686985,1789421686962,992031809,42.0363922,-93.6504678,3.79,263.6930781376344,1.3126066,0.0,,fused,0,1,0,
1789421687984,1789421687963,992032809,42.0363923,-93.6504676,3.79,263.7156046060605,1.3115513,0.0,,fused,0,1,0,
1789421688987,1789421688963,992033809,42.0363925,-93.6504673,3.79,263.6458840819152,1.3076823,0.0,,fused,0,1,0,
1789421689984,1789421689962,992034809,42.0363925,-93.6504671,3.79,263.6790001076788,1.307273,0.0,,fused,0,1,0,
1789421690986,1789421690962,992035809,42.0363926,-93.6504669,3.79,263.76564781525974,1.3065028,0.0,,fused,0,1,0,
1789421691987,1789421691962,992036809,42.0363924,-93.6504665,3.79,263.7468480149774,1.3052229,0.0,,fused,0,1,0,
1789421692984,1789421692962,992037809,42.0363924,-93.6504662,3.79,263.77551040850574,1.3057573,0.0,,fused,0,1,0,
1789421693988,1789421693962,992038809,42.0363923,-93.650466,3.79,263.80409122613776,1.3056655,0.0,,fused,0,1,0,
1789421694987,1789421694963,992039809,42.0363922,-93.650466,3.79,263.901544063131,1.3078536,0.0,,fused,0,1,0,
1789421695987,1789421695962,992040809,42.0363921,-93.650466,3.79,263.8536237714813,1.3097228,0.0,,fused,0,1,0,
1789421696991,1789421696962,992041809,42.036392,-93.6504662,3.79,263.80789896091443,1.3101002,0.0,,fused,0,1,0,
1789421697988,1789421697963,992042809,42.0363918,-93.6504663,3.79,263.8205440578549,1.318101,0.0,,fused,0,1,0,
1789421698987,1789421698963,992043809,42.0363917,-93.6504664,3.79,263.93673301081816,1.3145634,0.0,,fused,0,1,0,
1789421699992,1789421699962,992044809,42.0363915,-93.6504664,3.79,263.90123227578454,1.3132752,0.0,,fused,0,1,0,
1789421700991,1789421700962,992045809,42.0363915,-93.6504665,3.79,263.7457838132885,1.306921,0.0,,fused,0,1,0,
1789421701989,1789421701963,992046809,42.0363916,-93.6504665,3.79,263.64251164768143,1.3068057,0.0,,fused,0,1,0,
1789421702994,1789421702963,992047809,42.0363916,-93.6504664,3.79,263.63874492000093,1.4042107,0.0,,fused,0,1,0,
1789421703988,1789421703962,992048809,42.0363916,-93.6504664,3.79,263.63874492000093,1.4042037,0.0,,fused,0,1,0,
1789421704990,1789421704963,992049810,42.0363914,-93.6504663,3.79,263.63874492000093,1.4083973,0.0,,fused,0,1,0,
1789421705993,1789421705963,992050809,42.0363915,-93.6504663,3.79,263.5737969839072,1.4194307,0.0,,fused,0,1,0,
1789421706979,1789421706963,992051809,42.0363915,-93.6504663,3.79,263.41290793407376,1.3139074,0.0,,fused,0,1,0,
1789421707989,1789421707962,992052809,42.0363915,-93.6504661,3.79,263.5152991100708,1.3122145,0.0,,fused,0,1,0,
1789421708993,1789421708962,992053809,42.0363915,-93.6504661,3.79,263.3851509749268,1.3116966,0.0,,fused,0,1,0,
1789421709988,1789421709963,992054809,42.0363915,-93.6504662,3.79,263.39547242237643,1.3135161,0.0,,fused,0,1,0,
1789421710992,1789421710963,992055809,42.0363914,-93.6504664,3.79,263.33567189286856,1.3274486,0.0,,fused,0,1,0,
1789421711994,1789421711962,992056809,42.0363913,-93.6504665,3.79,263.66447988113947,1.3162527,0.0,,fused,0,1,0,
1789421712986,1789421712962,992057809,42.0363913,-93.6504667,3.79,263.9232943198891,1.3366143,0.0,,fused,0,1,0,
1789421713992,1789421713962,992058809,42.0363912,-93.6504668,3.79,263.76332157178365,1.3383365,0.0,,fused,0,1,0,
1789421714990,1789421714963,992059809,42.0363911,-93.650467,3.79,263.7574062236596,1.344188,0.0,,fused,0,1,0,
1789421715988,1789421715962,992060809,42.0363909,-93.6504672,3.79,263.7764063583587,1.3467836,0.0,,fused,0,1,0,
1789421716991,1789421716962,992061809,42.0363908,-93.6504672,3.79,263.808732851355,1.3532217,0.0,,fused,0,1,0,
1789421717987,1789421717963,992062809,42.0363908,-93.6504673,3.79,263.88344767967766,1.304399,0.0,,fused,0,1,0,
1789421718993,1789421718962,992063809,42.0363908,-93.6504675,3.79,263.8555035195277,1.3046327,0.0,,fused,0,1,0,
1789421719992,1789421719963,992064809,42.0363909,-93.6504678,3.79,263.66866307667686,1.3035355,0.0,,fused,0,1,0,
1789421720987,1789421720963,992065809,42.036391,-93.650468,3.79,263.7384681709976,1.3036535,0.0,,fused,0,1,0,
1789421721991,1789421721963,992066809,42.0363911,-93.6504682,3.79,263.65505022609574,1.3037137,0.0,,fused,0,1,0,
1789421722992,1789421722962,992067809,42.0363911,-93.6504684,3.79,263.5309664759688,1.3049034,0.0,,fused,0,1,0,
1789421723986,1789421723962,992068809,42.0363913,-93.6504685,3.79,263.4394510679979,1.3062862,0.0,,fused,0,1,0,
1789421724993,1789421724964,992069810,42.0363915,-93.6504689,3.79,263.50050360604797,1.3062057,0.0,,fused,0,1,0,
1789421725988,1789421725964,992070810,42.0363915,-93.6504692,3.79,263.4693511212181,1.3069309,0.0,,fused,0,1,0,
1789421726989,1789421726963,992071809,42.0363915,-93.6504693,3.79,263.52880363985554,1.306835,0.0,,fused,0,1,0,
1789421727998,1789421727962,992072809,42.0363914,-93.6504695,3.79,263.41400536256833,1.3044773,0.0,,fused,0,1,0,
1789421728986,1789421728963,992073809,42.0363914,-93.6504698,3.79,263.47500891524385,1.3039764,0.0,,fused,0,1,0,
1789421729993,1789421729963,992074809,42.0363914,-93.65047,3.79,263.4515758703045,1.3037707,0.0,,fused,0,1,0,
1789421730991,1789421730963,992075809,42.0363912,-93.6504702,3.79,263.40624042065366,1.371297,0.0,,fused,0,1,0,
1789421731989,1789421731962,992076809,42.0363913,-93.6504705,3.79,263.22086423245725,1.3631678,0.0,,fused,0,1,0,
1789421732989,1789421732962,992077809,42.0363911,-93.6504706,3.79,263.38868827147076,1.3654733,0.0,,fused,0,1,0,
1789421733990,1789421733962,992078809,42.0363911,-93.6504706,3.79,263.34543516797606,1.3072721,0.0,,fused,0,1,0,
1789421734987,1789421734964,992079810,42.0363912,-93.6504705,3.79,263.401238891965,1.3066885,0.0,,fused,0,1,0,
1789421735989,1789421735963,992080809,42.0363913,-93.6504705,3.79,263.8317077952135,1.3086917,0.0,,fused,0,1,0,
1789421736990,1789421736962,992081809,42.0363913,-93.6504703,3.79,263.95354723831355,1.3089839,0.0,,fused,0,1,0,
1789421737988,1789421737963,992082809,42.0363915,-93.6504701,3.79,263.7527878018109,1.3213891,0.0,,fused,0,1,0,
1789421738991,1789421738963,992083809,42.0363915,-93.65047,3.79,263.4998520888748,1.3202268,0.0,,fused,0,1,0,
1789421739987,1789421739963,992084810,42.0363916,-93.6504698,3.79,263.85276820929977,1.3198297,0.0,,fused,0,1,0,
1789421740996,1789421740962,992085809,42.0363916,-93.6504696,3.79,263.93279018129283,1.310708,0.0,,fused,0,1,0,
1789421741993,1789421741962,992086809,42.0363916,-93.6504694,3.79,263.8521693210701,1.3073764,0.0,,fused,0,1,0,
1789421742990,1789421742964,992087810,42.0363915,-93.6504693,3.79,263.82013735912096,1.3070828,0.0,,fused,0,1,0,
1789421743992,1789421743963,992088810,42.0363915,-93.6504692,3.79,263.76031093166966,1.304463,0.0,,fused,0,1,0,
1789421744995,1789421744963,992089809,42.0363915,-93.6504691,3.79,263.5483918155548,1.3024862,0.0,,fused,0,1,0,
1789421745992,1789421745964,992090810,42.0363914,-93.6504689,3.79,263.2744877087638,1.30235,0.0,,fused,0,1,0,
1789421746991,1789421746962,992091809,42.0363913,-93.6504689,3.79,263.1772359266327,1.3020161,0.0,,fused,0,1,0,
1789421747988,1789421747963,992092809,42.0363912,-93.6504689,3.79,263.05862622203523,1.3019674,0.0,,fused,0,1,0,
1789421748989,1789421748963,992093809,42.0363912,-93.6504708,3.79,262.9267786970773,1.3022994,0.2,234.0,fused,0,1,0,
1789421749998,1789421749962,992094809,42.0363848,-93.6504783,3.79,262.8510896826839,1.3027707,1.08,214.0,fused,0,1,0,
1789421750988,1789421750963,992095809,42.0363709,-93.650482,3.79,262.6705550017527,1.3038988,1.51,190.0,fused,0,1,0,
1789421751996,1789421751963,992096809,42.0363565,-93.6504808,3.79,262.63152238743123,1.304499,1.48,178.0,fused,0,1,0,
1789421752993,1789421752962,992097809,42.0363476,-93.6504788,3.79,262.6270856679181,1.3048835,0.65,178.0,fused,0,1,0,
1789421753987,1789421753963,992098809,42.0363379,-93.6504733,3.79,262.6473243055685,1.3051381,1.36,166.0,fused,0,1,0,
1789421755001,1789421754963,992099810,42.0363244,-93.6504991,3.79,262.5792701063497,1.3066511,3.02,234.0,fused,0,1,0,
1789421755996,1789421755963,992100809,42.0363115,-93.6504984,3.79,262.58535035833484,1.3069515,1.52,166.0,fused,0,1,0,
1789421756987,1789421756964,992101810,42.036304,-93.6504933,3.79,262.65103004135653,1.3029568,0.76,164.0,fused,0,1,0,
1789421757995,1789421757962,992102809,42.036305,-93.6504901,3.79,262.5237991453379,1.304857,0.0,,fused,0,1,0,
1789421758991,1789421758962,992103809,42.0363057,-93.6504892,3.79,262.4495675766531,1.3550718,0.0,,fused,0,1,0,
1789421759988,1789421759962,992104809,42.036306,-93.6504891,3.79,262.503225483587,1.3508494,0.0,,fused,0,1,0,
1789421760992,1789421760963,992105809,42.0363062,-93.6504889,3.79,262.7107447064875,1.3495787,0.0,,fused,0,1,0,
1789421761991,1789421761963,992106809,42.0363062,-93.6504888,3.79,262.7223386883011,1.346267,0.0,,fused,0,1,0,
1789421762990,1789421762963,992107809,42.036306,-93.6504886,3.79,262.8182111602188,1.3047985,0.0,,fused,0,1,0,
1789421763995,1789421763963,992108810,42.036306,-93.6504884,3.79,263.0937245258389,1.30834,0.0,,fused,0,1,0,
1789421764989,1789421764963,992109809,42.0363059,-93.650488,3.79,262.7376915316557,1.305575,0.0,,fused,0,1,0,
1789421765988,1789421765963,992110809,42.0363061,-93.6504881,3.79,262.7768360198836,1.3152771,0.0,,fused,0,1,0,
1789421766986,1789421766962,992111809,42.0363062,-93.6504883,3.79,262.85236698518435,1.3153545,0.0,,fused,0,1,0,
1789421767987,1789421767963,992112809,42.0363059,-93.6504881,3.79,262.8528733764967,1.3147217,0.0,,fused,0,1,0,
1789421768991,1789421768962,992113809,42.036306,-93.6504878,3.79,262.85294628132266,1.3093433,0.0,,fused,0,1,0,
1789421769987,1789421769963,992114809,42.0363058,-93.6504874,3.79,263.2133845070503,1.3052163,0.0,,fused,0,1,0,
1789421770989,1789421770962,992115809,42.0363054,-93.6504871,3.79,263.3052479626826,1.304668,0.0,,fused,0,1,0,
1789421771995,1789421771963,992116809,42.0363053,-93.6504867,3.79,263.3172031473426,1.3036795,0.0,,fused,0,1,0,
1789421772987,1789421772962,992117809,42.0363051,-93.6504864,3.79,263.3208322262191,1.3037177,0.0,,fused,0,1,0,
1789421773994,1789421773963,992118809,42.0363052,-93.650486,3.79,263.3314083981505,1.3034226,0.0,,fused,0,1,0,
1789421774993,1789421774962,992119809,42.0363054,-93.6504855,3.79,263.57412922220044,1.303539,0.0,,fused,0,1,0,
1789421775988,1789421775962,992120809,42.0363052,-93.650485,3.79,263.93537199429437,1.3017831,0.0,,fused,0,1,0,
1789421776989,1789421776963,992121810,42.0363053,-93.6504847,3.79,263.9265403905804,1.3019236,0.0,,fused,0,1,0,
1789421777992,1789421777963,992122809,42.0363054,-93.6504848,3.79,263.9479986326231,1.3021057,0.0,,fused,0,1,0,
1789421778987,1789421778964,992123810,42.0363054,-93.650485,3.79,263.9002818040162,1.302175,0.0,,fused,0,1,0,
1789421779993,1789421779963,992124809,42.0363054,-93.650485,3.79,264.07486251157707,1.3024209,0.0,,fused,0,1,0,
1789421780994,1789421780963,992125810,42.0363054,-93.6504849,3.79,264.1379513298058,1.3090309,0.0,,fused,0,1,0,
1789421781987,1789421781962,992126809,42.0363051,-93.6504849,3.79,264.11272815540764,1.3034319,0.0,,fused,0,1,0,
1789421782986,1789421782964,992127810,42.0363047,-93.6504848,3.79,264.12257381102376,1.3029522,0.0,,fused,0,1,0,
1789421783989,1789421783962,992128809,42.0363044,-93.6504847,3.79,263.9740893548259,1.3028562,0.0,,fused,0,1,0,
1789421784989,1789421784962,992129809,42.0363043,-93.6504841,3.79,263.86307584846685,1.3059775,0.0,,fused,0,1,0,
1789421785989,1789421785962,992130809,42.0363041,-93.6504838,3.79,263.18927447892764,1.304419,0.0,,fused,0,1,0,
1789421786987,1789421786962,992131809,42.0363039,-93.6504837,3.79,263.70698797679347,1.3038886,0.0,,fused,0,1,0,
1789421787987,1789421787963,992132809,42.0363038,-93.6504836,3.79,263.64343311979604,1.3444382,0.0,,fused,0,1,0,
1789421788988,1789421788963,992133809,42.0363035,-93.6504835,3.79,263.5705833279265,1.3425491,0.0,,fused,0,1,0,
1789421789989,1789421789962,992134809,42.0363032,-93.6504832,3.79,263.51097980121733,1.3404526,0.0,,fused,0,1,0,
1789421790987,1789421790962,992135809,42.0363032,-93.6504831,3.79,263.6646657674853,1.3555918,0.0,,fused,0,1,0,
1789421791987,1789421791963,992136809,42.0363029,-93.650483,3.79,263.6950792935851,1.3055737,0.0,,fused,0,1,0,
1789421792986,1789421792963,992137809,42.0363027,-93.6504828,3.79,263.16894437531124,1.3109821,0.0,,fused,0,1,0,
1789421793990,1789421793963,992138809,42.0363028,-93.6504825,3.79,262.6518783061744,1.3190551,0.0,,fused,0,1,0,
1789421794988,1789421794962,992139809,42.0363026,-93.6504824,3.79,262.73033694845054,1.3181541,0.0,,fused,0,1,0,
1789421795987,1789421795962,992140809,42.0363024,-93.6504821,3.79,262.89974179599045,1.3064414,0.0,,fused,0,1,0,
1789421796988,1789421796963,992141809,42.0363024,-93.6504819,3.79,262.5684851000099,1.3069656,0.0,,fused,0,1,0,
1789421797987,1789421797963,992142809,42.0363025,-93.6504818,3.79,262.7300529931933,1.3035629,0.0,,fused,0,1,0,
1789421798986,1789421798963,992143809,42.0363028,-93.6504815,3.79,262.70853829369844,1.3024037,0.0,,fused,0,1,0,
1789421799989,1789421799963,992144810,42.0363029,-93.6504813,3.79,262.6151674072263,1.302442,0.0,,fused,0,1,0,
1789421800991,1789421800964,992145810,42.0363028,-93.6504812,3.79,262.6258567712524,1.3027204,0.0,,fused,0,1,0,
1789421801989,1789421801962,992146809,42.0363027,-93.650481,3.79,262.6408433923983,1.3029095,0.0,,fused,0,1,0,
1789421802991,1789421802963,992147809,42.0363026,-93.6504809,3.79,262.61659620311684,1.3010656,0.0,,fused,0,1,0,
1789421803980,1789421803962,992148809,42.0363024,-93.6504808,3.79,262.75850744967073,1.3014483,0.0,,fused,0,1,0,
1789421804986,1789421804963,992149809,42.0363021,-93.6504804,3.79,262.77437245349563,1.3013531,0.0,,fused,0,1,0,
1789421805982,1789421805962,992150809,42.036302,-93.6504803,3.79,262.8411530181641,1.3014547,0.0,,fused,0,1,0,
1789421806990,1789421806962,992151809,42.0363019,-93.6504801,3.79,263.56332396191686,1.301861,0.0,,fused,0,1,0,
1789421807991,1789421807964,992152810,42.0363019,-93.6504797,3.79,263.5940607632998,1.3084774,0.0,,fused,0,1,0,
1789421808988,1789421808963,992153809,42.0363017,-93.6504794,3.79,263.58609987195035,1.3021231,0.0,,fused,0,1,0,
1789421809988,1789421809963,992154810,42.0363016,-93.6504791,3.79,263.46819362068203,1.3029724,0.0,,fused,0,1,0,
1789421810988,1789421810963,992155809,42.0363014,-93.6504789,3.79,263.4270482358018,1.3026382,0.0,,fused,0,1,0,
1789421811988,1789421811963,992156810,42.0363012,-93.6504789,3.79,263.1575969607239,1.3027179,0.0,,fused,0,1,0,
1789421812989,1789421812963,992157809,42.0363009,-93.6504789,3.79,263.0864498095933,1.3024832,0.0,,fused,0,1,0,
1789421813991,1789421813962,992158809,42.0363005,-93.650479,3.79,262.55671339506216,1.3048315,0.0,,fused,0,1,0,
1789421814988,1789421814962,992159809,42.0363003,-93.650479,3.79,262.8096847693032,1.302912,0.0,,fused,0,1,0,
1789421815988,1789421815963,992160810,42.0363002,-93.6504791,3.79,262.72782237768143,1.3366019,0.0,,fused,0,1,0,
1789421816987,1789421816962,992161809,42.0363,-93.6504789,3.79,262.52047183129247,1.3260895,0.0,,fused,0,1,0,
1789421817987,1789421817962,992162809,42.0362999,-93.6504791,3.79,262.82583791493647,1.3348883,0.0,,fused,0,1,0,
1789421818986,1789421818963,992163809,42.0363,-93.6504794,3.79,262.91488185601435,1.3403994,0.0,,fused,0,1,0,
1789421819991,1789421819962,992164809,42.0363001,-93.6504792,3.79,263.1292237288579,1.3037245,0.0,,fused,0,1,0,
1789421820988,1789421820962,992165809,42.0363004,-93.6504792,3.79,262.3164084197967,1.3114976,0.0,,fused,0,1,0,
1789421821989,1789421821963,992166809,42.0363004,-93.6504791,3.79,262.25653533132237,1.313411,0.0,,fused,0,1,0,
1789421822990,1789421822962,992167809,42.0363004,-93.6504789,3.79,262.2586868085317,1.3142436,0.0,,fused,0,1,0,
1789421823993,1789421823962,992168809,42.0363004,-93.650479,3.79,262.7743440899489,1.3059341,0.0,,fused,0,1,0,
1789421824990,1789421824963,992169810,42.0363003,-93.6504791,3.79,262.7125612650833,1.3055034,0.0,,fused,0,1,0,
1789421825988,1789421825963,992170809,42.0363004,-93.6504792,3.79,262.62469294520497,1.3053056,0.0,,fused,0,1,0,
1789421826988,1789421826962,992171809,42.0363006,-93.6504794,3.79,262.6599608766946,1.3031603,0.0,,fused,0,1,0,
1789421827987,1789421827963,992172809,42.0363007,-93.6504794,3.79,262.66939779907744,1.3021511,0.0,,fused,0,1,0,
1789421828987,1789421828962,992173809,42.036301,-93.6504792,3.79,262.6158461761172,1.3020474,0.0,,fused,0,1,0,
1789421829987,1789421829962,992174809,42.036301,-93.650479,3.79,262.4832477557903,1.3020558,0.0,,fused,0,1,0,
1789421830988,1789421830962,992175809,42.0363011,-93.650479,3.79,262.5223149251907,1.3022398,0.0,,fused,0,1,0,
1789421831987,1789421831963,992176809,42.036301,-93.6504787,3.79,262.5906313195979,1.3009702,0.0,,fused,0,1,0,
1789421832987,1789421832963,992177809,42.036301,-93.6504786,3.79,262.624843992436,1.3010148,0.0,,fused,0,1,0,
1789421833986,1789421833963,992178809,42.0363009,-93.6504786,3.79,262.6634179769028,1.3010937,0.0,,fused,0,1,0,
1789421834990,1789421834964,992179810,42.0363009,-93.6504787,3.79,262.56152196559054,1.3010035,0.0,,fused,0,1,0,
1789421835986,1789421835962,992180809,42.0363007,-93.6504787,3.79,262.66311684814104,1.3013904,0.0,,fused,0,1,0,
1789421836987,1789421836963,992181810,42.0363006,-93.6504788,3.79,263.3177022390289,1.3014793,0.0,,fused,0,1,0,
1789421837987,1789421837962,992182809,42.0363004,-93.650479,3.79,263.46615333329777,1.3027298,0.0,,fused,0,1,0,
1789421838987,1789421838963,992183809,42.0363004,-93.6504793,3.79,263.3670726865731,1.3025677,0.0,,fused,0,1,0,
1789421839989,1789421839964,992184810,42.0363004,-93.6504794,3.79,263.36869649921056,1.3022704,0.0,,fused,0,1,0,
1789421840986,1789421840963,992185809,42.0363007,-93.6504796,3.79,263.3485181486739,1.3021082,0.0,,fused,0,1,0,
1789421841988,1789421841964,992186810,42.0363008,-93.6504797,3.79,263.076744071397,1.3042753,0.0,,fused,0,1,0,
1789421842988,1789421842963,992187809,42.0363008,-93.6504797,3.79,262.4578968927303,1.3029824,0.0,,fused,0,1,0,
1789421843988,1789421843962,992188809,42.036301,-93.6504798,3.79,262.6368984738478,1.3018409,0.0,,fused,0,1,0,
1789421844987,1789421844962,992189809,42.0363011,-93.6504796,3.79,262.81422493719475,1.3022096,0.0,,fused,0,1,0,
1789421845988,1789421845963,992190810,42.0363012,-93.6504795,3.79,262.8386240569295,1.3301119,0.0,,fused,0,1,0,
1789421846985,1789421846962,992191809,42.0363014,-93.6504795,3.79,262.62159175349166,1.3229148,0.0,,fused,0,1,0,
1789421847988,1789421847963,992192809,42.0363016,-93.6504794,3.79,262.5595508866409,1.3202374,0.0,,fused,0,1,0,
1789421848987,1789421848963,992193809,42.0363017,-93.6504793,3.79,262.65605888247075,1.3226285,0.0,,fused,0,1,0,
1789421849986,1789421849963,992194809,42.0363017,-93.6504792,3.79,262.72211507627503,1.3024985,0.0,,fused,0,1,0,
1789421850987,1789421850963,992195809,42.0363018,-93.650479,3.79,262.36911967409566,1.3028775,0.0,,fused,0,1,0,
1789421851988,1789421851963,992196809,42.0363018,-93.6504789,3.79,262.26406550391295,1.3092622,0.0,,fused,0,1,0,
1789421852989,1789421852962,992197809,42.0363019,-93.6504788,3.79,262.20060901527347,1.3083706,0.0,,fused,0,1,0,
1789421853980,1789421853963,992198809,42.0363017,-93.6504787,3.79,262.26030041679303,1.3106716,0.0,,fused,0,1,0,
1789421854992,1789421854962,992199809,42.0363017,-93.6504786,3.79,262.3587705013826,1.303829,0.0,,fused,0,1,0,
1789421855987,1789421855962,992200809,42.0363017,-93.6504785,3.79,262.4614484092139,1.3050164,0.0,,fused,0,1,0,
1789421856988,1789421856963,992201810,42.0363015,-93.6504786,3.79,262.48071618988314,1.3021947,0.0,,fused,0,1,0,
1789421857991,1789421857963,992202809,42.0363014,-93.6504785,3.79,262.63167310942544,1.3023725,0.0,,fused,0,1,0,
1789421858989,1789421858963,992203810,42.0363014,-93.6504784,3.79,262.6868450084366,1.3017626,0.0,,fused,0,1,0,
1789421859989,1789421859962,992204809,42.0363014,-93.6504785,3.79,262.4012686896563,1.3014889,0.0,,fused,0,1,0,
1789421860988,1789421860964,992205810,42.0363014,-93.6504785,3.79,262.40518980507255,1.3015633,0.0,,fused,0,1,0,
1789421861986,1789421861962,992206809,42.0363014,-93.6504786,3.79,262.30381152665706,1.3014088,0.0,,fused,0,1,0,
1789421862989,1789421862962,992207809,42.0363014,-93.6504784,3.79,262.3070457704382,1.3003789,0.0,,fused,0,1,0,
1789421863991,1789421863963,992208809,42.0363014,-93.6504782,3.79,262.486853073493,1.300614,0.0,,fused,0,1,0,
1789421864986,1789421864962,992209809,42.0363015,-93.650478,3.79,262.5279450176488,1.3006195,0.0,,fused,0,1,0,
1789421865988,1789421865963,992210809,42.0363015,-93.6504779,3.79,262.3796334436105,1.3005246,0.0,,fused,0,1,0,
1789421866985,1789421866963,992211809,42.0363016,-93.6504779,3.79,262.3730385089133,1.3004879,0.0,,fused,0,1,0,
1789421868001,1789421867963,992212809,42.0363017,-93.650478,3.79,262.874200907494,1.3011334,0.0,,fused,0,1,0,
1789421868988,1789421868963,992213809,42.0363017,-93.650478,3.79,263.4815743423168,1.3023282,0.0,,fused,0,1,0,
1789421869990,1789421869962,992214809,42.0363018,-93.6504781,3.79,263.4631239855216,1.3023617,0.0,,fused,0,1,0,
1789421870986,1789421870964,992215810,42.0363019,-93.6504783,3.79,263.50044791841225,1.3020631,0.0,,fused,0,1,0,
1789421871987,1789421871962,992216809,42.036302,-93.6504783,3.79,263.4883650838238,1.3020267,0.0,,fused,0,1,0,
1789421872988,1789421872963,992217810,42.0363021,-93.6504783,3.79,263.25052179143415,1.3037992,0.0,,fused,0,1,0,
1789421873987,1789421873962,992218809,42.0363021,-93.6504783,3.79,262.6403271662964,1.3022376,0.0,,fused,0,1,0,
1789421874986,1789421874963,992219809,42.0363022,-93.6504783,3.79,262.9402248936664,1.3014377,0.0,,fused,0,1,0,
1789421875987,1789421875963,992220809,42.0363022,-93.6504785,3.79,263.02307825522234,1.301637,0.0,,fused,0,1,0,
1789421876986,1789421876963,992221809,42.0363023,-93.6504784,3.79,263.1396460315704,1.3262439,0.0,,fused,0,1,0,
1789421877987,1789421877962,992222809,42.0363025,-93.6504782,3.79,262.7212374640666,1.3153049,0.0,,fused,0,1,0,
1789421878989,1789421878963,992223809,42.0363028,-93.650478,3.79,262.7285085162923,1.3150907,0.0,,fused,0,1,0,
1789421879989,1789421879963,992224809,42.0363028,-93.6504778,3.79,262.90509806252186,1.3198334,0.0,,fused,0,1,0,
1789421880989,1789421880963,992225809,42.0363028,-93.6504775,3.79,262.6974355846811,1.3025068,0.0,,fused,0,1,0,
1789421881992,1789421881962,992226809,42.0363029,-93.6504771,3.79,262.64989322748556,1.3024682,0.0,,fused,0,1,0,
1789421882993,1789421882963,992227810,42.0363028,-93.6504768,3.79,262.497191306958,1.3054838,0.0,,fused,0,1,0,
1789421883986,1789421883963,992228809,42.0363028,-93.6504766,3.79,262.51741996896084,1.3062592,0.0,,fused,0,1,0,
1789421884991,1789421884964,992229810,42.0363028,-93.6504764,3.79,262.5771113704804,1.3070313,0.0,,fused,0,1,0,
1789421885988,1789421885963,992230809,42.0363026,-93.6504762,3.79,262.6405029296875,1.3036871,0.0,,fused,0,1,0,
1789421886992,1789421886964,992231810,42.0363024,-93.6504763,3.79,262.77610780602765,1.3026301,0.0,,fused,0,1,0,
1789421887990,1789421887963,992232809,42.0363023,-93.6504763,3.79,262.7878451418805,1.3019542,0.0,,fused,0,1,0,
1789421888988,1789421888962,992233809,42.0363024,-93.6504762,3.79,262.7919141838121,1.3016772,0.0,,fused,0,1,0,
1789421889989,1789421889962,992234809,42.0363024,-93.650476,3.79,262.8523593570024,1.3013939,0.0,,fused,0,1,0,
1789421890986,1789421890962,992235809,42.0363023,-93.6504759,3.79,262.70969294866376,1.3013179,0.0,,fused,0,1,0,
1789421891988,1789421891962,992236809,42.0363021,-93.6504757,3.79,262.69541456706577,1.3014431,0.0,,fused,0,1,0,
1789421892988,1789421892963,992237809,42.036302,-93.6504758,3.79,262.7084251573298,1.3004228,0.0,,fused,0,1,0,
1789421893989,1789421893963,992238809,42.036302,-93.6504757,3.79,262.18803816667486,1.3003027,0.0,,fused,0,1,0,
1789421894989,1789421894963,992239809,42.0363021,-93.6504756,3.79,262.14078185668876,1.3003184,0.0,,fused,0,1,0,
1789421895988,1789421895963,992240809,42.036302,-93.6504754,3.79,262.1169287574851,1.3003539,0.0,,fused,0,1,0,
1789421896987,1789421896962,992241809,42.036302,-93.6504753,3.79,262.0932856361874,1.3003231,0.0,,fused,0,1,0,
1789421897989,1789421897963,992242809,42.0363021,-93.6504752,3.79,262.5883535130563,1.3007721,0.0,,fused,0,1,0,
1789421898989,1789421898962,992243809,42.0363022,-93.6504751,3.79,262.4451139179253,1.3016306,0.0,,fused,0,1,0,
1789421899985,1789421899963,992244809,42.0363021,-93.6504749,3.79,262.78615987988945,1.3082237,0.0,,fused,0,1,0,
1789421900987,1789421900963,992245809,42.0363022,-93.6504748,3.79,262.97010543573174,1.3016825,0.0,,fused,0,1,0,
1789421901987,1789421901963,992246809,42.0363022,-93.6504747,3.79,262.75356612231303,1.301336,0.0,,fused,0,1,0,
1789421902990,1789421902963,992247809,42.0363022,-93.6504747,3.79,262.1514852672668,1.3023841,0.0,,fused,0,1,0,
1789421903991,1789421903963,992248810,42.0363023,-93.6504746,3.79,262.21191600068846,1.302416,0.0,,fused,0,1,0,
1789421904986,1789421904962,992249809,42.0363024,-93.6504746,3.79,262.09991765723424,1.3004047,0.0,,fused,0,1,0,
1789421905988,1789421905962,992250809,42.0363025,-93.6504746,3.79,262.35449958223643,1.301358,0.0,,fused,0,1,0,
1789421906990,1789421906963,992251809,42.0363026,-93.6504746,3.79,262.47483192253094,1.3218433,0.0,,fused,0,1,0,
1789421907987,1789421907963,992252809,42.0363026,-93.6504747,3.79,262.3561179956023,1.3185079,0.0,,fused,0,1,0,
1789421908989,1789421908962,992253809,42.0363026,-93.6504747,3.79,262.17826445116117,1.3132375,0.0,,fused,0,1,0,
1789421909993,1789421909963,992254809,42.0363027,-93.6504749,3.79,262.1865587088502,1.3141307,0.0,,fused,0,1,0,
1789421910985,1789421910963,992255809,42.0363026,-93.6504751,3.79,262.16332811001234,1.302205,0.0,,fused,0,1,0,
1789421911987,1789421911962,992256809,42.0363027,-93.6504754,3.79,262.18831836425244,1.3022306,0.0,,fused,0,1,0,
1789421912994,1789421912963,992257809,42.0363026,-93.6504754,3.79,262.1750017408486,1.3019915,0.0,,fused,0,1,0,
1789421913991,1789421913963,992258810,42.0363027,-93.6504755,3.79,262.32592074258787,1.304985,0.0,,fused,0,1,0,
1789421914986,1789421914963,992259809,42.0363027,-93.6504754,3.79,262.2168083884678,1.3051608,0.0,,fused,0,1,0,
1789421915987,1789421915964,992260810,42.0363027,-93.6504755,3.79,262.3409812158739,1.3048245,0.0,,fused,0,1,0,
1789421916987,1789421916962,992261809,42.0363027,-93.6504755,3.79,262.7579841786058,1.3023472,0.0,,fused,0,1,0,
1789421917988,1789421917962,992262809,42.0363027,-93.6504755,3.79,262.5421292082948,1.3016092,0.0,,fused,0,1,0,
1789421918987,1789421918964,992263810,42.0363028,-93.6504756,3.79,262.67969964469876,1.3015925,0.0,,fused,0,1,0,
1789421919990,1789421919963,992264809,42.0363029,-93.6504756,3.79,262.6605481011053,1.3012692,0.0,,fused,0,1,0,
1789421920988,1789421920963,992265809,42.036303,-93.6504756,3.79,262.8349609375,1.3003024,0.0,,fused,0,1,0,
1789421921988,1789421921962,992266809,42.036303,-93.6504756,3.79,262.853515625,1.3003409,0.0,,fused,0,1,0,
1789421922990,1789421922962,992267808,42.0363031,-93.6504756,3.79,262.7894330181499,1.3003211,0.0,,fused,0,1,0,
1789421923983,1789421923961,992268808,42.0363031,-93.6504757,3.79,262.7894330181499,1.3003812,0.0,,fused,0,1,0,
1789421924985,1789421924962,992269808,42.0363032,-93.6504758,3.79,262.88718838393464,1.3003402,0.0,,fused,0,1,0,
1789421925988,1789421925961,992270808,42.0363031,-93.6504761,3.79,262.3627376500199,1.3002827,0.0,,fused,0,1,0,
1789421926986,1789421926961,992271808,42.0363031,-93.6504764,3.79,262.3756695368219,1.3002456,0.0,,fused,0,1,0,
1789421927991,1789421927961,992272808,42.0363032,-93.6504766,3.79,262.36987876330113,1.3009238,0.0,,fused,0,1,0,
1789421928989,1789421928962,992273808,42.0363032,-93.6504767,3.79,262.5333418741605,1.3011025,0.0,,fused,0,1,0,
1789421929986,1789421929962,992274808,42.0363033,-93.6504767,3.79,262.958984375,1.3011512,0.0,,fused,0,1,0,
1789421930991,1789421930961,992275808,42.0363035,-93.6504767,3.79,263.1376037956831,1.3077418,0.0,,fused,0,1,0,
1789421931987,1789421931962,992276808,42.0363036,-93.6504767,3.79,262.7889980832228,1.3026812,0.0,,fused,0,1,0,
1789421932987,1789421932962,992277808,42.0363037,-93.6504766,3.79,262.4548410685643,1.3020918,0.0,,fused,0,1,0,
1789421933988,1789421933962,992278808,42.0363037,-93.6504766,3.79,262.99456787109375,1.3004962,0.0,,fused,0,1,0,
1789421934987,1789421934962,992279808,42.0363037,-93.6504765,3.79,263.05256370760975,1.3004644,0.0,,fused,0,1,0,
1789421935991,1789421935962,992280808,42.0363036,-93.6504763,3.79,262.776573704527,1.3010738,0.0,,fused,0,1,0,
1789421936987,1789421936961,992281808,42.0363036,-93.6504762,3.79,262.902753492201,1.31889,0.0,,fused,0,1,0,
1789421937988,1789421937961,992282808,42.0363035,-93.6504761,3.79,262.6481783874892,1.3156315,0.0,,fused,0,1,0,
1789421938988,1789421938962,992283808,42.0363035,-93.6504761,3.79,262.6424505975953,1.3137369,0.0,,fused,0,1,0,
1789421939990,1789421939961,992284808,42.0363035,-93.650476,3.79,262.5547717385921,1.3132992,0.0,,fused,0,1,0,
1789421940987,1789421940962,992285809,42.0363036,-93.6504759,3.79,262.4554101367266,1.3018119,0.0,,fused,0,1,0,
1789421941990,1789421941962,992286808,42.0363036,-93.6504757,3.79,262.5320963101803,1.3019695,0.0,,fused,0,1,0,
1789421942987,1789421942962,992287809,42.0363037,-93.6504757,3.79,262.38692473791576,1.3018078,0.0,,fused,0,1,0,
1789421943989,1789421943961,992288808,42.0363037,-93.6504757,3.79,262.40876701965016,1.3034148,0.0,,fused,0,1,0,
1789421944989,1789421944961,992289808,42.0363037,-93.6504757,3.79,262.364157693164,1.3040123,0.0,,fused,0,1,0,
1789421945980,1789421945961,992290808,42.0363037,-93.6504757,3.79,262.5335424487147,1.3037515,0.0,,fused,0,1,0,
1789421946987,1789421946962,992291808,42.0363036,-93.6504757,3.79,262.9878241237821,1.3019228,0.0,,fused,0,1,0,
1789421947987,1789421947962,992292808,42.0363036,-93.6504759,4.331,262.8572330615199,1.3012995,0.0,,fused,0,1,0,
1789421948986,1789421948963,992293809,42.0363035,-93.650476,4.421,262.9905972016778,1.301091,0.0,,fused,0,1,0,
1789421949990,1789421949962,992294808,42.0363034,-93.6504759,4.421,263.048161904416,1.3009198,0.0,,fused,0,1,0,
1789421950988,1789421950962,992295808,42.0363034,-93.6504759,4.331,262.95853690154183,1.300973,0.0,,fused,0,1,0,
1789421951987,1789421951961,992296808,42.0363032,-93.6504759,4.421,263.09375739735293,1.3002226,0.0,,fused,0,1,0,
1789421952987,1789421952961,992297808,42.0363031,-93.6504758,3.79,262.5645566867502,1.3001434,0.0,,fused,0,1,0,
1789421953988,1789421953962,992298808,42.0363031,-93.6504758,3.79,262.5624814914377,1.3001956,0.0,,fused,0,1,0,
1789421954984,1789421954961,992299808,42.0363032,-93.6504758,3.79,262.8711154198748,1.3002254,0.0,,fused,0,1,0,
1789421955989,1789421955963,992300809,42.0363032,-93.6504758,3.79,262.5725369414575,1.3002101,0.0,,fused,0,1,0,
1789421956986,1789421956962,992301808,42.0363033,-93.6504757,3.79,262.56459451417453,1.3001797,0.0,,fused,0,1,0,
1789421957988,1789421957961,992302808,42.0363033,-93.6504757,3.79,262.6253203465704,1.3070724,0.0,,fused,0,1,0,
1789421958988,1789421958961,992303808,42.0363033,-93.6504756,3.79,263.16293279387696,1.3009317,0.0,,fused,0,1,0,
1789421959989,1789421959961,992304808,42.0363032,-93.6504757,3.79,263.05798613119805,1.3009664,0.0,,fused,0,1,0,
1789421960987,1789421960962,992305808,42.0363032,-93.6504756,3.79,263.0418190454771,1.30086,0.0,,fused,0,1,0,
1789421961990,1789421961963,992306809,42.0363032,-93.6504756,3.79,262.63160392831554,1.3009238,0.0,,fused,0,1,0,
1789421962986,1789421962962,992307808,42.0363032,-93.6504756,3.79,262.47573258165977,1.3017018,0.0,,fused,0,1,0,
1789421963983,1789421963961,992308808,42.0363032,-93.6504754,3.79,262.69494768626464,1.3007653,0.0,,fused,0,1,0,
1789421964985,1789421964961,992309808,42.0363032,-93.6504754,3.79,262.70680125433023,1.3007792,0.0,,fused,0,1,0,
1789421965986,1789421965962,992310808,42.0363032,-93.6504752,3.79,262.79539930025663,1.3158671,0.0,,fused,0,1,0,
1789421966987,1789421966962,992311808,42.0363032,-93.6504752,3.79,262.6140615055449,1.3138356,0.0,,fused,0,1,0,
1789421967991,1789421967961,992312808,42.0363033,-93.6504752,3.79,262.5595508866409,1.312599,0.0,,fused,0,1,0,
1789421968988,1789421968961,992313808,42.0363033,-93.6504751,3.79,262.5639893778872,1.3009772,0.0,,fused,0,1,0,
1789421969991,1789421969961,992314808,42.0363032,-93.650475,3.79,262.4024677773426,1.3017347,0.0,,fused,0,1,0,
1789421970987,1789421970962,992315808,42.0363033,-93.650475,3.79,262.30548157102703,1.3024334,0.0,,fused,0,1,0,
1789421971987,1789421971961,992316808,42.0363034,-93.6504749,3.79,262.2269646597312,1.3025156,0.0,,fused,0,1,0,
1789421972988,1789421972962,992317808,42.0363034,-93.6504748,3.79,262.2732092937825,1.302765,0.0,,fused,0,1,0,
1789421973990,1789421973962,992318809,42.0363033,-93.6504748,3.79,262.44850207944177,1.3020655,0.0,,fused,0,1,0,
1789421974987,1789421974962,992319808,42.0363034,-93.6504748,3.79,262.2096710065765,1.3021586,0.0,,fused,0,1,0,
1789421975991,1789421975962,992320808,42.0363034,-93.6504748,3.79,262.4291828462102,1.3009623,0.0,,fused,0,1,0,
1789421976987,1789421976962,992321808,42.0363034,-93.6504747,3.79,262.4919965579162,1.3007923,0.0,,fused,0,1,0,
1789421977992,1789421977963,992322809,42.0363034,-93.6504747,3.79,262.3499883913218,1.3008335,0.0,,fused,0,1,0,
1789421978986,1789421978962,992323808,42.0363034,-93.6504745,3.79,262.0346037078169,1.3008678,0.0,,fused,0,1,0,
1789421979987,1789421979961,992324808,42.0363034,-93.6504745,3.79,261.7592126371401,1.3008966,0.0,,fused,0,1,0,
1789421980988,1789421980962,992325808,42.0363033,-93.6504746,3.79,261.75344871242675,1.3008531,0.0,,fused,0,1,0,
1789421981987,1789421981962,992326808,42.0363034,-93.6504745,3.79,261.75137351711425,1.3001513,0.0,,fused,0,1,0,
1789421982990,1789421982962,992327808,42.0363034,-93.6504746,3.79,261.7538759585205,1.3001136,0.0,,fused,0,1,0,
1789421983991,1789421983962,992328808,42.0363033,-93.6504747,3.79,261.76358054836425,1.3001598,0.0,,fused,0,1,0,
1789421984984,1789421984962,992329808,42.0363034,-93.6504746,3.79,262.28047822306667,1.300241,0.0,,fused,0,1,0,
1789421985987,1789421985962,992330808,42.0363034,-93.6504746,3.79,262.4154055801725,1.300323,0.0,,fused,0,1,0,
1789421986989,1789421986962,992331809,42.0363034,-93.6504745,3.79,262.4901785500429,1.3002607,0.0,,fused,0,1,0,
1789421987986,1789421987961,992332808,42.0363033,-93.6504744,3.79,261.85324395384725,1.3008708,0.0,,fused,0,1,0,
1789421988980,1789421988962,992333808,42.0363033,-93.6504742,3.79,262.06381528234726,1.3008986,0.0,,fused,0,1,0,
1789421989987,1789421989961,992334808,42.0363033,-93.6504742,3.79,261.9360878733154,1.3008261,0.0,,fused,0,1,0,
1789421990986,1789421990962,992335808,42.0363033,-93.6504743,3.79,262.2286175527414,1.302465,0.0,,fused,0,1,0,
1789421991988,1789421991962,992336808,42.0363033,-93.6504743,3.79,262.1667362932035,1.3022342,0.0,,fused,0,1,0,
1789421992988,1789421992963,992337809,42.0363033,-93.6504743,3.79,262.1109712535915,1.3005298,0.0,,fused,0,1,0,
1789421993979,1789421993962,992338808,42.0363033,-93.6504743,3.79,262.09293349377157,1.3106196,0.0,,fused,0,1,0,
1789421994988,1789421994962,992339808,42.0363033,-93.6504744,3.79,262.29026708120955,1.312806,0.0,,fused,0,1,0,
1789421995988,1789421995962,992340808,42.0363034,-93.6504744,3.79,262.5940196019033,1.3147213,0.0,,fused,0,1,0,
1789421996987,1789421996961,992341808,42.0363034,-93.6504745,3.79,262.28315637521246,1.3007551,0.0,,fused,0,1,0,
1789421997988,1789421997961,992342808,42.0363035,-93.6504746,3.79,262.1823015190685,1.3007535,0.0,,fused,0,1,0,
1789421998989,1789421998962,992343808,42.0363036,-93.6504748,3.79,262.01880041524043,1.3019193,0.0,,fused,0,1,0,
1789421999985,1789421999961,992344808,42.0363037,-93.6504747,3.79,262.029062836015,1.3018239,0.0,,fused,0,1,0,
1789422000987,1789422000962,992345809,42.0363037,-93.6504746,3.79,261.9318098502303,1.3017622,0.0,,fused,0,1,0,
1789422001987,1789422001961,992346808,42.0363038,-93.6504746,3.79,261.95449596860334,1.3018357,0.0,,fused,0,1,0,
1789422002990,1789422002962,992347808,42.0363039,-93.6504746,3.79,261.9694116574352,1.3013244,0.0,,fused,0,1,0,
1789422003986,1789422003961,992348808,42.036304,-93.6504746,3.79,261.98436527071647,1.3019211,0.0,,fused,0,1,0,
1789422004986,1789422004961,992349808,42.0363041,-93.6504746,3.79,262.28976353095356,1.3007101,0.0,,fused,0,1,0,
1789422005989,1789422005961,992350808,42.0363041,-93.6504745,3.79,262.3584334167169,1.3007665,0.0,,fused,0,1,0,
1789422006988,1789422006962,992351808,42.0363041,-93.6504745,3.79,262.3170822557893,1.3007709,0.0,,fused,0,1,0,
1789422007986,1789422007961,992352808,42.0363043,-93.6504744,3.79,262.1031944585474,1.3008308,0.0,,fused,0,1,0,
1789422008987,1789422008961,992353808,42.0363044,-93.6504741,3.79,261.9950205929772,1.3008149,0.0,,fused,0,1,0,
1789422009988,1789422009961,992354808,42.0363046,-93.650474,3.79,261.99752303438345,1.3008518,0.0,,fused,0,1,0,
1789422010988,1789422010961,992355808,42.0363047,-93.650474,3.79,262.0981889712474,1.300086,0.0,,fused,0,1,0,
1789422011991,1789422011962,992356808,42.0363048,-93.650474,3.79,262.441433135475,1.3001866,0.0,,fused,0,1,0,
1789422012987,1789422012961,992357808,42.0363048,-93.6504739,3.79,262.5870199439479,1.3001833,0.0,,fused,0,1,0,
1789422013985,1789422013962,992358808,42.0363048,-93.6504739,3.79,262.4928690082689,1.3002287,0.0,,fused,0,1,0,
1789422014985,1789422014962,992359808,42.0363047,-93.650474,3.79,262.7055257353097,1.3001657,0.0,,fused,0,1,0,
1789422015985,1789422015962,992360808,42.0363047,-93.6504741,3.79,262.6327092129616,1.3002042,0.0,,fused,0,1,0,
1789422016992,1789422016962,992361809,42.0363046,-93.6504742,3.79,262.72080013445265,1.3001604,0.0,,fused,0,1,0,
1789422017988,1789422017961,992362808,42.0363046,-93.6504742,3.79,262.73209521143457,1.3006613,0.0,,fused,0,1,0,
1789422018985,1789422018962,992363808,42.0363046,-93.6504744,3.79,262.8594738497658,1.3009638,0.0,,fused,0,1,0,
1789422019989,1789422019962,992364808,42.0363046,-93.6504743,3.79,262.671729214703,1.3010828,0.0,,fused,0,1,0,
1789422020988,1789422020961,992365808,42.0363046,-93.6504742,3.79,262.6517717608003,1.3009748,0.0,,fused,0,1,0,
1789422021989,1789422021962,992366808,42.0363047,-93.6504742,3.79,262.30926831997544,1.3129727,0.0,,fused,0,1,0,
1789422022988,1789422022961,992367808,42.0363047,-93.6504741,3.79,262.3709456146812,1.3117931,0.0,,fused,0,1,0,
1789422023989,1789422023961,992368808,42.0363047,-93.6504741,3.79,262.62803411163037,1.3136536,0.0,,fused,0,1,0,
1789422024987,1789422024962,992369808,42.0363047,-93.650474,3.79,262.7843785805109,1.3148534,0.0,,fused,0,1,0,
1789422025987,1789422025963,992370809,42.0363047,-93.6504739,3.79,262.60699070119483,1.3006297,0.0,,fused,0,1,0,
1789422026987,1789422026961,992371808,42.0363045,-93.6504737,3.79,262.2645936154904,1.300524,0.0,,fused,0,1,0,
1789422027988,1789422027962,992372808,42.0363044,-93.6504737,3.79,262.2866823358215,1.3008898,0.0,,fused,0,1,0,
1789422028987,1789422028962,992373808,42.0363044,-93.6504737,3.79,262.2857814796801,1.301654,0.0,,fused,0,1,0,
1789422029988,1789422029963,992374809,42.0363043,-93.6504738,3.79,262.15084926533166,1.3012389,0.0,,fused,0,1,0,
1789422030990,1789422030961,992375808,42.0363044,-93.6504738,3.79,262.38086945221755,1.3012215,0.0,,fused,0,1,0,
1789422031991,1789422031961,992376808,42.0363045,-93.6504738,3.79,262.2518350499608,1.3011848,0.0,,fused,0,1,0,
1789422032989,1789422032961,992377808,42.0363045,-93.6504739,3.79,262.56801071805154,1.3011296,0.0,,fused,0,1,0,
1789422033992,1789422033961,992378808,42.0363045,-93.6504738,3.79,262.72156240001453,1.3011189,0.0,,fused,0,1,0,
1789422034990,1789422034961,992379808,42.0363045,-93.6504737,3.79,262.6794138486778,1.3007034,0.0,,fused,0,1,0,
1789422035984,1789422035961,992380808,42.0363045,-93.6504736,3.79,262.5076746027727,1.3007475,0.0,,fused,0,1,0,
1789422036987,1789422036961,992381808,42.0363046,-93.6504735,3.79,262.40361683430325,1.3007162,0.0,,fused,0,1,0,
1789422037988,1789422037961,992382808,42.0363047,-93.6504734,3.79,262.41170776845246,1.3007747,0.0,,fused,0,1,0,
1789422038985,1789422038961,992383808,42.0363049,-93.6504733,3.79,262.3919319833164,1.3008193,0.0,,fused,0,1,0,
1789422039986,1789422039961,992384808,42.0363048,-93.6504731,3.79,262.21663313533674,1.3001403,0.0,,fused,0,1,0,
1789422040987,1789422040961,992385808,42.0363047,-93.650473,3.79,262.67325220242685,1.3001161,0.0,,fused,0,1,0,
1789422041990,1789422041962,992386808,42.0363048,-93.6504729,3.79,262.6940907016983,1.3001419,0.0,,fused,0,1,0,
1789422042987,1789422042961,992387808,42.0363047,-93.6504729,3.79,262.72468807522074,1.3001033,0.0,,fused,0,1,0,
1789422043987,1789422043961,992388808,42.0363046,-93.6504729,3.79,262.79889870590154,1.3001469,0.0,,fused,0,1,0,
1789422044990,1789422044962,992389808,42.0363045,-93.650473,3.79,262.86452827991343,1.3001078,0.0,,fused,0,1,0,
1789422045990,1789422045963,992390809,42.0363045,-93.650473,3.79,263.044500403858,1.3004524,0.0,,fused,0,1,0,
1789422046987,1789422046961,992391808,42.0363046,-93.650473,3.79,262.94724236735993,1.3008268,0.0,,fused,0,1,0,
1789422047988,1789422047962,992392808,42.0363045,-93.650473,3.79,262.8868763706284,1.3008878,0.0,,fused,0,1,0,
1789422048989,1789422048961,992393808,42.0363045,-93.650473,3.79,262.7932478015149,1.3008667,0.0,,fused,0,1,0,
1789422049986,1789422049962,992394808,42.0363044,-93.6504729,3.79,262.7932478015149,1.3127154,0.0,,fused,0,1,0,
1789422050989,1789422050962,992395808,42.0363044,-93.650473,3.79,262.4629190537765,1.3110484,0.0,,fused,0,1,0,
1789422051988,1789422051962,992396809,42.0363044,-93.6504729,3.79,262.88231432064015,1.3126391,0.0,,fused,0,1,0,
1789422052989,1789422052961,992397808,42.0363043,-93.6504729,3.79,262.78287252764744,1.3004673,0.0,,fused,0,1,0,
1789422053989,1789422053962,992398808,42.0363043,-93.6504729,3.79,262.3718339781232,1.3004563,0.0,,fused,0,1,0,
1789422054987,1789422054962,992399808,42.0363044,-93.6504729,3.79,262.36144528280886,1.3004136,0.0,,fused,0,1,0,
1789422055987,1789422055961,992400808,42.0363045,-93.6504728,3.79,262.39940146391154,1.3004621,0.0,,fused,0,1,0,
1789422056987,1789422056961,992401808,42.0363037,-93.6504727,3.658,262.38551382049036,1.3011272,0.06708762,,fused,0,1,0,
1789422057990,1789422057961,992402808,42.0363037,-93.6504727,3.526,262.0742937030681,1.3011158,0.069037706,,fused,0,1,0,
1789422058985,1789422058961,992403808,42.0363037,-93.6504727,3.316,262.19001446268123,1.3011063,0.06599988,,fused,0,1,0,
1789422059987,1789422059962,992404808,42.0363036,-93.6504727,3.158,262.27164244309176,1.3011612,0.06507318,,fused,0,1,0,
1789422060988,1789422060962,992405809,42.0363036,-93.6504727,3.0,262.27394994146636,1.3010719,0.06535529,,fused,0,1,0,
1789422061988,1789422061962,992406808,42.0363038,-93.6504727,3.0,262.05518485190413,1.3010387,0.06444001,,fused,0,1,0,
1789422062988,1789422062962,992407808,42.0363037,-93.6504726,3.0,262.1424583196827,1.3006656,0.06485497,,fused,0,1,0,
1789422063987,1789422063962,992408808,42.0363035,-93.6504725,3.0,262.0308704118229,1.3007128,0.066799834,,fused,0,1,0,
1789422064985,1789422064962,992409808,42.0363034,-93.6504725,3.0,262.04272644981296,1.3006977,0.06753733,,fused,0,1,0,
1789422065986,1789422065962,992410808,42.0363033,-93.6504725,3.0,262.0267164311668,1.307568,0.06797095,,fused,0,1,0,
1789422066986,1789422066962,992411808,42.0363032,-93.6504725,3.0,262.4297075137473,1.3007182,0.06836475,,fused,0,1,0,
1789422067987,1789422067962,992412808,42.0363031,-93.6504724,3.0,262.4957567645844,1.3007293,0.070470065,,fused,0,1,0,
1789422068988,1789422068962,992413809,42.036303,-93.6504723,3.0,262.441433135475,1.300062,0.0763336,,fused,0,1,0,
1789422069985,1789422069962,992414808,42.036303,-93.6504723,3.0,262.5226138905511,1.3001045,0.075214,,fused,0,1,0,
1789422070988,1789422070961,992415808,42.0363029,-93.6504722,3.0,262.54184015734546,1.300067,0.07501302,,fused,0,1,0,
1789422071988,1789422071961,992416808,42.0363029,-93.6504722,3.0,262.5495730309002,1.3001088,0.07717991,,fused,0,1,0,
1789422072986,1789422072961,992417808,42.0363028,-93.6504721,3.0,262.67391342586774,1.3003284,0.07566303,,fused,0,1,0,
1789422073987,1789422073963,992418809,42.0363028,-93.650472,3.0,262.4861691157519,1.3007811,0.07254082,,fused,0,1,0,
1789422074987,1789422074961,992419808,42.0363028,-93.6504715,3.0,262.4771385539958,1.3007423,0.07302175,,fused,0,1,0,
1789422075990,1789422075961,992420808,42.0363028,-93.6504716,3.0,262.35704254915686,1.3008281,0.073344745,,fused,0,1,0,
1789422076987,1789422076961,992421808,42.0363027,-93.6504716,3.0,262.3688609476545,1.3117919,0.07442066,,fused,0,1,0,
1789422077987,1789422077961,992422808,42.0363026,-93.6504716,3.0,262.00169073809724,1.3109517,0.07449918,,fused,0,1,0,
1789422078988,1789422078961,992423808,42.0363026,-93.6504716,3.0,261.93533817723596,1.3125601,0.074214526,,fused,0,1,0,
1789422079989,1789422079962,992424808,42.0363025,-93.6504716,3.0,262.28435992166027,1.3132441,0.07335777,,fused,0,1,0,
1789422080988,1789422080962,992425809,42.0363025,-93.6504716,3.0,262.06914810715665,1.3003583,0.07530355,,fused,0,1,0,
1789422081944,1789422081865,992426712,42.0363025,-93.6504715,3.0,261.8675311654776,1.3063762,0.0755638,,fused,0,1,0,
1789422082989,1789422082962,992427808,42.0363025,-93.6504717,3.0,261.82599231464593,1.3003331,0.07344809,,fused,0,1,0,
1789422083989,1789422083962,992428808,42.0363026,-93.6504717,3.0,262.11625352931094,1.3003819,0.07476785,,fused,0,1,0,
1789422084989,1789422084961,992429808,42.0363026,-93.6504717,3.0,261.7673609785722,1.3010826,0.07363137,,fused,0,1,0,
1789422085991,1789422085961,992430808,42.0363026,-93.6504717,3.0,261.507711942775,1.3010787,0.0739355,,fused,0,1,0,
1789422086991,1789422086962,992431808,42.0363026,-93.6504719,3.0,261.59848189855944,1.3010612,0.07266039,,fused,0,1,0,
1789422087986,1789422087961,992432808,42.0363026,-93.650472,3.0,261.71677865140776,1.301153,0.07200985,,fused,0,1,0,
1789422088986,1789422088962,992433808,42.0363025,-93.650472,3.0,261.6752604331057,1.3010378,0.07075317,,fused,0,1,0,
1789422089986,1789422089962,992434808,42.0363024,-93.6504721,3.0,261.72855804176834,1.3010678,0.07120911,,fused,0,1,0,
1789422090988,1789422090961,992435808,42.0363024,-93.6504722,3.0,261.7266939170478,1.3009534,0.07179589,,fused,0,1,0,
1789422091987,1789422091962,992436808,42.0363023,-93.6504723,3.0,261.8444648507111,1.3006928,0.07200412,,fused,0,1,0,
1789422092988,1789422092962,992437808,42.0363023,-93.6504723,3.0,261.75820210358927,1.3006579,0.073990166,,fused,0,1,0,
1789422093987,1789422093962,992438808,42.0363022,-93.6504723,3.0,261.75348725005733,1.3075052,0.072074994,,fused,0,1,0,
1789422094985,1789422094962,992439808,42.036302,-93.6504723,3.0,262.17530339259037,1.3006653,0.07071943,,fused,0,1,0,
1789422095987,1789422095961,992440808,42.0363019,-93.6504722,3.0,262.21413215598574,1.3006921,0.06993303,,fused,0,1,0,
1789422096987,1789422096961,992441808,42.0363018,-93.6504722,3.0,262.2542612790202,1.300644,0.067123584,,fused,0,1,0,
1789422097988,1789422097961,992442808,42.0363018,-93.6504722,3.0,262.24458008690084,1.3000777,0.06876483,,fused,0,1,0,
1789422098987,1789422098962,992443808,42.0363019,-93.6504724,3.0,262.31260773650234,1.3000393,0.067799754,,fused,0,1,0,
1789422099987,1789422099961,992444808,42.0363018,-93.6504724,3.0,262.2735908773497,1.3000813,0.067644246,,fused,0,1,0,
1789422100985,1789422100962,992445808,42.0363019,-93.6504723,3.0,262.2674990564812,1.3000401,0.067844294,,fused,0,1,0,
1789422101988,1789422101962,992446808,42.0363019,-93.6504723,3.0,262.2976314433164,1.3000832,0.068813175,,fused,0,1,0,
1789422102988,1789422102962,992447808,42.0363019,-93.6504723,3.0,262.4270435903517,1.3002504,0.06896278,,fused,0,1,0,
1789422103990,1789422103963,992448809,42.036302,-93.6504723,3.0,262.3147250777416,1.3006805,0.068740904,,fused,0,1,0,
1789422104989,1789422104961,992449808,42.0363019,-93.6504725,3.0,262.31225634429495,1.300633,0.070445314,,fused,0,1,0,
1789422105989,1789422105961,992450808,42.036302,-93.6504725,3.0,262.1456711434207,1.3007382,0.07037767,,fused,0,1,0,
1789422106990,1789422106963,992451809,42.0363021,-93.6504726,3.0,262.36965450662143,1.3116002,0.07034723,,fused,0,1,0,
1789422107987,1789422107962,992452808,42.0363022,-93.6504726,3.0,262.0004157005102,1.3116019,0.07125692,,fused,0,1,0,
1789422108986,1789422108962,992453808,42.0363024,-93.6504727,3.0,262.5114972222585,1.3127931,0.06924735,,fused,0,1,0,
1789422109988,1789422109962,992454809,42.0363026,-93.6504728,3.0,262.1761761025827,1.3003001,0.068693504,,fused,0,1,0,
1789422110987,1789422110962,992455808,42.0363028,-93.650473,3.0,261.9441306974532,1.3002675,0.06955642,,fused,0,1,0,
1789422111987,1789422111962,992456809,42.036303,-93.650473,3.0,261.85826192175244,1.300292,0.07013011,,fused,0,1,0,
1789422112988,1789422112961,992457808,42.0363031,-93.650473,3.0,261.8415577289232,1.3002551,0.07055374,,fused,0,1,0,
1789422113990,1789422113962,992458808,42.0363032,-93.650473,3.0,261.7148241685229,1.3002524,0.0726685,,fused,0,1,0,
1789422114988,1789422114962,992459808,42.0363034,-93.650473,3.0,261.9051210589093,1.3002821,0.070772976,,fused,0,1,0,
1789422115989,1789422115961,992460808,42.0363035,-93.6504731,3.0,261.34546553474695,1.3010442,0.070795834,,fused,0,1,0,
1789422116986,1789422116962,992461808,42.0363038,-93.6504735,3.0,261.47263100538385,1.3010335,0.0728425,,fused,0,1,0,
1789422117989,1789422117962,992462808,42.0363039,-93.6504734,3.0,261.48597874909,1.3010751,0.072948255,,fused,0,1,0,
1789422118989,1789422118962,992463808,42.0363039,-93.6504735,3.0,261.4988535344176,1.3010161,0.07286192,,fused,0,1,0,
1789422119987,1789422119962,992464809,42.036304,-93.6504735,3.0,261.6360961598165,1.3010364,0.07427839,,fused,0,1,0,
1789422120986,1789422120961,992465808,42.0363041,-93.6504736,3.0,261.7643425336653,1.3006309,0.07457068,,fused,0,1,0,
1789422121986,1789422121962,992466808,42.0363041,-93.6504736,3.0,261.7955214455616,1.300692,0.07528497,,fused,0,1,0,
1789422122989,1789422122962,992467808,42.036304,-93.6504737,3.0,261.66623121847664,1.3006557,0.07579607,,fused,0,1,0,
1789422123987,1789422123962,992468808,42.036304,-93.6504737,3.0,261.66016632571825,1.3007631,0.07757641,,fused,0,1,0,
1789422124986,1789422124962,992469808,42.0363041,-93.6504736,3.0,261.6717854176954,1.3007325,0.07702777,,fused,0,1,0,
1789422125984,1789422125963,992470809,42.0363041,-93.6504736,3.0,262.0662262797968,1.300672,0.07419855,,fused,0,1,0,
1789422126986,1789422126961,992471808,42.036304,-93.6504736,3.0,262.01599955051995,1.3000207,0.0735566,,fused,0,1,0,
1789422127989,1789422127962,992472809,42.0363041,-93.6504737,3.0,262.0263952771526,1.3000581,0.073338,,fused,0,1,0,
1789422128985,1789422128961,992473808,42.0363041,-93.6504736,3.0,262.1219216467058,1.3000214,0.072082356,,fused,0,1,0,
1789422129986,1789422129962,992474808,42.0363042,-93.6504737,3.0,262.06743542331384,1.3000633,0.072508454,,fused,0,1,0,
1789422130990,1789422130962,992475809,42.0363042,-93.6504737,3.0,262.1799286672973,1.3000224,0.07259912,,fused,0,1,0,
1789422131989,1789422131961,992476808,42.0363042,-93.6504737,3.0,262.34421739005967,1.3002225,0.070365734,,fused,0,1,0,
1789422132991,1789422132962,992477808,42.0363042,-93.6504738,3.0,262.2770767059948,1.3001729,0.06878572,,fused,0,1,0,
1789422133989,1789422133961,992478808,42.0363042,-93.6504738,3.0,262.25059423641886,1.3006159,0.06824125,,fused,0,1,0,
1789422134988,1789422134962,992479808,42.0363043,-93.6504739,3.0,262.29604394941623,1.3005594,0.068894796,,fused,0,1,0,
1789422135988,1789422135962,992480808,42.0363042,-93.650474,3.0,262.1661088641733,1.3096563,0.06893547,,fused,0,1,0,
1789422136985,1789422136961,992481808,42.0363043,-93.6504741,3.0,262.22471985366286,1.3095591,0.06885157,,fused,0,1,0,
1789422137987,1789422137962,992482808,42.0363042,-93.6504741,3.0,262.04182892626847,1.3105823,0.06939179,,fused,0,1,0,
1789422138985,1789422138962,992483808,42.0363042,-93.6504738,3.0,262.2612837475546,1.3118336,0.09087018,,fused,0,1,0,
1789422139987,1789422139961,992484808,42.0363044,-93.6504734,3.0,262.2049839188207,1.3002282,0.09759578,,fused,0,1,0,
1789422140985,1789422140961,992485808,42.0363037,-93.6504731,3.0,261.9616511913232,1.3001914,0.12839358,90.0,fused,0,1,0,
1789422141988,1789422141961,992486808,42.0362999,-93.6504726,3.079,261.9403658914753,1.3002282,0.0,,fused,0,1,0,
1789422142987,1789422142962,992487808,42.0363007,-93.650476,3.143,261.813590937231,1.3001834,0.42,164.0,fused,0,1,0,
1789422143978,1789422143961,992488808,42.0363151,-93.6504829,3.263,261.82286570799965,1.3002244,1.7,342.0,fused,0,1,0,
1789422144989,1789422144962,992489808,42.0363328,-93.650488,3.395,261.53797624592073,1.3002967,1.89,345.0,fused,0,1,0,
1789422145986,1789422145962,992490808,42.0363536,-93.6504924,3.658,261.18465874018784,1.3010237,2.27,351.0,fused,0,1,0,
1789422146986,1789422146961,992491808,42.0363681,-93.650494,3.79,261.26288360929544,1.3010159,1.44,353.0,fused,0,1,0,
1789422147990,1789422147962,992492808,42.0363829,-93.6504941,3.79,261.20739229696585,1.3010681,1.6497952,359.1576,fused,0,1,0,
1789422148987,1789422148961,992493808,42.036398,-93.6504913,3.79,261.262824708066,1.3010365,1.5431577,5.8654037,fused,0,1,0,
1789422149988,1789422149962,992494808,42.0364123,-93.6504875,3.79,261.058967286191,1.301045,1.5230196,6.858351,fused,0,1,0,
1789422150988,1789422150962,992495808,42.0364253,-93.6504868,3.79,261.1630600466921,1.3016566,1.270335,355.1706,fused,0,1,0,
1789422151991,1789422151962,992496808,42.036429,-93.6504775,3.658,261.0522804590642,1.3006574,1.3142853,355.30026,fused,0,1,0,
1789422153003,1789422152961,992497808,42.0364391,-93.6504828,3.526,261.1117134273227,1.3006321,1.2804737,299.0841,fused,0,1,0,
1789422153984,1789422153962,992498808,42.0364372,-93.6504994,3.263,261.1999378306143,1.300663,1.2730635,204.66603,fused,0,1,0,
1789422154990,1789422154962,992499808,42.036427,-93.6505055,3.175,261.2557215949619,1.3006184,1.3472325,186.19177,fused,0,1,0,
1789422155991,1789422155962,992500809,42.0364115,-93.6505182,3.0,261.4432070684661,1.3007109,1.4074291,192.7824,fused,0,1,0,
1789422156990,1789422156962,992501809,42.0364037,-93.650525,3.0,261.57290834031755,1.3006912,1.3524275,200.73242,fused,0,1,0,
1789422157984,1789422157961,992502808,42.0363923,-93.6505322,3.0,262.20370406254875,1.3000498,1.2726485,197.5881,fused,0,1,0,
1789422158987,1789422158962,992503808,42.0363785,-93.6505347,3.0,262.2245425618202,1.3000109,1.2623023,191.14789,fused,0,1,0,
1789422159988,1789422159962,992504808,42.0363637,-93.6505331,3.0,262.18952356567047,1.3000517,1.2145314,184.54161,fused,0,1,0,
1789422160947,1789422160924,992505770,42.0363516,-93.6505304,3.008,262.18952356567047,1.3000517,1.1466365,178.53134,fused,0,1,0,
1789422161986,1789422161962,992506808,42.0363269,-93.6505131,3.007,262.500405386484,1.3001454,1.0957245,172.15962,fused,0,1,0,
1789422162987,1789422162962,992507808,42.0363178,-93.6505046,3.009,262.49965162987354,1.3001133,1.026125,158.76198,fused,0,1,0,
1789422163991,1789422163961,992508808,42.036312,-93.6504973,3.008,262.61806940103713,1.3004878,1.1727884,127.96866,fused,0,1,0,
1789422164990,1789422164961,992509808,42.0362966,-93.6504937,3.07,262.77803391488766,1.3004773,1.4471594,166.3377,fused,0,1,0,
1789422165987,1789422165963,992510810,42.0362837,-93.6504941,3.525,262.95606872645124,1.307008,1.3420409,163.7795,fused,0,1,0,
1789422166987,1789422166962,992511808,42.0362734,-93.650503,3.569,262.9664268477302,1.3081282,0.68638647,165.01192,fused,0,1,0,
1789422167988,1789422167961,992512808,42.036274,-93.6505026,3.626,263.0840721534721,1.3089719,0.42040068,158.15715,fused,0,1,0,
1789422168990,1789422168961,992513808,42.0362767,-93.6505011,3.783,262.88775789772734,1.3093473,0.16484764,146.65623,fused,0,1,0,
1789422169991,1789422169962,992514808,42.0362793,-93.6505009,3.658,262.79995405627386,1.3001736,0.074710056,,fused,0,1,0,
1789422170998,1789422170962,992515808,42.0362805,-93.6505017,3.399,262.5382260605943,1.300129,0.064416245,,fused,0,1,0,
1789422171995,1789422171961,992516808,42.0362809,-93.6505029,3.0,262.33567951815434,1.3001713,0.057426773,,fused,0,1,0,
1789422172981,1789422172961,992517808,42.036281,-93.6505046,3.0,262.34285841716957,1.3003309,0.056181397,,fused,0,1,0,
1789422173986,1789422173962,992518808,42.0362807,-93.6505056,3.0,262.21007547163066,1.300041,0.06343528,,fused,0,1,0,
1789422174981,1789422174962,992519808,42.0362803,-93.6505069,3.0,262.0719707137269,1.3009869,0.06483453,,fused,0,1,0,
1789422175989,1789422175962,992520809,42.0362799,-93.6505071,3.0,261.73759731152825,1.3010118,0.095941894,,fused,0,1,0,
1789422176988,1789422176961,992521808,42.0362794,-93.6505071,3.0,261.7743535395225,1.3009884,0.10373193,146.73358,fused,0,1,0,
1789422177987,1789422177961,992522808,42.0362788,-93.6505071,3.0,261.67154439028803,1.3010411,0.0961696,,fused,0,1,0,
1789422178986,1789422178961,992523808,42.0362786,-93.6505073,3.0,261.7756371507892,1.3009623,0.09494774,,fused,0,1,0,
1789422179987,1789422179962,992524808,42.0362781,-93.6505068,3.0,261.81434579919386,1.3006489,0.089187026,,fused,0,1,0,
1789422180989,1789422180962,992525808,42.0362779,-93.6505069,3.0,261.64740688956533,1.3006316,0.09033705,,fused,0,1,0,
1789422181990,1789422181962,992526808,42.0362779,-93.650507,3.0,261.64322990101306,1.3006701,0.08436684,,fused,0,1,0,
1789422182984,1789422182961,992527808,42.0362779,-93.6505071,3.0,261.57949099113205,1.3006424,0.11604108,147.80106,fused,0,1,0,
1789422183989,1789422183962,992528809,42.0362775,-93.6505084,3.0,261.9784546282668,1.3005388,0.2085746,146.61465,fused,0,1,0,
1789422184987,1789422184961,992529808,42.0362767,-93.6505111,3.0,261.59884554450025,1.3006667,0.2916991,148.49728,fused,0,1,0,
1789422185986,1789422185962,992530808,42.0362676,-93.6505522,3.112,261.9805028828074,1.3000462,1.35,251.0,fused,0,1,0,
1789422186989,1789422186961,992531808,42.0362636,-93.6505667,3.197,261.99106398639356,1.3000067,1.38,251.0,fused,0,1,0,
1789422187990,1789422187962,992532808,42.0362593,-93.6505819,3.338,261.77945637864144,1.3000448,1.44,251.0,fused,0,1,0,
1789422188990,1789422188961,992533808,42.0362552,-93.6505963,3.395,261.91257494787345,1.3000848,1.3,251.0,fused,0,1,0,
1789422189993,1789422189962,992534808,42.0362506,-93.65061,3.79,261.8469408769839,1.3001217,1.41,252.0,fused,0,1,0,
1789422190990,1789422190961,992535808,42.0362441,-93.6506272,3.79,261.84400072122554,1.3000784,1.79,248.0,fused,0,1,0,
1789422191990,1789422191961,992536808,42.0362369,-93.6506448,3.79,261.8090538987699,1.3004423,1.83,244.0,fused,0,1,0,
1789422192991,1789422192962,992537809,42.0362292,-93.6506644,3.79,261.7390781621993,1.3004683,2.13,242.0,fused,0,1,0,
1789422193992,1789422193962,992538808,42.0362228,-93.6506795,3.79,261.79768915168887,1.3078502,1.68,244.0,fused,0,1,0,
1789422194993,1789422194961,992539808,42.0362196,-93.6506882,3.79,261.928885138357,1.3082695,1.0,245.0,fused,0,1,0,
1789422195994,1789422195962,992540808,42.036215,-93.6506979,3.79,261.8093821805114,1.3088996,1.21,243.0,fused,0,1,0,
1789422196999,1789422196962,992541808,42.0362093,-93.6507126,3.79,261.42125081461234,1.3000847,1.56,245.0,fused,0,1,0,
1789422197995,1789422197962,992542808,42.0362032,-93.65073,3.79,261.4179549620102,1.3001237,1.67,244.0,fused,0,1,0,
1789422199003,1789422198962,992543808,42.0361956,-93.6507491,3.79,261.8824251891944,1.3000861,1.85,242.0,fused,0,1,0,
1789422200005,1789422199962,992544808,42.0361867,-93.6507702,3.79,261.5835967062089,1.3001188,2.07,242.0,fused,0,1,0,
1789422200987,1789422200962,992545808,42.036179,-93.650792,3.79,261.5455056448044,1.3,1.98,242.0,fused,0,1,0,
1789422201990,1789422201962,992546808,42.0361712,-93.6508132,3.79,261.49123691420215,1.3003267,1.99,242.0,fused,0,1,0,
1789422202987,1789422202962,992547808,42.0361643,-93.6508333,3.79,261.42865158582833,1.3009667,1.86,242.0,fused,0,1,0,
1789422203986,1789422203961,992548808,42.0361577,-93.6508537,3.79,261.43920096690584,1.3010033,1.88,243.0,fused,0,1,0,
1789422204987,1789422204961,992549808,42.0361514,-93.6508709,3.79,261.46893360123386,1.300995,1.64,243.0,fused,0,1,0,
1789422205983,1789422205961,992550808,42.0361449,-93.6508896,3.79,261.5048574928418,1.3010199,1.81,242.0,fused,0,1,0,
1789422206988,1789422206961,992551808,42.0361394,-93.650909,3.79,261.5597398434215,1.3009619,1.78,246.0,fused,0,1,0,
1789422207992,1789422207961,992552808,42.0361339,-93.6509281,3.79,261.62470323610273,1.3010676,1.79,246.0,fused,0,1,0,
1789422208987,1789422208963,992553809,42.0361269,-93.6509471,3.79,261.86239582397997,1.3006322,1.88,244.0,fused,0,1,0,
1789422209991,1789422209961,992554808,42.0361195,-93.6509657,3.79,262.106369952426,1.3006587,1.88,243.0,fused,0,1,0,
1789422210988,1789422210962,992555808,42.0361113,-93.6509833,3.79,262.38937571240945,1.3006396,1.8,241.0,fused,0,1,0,
1789422211983,1789422211962,992556808,42.0361035,-93.6510019,3.79,262.6396771705592,1.3007191,1.81,240.0,fused,0,1,0,
1789422212986,1789422212962,992557808,42.0360962,-93.6510219,3.79,262.7755850527153,1.3006743,1.87,241.0,fused,0,1,0,
1789422213983,1789422213962,992558808,42.0360893,-93.651041,3.79,263.2358211092508,1.3005174,1.78,241.0,fused,0,1,0,
1789422214986,1789422214962,992559808,42.0360828,-93.6510608,3.79,263.30634909950254,1.3000034,1.8,241.0,fused,0,1,0,
1789422215991,1789422215961,992560808,42.0360764,-93.6510807,3.79,263.34977985311195,1.3000984,1.76,242.0,fused,0,1,0,
1789422216983,1789422216962,992561808,42.0360693,-93.6511011,3.79,263.465703458099,1.300055,1.84,243.0,fused,0,1,0,
1789422217987,1789422217961,992562808,42.0360614,-93.6511216,3.79,263.68834689627874,1.3000978,1.88,242.0,fused,0,1,0,
1789422218987,1789422218962,992563808,42.0360542,-93.6511425,3.79,263.7953665984696,1.3000561,1.92,244.0,fused,0,1,0,
1789422219984,1789422219962,992564809,42.0360469,-93.6511641,3.79,264.01054420943103,1.3000926,2.02,243.0,fused,0,1,0,
1789422220989,1789422220962,992565809,42.0360396,-93.6511863,3.79,264.4547192950419,1.3069,2.06,242.0,fused,0,1,0,
1789422221989,1789422221961,992566808,42.0360319,-93.6512087,3.79,264.46818565280694,1.3061737,2.06,245.0,fused,0,1,0,
1789422222991,1789422222962,992567808,42.0360249,-93.6512313,3.79,264.4551553928362,1.3067706,1.98,245.0,fused,0,1,0,
1789422223989,1789422223963,992568809,42.036018,-93.6512523,3.79,264.5004007246374,1.3005648,1.94,244.0,fused,0,1,0,
1789422224985,1789422224962,992569808,42.0360105,-93.6512721,3.79,265.0887278381407,1.3014605,1.85,241.0,fused,0,1,0,
1789422225983,1789422225961,992570808,42.0360023,-93.6512911,3.79,265.4686347964075,1.3000917,1.85,241.0,fused,0,1,0,
1789422226990,1789422226962,992571808,42.0359942,-93.6513109,3.79,265.8113434962323,1.3000038,1.8,241.0,fused,0,1,0,
1789422227987,1789422227961,992572808,42.0359864,-93.6513297,3.79,265.9007176275634,1.300042,1.77,241.0,fused,0,1,0,
1789422228987,1789422228962,992573808,42.0359798,-93.6513501,3.79,265.8567165515175,1.3,1.82,244.0,fused,0,1,0,
1789422229988,1789422229962,992574808,42.0359746,-93.651371,3.79,265.8552574315287,1.3000405,1.79,249.0,fused,0,1,0,
1789422230984,1789422230961,992575808,42.0359703,-93.6513925,3.79,265.65516662801707,1.3002696,1.78,250.0,fused,0,1,0,
1789422231988,1789422231961,992576808,42.035968,-93.6514065,3.79,265.6117358698621,1.3009691,1.14,250.0,fused,0,1,0,
1789422232988,1789422232962,992577808,42.0359637,-93.6514257,3.79,265.218831246623,1.3009359,1.76,251.0,fused,0,1,0,
1789422233988,1789422233962,992578808,42.0359598,-93.6514423,3.79,265.0821843841885,1.3009899,1.41,252.0,fused,0,1,0,
1789422234989,1789422234961,992579808,42.0359568,-93.6514555,3.79,265.0424953837764,1.3009522,1.15,251.0,fused,0,1,0,
1789422235987,1789422235961,992580808,42.0359535,-93.6514692,3.79,264.87350383006736,1.3010285,1.3,253.0,fused,0,1,0,
1789422236986,1789422236961,992581808,42.0359487,-93.6514876,3.79,264.92148205088847,1.3009754,1.74,252.0,fused,0,1,0,
1789422237994,1789422237962,992582808,42.0359437,-93.6515062,3.79,264.73970691743045,1.3006508,1.62,252.0,fused,0,1,0,
1789422238990,1789422238962,992583808,42.0359387,-93.6515245,3.79,264.7360552782065,1.3006095,1.53,253.0,fused,0,1,0,
1789422239991,1789422239961,992584808,42.0359333,-93.6515464,3.79,264.6941507686188,1.3006535,1.92,254.0,fused,0,1,0,
1789422240994,1789422240962,992585808,42.0359278,-93.6515689,3.79,264.70095869486994,1.3006493,1.93,254.0,fused,0,1,0,
1789422241989,1789422241963,992586809,42.0359237,-93.6515922,3.79,264.90258396704354,1.300633,2.04,257.0,fused,0,1,0,
1789422242993,1789422242962,992587808,42.0359206,-93.6516165,3.79,264.92650721996057,1.300566,2.07,260.0,fused,0,1,0,
1789422243993,1789422243961,992588808,42.0359169,-93.6516401,3.79,265.0373738734237,1.3005086,2.05,259.0,fused,0,1,0,
1789422244987,1789422244961,992589808,42.0359131,-93.6516631,3.79,264.9797368968339,1.3000312,2.04,258.0,fused,0,1,0,
1789422245992,1789422245962,992590808,42.0359097,-93.6516866,3.79,264.9321874060045,1.3000728,2.02,260.0,fused,0,1,0,
1789422246990,1789422246962,992591808,42.0359115,-93.6517104,3.806,264.77877220235166,1.3000313,2.13,258.0,fused,0,1,0,
1789422247986,1789422247962,992592808,42.0359072,-93.6517353,3.83,264.6028483895516,1.300072,2.01,256.0,fused,0,1,0,
1789422248989,1789422248961,992593808,42.035903,-93.6517585,3.83,264.55687425493176,1.3054655,2.02,255.0,fused,0,1,0,
1789422249989,1789422249961,992594808,42.0358985,-93.6517802,3.83,264.2792846857571,1.3055325,1.96,254.0,fused,0,1,0,
1789422250988,1789422250961,992595808,42.0358938,-93.6518043,3.83,264.2191064515543,1.3056037,1.95,252.0,fused,0,1,0,
1789422251986,1789422251962,992596808,42.0358898,-93.6518282,3.81,264.0323144860581,1.3050666,1.96,257.0,fused,0,1,0,
1789422252989,1789422252961,992597808,42.0358863,-93.651852,3.807,263.4160798410961,1.3004624,2.01,261.0,fused,0,1,0,
1789422253988,1789422253962,992598808,42.0358834,-93.6518755,3.79,263.5282710748397,1.3005128,1.92,260.0,fused,0,1,0,
1789422254987,1789422254961,992599808,42.03588,-93.6518987,3.79,263.4098498999792,1.301381,1.94,259.0,fused,0,1,0,
1789422255987,1789422255961,992600808,42.0358752,-93.651921,3.79,263.61250880687965,1.3000392,1.88,253.0,fused,0,1,0,
1789422256987,1789422256962,992601808,42.0358689,-93.6519435,3.79,263.671421719945,1.3,2.01,249.0,fused,0,1,0,
1789422257988,1789422257961,992602808,42.0358626,-93.6519673,3.79,263.6352362616397,1.30004,2.08,252.0,fused,0,1,0,
1789422258989,1789422258961,992603808,42.0358578,-93.6519906,3.79,263.7085533843526,1.3,1.94,255.0,fused,0,1,0,
1789422259986,1789422259961,992604808,42.0358538,-93.6520125,3.79,263.8574632989602,1.3000383,1.74,257.0,fused,0,1,0,
1789422260990,1789422260963,992605809,42.0358494,-93.6520334,3.79,263.6823759191787,1.3002632,1.73,253.0,fused,0,1,0,
1789422261987,1789422261962,992606808,42.0358432,-93.652055,3.79,263.77229328125253,1.3009675,1.96,248.0,fused,0,1,0,
1789422262987,1789422262961,992607808,42.0358354,-93.6520779,3.79,263.8495740235897,1.3009223,2.08,246.0,fused,0,1,0,
1789422263988,1789422263962,992608808,42.0358285,-93.6520987,3.79,263.93997535106917,1.3009759,1.75,247.0,fused,0,1,0,
1789422264990,1789422264962,992609808,42.0358177,-93.6521252,3.79,263.950585872856,1.3009198,2.87,240.0,fused,0,1,0,
1789422265989,1789422265961,992610808,42.0358086,-93.6521441,3.79,263.8878586784001,1.3010134,1.4,238.0,fused,0,1,0,
1789422266990,1789422266962,992611808,42.0358041,-93.6521544,3.79,264.04835502503823,1.3009502,0.96,239.0,fused,0,1,0,
1789422267988,1789422267962,992612808,42.0358028,-93.6521572,3.79,264.1232626873897,1.300633,0.25,239.0,fused,0,1,0,
1789422268987,1789422268961,992613808,42.0358015,-93.6521607,3.79,264.15829416121215,1.300596,0.56,241.0,fused,0,1,0,
1789422269990,1789422269962,992614809,42.035794,-93.6521794,3.79,264.2398841782267,1.3006617,2.41,241.0,fused,0,1,0,
1789422270990,1789422270963,992615809,42.0357856,-93.6521994,3.79,264.30366227733225,1.3006405,1.87,239.0,fused,0,1,0,
1789422271987,1789422271961,992616808,42.0357776,-93.6522173,3.79,264.3625519148566,1.3006915,1.72,238.0,fused,0,1,0,
1789422272988,1789422272961,992617808,42.0357702,-93.6522351,3.79,264.8588978115556,1.300533,1.69,239.0,fused,0,1,0,
1789422273987,1789422273962,992618809,42.0357606,-93.6522515,3.79,264.936855884321,1.3000503,1.78,229.0,fused,0,1,0,
1789422274988,1789422274961,992619808,42.0357489,-93.6522664,3.79,264.68189302924486,1.300016,1.82,224.0,fused,0,1,0,
1789422275987,1789422275962,992620808,42.0357375,-93.6522804,3.79,264.695118223366,1.3000579,1.7,223.0,fused,0,1,0,
1789422276990,1789422276961,992621808,42.035726,-93.6522957,3.79,264.79145808448806,1.300017,1.87,226.0,fused,0,1,0,
1789422277987,1789422277963,992622809,42.0357091,-93.6523207,3.79,264.99287203197457,1.3000538,3.17,228.0,fused,0,1,0,
1789422278992,1789422278961,992623808,42.0356993,-93.6523364,3.79,264.95719120346286,1.3043842,1.1,229.0,fused,0,1,0,
1789422279988,1789422279961,992624808,42.0356955,-93.652343,3.79,264.8436784869744,1.3043139,0.64,228.0,fused,0,1,0,
1789422280990,1789422280962,992625809,42.0356905,-93.6523514,3.79,264.880939100458,1.3040466,1.3,229.0,fused,0,1,0,
1789422281984,1789422281963,992626809,42.0356805,-93.6523686,3.79,264.98028862793706,1.3043557,2.17,232.0,fused,0,1,0,
1789422282987,1789422282961,992627808,42.0356712,-93.6523847,3.79,264.684120559079,1.3004363,1.6,231.0,fused,0,1,0,
1789422283982,1789422283961,992628808,42.0356622,-93.6523989,3.79,264.779352208369,1.3006644,1.54,229.0,fused,0,1,0,
1789422284997,1789422284961,992629808,42.0356525,-93.6524132,3.79,264.8739020148163,1.3013425,1.61,228.0,fused,0,1,0,
1789422285985,1789422285962,992630809,42.035643,-93.6524276,3.79,265.14485498801776,1.3000364,1.56,229.0,fused,0,1,0,
1789422286989,1789422286962,992631809,42.0356348,-93.6524415,3.79,265.3198763180625,1.3,1.38,232.0,fused,0,1,0,
1789422287989,1789422287962,992632808,42.0356298,-93.6524516,3.79,265.24561763831025,1.300039,0.94,233.0,fused,0,1,0,
1789422288988,1789422288963,992633809,42.0356266,-93.6524584,3.79,265.3868963678369,1.3,0.66,233.0,fused,0,1,0,
1789422289985,1789422289962,992634808,42.0356249,-93.6524629,3.79,265.38520853643354,1.3000376,0.46,233.0,fused,0,1,0,
1789422290990,1789422290963,992635809,42.0356202,-93.6524734,3.79,265.11229575165623,1.3002528,1.36,239.0,fused,0,1,0,
1789422291987,1789422291962,992636809,42.035616,-93.65249,3.79,265.1144675786801,1.3009182,1.62,252.0,fused,0,1,0,
1789422292987,1789422292962,992637808,42.0356145,-93.6525092,3.79,264.8886144865394,1.3008882,1.7,262.0,fused,0,1,0,
1789422293986,1789422293961,992638808,42.0356137,-93.6525295,3.79,264.85713222158034,1.3009238,1.72,265.0,fused,0,1,0,
1789422294988,1789422294961,992639808,42.0356125,-93.6525497,3.79,264.83109149847184,1.3008873,1.67,263.0,fused,0,1,0,
1789422295986,1789422295963,992640809,42.0356119,-93.6525681,3.79,264.6878797064508,1.3009865,1.48,267.0,fused,0,1,0,
1789422296987,1789422296962,992641808,42.0356126,-93.6525865,3.79,264.6738597306913,1.300983,1.51,272.0,fused,0,1,0,
1789422297987,1789422297962,992642808,42.0356133,-93.6526045,3.79,264.83834278560306,1.3006163,1.44,272.0,fused,0,1,0,
1789422298987,1789422298962,992643808,42.0356131,-93.6526229,3.79,264.8618294831964,1.3005742,1.51,268.0,fused,0,1,0,
1789422299986,1789422299961,992644808,42.0356123,-93.6526406,3.79,264.854053881039,1.3006351,1.43,266.0,fused,0,1,0,
1789422300990,1789422300961,992645808,42.0356122,-93.6526543,3.79,265.1485726472589,1.3005592,0.92,270.0,fused,0,1,0,
1789422301989,1789422301961,992646808,42.0356125,-93.6526579,3.79,265.3759383000422,1.3005477,0.0,,fused,0,1,0,
1789422302989,1789422302961,992647807,42.0356127,-93.6526579,3.79,265.45879679370717,1.3005142,0.0,,fused,0,1,0,
1789422303986,1789422303961,992648808,42.0356133,-93.6526586,3.79,265.5868024047668,1.3005455,0.0,,fused,0,1,0,
1789422304985,1789422304960,992649807,42.0356133,-93.6526585,3.79,265.78894436770025,1.300005,0.0,,fused,0,1,0,
1789422305986,1789422305961,992650807,42.0356124,-93.6526666,3.79,265.9178739962778,1.3000544,0.89,267.0,fused,0,1,0,
1789422306987,1789422306960,992651807,42.0356106,-93.6526802,3.79,265.97966939757765,1.3000059,1.33,260.0,fused,0,1,0,
1789422307988,1789422307962,992652808,42.0356074,-93.6526968,3.79,266.00011623179677,1.3000436,1.46,255.0,fused,0,1,0,
1789422308987,1789422308961,992653807,42.0356036,-93.6527126,3.79,266.00049728179584,1.3037561,1.28,254.0,fused,0,1,0,
1789422309987,1789422309960,992654807,42.0356001,-93.6527263,3.79,266.12305897489307,1.3038841,1.22,245.0,fused,0,1,0,
1789422310992,1789422310961,992655808,42.0355938,-93.6527328,3.79,266.0217006341871,1.3041465,0.87,255.0,fused,0,1,0,
1789422311987,1789422311960,992656807,42.0355852,-93.6527261,3.79,265.66824809217815,1.3033339,1.27,137.0,fused,0,1,0,
1789422312989,1789422312960,992657807,42.0355811,-93.6527104,3.79,265.48366872706134,1.3003986,1.32,106.0,fused,0,1,0,
1789422313991,1789422313961,992658808,42.0355791,-93.652688,3.79,265.6335250437585,1.3004463,1.82,103.0,fused,0,1,0,
1789422314989,1789422314961,992659808,42.0355768,-93.6526666,3.79,265.73674827402226,1.3004047,1.57,102.0,fused,0,1,0,
1789422315987,1789422315961,992660807,42.0355753,-93.6526471,3.79,265.61589059600465,1.3013425,1.32,97.0,fused,0,1,0,
1789422316985,1789422316962,992661808,42.0355753,-93.6526264,3.79,265.93433492068704,1.3,1.71,85.0,fused,0,1,0,
1789422317986,1789422317962,992662808,42.0355785,-93.6526061,3.79,266.77031215384244,1.3000416,1.59,83.0,fused,0,1,0,
1789422318987,1789422318962,992663808,42.0355799,-93.6525837,3.79,266.8629071283192,1.3,1.84,91.0,fused,0,1,0,
1789422319985,1789422319960,992664807,42.0355802,-93.6525585,3.79,266.8591400996077,1.3000474,1.88,88.0,fused,0,1,0,
1789422320988,1789422320960,992665807,42.0355818,-93.652534,3.79,266.8687520597357,1.3002189,1.84,87.0,fused,0,1,0,
1789422321987,1789422321961,992666807,42.035582,-93.6525096,3.79,266.6923553884594,1.3008869,1.93,91.0,fused,0,1,0,
1789422322990,1789422322962,992667808,42.0355811,-93.6524867,3.79,266.68482944086657,1.3008478,1.65,88.0,fused,0,1,0,
1789422323985,1789422323961,992668807,42.0355816,-93.652468,3.79,266.5383774260012,1.3008922,1.47,86.0,fused,0,1,0,
1789422324989,1789422324960,992669807,42.035582,-93.6524515,3.79,265.97074072905923,1.3008521,1.34,85.0,fused,0,1,0,
1789422325987,1789422325962,992670808,42.0355813,-93.6524399,3.79,265.74522359011297,1.3031901,0.9,89.0,fused,0,1,0,
1789422326986,1789422326960,992671807,42.0355811,-93.6524387,3.79,265.6299113821677,1.3032769,0.0,,fused,0,1,0,
1789422327987,1789422327962,992672809,42.0355838,-93.6524444,3.79,265.6007121004365,1.3032607,0.0,,fused,0,1,0,
1789422328989,1789422328961,992673808,42.0355852,-93.6524473,3.79,265.4798313649429,1.3031763,0.0,,fused,0,1,0,
1789422329985,1789422329960,992674807,42.0355883,-93.6524476,3.79,265.8551100342709,1.3038071,0.0,,fused,0,1,0,
1789422330988,1789422330962,992675808,42.0355904,-93.6524488,3.79,265.85192855539964,1.3039298,0.0,,fused,0,1,0,
1789422331985,1789422331961,992676807,42.0355923,-93.6524476,3.79,265.81821820303526,1.3005234,0.0,,fused,0,1,0,
1789422332987,1789422332962,992677808,42.0355925,-93.6524476,3.79,265.81821820303526,1.3004743,0.0,,fused,0,1,0,
1789422333989,1789422333961,992678807,42.0355926,-93.6524481,3.79,265.8917874540438,1.3000469,0.0,,fused,0,1,0,
1789422334985,1789422334961,992679807,42.0355924,-93.652448,3.79,265.9934104327787,1.3,0.0,,fused,0,1,0,
1789422335985,1789422335961,992680807,42.0355919,-93.6524477,3.79,266.1028892137329,1.3000453,0.0,,fused,0,1,0,
1789422336989,1789422336961,992681807,42.0355922,-93.6524478,3.79,266.2137347489182,1.3,0.0,,fused,0,1,0,
1789422337988,1789422337961,992682807,42.0355926,-93.6524477,3.79,266.0268501504771,1.3000498,0.0,,fused,0,1,0,
1789422338987,1789422338961,992683807,42.0355926,-93.6524472,3.79,266.2813781725649,1.3,0.0,,fused,0,1,0,
1789422339988,1789422339960,992684807,42.0355926,-93.6524468,3.79,265.9773957929549,1.3004173,0.0,,fused,0,1,0,
1789422340989,1789422340961,992685808,42.0355928,-93.6524465,3.79,265.72291629556815,1.300345,0.0,,fused,0,1,0,
1789422341987,1789422341962,992686809,42.0355929,-93.652446,3.79,265.6693079722871,1.3004097,0.0,,fused,0,1,0,
1789422342987,1789422342962,992687808,42.0355931,-93.6524455,3.79,265.7142375999953,1.3003805,0.0,,fused,0,1,0,
1789422343988,1789422343961,992688807,42.0355932,-93.6524454,3.79,265.6121239948455,1.3012396,0.0,,fused,0,1,0,
1789422344985,1789422344961,992689808,42.0355932,-93.6524452,3.79,266.2277246184228,1.3,0.0,,fused,0,1,0,
1789422345986,1789422345960,992690807,42.0355936,-93.6524451,3.79,266.20843370832085,1.3000454,0.0,,fused,0,1,0,
1789422346988,1789422346961,992691807,42.0355941,-93.652445,3.79,265.9580245989732,1.3,0.0,,fused,0,1,0,
1789422347989,1789422347962,992692808,42.0355947,-93.6524447,3.79,265.90214624158807,1.3000435,0.0,,fused,0,1,0,
1789422348986,1789422348961,992693808,42.035595,-93.6524447,3.79,265.815662710124,1.3009742,0.0,,fused,0,1,0,
1789422349990,1789422349961,992694807,42.0355952,-93.6524444,3.79,265.52646099002936,1.3008627,0.0,,fused,0,1,0,
1789422350986,1789422350960,992695807,42.0355952,-93.6524443,3.79,265.6958369369859,1.3008211,0.0,,fused,0,1,0,
1789422351988,1789422351962,992696808,42.0355953,-93.652444,3.79,265.3680159282434,1.3008645,0.0,,fused,0,1,0,
1789422352985,1789422352961,992697807,42.0355956,-93.652444,3.79,265.2879760786219,1.3007939,0.0,,fused,0,1,0,
1789422353988,1789422353961,992698807,42.0355954,-93.6524438,3.79,265.0529758168553,1.3008631,0.0,,fused,0,1,0,
1789422354987,1789422354961,992699808,42.0355953,-93.6524437,3.79,264.9277364597806,1.3027714,0.0,,fused,0,1,0,
1789422355989,1789422355961,992700808,42.035595,-93.6524435,3.79,265.510748265666,1.3032861,0.0,,fused,0,1,0,
1789422356989,1789422356962,992701808,42.035595,-93.6524434,3.79,265.3223734255992,1.3030274,0.0,,fused,0,1,0,
1789422357986,1789422357961,992702808,42.0355952,-93.652443,3.79,265.45271124088043,1.3029988,0.0,,fused,0,1,0,
1789422358987,1789422358962,992703808,42.0355953,-93.6524428,3.79,265.56740457033123,1.3031703,0.0,,fused,0,1,0,
1789422359987,1789422359960,992704807,42.035595,-93.6524425,3.79,265.473324014458,1.3004984,0.0,,fused,0,1,0,
1789422360987,1789422360960,992705807,42.0355948,-93.6524423,3.79,265.59370153825705,1.3004391,0.0,,fused,0,1,0,
1789422361992,1789422361961,992706808,42.0355947,-93.6524422,3.79,265.77821605528914,1.3000414,0.0,,fused,0,1,0,
1789422362987,1789422362960,992707807,42.0355947,-93.6524422,3.79,265.87029784808436,1.3,0.0,,fused,0,1,0,
1789422363987,1789422363962,992708808,42.0355945,-93.6524419,3.79,265.98470170379295,1.3000396,0.0,,fused,0,1,0,
1789422364988,1789422364961,992709807,42.0355942,-93.6524417,3.79,265.9860182550838,1.3,0.0,,fused,0,1,0,
1789422365986,1789422365961,992710807,42.0355942,-93.6524415,3.79,265.9837971031685,1.3024852,0.0,,fused,0,1,0,
1789422366987,1789422366960,992711807,42.0355939,-93.6524411,3.79,265.913009581677,1.3026521,0.0,,fused,0,1,0,
1789422367985,1789422367961,992712808,42.0355936,-93.6524409,3.79,265.92396281881264,1.3027447,0.0,,fused,0,1,0,
1789422368988,1789422368961,992713808,42.0355935,-93.6524407,3.79,265.31901814107675,1.3003224,0.0,,fused,0,1,0,
1789422369986,1789422369961,992714808,42.0355931,-93.6524402,3.79,265.4680881028521,1.3003632,0.0,,fused,0,1,0,
1789422370984,1789422370962,992715808,42.0355929,-93.6524398,3.79,265.46869061014183,1.3003479,0.0,,fused,0,1,0,
1789422371984,1789422371962,992716808,42.0355929,-93.6524398,3.79,265.94442851666764,1.3000389,0.0,,fused,0,1,0,
1789422372987,1789422372960,992717807,42.0355928,-93.6524398,3.79,265.94442851666764,1.3,0.0,,fused,0,1,0,
1789422373988,1789422373961,992718807,42.0355926,-93.6524396,3.79,265.873218530115,1.3000448,0.0,,fused,0,1,0,
1789422374989,1789422374960,992719807,42.0355926,-93.6524396,3.79,265.6792488035525,1.3,0.0,,fused,0,1,0,
1789422375988,1789422375960,992720807,42.0355926,-93.6524398,3.79,265.9029786842735,1.3000455,0.0,,fused,0,1,0,
1789422376987,1789422376962,992721808,42.0355926,-93.6524397,3.79,265.7024148400842,1.3008409,0.0,,fused,0,1,0,
1789422377988,1789422377960,992722807,42.0355923,-93.6524394,3.79,265.9561346233314,1.300585,0.0,,fused,0,1,0,
1789422378987,1789422378960,992723807,42.0355921,-93.6524393,3.79,266.0045371040908,1.3005503,0.0,,fused,0,1,0,
1789422379988,1789422379961,992724808,42.035592,-93.6524396,3.79,266.0784528137827,1.3005697,0.0,,fused,0,1,0,
1789422380987,1789422380960,992725807,42.0355933,-93.6524285,3.79,265.7243431409718,1.3007233,1.51,79.0,fused,0,1,0,
1789422381989,1789422381960,992726807,42.035598,-93.6524112,3.79,265.7516868909718,1.3007545,1.7,68.0,fused,0,1,0,
1789422382989,1789422382961,992727807,42.0356055,-93.6523911,3.79,265.7836693128468,1.3025103,2.1,66.0,fused,0,1,0,
1789422383987,1789422383960,992728807,42.0356126,-93.652369,3.79,266.0068383205083,1.3024328,2.09,69.0,fused,0,1,0,
1789422384986,1789422384960,992729807,42.0356185,-93.6523462,3.79,265.9476342189458,1.3022671,2.0,71.0,fused,0,1,0,
1789422385988,1789422385961,992730808,42.0356232,-93.6523233,3.79,265.9375023830083,1.3022611,1.97,74.0,fused,0,1,0,
1789422386986,1789422386963,992731809,42.0356269,-93.6523014,3.79,266.0263695705083,1.3022915,1.9,78.0,fused,0,1,0,
1789422387986,1789422387960,992732807,42.0356308,-93.6522796,3.79,266.23018361172666,1.3027639,2.0,73.0,fused,0,1,0,
1789422388988,1789422388962,992733808,42.0356363,-93.6522585,3.79,266.3883224224773,1.302949,1.86,70.0,fused,0,1,0,
1789422389992,1789422389962,992734808,42.0356414,-93.6522354,3.79,265.8370505772546,1.3004433,2.0,74.0,fused,0,1,0,
1789422390987,1789422390960,992735807,42.0356443,-93.6522126,3.79,265.85197032589946,1.3,1.89,79.0,fused,0,1,0,
1789422391987,1789422391962,992736808,42.03565,-93.6521887,3.79,265.9597483980589,1.3000425,2.07,73.0,fused,0,1,0,
1789422392990,1789422392962,992737808,42.0356577,-93.6521666,3.79,265.951156048532,1.3,1.9,64.0,fused,0,1,0,
1789422393986,1789422393961,992738807,42.0356673,-93.6521472,3.79,265.88270922110075,1.3000441,1.77,59.0,fused,0,1,0,
1789422394988,1789422394960,992739807,42.0356758,-93.6521285,3.79,265.8069493956588,1.3,1.74,60.0,fused,0,1,0,
1789422395984,1789422395960,992740807,42.0356842,-93.6521136,3.79,265.8461069930787,1.3018934,1.44,53.0,fused,0,1,0,
1789422396988,1789422396960,992741807,42.0356903,-93.652104,3.79,265.82256905250784,1.3020556,0.93,53.0,fused,0,1,0,
1789422397987,1789422397961,992742807,42.0356901,-93.652103,3.79,265.9531439893471,1.3021353,0.0,,fused,0,1,0,
1789422398990,1789422398962,992743808,42.0356886,-93.6521044,3.79,265.8752455270967,1.3018663,0.0,,fused,0,1,0,
1789422399988,1789422399961,992744808,42.0356876,-93.6521061,3.79,265.54780221199303,1.3003417,0.0,,fused,0,1,0,
1789422400987,1789422400960,992745807,42.0356874,-93.6521075,3.79,265.47783770038,1.3003203,0.0,,fused,0,1,0,
1789422401986,1789422401960,992746807,42.035688,-93.6521088,3.79,265.4783199825916,1.3010792,0.0,,fused,0,1,0,
1789422402988,1789422402962,992747808,42.0356886,-93.652109,3.79,266.1998138721939,1.3,0.0,,fused,0,1,0,
1789422403984,1789422403961,992748808,42.0356892,-93.65211,3.79,266.27595685981714,1.3000395,0.0,,fused,0,1,0,
1789422404992,1789422404962,992749808,42.0356887,-93.6521122,3.79,266.28358638670187,1.3,0.0,,fused,0,1,0,
1789422405983,1789422405960,992750807,42.0356899,-93.6521122,3.79,266.29032290705425,1.3000479,0.0,,fused,0,1,0,
1789422406985,1789422406961,992751807,42.0356904,-93.652112,3.79,266.04378898525835,1.3006774,0.0,,fused,0,1,0,
1789422407990,1789422407961,992752808,42.0356903,-93.652112,3.79,266.2665932011794,1.3004763,0.0,,fused,0,1,0,
1789422408983,1789422408961,992753807,42.0356909,-93.6521123,3.79,266.2532523260896,1.300467,0.0,,fused,0,1,0,
1789422409989,1789422409960,992754807,42.0356912,-93.6521125,3.79,266.245183695066,1.3005128,0.0,,fused,0,1,0,
1789422410989,1789422410960,992755807,42.0356912,-93.6521127,3.79,265.8760813890663,1.3006588,0.0,,fused,0,1,0,
1789422411988,1789422411961,992756807,42.0356911,-93.6521129,3.79,265.9432434206724,1.3006914,0.0,,fused,0,1,0,
1789422412988,1789422412961,992757807,42.0356915,-93.6521134,3.79,266.2382145925942,1.30186,0.0,,fused,0,1,0,
1789422413982,1789422413961,992758807,42.035692,-93.652114,3.79,266.2995556380437,1.301689,0.0,,fused,0,1,0,
1789422414986,1789422414962,992759808,42.0356921,-93.652114,3.79,266.3873188168145,1.301685,0.0,,fused,0,1,0,
1789422415986,1789422415961,992760807,42.0356922,-93.6521142,3.79,266.40307574661256,1.3016869,0.0,,fused,0,1,0,
1789422416986,1789422416961,992761807,42.0356922,-93.6521144,3.79,266.37504868614303,1.3016133,0.0,,fused,0,1,0,
1789422417987,1789422417961,992762807,42.0356924,-93.6521145,3.79,266.83798561121233,1.3018628,0.0,,fused,0,1,0,
1789422418982,1789422418961,992763807,42.0356924,-93.6521144,3.79,266.8758916814655,1.3018335,0.0,,fused,0,1,0,
1789422419987,1789422419961,992764807,42.0356923,-93.6521144,3.79,266.86116438889513,1.3002703,0.0,,fused,0,1,0,
1789422420987,1789422420960,992765807,42.0356923,-93.6521143,3.79,266.8604354531288,1.3,0.0,,fused,0,1,0,
1789422421982,1789422421962,992766808,42.0356922,-93.6521143,3.79,266.59465266715046,1.300043,0.0,,fused,0,1,0,
1789422422985,1789422422960,992767807,42.0356922,-93.6521143,3.79,266.40852456792106,1.3,0.0,,fused,0,1,0,
1789422423987,1789422423960,992768807,42.0356923,-93.6521142,3.79,266.36521310091314,1.3000479,0.0,,fused,0,1,0,
1789422424978,1789422424961,992769808,42.0356925,-93.6521142,3.79,266.3642905695165,1.3013623,0.0,,fused,0,1,0,
1789422425987,1789422425960,992770807,42.0356925,-93.6521142,3.79,266.3964219581155,1.3014175,0.0,,fused,0,1,0,
1789422426987,1789422426960,992771807,42.0356924,-93.6521142,3.79,266.3775735960386,1.3015546,0.0,,fused,0,1,0,
1789422427986,1789422427961,992772807,42.0356925,-93.6521144,3.79,266.35628796810994,1.3015728,0.0,,fused,0,1,0,
1789422428983,1789422428961,992773807,42.0356925,-93.6521144,3.79,266.06651130444294,1.3002572,0.0,,fused,0,1,0,
1789422429983,1789422429960,992774807,42.0356925,-93.6521144,3.79,266.25428825479065,1.30026,0.0,,fused,0,1,0,
1789422430983,1789422430961,992775808,42.0356926,-93.6521146,3.79,266.45545431782324,1.3001782,0.0,,fused,0,1,0,
1789422431979,1789422431961,992776807,42.0356928,-93.6521121,3.79,266.74161630619557,1.3005054,0.0,,fused,0,1,0,
1789422432992,1789422432961,992777807,42.0356934,-93.6521099,3.79,266.9032962899699,1.3,0.0,,fused,0,1,0,
1789422433983,1789422433960,992778807,42.0356932,-93.6521077,3.79,266.9593980890392,1.3000476,0.0,,fused,0,1,0,
1789422434987,1789422434961,992779808,42.0356926,-93.6521077,3.79,266.9891491573547,1.3,0.0,,fused,0,1,0,
1789422435984,1789422435961,992780807,42.0356926,-93.6521069,3.79,266.7590022477848,1.3000493,0.0,,fused,0,1,0,
1789422436983,1789422436961,992781807,42.035694,-93.6521059,3.79,266.61639110943025,1.3,0.0,,fused,0,1,0,
1789422437984,1789422437961,992782807,42.035694,-93.6521058,3.79,266.63795161144003,1.3001337,0.0,,fused,0,1,0,
1789422438981,1789422438961,992783808,42.0356941,-93.6521063,3.79,266.5972525260329,1.3003247,0.0,,fused,0,1,0,
1789422439982,1789422439961,992784807,42.0356939,-93.6521066,3.79,266.44219792406017,1.3004435,0.0,,fused,0,1,0,
1789422440985,1789422440961,992785807,42.035694,-93.6521064,3.79,266.2970887872702,1.3004918,0.0,,fused,0,1,0,
1789422441984,1789422441962,992786808,42.0356943,-93.6521063,3.79,266.2361668030574,1.3005512,0.0,,fused,0,1,0,
1789422442985,1789422442961,992787807,42.0356948,-93.6521064,3.79,266.3334568421199,1.3013134,0.0,,fused,0,1,0,
1789422443985,1789422443960,992788807,42.0356948,-93.6521066,3.79,266.33668409805085,1.3013561,0.0,,fused,0,1,0,
1789422444983,1789422444962,992789808,42.0356947,-93.6521071,3.79,266.40023311023646,1.3011312,0.0,,fused,0,1,0,
1789422445989,1789422445963,992790809,42.0356946,-93.6521074,3.79,266.4068424158815,1.301213,0.0,,fused,0,1,0,
1789422446986,1789422446960,992791807,42.0356945,-93.6521077,3.79,266.6181635629075,1.3012353,0.0,,fused,0,1,0,
1789422447988,1789422447961,992792808,42.0356944,-93.6521077,3.79,266.8191522766574,1.3012432,0.0,,fused,0,1,0,
1789422448987,1789422448961,992793808,42.0356942,-93.6521076,3.79,266.8202502861526,1.3011771,0.0,,fused,0,1,0,
1789422449985,1789422449961,992794807,42.035694,-93.6521077,3.79,266.80305024667075,1.3002331,0.0,,fused,0,1,0,
1789422450987,1789422450961,992795808,42.0356938,-93.6521076,3.79,266.7483638837286,1.3001875,0.0,,fused,0,1,0,
1789422451989,1789422451962,992796808,42.0356937,-93.6521076,3.79,266.4319878822156,1.3000433,0.0,,fused,0,1,0,
1789422452982,1789422452960,992797807,42.0356935,-93.6521077,3.79,266.4562615279947,1.3,0.0,,fused,0,1,0,
1789422453986,1789422453961,992798808,42.0356935,-93.6521079,3.79,266.00891491694125,1.3000417,0.0,,fused,0,1,0,
1789422454986,1789422454960,992799807,42.0356933,-93.6521082,3.79,265.98063754559604,1.3,0.0,,fused,0,1,0,
1789422455984,1789422455961,992800807,42.035693,-93.6521085,3.79,266.3916750086281,1.3011578,0.0,,fused,0,1,0,
1789422456986,1789422456960,992801807,42.0356929,-93.6521088,3.79,266.65773911813494,1.3010188,0.0,,fused,0,1,0,
1789422457985,1789422457961,992802807,42.0356928,-93.6521091,3.79,266.0089872128952,1.3011833,0.0,,fused,0,1,0,
1789422458991,1789422458961,992803807,42.0356928,-93.6521091,3.79,266.1735284052542,1.3011152,0.0,,fused,0,1,0,
1789422459986,1789422459961,992804808,42.0356931,-93.6521092,3.79,266.0031978541984,1.3002349,0.0,,fused,0,1,0,
1789422460990,1789422460962,992805808,42.0356933,-93.6521092,3.79,266.2091613374239,1.3001612,0.0,,fused,0,1,0,
1789422461984,1789422461960,992806807,42.0356934,-93.6521092,3.79,266.38994284320563,1.3001882,0.0,,fused,0,1,0,
1789422462984,1789422462962,992807808,42.0356934,-93.6521092,3.79,266.2462876315908,1.3005329,0.0,,fused,0,1,0,
1789422463982,1789422463961,992808807,42.0356935,-93.6521092,3.79,266.3924452846119,1.3000487,0.0,,fused,0,1,0,
1789422464991,1789422464960,992809807,42.0356935,-93.6521092,3.79,266.64731209106594,1.3000064,0.0,,fused,0,1,0,
1789422465985,1789422465961,992810808,42.0356934,-93.652109,3.79,266.2677236302724,1.3000426,0.0,,fused,0,1,0,
1789422466986,1789422466960,992811807,42.0356934,-93.6521092,3.79,266.17839053235014,1.3,0.0,,fused,0,1,0,
1789422467984,1789422467961,992812807,42.0356935,-93.6521091,3.79,266.1649387792492,1.3001288,0.0,,fused,0,1,0,
1789422468985,1789422468962,992813808,42.0356937,-93.6521089,3.79,266.05254998486004,1.3003292,0.0,,fused,0,1,0,
1789422469988,1789422469961,992814808,42.0356938,-93.6521089,3.79,266.02410760204754,1.300394,0.0,,fused,0,1,0,
1789422470985,1789422470960,992815807,42.0356937,-93.6521091,3.79,266.0070787934538,1.3003784,0.0,,fused,0,1,0,
1789422471985,1789422471961,992816808,42.0356936,-93.6521094,3.79,265.87738417751876,1.3004907,0.0,,fused,0,1,0,
1789422472987,1789422472962,992817808,42.0356935,-93.6521096,3.79,266.0114186232238,1.3009024,0.0,,fused,0,1,0,
1789422473988,1789422473961,992818807,42.0356935,-93.6521098,3.79,265.9422708305724,1.300987,0.0,,fused,0,1,0,
1789422474986,1789422474962,992819808,42.0356934,-93.6521097,3.79,266.0914191122406,1.3007929,0.0,,fused,0,1,0,
1789422475985,1789422475961,992820807,42.0356934,-93.6521094,3.79,266.0081227247863,1.3008261,0.0,,fused,0,1,0,
1789422476989,1789422476962,992821808,42.0356935,-93.6521091,3.79,266.2189056261836,1.300858,0.0,,fused,0,1,0,
1789422477988,1789422477961,992822808,42.0356936,-93.6521088,3.79,266.56807725544826,1.3007939,0.0,,fused,0,1,0,
1789422478988,1789422478961,992823807,42.0356936,-93.6521085,3.79,266.3924921525257,1.3001997,0.0,,fused,0,1,0,
1789422479987,1789422479961,992824808,42.0356937,-93.6521082,3.79,266.4233772550248,1.3002287,0.0,,fused,0,1,0,
1789422480986,1789422480961,992825807,42.0356936,-93.6521081,3.79,266.46372005085726,1.3001696,0.0,,fused,0,1,0,
1789422481984,1789422481961,992826807,42.0356937,-93.652108,3.79,266.5007773532701,1.3000475,0.0,,fused,0,1,0,
1789422482988,1789422482960,992827807,42.0356937,-93.652108,3.79,266.41576550240484,1.3,0.0,,fused,0,1,0,
1789422483983,1789422483961,992828807,42.0356937,-93.652108,3.79,266.14569824019895,1.3000464,0.0,,fused,0,1,0,
1789422484987,1789422484961,992829807,42.0356937,-93.6521078,3.79,266.5473793659896,1.3006742,0.0,,fused,0,1,0,
1789422485976,1789422485961,992830807,42.0356937,-93.6521078,3.79,266.7023991088778,1.3006966,0.0,,fused,0,1,0,
1789422486989,1789422486961,992831807,42.0356936,-93.6521076,3.79,266.7506238529738,1.3007365,0.0,,fused,0,1,0,
1789422487986,1789422487961,992832807,42.0356936,-93.6521075,3.79,266.86835899604955,1.3007352,0.0,,fused,0,1,0,
1789422488989,1789422488961,992833808,42.0356935,-93.6521075,3.79,266.16365253010963,1.3001705,0.0,,fused,0,1,0,
1789422489988,1789422489961,992834808,42.0356935,-93.6521074,3.79,266.2903498708807,1.3001902,0.0,,fused,0,1,0,
1789422490985,1789422490960,992835807,42.0356937,-93.6521072,3.79,266.38803315267995,1.3001328,0.0,,fused,0,1,0,
1789422491985,1789422491962,992836808,42.0356937,-93.6521072,3.79,266.3894369612737,1.300167,0.0,,fused,0,1,0,
1789422492983,1789422492960,992837807,42.0356939,-93.6521072,3.79,266.53368765313263,1.3,0.0,,fused,0,1,0,
1789422493987,1789422493960,992838807,42.0356939,-93.6521072,3.79,266.8357956145767,1.3000484,0.0,,fused,0,1,0,
1789422494989,1789422494961,992839807,42.0356939,-93.6521072,3.79,266.64731209106594,1.3,0.0,,fused,0,1,0,
1789422495989,1789422495960,992840807,42.0356939,-93.6521072,3.79,266.48333882518017,1.3000449,0.0,,fused,0,1,0,
1789422496988,1789422496962,992841808,42.0356939,-93.652107,3.79,266.4171193807779,1.3,0.0,,fused,0,1,0,
1789422497982,1789422497962,992842808,42.0356938,-93.6521069,3.79,266.0741761145242,1.3004533,0.0,,fused,0,1,0,
1789422498985,1789422498960,992843807,42.0356937,-93.652107,3.79,266.2203984708816,1.3002503,0.0,,fused,0,1,0,
1789422499986,1789422499960,992844807,42.0356936,-93.6521071,3.79,266.12158813493687,1.3003005,0.0,,fused,0,1,0,
1789422500984,1789422500961,992845808,42.0356936,-93.6521071,3.79,265.97345608927384,1.3003107,0.0,,fused,0,1,0,
1789422501986,1789422501961,992846807,42.0356935,-93.6521071,3.79,265.8892423357421,1.3003874,0.0,,fused,0,1,0,
1789422502986,1789422502961,992847807,42.0356933,-93.6521071,3.79,265.85036978907294,1.3005862,0.0,,fused,0,1,0,
1789422503987,1789422503960,992848807,42.0356933,-93.6521071,3.79,265.87354101088965,1.300642,0.0,,fused,0,1,0,
1789422504984,1789422504962,992849808,42.0356934,-93.6521071,3.79,266.19763902239924,1.3004528,0.0,,fused,0,1,0,
1789422505985,1789422505960,992850807,42.0356934,-93.652107,3.79,266.2250284757382,1.300496,0.0,,fused,0,1,0,
1789422506985,1789422506961,992851807,42.0356935,-93.652107,3.79,266.3168009443257,1.3004167,0.0,,fused,0,1,0,
1789422507986,1789422507961,992852807,42.0356935,-93.6521071,3.79,266.3243317517183,1.3004897,0.0,,fused,0,1,0,
1789422508987,1789422508960,992853807,42.0356936,-93.652107,3.79,266.29941079666816,1.30044,0.0,,fused,0,1,0,
1789422509986,1789422509961,992854807,42.0356934,-93.6521072,3.79,266.3163016286066,1.3002099,0.0,,fused,0,1,0,
1789422510984,1789422510961,992855808,42.035693,-93.6521073,3.79,266.42373015774433,1.3001406,0.0,,fused,0,1,0,
1789422511986,1789422511961,992856807,42.0356929,-93.6521073,3.79,266.4518132446336,1.3000451,0.0,,fused,0,1,0,
1789422512988,1789422512961,992857807,42.0356927,-93.6521075,3.79,266.4984868251204,1.3,0.0,,fused,0,1,0,
1789422513990,1789422513962,992858808,42.0356925,-93.6521075,3.79,266.4306643099735,1.3000429,0.0,,fused,0,1,0,
1789422514988,1789422514961,992859807,42.0356923,-93.6521077,3.79,266.5376941058779,1.3,0.0,,fused,0,1,0,
1789422515988,1789422515961,992860807,42.0356923,-93.6521077,3.79,266.67818583210084,1.3004158,0.0,,fused,0,1,0,
1789422516988,1789422516961,992861808,42.0356923,-93.6521078,3.79,266.7249982287096,1.3003601,0.0,,fused,0,1,0,
1789422517990,1789422517961,992862808,42.0356925,-93.6521079,3.79,266.7543904032292,1.3004706,0.0,,fused,0,1,0,
1789422518987,1789422518960,992863807,42.0356926,-93.652108,3.79,266.8560914366604,1.3004014,0.0,,fused,0,1,0,
1789422519985,1789422519960,992864807,42.0356926,-93.652108,3.79,266.34194620864736,1.3001766,0.0,,fused,0,1,0,
1789422520981,1789422520960,992865807,42.0356927,-93.6521079,3.79,266.6392160229804,1.3000922,0.0,,fused,0,1,0,
1789422521988,1789422521961,992866807,42.0356928,-93.6521077,3.79,266.84337881472135,1.3001134,0.0,,fused,0,1,0,
1789422522985,1789422522961,992867807,42.0356928,-93.6521076,3.79,266.442675099403,1.3003569,0.0,,fused,0,1,0,
1789422523984,1789422523961,992868807,42.0356928,-93.6521077,3.79,266.71752222707767,1.3000484,0.0,,fused,0,1,0,
1789422524987,1789422524960,992869807,42.0356929,-93.6521076,3.79,266.9068228418274,1.3,0.0,,fused,0,1,0,
1789422525984,1789422525960,992870807,42.0356928,-93.6521074,3.79,266.7493434790401,1.3000456,0.0,,fused,0,1,0,
1789422526986,1789422526961,992871808,42.0356928,-93.6521071,3.79,266.87054443359375,1.3,0.0,,fused,0,1,0,
1789422527984,1789422527960,992872807,42.0356931,-93.6521069,3.79,266.7579437532049,1.3002948,0.0,,fused,0,1,0,
1789422528985,1789422528961,992873807,42.0356933,-93.6521065,3.79,266.64925165600965,1.300207,0.0,,fused,0,1,0,
1789422529983,1789422529961,992874807,42.0356935,-93.6521061,3.79,266.76083763874504,1.3002235,0.0,,fused,0,1,0,
1789422530988,1789422530962,992875808,42.0356937,-93.6521058,3.79,266.61197222393963,1.3002118,0.0,,fused,0,1,0,
1789422531984,1789422531960,992876807,42.0356937,-93.6521058,3.79,266.48960171402837,1.3003012,0.0,,fused,0,1,0,
1789422532984,1789422532960,992877807,42.0356939,-93.6521056,3.79,266.7761274185728,1.3002613,0.0,,fused,0,1,0,
1789422533988,1789422533960,992878807,42.035694,-93.6521055,3.79,266.6856511199531,1.300323,0.0,,fused,0,1,0,
1789422534985,1789422534961,992879807,42.0356941,-93.6521055,3.79,266.7576227533592,1.3001034,0.0,,fused,0,1,0,
1789422535984,1789422535960,992880807,42.0356941,-93.6521054,3.79,266.69722608732076,1.300259,0.0,,fused,0,1,0,
1789422536985,1789422536962,992881808,42.0356942,-93.6521053,3.79,266.4347855079816,1.3002272,0.0,,fused,0,1,0,
1789422537985,1789422537960,992882807,42.0356942,-93.6521051,3.79,266.45723286884765,1.3002533,0.0,,fused,0,1,0,
1789422538990,1789422538962,992883808,42.0356942,-93.6521051,3.79,266.34841957425533,1.3002195,0.0,,fused,0,1,0,
1789422539983,1789422539961,992884807,42.0356956,-93.6520968,3.79,266.2573402854116,1.300174,0.79,72.0,fused,0,1,0,
1789422540986,1789422540960,992885807,42.0357053,-93.6520959,3.79,266.3321694375401,1.3001097,1.99,331.0,fused,0,1,0,
1789422541989,1789422541961,992886807,42.0357119,-93.6521147,3.79,266.30931317508424,1.3001492,1.96,284.0,fused,0,1,0,
1789422542981,1789422542961,992887807,42.0357106,-93.6521371,3.79,266.2980008281199,1.3,1.65,268.0,fused,0,1,0,
1789422543985,1789422543961,992888807,42.0357092,-93.6521579,3.79,266.2997098124949,1.3000536,1.66,271.0,fused,0,1,0,
1789422544986,1789422544960,992889807,42.0357083,-93.6521785,3.79,266.3218045390574,1.3001773,1.58,269.0,fused,0,1,0,
1789422545989,1789422545962,992890808,42.0357051,-93.652221,3.79,266.33167440651897,1.3002226,4.56,264.0,fused,0,1,0,
1789422546986,1789422546960,992891807,42.0357025,-93.6522664,3.79,266.35050619044483,1.3001759,3.41,269.0,fused,0,1,0,
1789422547982,1789422547960,992892807,42.0357025,-93.6522999,3.79,266.3916779517638,1.3002746,2.26,272.0,fused,0,1,0,
1789422548987,1789422548960,992893807,42.0357026,-93.6523241,3.79,266.4853618865801,1.3000587,1.61,271.0,fused,0,1,0,
1789422549981,1789422549961,992894807,42.035703,-93.6523393,3.79,266.50134425552085,1.3001047,0.88,274.0,fused,0,1,0,
1789422550985,1789422550961,992895807,42.0357027,-93.6523475,3.79,266.5807977109244,1.30006,0.53,274.0,fused,0,1,0,
1789422551986,1789422551961,992896807,42.0357012,-93.6523485,3.79,266.6047470326828,1.3001221,0.0,,fused,0,1,0,
1789422552986,1789422552961,992897807,42.0357001,-93.6523481,3.79,266.61228012352984,1.3,0.0,,fused,0,1,0,
1789422553987,1789422553961,992898807,42.0357005,-93.6523716,3.79,266.80566302872364,1.3000458,2.69,270.0,fused,0,1,0,
1789422554985,1789422554961,992899807,42.0357015,-93.6523998,3.79,266.8171063793573,1.3,2.1,270.0,fused,0,1,0,
1789422555987,1789422555960,992900807,42.0357017,-93.6524248,3.79,266.8146677176195,1.3000456,1.88,268.0,fused,0,1,0,
1789422556986,1789422556960,992901807,42.0357015,-93.6524488,3.79,266.6919813938359,1.3001862,1.93,268.0,fused,0,1,0,
1789422557987,1789422557961,992902807,42.0357024,-93.6524701,3.79,266.5138544427905,1.3002237,1.68,270.0,fused,0,1,0,
1789422558990,1789422558960,992903807,42.0357026,-93.6524916,3.79,266.4158902918334,1.3001876,1.93,271.0,fused,0,1,0,
1789422559987,1789422559960,992904807,42.0357034,-93.6525149,3.79,266.2993431345665,1.3002714,1.95,271.0,fused,0,1,0,
1789422560987,1789422560961,992905807,42.0357028,-93.6525392,3.79,266.17482045017954,1.30024,2.12,270.0,fused,0,1,0,
1789422561984,1789422561961,992906807,42.0357024,-93.6525623,3.79,266.0397681205256,1.3002958,1.91,271.0,fused,0,1,0,
1789422562989,1789422562961,992907808,42.0357016,-93.6525828,3.79,266.3811940732245,1.3,1.72,270.0,fused,0,1,0,
1789422563989,1789422563960,992908807,42.0357007,-93.6526036,3.79,266.30847948804535,1.3001769,1.92,270.0,fused,0,1,0,
1789422564988,1789422564960,992909807,42.0357002,-93.6526252,3.79,266.3358689413843,1.3001277,1.98,270.0,fused,0,1,0,
1789422565985,1789422565962,992910808,42.0356988,-93.6526466,3.79,266.35622780807233,1.3001684,1.75,269.0,fused,0,1,0,
1789422566986,1789422566960,992911807,42.0356984,-93.6526673,3.79,266.4351722173644,1.3001105,1.7,271.0,fused,0,1,0,
1789422567985,1789422567961,992912807,42.0356985,-93.6526887,3.79,266.61635976232134,1.3001535,1.87,268.0,fused,0,1,0,
1789422568984,1789422568960,992913807,42.0356986,-93.6527132,3.79,266.9291704818077,1.3000987,2.13,268.0,fused,0,1,0,
1789422569985,1789422569961,992914807,42.0356985,-93.6527363,3.79,266.92000928857277,1.3000456,1.7,270.0,fused,0,1,0,
1789422570987,1789422570962,992915808,42.0356996,-93.6527594,3.79,266.96545199505005,1.3000101,1.94,273.0,fused,0,1,0,
1789422571982,1789422571961,992916807,42.0357013,-93.6527812,3.79,267.0361764658679,1.3001066,1.77,275.0,fused,0,1,0,
1789422572985,1789422572960,992917807,42.0357016,-93.6528014,3.79,265.61865234375,1.3000634,1.76,276.0,fused,0,1,0,
1789422573991,1789422573962,992918808,42.0357034,-93.6528218,3.79,265.6029052734375,1.3001088,1.79,280.0,fused,0,1,0,
1789422574985,1789422574959,992919806,42.0357077,-93.6528581,3.79,265.51458740234375,1.3000698,3.94,278.0,fused,0,1,0,
1789422575989,1789422575962,992920808,42.0357123,-93.652898,3.79,265.54541015625,1.3000989,3.21,278.0,fused,0,1,0,
1789422576987,1789422576960,992921807,42.0357183,-93.6529371,3.79,265.53173828125,1.3000566,3.34,280.0,fused,0,1,0,
1789422577986,1789422577960,992922806,42.0357253,-93.6529755,3.79,265.5359802246094,1.3001069,3.22,283.0,fused,0,1,0,
1789422578986,1789422578960,992923807,42.0357333,-93.6530159,3.79,265.4815673828125,1.3000542,3.47,284.0,fused,0,1,0,
1789422579988,1789422579960,992924807,42.0357407,-93.6530549,3.79,265.0199890136719,1.3003409,3.17,282.0,fused,0,1,0,
1789422580987,1789422580961,992925807,42.0357475,-93.6530919,3.79,264.9903564453125,1.3,3.0,281.0,fused,0,1,0,
1789422581988,1789422581960,992926807,42.0357528,-93.6531232,3.79,264.75250244140625,1.3000469,2.27,283.0,fused,0,1,0,
1789422582984,1789422582961,992927807,42.0357553,-93.6531385,3.79,264.42828369140625,1.3,0.49,283.0,fused,0,1,0,
1789422583981,1789422583961,992928807,42.0357562,-93.6531414,3.79,264.20709228515625,1.300047,0.15,283.0,fused,0,1,0,
1789422584988,1789422584960,992929807,42.0357571,-93.6531428,3.79,263.9398193359375,1.3001548,0.0,,fused,0,1,0,
1789422585983,1789422585960,992930806,42.0357568,-93.6531438,3.79,263.5101623535156,1.3001984,0.0,,fused,0,1,0,
1789422586987,1789422586962,992931808,42.0357561,-93.6531378,3.79,263.46978759765625,1.300162,0.51,283.0,fused,0,1,0,
1789422587985,1789422587960,992932807,42.0357548,-93.6531297,3.79,263.4066162109375,1.3002297,0.65,283.0,fused,0,1,0,
1789422588988,1789422588962,992933808,42.0357548,-93.6531299,3.79,263.3402099609375,1.3001896,1.89,283.0,fused,0,1,0,
1789422589987,1789422589961,992934807,42.0357574,-93.6531482,3.79,263.3594970703125,1.3002381,1.14,283.0,fused,0,1,0,
1789422591003,1789422590961,992935807,42.035758,-93.6531517,3.79,263.3705139160156,1.3001916,0.0,,fused,0,1,0,
1789422591986,1789422591961,992936807,42.035761,-93.6531632,3.79,263.57537841796875,1.3000451,1.66,283.0,fused,0,1,0,
1789422592991,1789422592961,992937807,42.0357646,-93.653182,3.79,263.6420593261719,1.3001046,1.66,280.0,fused,0,1,0,
1789422593978,1789422593961,992938807,42.0357674,-93.6532017,3.79,263.6845703125,1.3001475,1.7,282.0,fused,0,1,0,
1789422594987,1789422594959,992939806,42.0357696,-93.6532201,3.79,263.71710205078125,1.3001022,1.54,280.0,fused,0,1,0,
1789422595987,1789422595960,992940807,42.0357704,-93.6532384,3.79,263.76654052734375,1.3001474,1.59,272.0,fused,0,1,0,
1789422596988,1789422596961,992941807,42.0357722,-93.6532579,3.79,263.9652404785156,1.3000909,1.75,280.0,fused,0,1,0,
1789422597988,1789422597960,992942807,42.0357799,-93.6532738,3.79,264.05230712890625,1.3001323,1.65,309.0,fused,0,1,0,
1789422598986,1789422598962,992943808,42.0357922,-93.653285,3.79,264.2681579589844,1.3000848,1.63,325.0,fused,0,1,0,
1789422599988,1789422599961,992944807,42.0358079,-93.6532947,3.79,264.50341796875,1.3000596,1.93,334.0,fused,0,1,0,
1789422600988,1789422600961,992945807,42.0358252,-93.6533028,3.79,264.59259033203125,1.3,2.06,334.0,fused,0,1,0,
1789422601988,1789422601961,992946808,42.0358415,-93.6533115,3.79,264.5899353027344,1.3000436,1.83,332.0,fused,0,1,0,
1789422602986,1789422602961,992947807,42.0358589,-93.6533207,3.79,264.65423583984375,1.3,2.21,336.0,fused,0,1,0,
1789422603986,1789422603960,992948807,42.035874,-93.6533273,3.79,264.75384521484375,1.300048,1.52,341.0,fused,0,1,0,
1789422604986,1789422604962,992949808,42.0358908,-93.6533301,3.79,264.76727294921875,1.3000703,1.98,354.0,fused,0,1,0,
1789422605985,1789422605960,992950807,42.0359028,-93.6533305,3.79,264.6739501953125,1.3001039,0.98,356.0,fused,0,1,0,
1789422606986,1789422606961,992951807,42.0359037,-93.6533296,3.79,264.6390686035156,1.3000444,0.0,,fused,0,1,0,
1789422607984,1789422607960,992952806,42.0359029,-93.6533299,3.79,264.52001953125,1.3000965,0.0,,fused,0,1,0,
1789422608985,1789422608960,992953807,42.0359035,-93.6533304,3.79,264.44500732421875,1.3000383,0.0,,fused,0,1,0,
1789422609982,1789422609961,992954807,42.0359039,-93.6533304,3.79,264.2877197265625,1.3000478,0.0,,fused,0,1,0,
1789422610986,1789422610960,992955807,42.0359044,-93.6533306,3.79,264.3243713378906,1.3000033,0.0,,fused,0,1,0,
1789422611986,1789422611960,992956807,42.0359047,-93.653331,3.79,264.319091796875,1.3000447,0.0,,fused,0,1,0,
1789422612987,1789422612962,992957808,42.0359045,-93.6533312,3.79,264.244873046875,1.3001324,0.0,,fused,0,1,0,
1789422613983,1789422613959,992958806,42.0359045,-93.6533318,3.79,264.2680358886719,1.3001841,0.0,,fused,0,1,0,
1789422614983,1789422614961,992959807,42.0359043,-93.6533314,3.79,264.0782470703125,1.3001444,0.0,,fused,0,1,0,
1789422615980,1789422615961,992960807,42.0359042,-93.6533314,3.79,264.2779541015625,1.300172,0.0,,fused,0,1,0,
1789422616989,1789422616960,992961807,42.0359041,-93.6533313,3.79,264.18487548828125,1.3001304,0.0,,fused,0,1,0,
1789422617988,1789422617961,992962808,42.0359041,-93.6533311,3.79,264.20703125,1.3001764,0.0,,fused,0,1,0,
1789422618984,1789422618960,992963807,42.035904,-93.6533309,3.79,264.2982177734375,1.300129,0.0,,fused,0,1,0,
1789422619989,1789422619960,992964807,42.0359039,-93.653331,3.79,264.42913818359375,1.3000468,0.0,,fused,0,1,0,
1789422620987,1789422620960,992965807,42.0359039,-93.6533312,3.79,264.3844909667969,1.3001181,0.0,,fused,0,1,0,
1789422621985,1789422621962,992966808,42.0359038,-93.6533311,3.79,264.45440673828125,1.3001343,0.0,,fused,0,1,0,
1789422622988,1789422622962,992967808,42.0359038,-93.6533307,3.79,264.533203125,1.3000904,0.0,,fused,0,1,0,
1789422623985,1789422623960,992968807,42.0359038,-93.6533306,3.79,264.60150146484375,1.3001351,0.0,,fused,0,1,0,
1789422624987,1789422624961,992969807,42.0359037,-93.6533303,3.79,264.7107849121094,1.3000797,0.0,,fused,0,1,0,
1789422625987,1789422625962,992970808,42.0359037,-93.6533302,3.79,264.7178955078125,1.3001237,0.0,,fused,0,1,0,
1789422626988,1789422626960,992971806,42.0359037,-93.6533302,3.79,264.7236328125,1.3,0.0,,fused,0,1,0,
1789422627987,1789422627961,992972807,42.0359036,-93.6533302,3.79,264.7652587890625,1.3000494,0.0,,fused,0,1,0,
1789422628989,1789422628962,992973808,42.0359024,-93.6533309,3.79,264.89013671875,1.3,0.0,,fused,0,1,0,
1789422629989,1789422629960,992974807,42.0359013,-93.6533297,3.79,264.9642333984375,1.3000498,0.0,,fused,0,1,0,
1789422630984,1789422630960,992975807,42.0359,-93.6533293,3.79,265.19384765625,1.3,0.0,,fused,0,1,0,
1789422631985,1789422631961,992976807,42.0358991,-93.6533294,3.79,265.08148193359375,1.3000953,0.0,,fused,0,1,0,
1789422632983,1789422632961,992977807,42.0358988,-93.6533297,3.79,265.0928039550781,1.3000441,0.0,,fused,0,1,0,
1789422633984,1789422633960,992978807,42.0358991,-93.6533297,3.79,265.093994140625,1.300094,0.0,,fused,0,1,0,
1789422634988,1789422634960,992979807,42.0358994,-93.6533288,3.79,265.0989990234375,1.3000468,0.0,,fused,0,1,0,
1789422635986,1789422635960,992980806,42.0358992,-93.6533289,3.79,265.01385498046875,1.3001033,0.0,,fused,0,1,0,
1789422636987,1789422636960,992981806,42.0358991,-93.653329,3.79,265.0182189941406,1.3,0.0,,fused,0,1,0,
1789422637983,1789422637960,992982806,42.0358991,-93.653329,3.79,264.8515319824219,1.3000505,0.0,,fused,0,1,0,
1789422638983,1789422638960,992983806,42.0358992,-93.6533288,3.79,264.79083251953125,1.3,0.0,,fused,0,1,0,
1789422639988,1789422639962,992984808,42.0358992,-93.6533291,3.79,264.7666015625,1.300135,0.0,,fused,0,1,0,
1789422640990,1789422640960,992985807,42.0358989,-93.6533291,3.79,264.76336669921875,1.3000956,0.0,,fused,0,1,0,
1789422641986,1789422641961,992986807,42.0358988,-93.6533292,3.79,264.6900634765625,1.3001258,0.0,,fused,0,1,0,
1789422642986,1789422642961,992987807,42.0358989,-93.6533292,3.79,264.7469482421875,1.300079,0.0,,fused,0,1,0,
1789422643989,1789422643961,992988808,42.035899,-93.6533292,3.79,264.6588439941406,1.3001323,0.0,,fused,0,1,0,
1789422644988,1789422644962,992989808,42.0358991,-93.6533292,3.79,264.70050048828125,1.3000761,0.0,,fused,0,1,0,
1789422645992,1789422645960,992990807,42.0358991,-93.653329,3.79,264.6221008300781,1.3001412,0.0,,fused,0,1,0,
1789422646988,1789422646961,992991807,42.0358991,-93.653329,3.79,264.7723693847656,1.3,0.0,,fused,0,1,0,
1789422647987,1789422647961,992992808,42.0358991,-93.6533293,3.79,264.8929138183594,1.3001064,0.0,,fused,0,1,0,
1789422648988,1789422648961,992993807,42.0358991,-93.6533293,3.79,264.9669494628906,1.3000654,0.0,,fused,0,1,0,
1789422649982,1789422649960,992994806,42.0358991,-93.6533293,3.79,264.9792785644531,1.3001188,0.0,,fused,0,1,0,
1789422650989,1789422650961,992995808,42.035899,-93.6533293,3.79,264.98175048828125,1.3000662,0.0,,fused,0,1,0,
1789422651985,1789422651960,992996807,42.035899,-93.6533294,3.79,264.9249572753906,1.3001215,0.0,,fused,0,1,0,
1789422652986,1789422652961,992997807,42.035899,-93.6533295,3.79,264.98583984375,1.3000661,0.0,,fused,0,1,0,
1789422653986,1789422653961,992998807,42.0358992,-93.6533291,3.79,264.999267578125,1.300046,0.0,,fused,0,1,0,
1789422654990,1789422654961,992999808,42.0358991,-93.6533293,3.79,265.0027160644531,1.3,0.0,,fused,0,1,0,
1789422655987,1789422655960,993000807,42.0358992,-93.6533294,3.79,264.99249267578125,1.3000447,0.0,,fused,0,1,0,
1789422656988,1789422656959,993001806,42.0358992,-93.6533295,3.79,264.9385681152344,1.3,0.0,,fused,0,1,0,
1789422657989,1789422657962,993002808,42.0358991,-93.6533296,3.79,264.94000244140625,1.3000436,0.0,,fused,0,1,0,
1789422658986,1789422658961,993003807,42.0358989,-93.6533294,3.79,264.94000244140625,1.3000957,0.0,,fused,0,1,0,
1789422659986,1789422659962,993004808,42.035899,-93.6533293,3.79,264.9584655761719,1.3000745,0.0,,fused,0,1,0,
1789422660978,1789422660961,993005807,42.0358992,-93.6533293,3.79,264.9206237792969,1.3000376,0.0,,fused,0,1,0,
1789422661984,1789422661961,993006807,42.0358992,-93.6533293,3.79,264.914306640625,1.3000857,0.0,,fused,0,1,0,
1789422662986,1789422662961,993007808,42.0358992,-93.6533293,3.79,264.8966979980469,1.300039,0.0,,fused,0,1,0,
1789422663989,1789422663961,993008807,42.0358993,-93.6533293,3.79,264.8667297363281,1.3000869,0.0,,fused,0,1,0,
1789422664985,1789422664961,993009808,42.0358993,-93.6533293,3.79,264.8553161621094,1.3,0.0,,fused,0,1,0,
1789422665982,1789422665959,993010806,42.0358993,-93.6533295,3.79,264.8692626953125,1.3000557,0.0,,fused,0,1,0,
1789422666985,1789422666961,993011807,42.0358992,-93.6533297,3.79,264.77838134765625,1.3,0.0,,fused,0,1,0,
1789422667983,1789422667961,993012807,42.0358991,-93.6533297,3.79,264.67138671875,1.3000488,0.0,,fused,0,1,0,
1789422668985,1789422668960,993013806,42.0358992,-93.6533297,3.79,264.6094970703125,1.3000863,0.0,,fused,0,1,0,
1789422669983,1789422669960,993014806,42.0358992,-93.6533296,3.79,264.5535888671875,1.3001734,0.0,,fused,0,1,0,
1789422670989,1789422670960,993015807,42.0358994,-93.6533293,3.79,264.5460205078125,1.3000579,0.0,,fused,0,1,0,
1789422671984,1789422671960,993016807,42.0358994,-93.6533292,3.79,264.53924560546875,1.300103,0.0,,fused,0,1,0,
1789422672986,1789422672961,993017807,42.0358993,-93.6533291,3.79,264.5350341796875,1.300057,0.0,,fused,0,1,0,
1789422673983,1789422673960,993018806,42.0358994,-93.6533289,3.79,264.49285888671875,1.3001189,0.0,,fused,0,1,0,
1789422674988,1789422674961,993019807,42.0358993,-93.6533293,3.79,264.49493408203125,1.3000673,0.0,,fused,0,1,0,
1789422675987,1789422675960,993020807,42.0358993,-93.6533295,3.79,264.5399475097656,1.3000442,0.0,,fused,0,1,0,
1789422676985,1789422676959,993021806,42.0358994,-93.6533295,3.79,264.6868591308594,1.3000554,0.0,,fused,0,1,0,
1789422677987,1789422677961,993022807,42.0358995,-93.6533293,3.79,264.7964172363281,1.3001026,0.0,,fused,0,1,0,
1789422678984,1789422678960,993023806,42.0358995,-93.6533292,3.79,264.8630676269531,1.3000565,0.0,,fused,0,1,0,
1789422679987,1789422679959,993024806,42.0358996,-93.6533289,3.79,264.9833984375,1.3001093,0.0,,fused,0,1,0,
1789422680985,1789422680960,993025806,42.0358998,-93.6533288,3.79,265.0015869140625,1.3000575,0.0,,fused,0,1,0,
1789422681986,1789422681962,993026808,42.0358999,-93.6533286,3.79,264.98748779296875,1.3001027,0.0,,fused,0,1,0,
1789422682984,1789422682961,993027807,42.0358999,-93.6533285,3.79,265.05316162109375,1.3000531,0.0,,fused,0,1,0,
1789422683987,1789422683961,993028807,42.0358999,-93.6533285,3.79,264.9254150390625,1.300045,0.0,,fused,0,1,0,
1789422684984,1789422684960,993029807,42.0359001,-93.6533282,3.79,264.7552490234375,1.3,0.0,,fused,0,1,0,
1789422685986,1789422685960,993030806,42.0359,-93.6533281,3.79,264.7342224121094,1.3000532,0.0,,fused,0,1,0,
1789422686990,1789422686961,993031807,42.0359001,-93.6533281,3.79,264.71240234375,1.3,0.0,,fused,0,1,0,
1789422687985,1789422687961,993032807,42.0359001,-93.6533284,3.79,264.66015625,1.300046,0.0,,fused,0,1,0,
1789422688985,1789422688960,993033807,42.0359001,-93.6533285,3.79,264.5849304199219,1.3000263,0.0,,fused,0,1,0,
1789422689983,1789422689959,993034806,42.0359001,-93.6533285,3.79,264.54010009765625,1.3000808,0.0,,fused,0,1,0,
1789422690979,1789422690959,993035806,42.0359002,-93.6533285,3.79,264.47479248046875,1.3000268,0.0,,fused,0,1,0,
1789422691986,1789422691960,993036807,42.0359003,-93.6533285,3.79,264.4326171875,1.300077,0.0,,fused,0,1,0,
1789422692984,1789422692959,993037806,42.0359003,-93.6533285,3.79,264.410400390625,1.3000321,0.0,,fused,0,1,0,
1789422693986,1789422693962,993038808,42.0359004,-93.6533285,3.79,264.3818359375,1.3000778,0.0,,fused,0,1,0,
1789422694987,1789422694961,993039807,42.0359004,-93.6533284,3.79,264.3946533203125,1.3,0.0,,fused,0,1,0,
1789422695983,1789422695960,993040807,42.0359004,-93.6533283,3.79,264.4700927734375,1.3000443,0.0,,fused,0,1,0,
1789422696988,1789422696961,993041807,42.0359004,-93.6533283,3.79,264.44744873046875,1.3,0.0,,fused,0,1,0,
1789422697987,1789422697960,993042807,42.0359004,-93.6533283,3.79,264.49114990234375,1.3000458,0.0,,fused,0,1,0,
1789422698990,1789422698960,993043807,42.0359005,-93.6533281,3.79,264.6541748046875,1.3000782,0.0,,fused,0,1,0,
1789422699987,1789422699961,993044808,42.0359006,-93.6533281,3.79,264.7278747558594,1.3001146,0.0,,fused,0,1,0,
1789422700987,1789422700960,993045807,42.0359005,-93.6533281,3.79,264.7483215332031,1.3000457,0.0,,fused,0,1,0,
1789422701987,1789422701959,993046806,42.0359004,-93.653328,3.79,264.735595703125,1.3001001,0.0,,fused,0,1,0,
1789422702989,1789422702960,993047807,42.0359003,-93.6533277,3.79,264.7389221191406,1.3000474,0.0,,fused,0,1,0,
1789422703983,1789422703959,993048806,42.0359003,-93.6533276,3.79,264.7177429199219,1.3001102,0.0,,fused,0,1,0,
1789422704978,1789422704960,993049807,42.0359003,-93.6533275,3.79,264.7569580078125,1.3000566,0.0,,fused,0,1,0,
1789422705985,1789422705960,993050807,42.0359003,-93.6533276,3.79,264.8384094238281,1.300046,0.0,,fused,0,1,0,
1789422706988,1789422706961,993051807,42.0359004,-93.6533274,3.79,264.7976989746094,1.3,0.0,,fused,0,1,0,
1789422707984,1789422707959,993052806,42.0359005,-93.6533272,3.79,264.7964172363281,1.3001026,0.0,,fused,0,1,0,
1789422708988,1789422708959,993053806,42.0359005,-93.6533269,3.79,264.8108825683594,1.3000495,0.0,,fused,0,1,0,
1789422709981,1789422709959,993054806,42.0359005,-93.6533269,3.79,264.90106201171875,1.3001062,0.0,,fused,0,1,0,
1789422710988,1789422710962,993055808,42.0359005,-93.6533268,3.79,264.91766357421875,1.3000504,0.0,,fused,0,1,0,
1789422711982,1789422711960,993056806,42.0359005,-93.6533266,3.79,264.927734375,1.3001028,0.0,,fused,0,1,0,
1789422712988,1789422712959,993057806,42.0359004,-93.6533266,3.79,264.9821472167969,1.3000478,0.0,,fused,0,1,0,
1789422713985,1789422713959,993058806,42.0359006,-93.6533265,3.79,265.00396728515625,1.3000978,0.0,,fused,0,1,0,
1789422714987,1789422714960,993059807,42.0359006,-93.6533263,3.79,265.0213623046875,1.3,0.0,,fused,0,1,0,
1789422715986,1789422715961,993060808,42.0359007,-93.653326,3.79,265.01007080078125,1.3000436,0.0,,fused,0,1,0,
1789422716978,1789422716961,993061807,42.0359007,-93.6533259,3.79,264.98736572265625,1.3,0.0,,fused,0,1,0,
1789422717991,1789422717961,993062807,42.0359006,-93.6533257,3.79,264.96356201171875,1.3000451,0.0,,fused,0,1,0,
1789422718988,1789422718959,993063806,42.0359005,-93.6533258,3.79,264.91632080078125,1.3,0.0,,fused,0,1,0,
1789422719983,1789422719961,993064807,42.0359005,-93.6533257,3.79,264.78704833984375,1.3000712,0.0,,fused,0,1,0,
1789422720987,1789422720959,993065806,42.0359005,-93.6533255,3.79,264.7857666015625,1.3000226,0.0,,fused,0,1,0,
1789422721983,1789422721961,993066807,42.0359005,-93.6533255,3.79,264.77203369140625,1.3000709,0.0,,fused,0,1,0,
1789422722986,1789422722959,993067806,42.0359005,-93.6533253,3.79,264.7201843261719,1.3000258,0.0,,fused,0,1,0,
1789422723993,1789422723961,993068807,42.0359004,-93.6533253,3.79,264.63629150390625,1.3000779,0.0,,fused,0,1,0,
1789422724986,1789422724959,993069806,42.0358908,-93.6533416,3.79,264.6346435546875,1.3000294,2.72,229.0,fused,0,1,0,
1789422725993,1789422725960,993070806,42.035877,-93.6533602,3.79,264.7116394042969,1.300053,1.86,219.0,fused,0,1,0,
1789422726992,1789422726960,993071807,42.0358597,-93.653375,3.79,264.73724365234375,1.3,2.36,212.0,fused,0,1,0,
1789422727985,1789422727961,993072807,42.0358427,-93.6533884,3.79,264.71112060546875,1.3000457,2.1,212.0,fused,0,1,0,
1789422728982,1789422728961,993073808,42.0358187,-93.653406,3.79,264.71441650390625,1.3000609,3.31,208.0,fused,0,1,0,
1789422729978,1789422729960,993074807,42.0357957,-93.653423,3.79,264.7357177734375,1.3001052,2.71,208.0,fused,0,1,0,
1789422730983,1789422730959,993075806,42.0357766,-93.6534343,3.79,264.72027587890625,1.300082,2.13,202.0,fused,0,1,0,
1789422731982,1789422731960,993076806,42.0357589,-93.653443,3.79,264.76715087890625,1.30009,2.05,200.0,fused,0,1,0,
1789422732982,1789422732959,993077806,42.0357414,-93.6534507,3.79,264.85626220703125,1.3000354,2.04,198.0,fused,0,1,0,
1789422733984,1789422733959,993078806,42.0357278,-93.6534575,3.79,264.950927734375,1.3000933,1.58,201.0,fused,0,1,0,
1789422734986,1789422734959,993079806,42.0357147,-93.6534749,3.79,265.10345458984375,1.3000447,2.18,225.0,fused,0,1,0,
1789422735984,1789422735959,993080806,42.0357089,-93.6535015,3.79,265.28070068359375,1.3000529,2.16,248.0,fused,0,1,0,
1789422736984,1789422736960,993081807,42.035721,-93.6535242,3.79,265.35400390625,1.3000407,1.96,299.0,fused,0,1,0,
1789422737980,1789422737960,993082807,42.0357413,-93.6535408,3.79,265.4969482421875,1.3000921,1.96,315.0,fused,0,1,0,
1789422738987,1789422738959,993083806,42.0357587,-93.6535566,3.79,265.6238708496094,1.300043,1.81,310.0,fused,0,1,0,
1789422739989,1789422739960,993084806,42.0357772,-93.6535743,3.79,265.8415832519531,1.3000958,1.83,308.0,fused,0,1,0,
1789422740997,1789422740960,993085806,42.0357917,-93.6535908,3.79,265.9625549316406,1.3000449,1.85,308.0,fused,0,1,0,
1789422741987,1789422741960,993086806,42.0358064,-93.6536068,3.79,266.0479736328125,1.3000984,1.89,313.0,fused,0,1,0,
1789422742984,1789422742961,993087807,42.0358144,-93.6536252,3.79,266.2632751464844,1.3000422,1.65,290.0,fused,0,1,0,
1789422743982,1789422743960,993088806,42.0358152,-93.6536344,3.79,266.4255676269531,1.3000523,0.86,267.0,fused,0,1,0,
1789422744984,1789422744959,993089806,42.0358157,-93.6536342,3.79,266.544677734375,1.3,0.0,,fused,0,1,0,
1789422745986,1789422745959,993090806,42.0358158,-93.6536333,3.79,266.575927734375,1.3000705,0.0,,fused,0,1,0,
1789422746988,1789422746959,993091806,42.0358155,-93.6536328,3.79,266.6925048828125,1.3000191,0.0,,fused,0,1,0,
1789422747989,1789422747960,993092806,42.0358153,-93.6536323,3.79,266.77484130859375,1.3000696,0.0,,fused,0,1,0,
1789422748991,1789422748960,993093806,42.0358195,-93.6536371,3.79,266.69683837890625,1.3000435,0.65,267.0,fused,0,1,0,
1789422749989,1789422749960,993094806,42.0358306,-93.653646,3.79,266.8326416015625,1.3000885,1.62,327.0,fused,0,1,0,
1789422750991,1789422750960,993095806,42.0358422,-93.6536573,3.79,266.7852783203125,1.3000423,1.65,320.0,fused,0,1,0,
1789422751996,1789422751960,993096806,42.0358524,-93.6536728,3.79,266.88671875,1.3000972,1.8,317.0,fused,0,1,0,
1789422752999,1789422752961,993097807,42.0358633,-93.6536888,3.79,267.09173583984375,1.3000395,1.85,315.0,fused,0,1,0,
1789422753997,1789422753961,993098807,42.0358745,-93.653706,3.79,267.0376892089844,1.3001393,1.86,312.0,fused,0,1,0,
1789422754981,1789422754959,993099806,42.0358835,-93.653724,3.79,267.12139892578125,1.3000764,1.78,302.0,fused,0,1,0,
1789422755983,1789422755960,993100806,42.0358876,-93.6537394,3.79,267.0662536621094,1.3001329,1.37,287.0,fused,0,1,0,
1789422756991,1789422756959,993101806,42.0358882,-93.6537582,3.79,266.9985046386719,1.3000734,1.73,273.0,fused,0,1,0,
1789422757991,1789422757959,993102806,42.0358764,-93.6537739,3.79,267.05023193359375,1.300108,1.67,240.0,fused,0,1,0,
1789422758985,1789422758960,993103806,42.0358504,-93.6537357,3.79,267.1632385253906,1.3000528,3.36,127.0,fused,0,1,0,
1789422759987,1789422759959,993104806,42.0358435,-93.653709,3.79,267.1309509277344,1.3000827,1.65,106.0,fused,0,1,0,
1789422760981,1789422760959,993105806,42.035845,-93.6537034,3.79,267.00469970703125,1.3000321,0.0,,fused,0,1,0,
1789422761986,1789422761960,993106806,42.0358457,-93.6537031,3.79,266.85626220703125,1.3000821,0.0,,fused,0,1,0,
1789422762992,1789422762959,993107806,42.0358476,-93.6537074,3.79,266.76898193359375,1.300031,0.32,107.0,fused,0,1,0,
1789422763991,1789422763961,993108807,42.0358491,-93.6537094,3.79,266.59124755859375,1.300086,0.0,,fused,0,1,0,
1789422764999,1789422764961,993109807,42.0358508,-93.6537094,3.79,266.6409606933594,1.3,0.0,,fused,0,1,0,
1789422765987,1789422765959,993110806,42.0358531,-93.6537099,3.79,266.6314697265625,1.3000556,0.22,107.0,fused,0,1,0,
1789422766998,1789422766959,993111806,42.0358541,-93.6537111,3.79,266.7630615234375,1.3000358,0.0,,fused,0,1,0,
1789422768001,1789422767959,993112806,42.0358544,-93.6537113,3.79,266.93145751953125,1.3000877,0.0,,fused,0,1,0,
1789422768988,1789422768959,993113806,42.0358547,-93.6537101,3.79,267.05560302734375,1.3000342,0.27,107.0,fused,0,1,0,
1789422769989,1789422769959,993114806,42.0358543,-93.6537108,3.79,267.2685852050781,1.300091,0.0,,fused,0,1,0,
1789422770988,1789422770961,993115807,42.0358542,-93.6537116,3.79,267.27532958984375,1.3000362,0.0,,fused,0,1,0,
1789422771994,1789422771961,993116807,42.0358563,-93.6537119,3.79,267.2733154296875,1.3000879,0.3,107.0,fused,0,1,0,
1789422772996,1789422772961,993117807,42.0358585,-93.6537133,3.79,267.34820556640625,1.3000336,0.17,107.0,fused,0,1,0,
1789422773997,1789422773959,993118806,42.0358629,-93.653714,3.79,267.35333251953125,1.3000512,0.0,,fused,0,1,0,
1789422775002,1789422774960,993119806,42.0358641,-93.6537141,3.79,267.3481140136719,1.3,0.0,,fused,0,1,0,
1789422776000,1789422775961,993120807,42.0358612,-93.6537143,3.79,267.24896240234375,1.3000635,0.0,,fused,0,1,0,
1789422776993,1789422776960,993121806,42.0358606,-93.6537144,3.79,267.04876708984375,1.300014,0.0,,fused,0,1,0,
1789422777992,1789422777959,993122806,42.0358604,-93.6537144,3.79,266.9490051269531,1.3000665,0.0,,fused,0,1,0,
1789422778992,1789422778959,993123806,42.0358631,-93.6537142,3.79,266.9261474609375,1.3000268,0.3,107.0,fused,0,1,0,
1789422779995,1789422779960,993124807,42.0358663,-93.6537143,3.79,266.85595703125,1.3000759,0.0,,fused,0,1,0,
1789422780989,1789422780960,993125806,42.0358707,-93.6537103,3.79,268.1746325402549,1.3000278,0.63,107.0,fused,0,1,0,
1789422781984,1789422781959,993126806,42.0358671,-93.6536989,3.79,268.1648187500511,1.3000815,1.24,124.0,fused,0,1,0,
1789422782990,1789422782960,993127806,42.035866,-93.6536981,3.79,267.9872880351177,1.3000367,0.18,124.0,fused,0,1,0,
1789422783982,1789422783960,993128806,42.0358674,-93.6537021,3.79,268.1514878186915,1.3001121,0.0,,fused,0,1,0,
1789422784988,1789422784959,993129806,42.0358676,-93.6537032,3.79,268.03109052985474,1.3000641,0.0,,fused,0,1,0,
1789422785987,1789422785960,993130807,42.0358676,-93.6537033,3.79,268.0298680561279,1.3001118,0.0,,fused,0,1,0,
1789422786985,1789422786960,993131806,42.0358675,-93.6537033,3.79,267.94886578865516,1.3000581,0.0,,fused,0,1,0,
1789422787988,1789422787960,993132806,42.0358674,-93.6537033,3.79,267.94294617655333,1.3000988,0.0,,fused,0,1,0,
1789422788985,1789422788960,993133806,42.0358681,-93.653704,3.79,268.0000112070729,1.300064,0.0,,fused,0,1,0,
1789422789987,1789422789961,993134807,42.0358678,-93.6537044,3.79,268.02207535249903,1.300074,0.0,,fused,0,1,0,
1789422790990,1789422790959,993135806,42.0358671,-93.653706,3.79,268.1080758170096,1.3000246,0.22,124.0,fused,0,1,0,
1789422791976,1789422791959,993136806,42.0358675,-93.653707,3.79,268.0822139368335,1.3000767,0.0,,fused,0,1,0,
1789422792984,1789422792959,993137806,42.0358675,-93.6537073,3.79,268.10437653947406,1.3000249,0.0,,fused,0,1,0,
1789422793987,1789422793960,993138806,42.0358675,-93.6537074,3.79,268.0888746605125,1.3000832,0.0,,fused,0,1,0,
1789422794987,1789422794960,993139806,42.0358673,-93.6537076,3.79,268.3756052389582,1.3,0.0,,fused,0,1,0,
1789422795988,1789422795960,993140806,42.0358673,-93.6537077,3.79,268.4125319001404,1.3000792,0.0,,fused,0,1,0,
1789422796978,1789422796959,993141806,42.035867,-93.6537079,3.79,268.4153566199603,1.3000269,0.0,,fused,0,1,0,
1789422797985,1789422797960,993142807,42.0358669,-93.6537081,3.79,268.28988426840186,1.3000796,0.0,,fused,0,1,0,
1789422798986,1789422798959,993143806,42.0358667,-93.6537081,3.79,268.22703841242094,1.3000304,0.0,,fused,0,1,0,
1789422799983,1789422799961,993144807,42.0358668,-93.6537081,3.79,268.0721495290492,1.300077,0.0,,fused,0,1,0,
1789422800988,1789422800960,993145807,42.0358647,-93.653706,3.79,268.14004826966055,1.3000263,0.36,124.0,fused,0,1,0,
1789422801989,1789422801959,993146806,42.0358567,-93.6536946,3.79,268.2116957617078,1.3000809,1.53,137.0,fused,0,1,0,
1789422802991,1789422802961,993147807,42.0358552,-93.6536747,3.79,268.3982478159163,1.3,1.81,104.0,fused,0,1,0,
1789422803990,1789422803960,993148806,42.0358505,-93.6536587,3.79,268.2635585099816,1.3000624,1.55,120.0,fused,0,1,0,
1789422804983,1789422804959,993149806,42.035843,-93.6536426,3.79,268.2709714178886,1.3000109,1.61,121.0,fused,0,1,0,
1789422805982,1789422805960,993150806,42.0358317,-93.6536304,3.79,268.20654327270677,1.3000625,1.71,144.0,fused,0,1,0,
1789422806980,1789422806960,993151806,42.0358189,-93.6536215,3.79,268.16612080726355,1.3000227,1.63,153.0,fused,0,1,0,
1789422807978,1789422807960,993152806,42.0358071,-93.6536099,3.79,268.4743668359953,1.3000739,1.71,142.0,fused,0,1,0,
1789422808983,1789422808959,993153806,42.0358014,-93.6535901,3.79,268.69712960395117,1.3000199,1.85,115.0,fused,0,1,0,
1789422809981,1789422809959,993154806,42.0358076,-93.6535654,3.79,268.8737260362783,1.3000764,1.91,79.0,fused,0,1,0,
1789422810983,1789422810960,993155806,42.0358192,-93.6535468,3.79,268.81770008081276,1.3000257,1.7,66.0,fused,0,1,0,
1789422811979,1789422811959,993156806,42.035832,-93.6535293,3.79,269.02872354542893,1.3000997,1.76,60.0,fused,0,1,0,
1789422812994,1789422812959,993157806,42.035836,-93.6535041,3.79,269.18565891085933,1.3000468,2.11,90.0,fused,0,1,0,
1789422813980,1789422813960,993158807,42.0358437,-93.6534802,3.79,269.23770726032666,1.3001053,1.91,80.0,fused,0,1,0,
1789422814983,1789422814959,993159806,42.0358519,-93.6534582,3.79,269.24832727891334,1.300049,1.76,80.0,fused,0,1,0,
1789422815986,1789422815959,993160806,42.0358634,-93.6534304,3.79,269.20606846144716,1.3001024,2.33,72.0,fused,0,1,0,
1789422816989,1789422816960,993161806,42.0358728,-93.6533975,3.79,269.24053457528447,1.3000594,2.6,76.0,fused,0,1,0,
1789422817981,1789422817960,993162807,42.0358866,-93.6533715,3.79,269.0715330111952,1.30007,2.4,63.0,fused,0,1,0,
1789422818988,1789422818959,993163806,42.035895,-93.6533532,3.79,268.83515640003225,1.3000187,1.62,64.0,fused,0,1,0,
1789422819988,1789422819961,993164807,42.0359058,-93.6533375,3.79,267.9500681798338,1.3000685,1.8,51.0,fused,0,1,0,
1789422820929,1789422820909,993165755,42.0359176,-93.6533234,3.701,267.9500681798338,1.3000685,1.7396162,40.91998,fused,0,1,0,
1789422821967,1789422821943,993166790,42.0359276,-93.6533032,3.461,267.28040273882004,1.3000181,1.7332535,67.64935,fused,0,1,0,
1789422822967,1789422822945,993167791,42.0359311,-93.6532803,3.312,267.14865861669296,1.3000709,1.6786109,66.89953,fused,0,1,0,
1789422823966,1789422823945,993168792,42.0359336,-93.6532588,3.213,267.0128514211835,1.3,1.632579,84.4383,fused,0,1,0,
1789422824985,1789422824959,993169806,42.0359234,-93.653239,3.136,266.81006521740636,1.3000224,1.6112646,177.43655,fused,0,1,0,
1789422825979,1789422825959,993170806,42.0359049,-93.6532459,3.051,266.7785239445728,1.3000782,1.6243073,231.45241,fused,0,1,0,
1789422826984,1789422826960,993171806,42.0358936,-93.6532604,3.032,266.74406952402416,1.3000243,1.9451871,256.89337,fused,0,1,0,
1789422827985,1789422827959,993172806,42.0358828,-93.6532829,3.017,266.8808485623392,1.3000723,2.090843,271.56915,fused,0,1,0,
1789422828986,1789422828960,993173806,42.0358765,-93.6533035,3.0,266.96755717349697,1.300022,1.7479931,301.18933,fused,0,1,0,
1789422829983,1789422829959,993174806,42.0358815,-93.6533149,3.0,267.06799518784146,1.3000536,1.5548977,332.1947,fused,0,1,0,
1789422830989,1789422830960,993175806,42.0358916,-93.6533157,3.0,267.0611240018934,1.3000062,1.0586182,33.32133,fused,0,1,0,
1789422831983,1789422831960,993176807,42.035897,-93.6533117,3.0,267.11131159774374,1.3000572,1.4144087,39.693047,fused,0,1,0,
1789422832991,1789422832959,993177806,42.0359081,-93.6533113,3.0,267.11131159774374,1.300007,1.4983273,26.7842,fused,0,1,0,
1789422833989,1789422833959,993178806,42.0359174,-93.6533149,3.0,267.1706538060308,1.3000662,1.0457748,26.496773,fused,0,1,0,
1789422834984,1789422834961,993179807,42.0359218,-93.6533158,3.0,267.1259238720508,1.3000138,0.8113268,31.57111,fused,0,1,0,
1789422835988,1789422835959,993180806,42.0359229,-93.6533167,3.0,267.18338225035484,1.3000675,0.5295225,27.86615,fused,0,1,0,
1789422836994,1789422836960,993181806,42.0359233,-93.6533197,3.0,267.22046594211866,1.3000152,0.38336474,40.65485,fused,0,1,0,
1789422837889,1789422837868,993182715,42.0359245,-93.653318,3.0,267.22046594211866,1.3000152,0.4177794,54.506344,fused,0,1,0,
1789422838938,1789422838921,993183767,42.0359247,-93.6533193,3.0,267.24367246736335,1.3000637,0.5217912,33.668095,fused,0,1,0,
1789422839984,1789422839960,993184806,42.0359246,-93.653329,3.0,267.25981290130966,1.3000578,0.4655258,13.385555,fused,0,1,0,
1789422840986,1789422840959,993185806,42.0359271,-93.6533317,3.0,267.28619117755215,1.3000329,0.5013483,18.70208,fused,0,1,0,
1789422841984,1789422841960,993186806,42.035928,-93.6533326,3.0,267.4063073434594,1.3000851,0.9248432,13.237378,fused,0,1,0,
1789422842983,1789422842960,993187806,42.0359303,-93.6533347,3.0,267.3584294555339,1.3000382,1.0350486,346.19006,fused,0,1,0,
1789422843981,1789422843959,993188806,42.0359325,-93.6533431,3.0,267.3799206102938,1.3000929,1.180601,322.10742,fused,0,1,0,
1789422844981,1789422844960,993189806,42.0359415,-93.6533563,3.043,267.4844797275178,1.3000554,1.4398144,314.03207,fused,0,1,0,
1789422845986,1789422845960,993190806,42.0359482,-93.6533694,3.193,267.50708066867054,1.3000736,1.2768838,313.16028,fused,0,1,0,
1789422846984,1789422846964,993191810,42.0359551,-93.6533784,3.533,267.50708066867054,1.3000736,1.1482049,340.5742,fused,0,1,0,
1789422847982,1789422847960,993192806,42.0358023,-93.6532919,3.962,267.49797972738213,1.3007499,4.044605,139.14268,fused,0,1,0,
1789422848984,1789422848959,993193806,42.0357801,-93.6532235,3.946,267.56637938612533,1.3009702,4.3092394,79.87103,fused,0,1,0,
1789422849988,1789422849959,993194806,42.0358016,-93.6531908,4.196,267.60273261742026,1.3008066,2.2042482,54.29331,fused,0,1,0,
1789422850983,1789422850959,993195806,42.0358227,-93.6531839,4.257,267.5932337319058,1.3003634,1.7378917,60.43771,fused,0,1,0,
1789422851979,1789422851960,993196806,42.035843,-93.65318,4.262,267.5893324950951,1.3003403,1.6829169,40.065742,fused,0,1,0,
1789422852983,1789422852961,993197807,42.035866,-93.6531815,3.79,267.5612531517239,1.3000981,1.6072499,26.190647,fused,0,1,0,
1789422853982,1789422853960,993198806,42.0358878,-93.6531791,3.79,267.58244499821524,1.3000702,1.5798972,37.09329,fused,0,1,0,
1789422854985,1789422854959,993199806,42.0359082,-93.6531727,3.79,267.56956012198464,1.300019,1.5721221,41.861454,fused,0,1,0,
1789422855983,1789422855960,993200806,42.0359281,-93.6531625,3.79,267.59652492583183,1.3000727,1.572095,45.300262,fused,0,1,0,
1789422856988,1789422856960,993201807,42.0359406,-93.653153,4.391,267.6084382678431,1.3000195,1.7926191,59.288937,fused,0,1,0,
1789422857998,1789422857959,993202806,42.0359533,-93.65314,4.237,267.6335426618742,1.3000542,1.6458759,46.309235,fused,0,1,0,
1789422858986,1789422858960,993203806,42.0359709,-93.6531231,4.223,267.46629647815575,1.3000047,1.6707468,28.808931,fused,0,1,0,
1789422859987,1789422859959,993204806,42.0359909,-93.6531087,4.09,267.56116570584646,1.3000559,1.6770703,28.66423,fused,0,1,0,
1789422860952,1789422860930,993205776,42.0360073,-93.6530942,4.059,267.56116570584646,1.3000559,1.7077533,33.97971,fused,0,1,0,
1789422861989,1789422861960,993206807,42.0360242,-93.6530745,3.719,267.5301067675199,1.3000547,1.7016469,41.795574,fused,0,1,0,
1789422862988,1789422862960,993207806,42.0360387,-93.6530565,3.628,267.4471960195579,1.3000126,1.7057428,44.399166,fused,0,1,0,
1789422863987,1789422863959,993208806,42.0360529,-93.6530391,3.537,267.4633148858617,1.3000661,1.6765682,41.12981,fused,0,1,0,
1789422864985,1789422864959,993209806,42.0360686,-93.6530243,3.415,267.5040923005989,1.3000107,1.668576,34.062946,fused,0,1,0,
1789422865987,1789422865960,993210806,42.0360857,-93.6530098,3.339,267.4120988170223,1.3000629,1.6569309,35.7221,fused,0,1,0,
1789422866904,1789422866886,993211732,42.0361,-93.6529964,3.279,267.4120988170223,1.3000629,1.6506484,37.209114,fused,0,1,0,
1789422867987,1789422867959,993212806,42.0361163,-93.6529784,3.187,267.51648956608716,1.3000568,1.6448921,39.87979,fused,0,1,0,
1789422868987,1789422868960,993213806,42.0361288,-93.6529609,3.094,267.58739775827894,1.3000221,1.6481708,42.09871,fused,0,1,0,
1789422869924,1789422869905,993214752,42.03614,-93.6529449,3.075,267.58739775827894,1.3000221,1.6466517,44.513927,fused,0,1,0,
1789422870984,1789422870960,993215806,42.036152,-93.6529248,3.04,267.7729138760289,1.3000253,1.636274,48.8711,fused,0,1,0,
1789422871981,1789422871960,993216806,42.0361639,-93.6529077,3.012,267.75577034993574,1.3000785,1.62745,45.70242,fused,0,1,0,
1789422872983,1789422872959,993217806,42.0361805,-93.6528846,3.022,267.7524661386918,1.3000404,1.6030773,50.288002,fused,0,1,0,
1789422873982,1789422873959,993218806,42.0361885,-93.6528748,3.023,267.79928389872885,1.3000937,1.6130174,45.863224,fused,0,1,0,
1789422874984,1789422874959,993219806,42.036202,-93.6528602,3.006,267.8777477872559,1.3000143,1.6283408,43.441093,fused,0,1,0,
1789422875984,1789422875960,993220806,42.0362156,-93.652847,3.01,267.8617559743759,1.3000692,1.566889,40.326355,fused,0,1,0,
1789422876988,1789422876960,993221806,42.0362292,-93.6528358,3.024,267.8956538249451,1.300011,1.5236628,28.614042,fused,0,1,0,
1789422877987,1789422877959,993222806,42.0362435,-93.6528297,3.026,267.92423726078255,1.3000624,1.4222153,27.769344,fused,0,1,0,
1789422878910,1789422878890,993223737,42.0362521,-93.6528198,3.055,267.92423726078255,1.3000624,1.3197919,67.3096,fused,0,1,0,
1789422879986,1789422879959,993224806,42.0362601,-93.6528091,3.053,267.9979117744501,1.3009776,1.277906,29.643745,fused,0,1,0,
1789422880992,1789422880959,993225806,42.0362683,-93.65281,3.056,267.9853793030408,1.3009043,0.78150743,335.06537,fused,0,1,0,
1789422881983,1789422881959,993226806,42.0362703,-93.6528166,3.036,267.919855941647,1.3004746,0.3497597,339.3275,fused,0,1,0,
1789422882908,1789422882887,993227733,42.03627,-93.6528146,3.033,267.919855941647,1.3004746,0.24862215,38.206593,fused,0,1,0,
1789422883988,1789422883960,993228807,42.0362816,-93.6528098,3.001,268.0420451247252,1.3001552,0.42313805,50.576843,fused,0,1,0,
1789422884994,1789422884959,993229806,42.0362836,-93.6528076,3.0,268.0539432718572,1.3000157,0.1696812,55.17848,fused,0,1,0,
1789422886001,1789422885959,993230806,42.0362844,-93.6528079,3.0,268.0750039151733,1.3000711,0.11313477,33.106674,fused,0,1,0,
1789422886944,1789422886925,993231772,42.0362854,-93.6528086,3.0,268.0750039151733,1.3000711,0.14201851,331.3734,fused,0,1,0,
1789422887987,1789422887960,993232806,42.0362872,-93.6528111,3.0,267.9705482159442,1.300056,0.124183245,277.20932,fused,0,1,0,
1789422888989,1789422888960,993233806,42.0362884,-93.6528132,3.0,268.0723921208511,1.3000028,0.19992648,292.79694,fused,0,1,0,
1789422889994,1789422889960,993234806,42.0362905,-93.6528153,3.0,268.13550686733464,1.3000548,0.18381909,275.08298,fused,0,1,0,
1789422891001,1789422890959,993235806,42.0362907,-93.6528204,3.0,268.1290140945174,1.3000079,0.20832385,194.22675,fused,0,1,0,
1789422891985,1789422891960,993236806,42.0362858,-93.6528254,3.0,268.19249060062526,1.3000582,0.4803509,149.35274,fused,0,1,0,
1789422892984,1789422892966,993237813,42.0362809,-93.6528232,3.0,268.19249060062526,1.3000582,0.47463444,129.5159,fused,0,1,0,
1789422893909,1789422893891,993238738,42.0362689,-93.6528199,3.0,268.1934680326856,1.3060421,0.8557505,118.92652,fused,0,1,0,
1789422894980,1789422894959,993239806,42.0362477,-93.6528021,3.0,268.19533877892553,1.3000072,1.3882539,125.092026,fused,0,1,0,
1789422895985,1789422895960,993240806,42.0362372,-93.6527904,3.0,268.08846162279343,1.3000642,1.2855315,128.80435,fused,0,1,0,
1789422896979,1789422896960,993241806,42.0362331,-93.6527836,3.0,268.2962524577208,1.300019,0.8199191,109.402145,fused,0,1,0,
1789422897988,1789422897960,993242806,42.0362306,-93.6527763,3.0,268.46447937063795,1.3000677,0.8441317,143.08408,fused,0,1,0,
1789422898985,1789422898960,993243806,42.0362289,-93.6527747,3.005,268.4221875709179,1.3000171,0.5061872,150.21655,fused,0,1,0,
1789422899986,1789422899960,993244806,42.0362297,-93.6527745,3.006,268.18062922706923,1.300074,0.22678025,156.3464,fused,0,1,0,
1789422900988,1789422900959,993245806,42.0362307,-93.6527752,3.007,268.223957691442,1.3000202,0.13338336,148.19708,fused,0,1,0,
1789422901990,1789422901960,993246806,42.0362314,-93.6527755,3.007,268.14961798542816,1.3000853,0.109496795,140.63837,fused,0,1,0,
1789422902989,1789422902960,993247807,42.0362314,-93.6527748,3.009,268.14961798542816,1.3000085,0.095610365,,fused,0,1,0,
1789422903992,1789422903961,993248807,42.0362314,-93.6527735,3.0,268.12852580005614,1.3000596,0.09145088,,fused,0,1,0,
1789422904994,1789422904960,993249806,42.0362312,-93.6527725,3.0,268.108766664987,1.3000094,0.09426755,,fused,0,1,0,
1789422905981,1789422905960,993250806,42.0362315,-93.6527728,3.0,268.0355175948408,1.3000613,0.08902974,,fused,0,1,0,
1789422906981,1789422906959,993251806,42.0362323,-93.6527724,3.0,268.1264348086056,1.3000059,0.061075058,,fused,0,1,0,
1789422907984,1789422907960,993252807,42.0362325,-93.6527721,3.0,268.1097134308844,1.3000504,0.06746651,,fused,0,1,0,
1789422908911,1789422908892,993253738,42.0362327,-93.6527715,3.0,268.1097134308844,1.3000504,0.07015932,,fused,0,1,0,
1789422909889,1789422909868,993254714,42.0362338,-93.6527708,3.0,268.1405222712714,1.3006053,0.09156047,,fused,0,1,0,
1789422910986,1789422910960,993255806,42.036236,-93.6527701,3.0,268.12960373938097,1.3009096,0.101722494,97.66832,fused,0,1,0,
1789422911985,1789422911960,993256806,42.036237,-93.65277,3.0,268.06034233256713,1.3004694,0.08846179,,fused,0,1,0,
1789422912986,1789422912959,993257806,42.0362381,-93.6527698,3.0,268.0097560293839,1.3002895,0.093157396,,fused,0,1,0,
1789422913981,1789422913960,993258806,42.0362381,-93.65277,3.0,267.9748350649983,1.3001556,0.080793045,,fused,0,1,0,
1789422914885,1789422914864,993259711,42.0362381,-93.6527698,3.0,267.9748350649983,1.3001556,0.11001187,104.05425,fused,0,1,0,
1789422915986,1789422915959,993260806,42.0362393,-93.6527705,3.0,267.9784856888778,1.3000529,0.10973416,101.59716,fused,0,1,0,
1789422916972,1789422916952,993261798,42.0362395,-93.6527702,3.0,267.9784856888778,1.3000529,0.13126205,105.63077,fused,0,1,0,
1789422917978,1789422917960,993262806,42.03624,-93.6527723,3.0,267.8678151701612,1.3000574,0.11136162,108.27492,fused,0,1,0,
1789422918985,1789422918960,993263806,42.0362399,-93.652773,3.0,267.81502331665985,1.3000015,0.1363074,110.021126,fused,0,1,0,
1789422919979,1789422919960,993264806,42.0362399,-93.6527733,3.0,267.99666467830633,1.3000535,0.10749249,118.66894,fused,0,1,0,
1789422920889,1789422920872,993265718,42.0362395,-93.6527724,3.0,267.99666467830633,1.3000535,0.12742405,159.17683,fused,0,1,0,
1789422921986,1789422921960,993266806,42.0362367,-93.6527728,3.0,267.9008384918328,1.300056,0.21885283,186.50972,fused,0,1,0,
1789422922985,1789422922960,993267806,42.0362347,-93.6527724,3.0,267.93202516631806,1.3000052,0.17402878,145.13113,fused,0,1,0,
1789422923985,1789422923960,993268806,42.0362333,-93.6527708,3.0,268.12781306635713,1.3000594,0.22981194,140.15524,fused,0,1,0,
1789422924995,1789422924960,993269806,42.0362325,-93.6527684,3.0,268.1969532492006,1.3000045,0.29754138,142.22868,fused,0,1,0,
1789422925980,1789422925960,993270806,42.0362312,-93.6527653,3.0,268.31078287204673,1.3000662,0.32501924,160.66637,fused,0,1,0,
1789422926989,1789422926961,993271807,42.0362308,-93.652762,3.0,268.28859530403093,1.3000141,0.3538026,128.83699,fused,0,1,0,
1789422927982,1789422927960,993272806,42.0362332,-93.6527568,3.0,268.262473493148,1.3000683,0.2587651,106.14104,fused,0,1,0,
1789422928985,1789422928959,993273806,42.0362345,-93.6527528,3.0,268.2801114173122,1.3000122,0.47961235,140.32591,fused,0,1,0,
1789422929986,1789422929960,993274807,42.0362317,-93.6527475,3.004,268.19643790758687,1.3000678,0.649281,195.38887,fused,0,1,0,
1789422930983,1789422930959,993275806,42.0362273,-93.6527446,3.022,268.2244223505859,1.3000193,0.5162241,164.05743,fused,0,1,0,
1789422931986,1789422931959,993276806,42.0362258,-93.652739,3.026,268.1118429154972,1.3000565,0.41795412,145.1383,fused,0,1,0,
1789422932988,1789422932959,993277806,42.0362258,-93.6527354,3.029,268.02858158899886,1.3000051,0.27139482,144.15184,fused,0,1,0,
1789422933987,1789422933959,993278806,42.0362261,-93.6527343,3.033,267.9181869692385,1.300057,0.176526,144.68848,fused,0,1,0,
1789422934986,1789422934959,993279806,42.0362267,-93.6527337,3.027,268.01948915922884,1.3,0.10422808,143.41621,fused,0,1,0,
1789422935987,1789422935960,993280806,42.0362267,-93.6527327,3.0,267.9998768596377,1.3000532,0.10285409,144.61005,fused,0,1,0,
1789422936989,1789422936960,993281806,42.0362267,-93.6527334,3.0,267.966161080043,1.3000066,0.09275352,,fused,0,1,0,
1789422937994,1789422937961,993282807,42.036227,-93.6527336,3.0,267.9547255687196,1.3000563,0.081930205,,fused,0,1,0,
1789422938970,1789422938952,993283798,42.0362269,-93.6527334,3.0,267.9547255687196,1.3000563,0.09132323,,fused,0,1,0,
1789422939987,1789422939959,993284806,42.0362274,-93.6527343,3.0,267.97586357368164,1.3010696,0.081244975,,fused,0,1,0,
1789422940988,1789422940959,993285806,42.0362276,-93.6527349,3.0,267.9135596507602,1.30088,0.09221467,,fused,0,1,0,
1789422941986,1789422941960,993286806,42.0362277,-93.6527351,3.0,267.9897867085376,1.3004268,0.10353409,150.49747,fused,0,1,0,
1789422942987,1789422942961,993287807,42.0362277,-93.6527352,3.0,267.8596257831115,1.300328,0.095741786,,fused,0,1,0,
1789422943990,1789422943959,993288806,42.0362284,-93.6527362,3.0,267.85670646387024,1.3001603,0.106383875,155.16704,fused,0,1,0,
1789422944993,1789422944960,993289806,42.0362288,-93.6527369,3.0,267.84462126418595,1.3000007,0.1023495,151.59865,fused,0,1,0,
1789422945988,1789422945960,993290806,42.0362289,-93.6527373,3.0,267.8566443815401,1.300056,0.10134415,145.90547,fused,0,1,0,
1789422946984,1789422946960,993291806,42.036228,-93.6527381,3.0,267.8566443815401,1.3000033,0.15998007,160.10852,fused,0,1,0,
1789422947984,1789422947959,993292806,42.0362259,-93.6527405,3.0,267.88329200505893,1.3000543,0.21245387,217.22702,fused,0,1,0,
1789422948982,1789422948959,993293806,42.0362242,-93.6527449,3.0,267.9167137204449,1.3000027,0.1846182,226.26962,fused,0,1,0,
1789422949986,1789422949959,993294806,42.0362217,-93.6527488,3.0,267.9901448687468,1.3000537,0.16539496,160.99355,fused,0,1,0,
1789422950989,1789422950959,993295806,42.03622,-93.652751,3.0,268.03040785121584,1.3000026,0.17600729,141.01918,fused,0,1,0,
1789422951985,1789422951959,993296806,42.0362184,-93.6527521,3.0,268.0319538022311,1.3000556,0.18881156,137.08476,fused,0,1,0,
1789422952986,1789422952960,993297806,42.036218,-93.6527535,3.0,268.0939055356079,1.3000005,0.17386915,150.92065,fused,0,1,0,
1789422953985,1789422953959,993298806,42.0362151,-93.6527552,3.0,268.20562295702064,1.3000618,0.18849222,143.97751,fused,0,1,0,
1789422954991,1789422954960,993299807,42.0362098,-93.6527567,3.0,268.10333015066254,1.30001,0.33999708,82.51578,fused,0,1,0,
1789422955996,1789422955960,993300806,42.0362005,-93.6527559,3.0,268.19293878838835,1.3000606,0.32756096,84.08613,fused,0,1,0,
1789422956996,1789422956961,993301807,42.0361936,-93.652752,3.0,268.18090491774467,1.3000098,0.18236768,89.9469,fused,0,1,0,
1789422957999,1789422957959,993302806,42.0361887,-93.6527443,3.0,268.1420837688891,1.3000667,0.12855132,92.46594,fused,0,1,0,
1789422958988,1789422958960,993303806,42.0361849,-93.652736,3.0,268.1103325002855,1.3000104,0.17553,92.92102,fused,0,1,0,
1789422959887,1789422959866,993304713,42.0361844,-93.6527349,3.0,268.1103325002855,1.3000104,0.13869536,88.81588,fused,0,1,0,
1789422960989,1789422960960,993305806,42.0361873,-93.6527188,3.0,268.0339631143188,1.3000022,0.6450564,98.21807,fused,0,1,0,
1789422961997,1789422961960,993306807,42.0361904,-93.6527086,3.0,268.01631749968885,1.300053,0.63526636,117.20711,fused,0,1,0,
1789422962996,1789422962960,993307806,42.0361941,-93.6527059,3.0,267.9951254346896,1.3000021,0.43393543,139.84767,fused,0,1,0,
1789422963997,1789422963959,993308806,42.0361972,-93.6527063,3.0,267.9906126848396,1.3000516,0.29359627,143.37102,fused,0,1,0,
1789422964987,1789422964960,993309807,42.0362008,-93.6527071,3.0,267.9939572308668,1.3,0.15981631,144.0659,fused,0,1,0,
1789422965989,1789422965959,993310806,42.036204,-93.6527078,3.0,267.96172186891613,1.3000576,0.11036275,152.02043,fused,0,1,0,
1789422966989,1789422966960,993311806,42.0362073,-93.6527076,3.0,267.9322579255969,1.3000045,0.110386655,153.3946,fused,0,1,0,
1789422967991,1789422967959,993312806,42.0362097,-93.6527074,3.0,267.8384869130469,1.3000574,0.07645775,,fused,0,1,0,
1789422968993,1789422968960,993313806,42.0362113,-93.6527065,3.0,267.9068102920084,1.3005767,0.09117864,,fused,0,1,0,
1789422969982,1789422969959,993314806,42.0362125,-93.6527061,3.0,267.9092560185292,1.301137,0.0889065,,fused,0,1,0,
1789422970949,1789422970929,993315776,42.0362125,-93.6527061,3.0,267.9092560185292,1.301137,0.12115096,130.222,fused,0,1,0,
1789422971993,1789422971960,993316807,42.0362143,-93.6527063,3.0,268.06458907026877,1.3004266,0.13949504,74.92613,fused,0,1,0,
1789422972988,1789422972960,993317806,42.0362154,-93.6527073,3.0,268.0853288974588,1.300316,0.21830004,84.58903,fused,0,1,0,
1789422973995,1789422973959,993318806,42.0362164,-93.6527102,3.0,268.05981407316455,1.3001561,0.21239263,76.59156,fused,0,1,0,
1789422974995,1789422974959,993319806,42.0362179,-93.6527127,3.0,268.03798708802134,1.3,0.21894397,65.045006,fused,0,1,0,
1789422975984,1789422975959,993320806,42.0362232,-93.6527146,3.0,267.96716354161805,1.3000565,0.2444368,32.349648,fused,0,1,0,
1789422976999,1789422976960,993321806,42.0362343,-93.652714,3.0,267.9662145025987,1.3000013,0.58790267,27.877363,fused,0,1,0,
1789422977988,1789422977960,993322806,42.0362489,-93.6527112,3.0,267.89787859692603,1.3000538,0.85621685,52.459656,fused,0,1,0,
1789422978987,1789422978959,993323806,42.03626,-93.6527038,3.0,267.92489935882537,1.3000011,1.0563688,108.67233,fused,0,1,0,
1789422979985,1789422979960,993324806,42.0362593,-93.6527023,3.0,267.81620050171927,1.3000566,0.62738794,161.68428,fused,0,1,0,
1789422980983,1789422980960,993325806,42.0362597,-93.6527057,3.0,267.7907711318908,1.300001,0.36639643,157.61948,fused,0,1,0,
1789422981984,1789422981959,993326806,42.0362619,-93.65271,3.0,267.7587459903148,1.3000557,0.26720124,192.85463,fused,0,1,0,
1789422982990,1789422982961,993327807,42.0362634,-93.6527124,3.0,267.7638091143257,1.3000052,0.19414686,212.9152,fused,0,1,0,
1789422983990,1789422983960,993328806,42.0362644,-93.6527166,3.0,267.77007337028584,1.3000591,0.23721418,163.4122,fused,0,1,0,
1789422984991,1789422984959,993329806,42.0362626,-93.6527211,3.0,267.66825121632183,1.3000058,0.52918494,71.52905,fused,0,1,0,
1789422985996,1789422985960,993330806,42.0362641,-93.6527241,3.0,267.6966481772056,1.3000578,0.8664966,61.429657,fused,0,1,0,
1789422986997,1789422986960,993331806,42.0362684,-93.6527247,3.0,267.6963574466604,1.3000064,1.0377585,50.698845,fused,0,1,0,
1789422987999,1789422987959,993332806,42.0362772,-93.652709,3.0,267.70026004558997,1.3000516,1.6078117,57.611042,fused,0,1,0,
1789422988981,1789422988959,993333806,42.0362861,-93.6526878,3.0,267.68246841503816,1.3000007,1.5859345,58.949852,fused,0,1,0,
1789422989983,1789422989960,993334806,42.0362955,-93.652668,3.057,267.7664151239617,1.3000528,1.5550712,55.08018,fused,0,1,0,
1789422990982,1789422990959,993335806,42.0363036,-93.6526524,3.177,267.77253857486085,1.3000014,1.593119,56.317387,fused,0,1,0,
1789422991980,1789422991959,993336806,42.0363126,-93.6526338,3.426,267.79831264144644,1.3000549,1.5897352,57.363884,fused,0,1,0,
1789422992983,1789422992959,993337806,42.0363237,-93.6526295,3.845,267.8384338984267,1.3000029,1.4923161,46.745922,fused,0,1,0,
1789422993983,1789422993959,993338806,42.0363387,-93.6526619,4.423,267.78521162696734,1.3000542,1.426437,29.208025,fused,0,1,0,
1789422994984,1789422994960,993339807,42.0363537,-93.6526782,4.387,267.75628655688416,1.3000033,1.5080214,23.710217,fused,0,1,0,
1789422995984,1789422995959,993340806,42.0363681,-93.6526768,4.228,267.66251749331155,1.3000576,1.5619748,24.540794,fused,0,1,0,
1789422996985,1789422996960,993341806,42.0363824,-93.6526727,4.003,267.66817017315645,1.3000023,1.547415,20.215504,fused,0,1,0,
1789422997999,1789422997961,993342807,42.0363966,-93.6526713,3.528,267.71499541673006,1.3000524,1.5422,8.93346,fused,0,1,0,
1789422998966,1789422998946,993343792,42.0364124,-93.6526685,3.007,267.71499541673006,1.3000524,1.6247038,14.56537,fused,0,1,0,
1789422999985,1789422999960,993344806,42.0364243,-93.6526634,3.0,267.6940816502716,1.3011105,1.5742605,11.241904,fused,0,1,0,
1789423000983,1789423000959,993345806,42.0364374,-93.6526566,3.009,267.6088235819636,1.300873,1.5983984,18.829721,fused,0,1,0,
1789423001949,1789423001932,993346779,42.0364587,-93.6526459,3.077,267.6088235819636,1.300873,1.7162533,12.969481,fused,0,1,0,
1789423002982,1789423002960,993347806,42.0364666,-93.6526329,3.123,267.12077154621915,1.3001056,1.8665855,21.853228,fused,0,1,0,
1789423003985,1789423003961,993348807,42.0364812,-93.6526196,3.189,266.58813146703756,1.300051,1.8980184,23.362757,fused,0,1,0,
1789423004987,1789423004960,993349806,42.0364964,-93.652609,3.201,266.47520696772517,1.3000005,1.8676773,14.038154,fused,0,1,0,
1789423005987,1789423005959,993350806,42.036511,-93.652603,3.22,266.378129565987,1.3000516,1.7305418,10.792234,fused,0,1,0,
1789423006983,1789423006959,993351806,42.0365243,-93.652594,3.179,266.1948831414599,1.3000005,1.6591022,29.741055,fused,0,1,0,
1789423007981,1789423007960,993352807,42.0365349,-93.6525784,3.125,266.1911168478252,1.3000504,1.6018312,40.92792,fused,0,1,0,
1789423008992,1789423008959,993353806,42.0365447,-93.6525611,3.063,266.3593440874665,1.3000038,1.585294,53.421207,fused,0,1,0,
1789423009981,1789423009960,993354806,42.0365515,-93.6525394,3.029,266.32120435604764,1.3000568,1.6019751,61.582718,fused,0,1,0,
1789423010984,1789423010960,993355806,42.0365569,-93.6525173,3.019,266.3288296875817,1.3000033,1.608651,63.65428,fused,0,1,0,
1789423011987,1789423011960,993356806,42.0365624,-93.6524964,3.024,266.2075465932674,1.3000561,1.6271527,62.83276,fused,0,1,0,
1789423012982,1789423012959,993357806,42.0365692,-93.6524774,3.027,266.4087216031563,1.3000032,1.600273,64.4678,fused,0,1,0,
1789423013984,1789423013959,993358806,42.0365774,-93.6524592,3.024,266.49573759894685,1.3000516,1.6285815,63.527077,fused,0,1,0,
1789423014922,1789423014906,993359752,42.0365859,-93.652441,3.019,266.49573759894685,1.3000516,1.6596471,61.162926,fused,0,1,0,
1789423015985,1789423015966,993360812,42.0365967,-93.6524197,3.034,266.62405056325105,1.3065557,1.6582935,64.09081,fused,0,1,0,
1789423016970,1789423016949,993361796,42.0366063,-93.6523987,3.04,266.62800011646345,1.3036913,1.6832055,62.41342,fused,0,1,0,
1789423017904,1789423017891,993362738,42.0366161,-93.6523811,3.046,266.67824821831874,1.3000002,1.656405,57.549305,fused,0,1,0,
1789423018913,1789423018892,993363739,42.0366286,-93.6523608,3.056,266.67637339555057,1.3000556,1.685531,51.873962,fused,0,1,0,
1789423019908,1789423019886,993364732,42.03664,-93.652343,3.065,266.65299725249696,1.3000016,1.6423403,53.210835,fused,0,1,0,
1789423020989,1789423020960,993365806,42.0366518,-93.6523238,3.064,266.57408909506773,1.3000015,1.5885699,54.543694,fused,0,1,0,
1789423021986,1789423021960,993366806,42.036662,-93.6523064,3.041,266.56803626046883,1.3000547,1.5695885,52.647083,fused,0,1,0,
1789423022986,1789423022959,993367806,42.0366717,-93.6522887,3.039,266.50560410470194,1.3000015,1.566496,54.1487,fused,0,1,0,
1789423023982,1789423023961,993368807,42.0366823,-93.6522675,3.037,266.4818181431595,1.3000513,1.6033244,52.17383,fused,0,1,0,
1789423024980,1789423024961,993369807,42.0366889,-93.6522515,3.042,266.4178059760232,1.3,1.6647348,59.292484,fused,0,1,0,
1789423025985,1789423025959,993370806,42.0366954,-93.6522309,3.047,266.3873803638601,1.3000559,1.6463068,61.928555,fused,0,1,0,
1789423026981,1789423026960,993371806,42.0367006,-93.6522081,3.056,266.370001828189,1.3,1.6677848,69.59609,fused,0,1,0,
1789423027981,1789423027959,993372806,42.0367054,-93.6521844,3.06,266.2907457763817,1.3006659,1.6671572,71.0107,fused,0,1,0,
1789423028981,1789423028960,993373806,42.0367105,-93.6521626,3.057,266.1016719266429,1.3011849,1.6081692,69.33332,fused,0,1,0,
1789423029982,1789423029959,993374806,42.0367162,-93.6521419,3.055,266.10657780771305,1.3010722,1.5791355,68.288475,fused,0,1,0,
1789423030984,1789423030959,993375806,42.0367223,-93.6521209,3.063,266.0722114056415,1.3004893,1.5778769,70.50378,fused,0,1,0,
1789423031983,1789423031960,993376806,42.0367275,-93.6521006,3.063,265.98267076302204,1.3044647,1.5703652,71.557915,fused,0,1,0,
1789423032982,1789423032959,993377806,42.0367331,-93.6520805,3.068,265.8855145182512,1.3001134,1.5576887,71.88514,fused,0,1,0,
1789423033979,1789423033959,993378806,42.0367407,-93.6520576,3.077,265.81793686530955,1.3000548,1.536785,70.28247,fused,0,1,0,
1789423034984,1789423034960,993379806,42.0367475,-93.6520416,3.075,265.62949850911906,1.3000027,1.5830674,63.229176,fused,0,1,0,
1789423035983,1789423035959,993380806,42.036756,-93.6520223,3.064,265.36871154312524,1.3000548,1.5949519,64.10926,fused,0,1,0,
1789423036969,1789423036947,993381794,42.0367635,-93.6520024,3.075,265.36871154312524,1.3000548,1.5830874,60.450592,fused,0,1,0,
1789423037985,1789423037959,993382806,42.0367769,-93.6519858,3.068,265.1083960023842,1.3000538,1.5645245,57.66896,fused,0,1,0,
1789423038984,1789423038959,993383806,42.0367891,-93.651967,3.082,264.9842544129726,1.3,1.6642277,54.86215,fused,0,1,0,
1789423039987,1789423039959,993384806,42.0367994,-93.6519444,3.065,264.51162572125986,1.3000561,1.7200623,68.43801,fused,0,1,0,
1789423040985,1789423040960,993385806,42.0368071,-93.6519217,3.059,264.40428563547573,1.3,1.673346,63.60808,fused,0,1,0,
1789423041986,1789423041960,993386806,42.0368144,-93.6519011,3.022,264.40052016142266,1.3000535,1.670693,64.351456,fused,0,1,0,
1789423042988,1789423042959,993387806,42.0368202,-93.6518799,3.019,264.4007032668914,1.3,1.6302754,66.587845,fused,0,1,0,
1789423043983,1789423043960,993388806,42.0368242,-93.6518581,3.0,264.4242628372039,1.3000515,1.659614,71.358734,fused,0,1,0,
1789423044988,1789423044959,993389806,42.0368296,-93.6518359,3.0,264.52061611484436,1.3000005,1.7714002,62.748222,fused,0,1,0,
1789423045927,1789423045907,993390754,42.0368375,-93.6518156,3.009,264.52061611484436,1.3000005,1.7288607,59.18762,fused,0,1,0,
1789423046991,1789423046960,993391806,42.0368445,-93.6517935,3.009,264.79369883468036,1.3000005,1.7107209,63.918335,fused,0,1,0,
1789423047887,1789423047868,993392714,42.0368512,-93.6517746,3.026,264.79369883468036,1.3000005,1.7040974,58.53194,fused,0,1,0,
1789423048906,1789423048886,993393732,42.0368603,-93.6517562,3.042,264.91690948241,1.3000511,1.7012886,51.782124,fused,0,1,0,
1789423050000,1789423049962,993394809,42.0368719,-93.6517396,3.064,265.12118497565524,1.3000518,1.6386871,42.104515,fused,0,1,0,
1789423050985,1789423050959,993395806,42.0368854,-93.6517292,3.063,265.2554387891297,1.3,1.5588566,34.16357,fused,0,1,0,
1789423051984,1789423051960,993396806,42.0368979,-93.6517189,3.059,265.2780337102949,1.3000511,1.4934231,28.890453,fused,0,1,0,
1789423052986,1789423052959,993397806,42.0369119,-93.6517124,3.041,265.19070873621956,1.3,1.6129795,8.811346,fused,0,1,0,
1789423053989,1789423053960,993398806,42.0369258,-93.6517142,3.029,265.04034676193083,1.3000513,1.4910057,319.32468,fused,0,1,0,
1789423054989,1789423054959,993399806,42.0369311,-93.6517344,3.028,264.8127040534849,1.3,1.6310087,270.14954,fused,0,1,0,
1789423055887,1789423055869,993400715,42.0369281,-93.6517548,3.0,264.8127040534849,1.3,1.488581,269.28082,fused,0,1,0,
1789423056983,1789423056960,993401806,42.0369317,-93.6517713,3.0,264.62641210609803,1.3006566,1.3013127,343.77435,fused,0,1,0,
1789423057984,1789423057959,993402806,42.0369447,-93.6517676,3.0,264.49214857914336,1.3013153,1.1556139,47.79164,fused,0,1,0,
1789423058985,1789423058960,993403806,42.0369531,-93.6517608,3.0,264.4532884076318,1.3010643,0.7485526,44.199345,fused,0,1,0,
1789423059984,1789423059961,993404807,42.0369668,-93.6517506,3.0,264.42874990468584,1.3005569,1.0331563,35.127945,fused,0,1,0,
1789423060987,1789423060960,993405806,42.0369715,-93.6517496,3.0,264.3971539385033,1.300374,0.44441503,44.468918,fused,0,1,0,
1789423061981,1789423061959,993406806,42.0369722,-93.6517469,3.0,264.3419960704616,1.3047732,0.2360167,94.21422,fused,0,1,0,
1789423062988,1789423062959,993407806,42.0369723,-93.6517359,3.0,264.36048362970087,1.300001,0.36722505,92.70208,fused,0,1,0,
1789423063985,1789423063960,993408806,42.0369723,-93.6517279,3.0,264.42981318317703,1.3000525,0.21585777,110.55875,fused,0,1,0,
1789423064989,1789423064960,993409806,42.0369713,-93.6517219,3.0,264.5015830309114,1.3000017,0.15288644,102.715675,fused,0,1,0,
1789423065889,1789423065872,993410718,42.0369712,-93.6517197,3.0,264.5015830309114,1.3000017,0.15468249,78.82504,fused,0,1,0,
1789423066997,1789423066959,993411806,42.0369708,-93.6517113,3.0,264.68215223393685,1.3,0.12859091,102.156044,fused,0,1,0,
1789423067981,1789423067960,993412806,42.0369701,-93.6517066,3.0,264.6985356347758,1.3000557,0.12022646,101.15252,fused,0,1,0,
1789423068987,1789423068959,993413806,42.03697,-93.6517042,3.0,264.6910044306408,1.3,0.13491552,82.14324,fused,0,1,0,
1789423069985,1789423069959,993414806,42.0369701,-93.6517027,3.0,264.60296535023906,1.300053,0.13759282,72.67291,fused,0,1,0,
1789423070982,1789423070960,993415806,42.0369705,-93.6517016,3.0,264.6029198598368,1.3,0.17132166,64.155106,fused,0,1,0,
1789423071985,1789423071959,993416806,42.0369704,-93.6517003,3.0,264.6037557219965,1.3000518,0.16185823,75.31505,fused,0,1,0,
1789423072984,1789423072960,993417806,42.0369684,-93.6516971,3.0,264.61030136879657,1.3,0.34729972,76.074135,fused,0,1,0,
1789423073985,1789423073960,993418807,42.0369662,-93.6516826,3.0,264.5892999200479,1.3000501,0.93371904,86.33558,fused,0,1,0,
1789423074982,1789423074968,993419814,42.036965,-93.6516669,3.0,264.5892999200479,1.3000501,0.93012613,82.7658,fused,0,1,0,
1789423075981,1789423075960,993420806,42.036959,-93.6516459,3.0,264.5527620751875,1.3000535,1.1316572,71.312546,fused,0,1,0,
1789423076984,1789423076959,993421806,42.0369566,-93.6516332,3.0,264.61376061391866,1.3,1.112867,71.916725,fused,0,1,0,
1789423077981,1789423077959,993422806,42.0369509,-93.6516174,3.0,264.55048071301195,1.3000538,1.0943388,85.609985,fused,0,1,0,
1789423078979,1789423078958,993423805,42.0369437,-93.6516015,3.0,264.54678391489114,1.3,1.0551053,93.62464,fused,0,1,0,
1789423079892,1789423079872,993424718,42.0369402,-93.6515884,3.0,264.54678391489114,1.3,1.0258749,95.882286,fused,0,1,0,
1789423080989,1789423080959,993425805,42.0369314,-93.6515773,3.0,264.9798392035022,1.3,0.7938021,102.71218,fused,0,1,0,
1789423081989,1789423081959,993426805,42.0369271,-93.6515701,3.0,265.00009352244723,1.3000625,0.7135374,100.26601,fused,0,1,0,
1789423082983,1789423082960,993427806,42.0369254,-93.6515665,3.0,265.02978909492384,1.3,0.5150281,97.883026,fused,0,1,0,
1789423083983,1789423083960,993428806,42.0369237,-93.6515668,3.0,265.0711583398746,1.300056,0.302071,92.63194,fused,0,1,0,
1789423084988,1789423084958,993429805,42.0369229,-93.6515682,3.0,265.3493435486515,1.3,0.21531214,101.50803,fused,0,1,0,
1789423085988,1789423085959,993430805,42.0369216,-93.6515697,3.0,265.3127411616914,1.3007004,0.13368587,118.65914,fused,0,1,0,
1789423086986,1789423086958,993431805,42.0369204,-93.6515709,3.0,265.23891685841073,1.3012024,0.10361461,120.67843,fused,0,1,0,
1789423087988,1789423087959,993432805,42.0369193,-93.6515712,3.0,265.2808937203731,1.3011755,0.10172915,119.97781,fused,0,1,0,
1789423088994,1789423088958,993433805,42.0369185,-93.6515707,3.0,265.2421638163754,1.3005089,0.100886874,111.48236,fused,0,1,0,
1789423089993,1789423089958,993434805,42.0369178,-93.6515704,3.0,265.19401735624285,1.3004442,0.10531335,102.84408,fused,0,1,0,
1789423090992,1789423090959,993435806,42.0369177,-93.6515714,3.0,265.01027262674336,1.3001323,0.09247627,,fused,0,1,0,
1789423091981,1789423091959,993436805,42.0369169,-93.6515717,3.0,265.1715084710349,1.3046409,0.122242615,114.22603,fused,0,1,0,
1789423092987,1789423092958,993437805,42.0369154,-93.6515712,3.0,265.2018779293916,1.3,0.10829181,144.85454,fused,0,1,0,
1789423093949,1789423093931,993438777,42.0369144,-93.6515705,3.0,265.2018779293916,1.3,0.12833826,134.8962,fused,0,1,0,
1789423094988,1789423094959,993439805,42.0369127,-93.6515661,3.0,264.97446784636946,1.3,0.2904573,98.34013,fused,0,1,0,
1789423095953,1789423095933,993440780,42.0369111,-93.6515606,3.0,264.97446784636946,1.3,0.32440907,105.648026,fused,0,1,0,
1789423096956,1789423096935,993441781,42.0369061,-93.6515389,3.06,265.1801915499802,1.3000574,0.77035004,118.85898,fused,0,1,0,
1789423097978,1789423097959,993442806,42.0369019,-93.6515119,3.126,265.1683087054242,1.3000569,1.165179,118.53902,fused,0,1,0,
1789423098983,1789423098959,993443805,42.0368941,-93.6514948,3.214,265.0530316282279,1.3,1.2156857,135.2287,fused,0,1,0,
1789423099983,1789423099959,993444805,42.0368865,-93.6514916,3.27,265.11436348297264,1.300057,0.9131261,187.86282,fused,0,1,0,
1789423100993,1789423100959,993445805,42.0368822,-93.6514955,3.271,265.141778441031,1.3,0.8826391,249.28554,fused,0,1,0,
1789423101985,1789423101960,993446806,42.0368829,-93.651501,3.218,265.0125159861488,1.3000556,0.4853605,256.41196,fused,0,1,0,
1789423102986,1789423102959,993447805,42.0368809,-93.6515022,3.173,265.122393787349,1.3,0.70663154,244.12721,fused,0,1,0,
1789423103987,1789423103958,993448805,42.0368778,-93.6515031,3.101,265.10996674216256,1.3000609,0.38890722,263.60437,fused,0,1,0,
1789423104981,1789423104958,993449805,42.0368765,-93.6515009,3.0,265.090742582002,1.3,0.22742568,279.36255,fused,0,1,0,
1789423105982,1789423105958,993450805,42.0368756,-93.6514986,3.0,265.1678420611836,1.3000627,0.16799745,280.92502,fused,0,1,0,
1789423106992,1789423106958,993451805,42.0368765,-93.6515025,3.0,265.1928606126102,1.3000034,0.480169,280.66522,fused,0,1,0,
1789423107988,1789423107959,993452805,42.0368782,-93.6515064,3.0,265.212238742483,1.3000615,0.2619177,297.9748,fused,0,1,0,
1789423108994,1789423108959,993453805,42.0368793,-93.6515066,3.0,265.3239488729238,1.3,0.15988481,302.5803,fused,0,1,0,
1789423110002,1789423109965,993454812,42.0368801,-93.6515078,3.0,265.21313003137504,1.3000563,0.19092628,301.37704,fused,0,1,0,
1789423111002,1789423110959,993455805,42.0368845,-93.6515139,3.0,265.2949431462822,1.3,0.2712256,294.37204,fused,0,1,0,
1789423111996,1789423111959,993456806,42.0368854,-93.6515141,3.0,265.1976336154614,1.3000567,0.1540215,297.2353,fused,0,1,0,
1789423112983,1789423112958,993457805,42.0368859,-93.6515128,3.0,265.21751928230935,1.3,0.10211698,299.8349,fused,0,1,0,
1789423113982,1789423113959,993458805,42.0368862,-93.6515114,3.0,265.0758876190977,1.3000578,0.10647335,301.99176,fused,0,1,0,
1789423114981,1789423114959,993459805,42.0368866,-93.6515107,3.0,265.0989348588519,1.3007634,0.10004712,303.35336,fused,0,1,0,
1789423115977,1789423115959,993460805,42.0368872,-93.6515109,3.0,264.9693902014912,1.301313,0.09377551,,fused,0,1,0,
1789423116979,1789423116959,993461805,42.0368874,-93.6515111,3.0,264.9758599280537,1.3011479,0.11846052,306.83133,fused,0,1,0,
1789423117980,1789423117958,993462805,42.0368877,-93.6515111,3.0,264.9764034082756,1.3005756,0.099548064,,fused,0,1,0,
1789423118986,1789423118959,993463805,42.036888,-93.6515114,3.0,264.987973097511,1.300392,0.09189689,,fused,0,1,0,
1789423119982,1789423119958,993464805,42.0368878,-93.6515119,3.0,265.031466101455,1.3001821,0.10192195,313.2375,fused,0,1,0,
1789423120981,1789423120958,993465805,42.0368881,-93.6515129,3.0,264.99935669072363,1.304828,0.10303054,312.42032,fused,0,1,0,
1789423121979,1789423121959,993466805,42.0368878,-93.6515137,3.0,264.9832510177156,1.3000604,0.10135471,315.03088,fused,0,1,0,
1789423122985,1789423122959,993467805,42.0368877,-93.6515139,3.0,265.0516293245597,1.3,0.10345855,315.7255,fused,0,1,0,
1789423123980,1789423123958,993468805,42.0368873,-93.6515145,3.0,265.26231878478933,1.300062,0.104963824,314.87506,fused,0,1,0,
1789423124981,1789423124959,993469805,42.0368869,-93.6515142,3.0,265.3001604785418,1.3,0.08948483,,fused,0,1,0,
1789423125982,1789423125959,993470805,42.0368864,-93.6515137,3.0,265.31995418260556,1.3000575,0.10144573,321.4195,fused,0,1,0,
1789423126980,1789423126958,993471805,42.0368862,-93.6515136,3.0,265.2360933077895,1.3,0.09862693,,fused,0,1,0,
1789423127984,1789423127959,993472805,42.0368866,-93.6515135,3.0,265.06809480723723,1.3000622,0.10168378,317.3941,fused,0,1,0,
1789423128980,1789423128958,993473805,42.0368864,-93.6515126,3.0,265.16116690715353,1.3,0.08657144,,fused,0,1,0,
1789423129981,1789423129958,993474805,42.0368856,-93.6515106,3.0,264.9701476874835,1.3000591,0.0979708,,fused,0,1,0,
1789423130987,1789423130959,993475805,42.0368864,-93.6515107,3.0,264.9335840398921,1.3,0.10869215,324.4183,fused,0,1,0,
1789423131978,1789423131958,993476805,42.0368865,-93.6515101,3.0,264.96692233751946,1.3,1.455176E-9,,fused,0,1,0,
1789423132980,1789423132958,993477805,42.0368864,-93.6515095,3.0,265.080378966529,1.3,1.1906323,337.6127,fused,0,1,0,
1789423133983,1789423133959,993478805,42.036896,-93.6515151,3.0,265.0160438661364,1.3000587,1.3269502,340.4535,fused,0,1,0,
1789423134989,1789423134958,993479805,42.0369046,-93.651531,3.052,265.0160438661364,1.3000002,1.4670076,315.19394,fused,0,1,0,
1789423135983,1789423135958,993480805,42.0369099,-93.651557,3.174,265.36581789276465,1.300062,1.5387514,297.58463,fused,0,1,0,
1789423136982,1789423136958,993481805,42.0369105,-93.6515822,3.248,265.52695646225783,1.3,1.4791516,284.47488,fused,0,1,0,
1789423137884,1789423137865,993482711,42.0369126,-93.6516001,3.336,265.52695646225783,1.3,1.4513463,292.79404,fused,0,1,0,
1789423138979,1789423138958,993483805,42.0369178,-93.6516144,3.351,265.6724604018817,1.3,1.3459324,347.11978,fused,0,1,0,
1789423139981,1789423139959,993484805,42.0369244,-93.6516085,3.352,265.6446493260613,1.3000578,1.0457641,71.53578,fused,0,1,0,
1789423140986,1789423140959,993485805,42.0369178,-93.6516004,3.217,265.65653746039334,1.3,0.9304226,168.35632,fused,0,1,0,
1789423141965,1789423141946,993486792,42.0369085,-93.6515979,3.116,265.65653746039334,1.3,0.9348474,134.02461,fused,0,1,0,
1789423142983,1789423142959,993487805,42.0369059,-93.6516023,3.023,265.5511645250467,1.3,0.59929603,80.127754,fused,0,1,0,
1789423143988,1789423143959,993488805,42.0369061,-93.6516009,3.002,265.50887936369446,1.3000596,0.7127423,76.359566,fused,0,1,0,
1789423144979,1789423144958,993489805,42.0369035,-93.6516039,3.002,265.3524464234467,1.3008679,0.4031858,93.327324,fused,0,1,0,
1789423145945,1789423145925,993490772,42.036903,-93.6516057,3.003,265.3524464234467,1.3008679,0.2772961,93.076584,fused,0,1,0,
1789423146983,1789423146959,993491805,42.0368993,-93.651604,3.0,265.2741769003861,1.3012388,0.58114195,87.93888,fused,0,1,0,
1789423147885,1789423147868,993492715,42.0368982,-93.6515965,3.004,265.2741769003861,1.3012388,0.5995067,87.4063,fused,0,1,0,
1789423148981,1789423148958,993493805,42.0368997,-93.6515767,3.024,265.26511744794243,1.3004049,1.1166439,102.48127,fused,0,1,0,
1789423149966,1789423149946,993494793,42.0368932,-93.6515679,3.068,265.26511744794243,1.3004049,1.1001729,174.67398,fused,0,1,0,
1789423150909,1789423150889,993495735,42.0368923,-93.651569,3.082,265.1801507126721,1.3001882,0.9742709,175.69104,fused,0,1,0,
1789423151988,1789423151959,993496805,42.0369048,-93.6515674,3.089,265.23972371097244,1.3000623,0.71154046,149.57051,fused,0,1,0,
1789423152986,1789423152959,993497805,42.0369019,-93.6515593,3.085,265.2269953723426,1.300001,0.9059762,157.7112,fused,0,1,0,
1789423153997,1789423153958,993498805,42.0368936,-93.6515587,3.066,265.2360933077895,1.3000615,1.112902,171.27837,fused,0,1,0,
1789423154986,1789423154958,993499805,42.03688,-93.6515644,3.054,265.21433451048324,1.3,1.3177263,164.46274,fused,0,1,0,
1789423155969,1789423155946,993500792,42.0368681,-93.651558,3.121,265.21433451048324,1.3,1.4272134,126.04786,fused,0,1,0,
1789423156988,1789423156959,993501805,42.0368574,-93.6515528,3.112,265.1401887298126,1.3,1.5221691,116.61126,fused,0,1,0,
1789423157994,1789423157959,993502805,42.0368548,-93.6515447,3.108,265.26132468288966,1.3000594,1.1627129,96.793396,fused,0,1,0,
1789423158988,1789423158958,993503805,42.0368563,-93.6515413,3.125,265.24127066431413,1.3,0.8756516,93.61387,fused,0,1,0,
1789423159987,1789423159958,993504805,42.0368583,-93.6515427,3.108,265.250059054746,1.3000581,0.5501225,93.10295,fused,0,1,0,
1789423160989,1789423160958,993505805,42.0368608,-93.6515481,3.005,265.21455289220825,1.3,0.23850577,93.68782,fused,0,1,0,
1789423161990,1789423161958,993506805,42.0368632,-93.6515538,3.005,265.262617260736,1.3000572,0.14548098,97.10228,fused,0,1,0,
1789423162989,1789423162958,993507805,42.0368638,-93.6515555,3.0,265.21249524699465,1.3,0.11832961,106.76094,fused,0,1,0,
1789423163994,1789423163959,993508805,42.0368646,-93.651556,3.0,265.17081521657127,1.3000591,0.14808594,106.42147,fused,0,1,0,
1789423164952,1789423164930,993509777,42.0368651,-93.6515564,3.0,265.17081521657127,1.3000591,0.13846244,99.19241,fused,0,1,0,
1789423166003,1789423165959,993510805,42.036867,-93.6515416,3.0,265.19849775282046,1.3000586,0.5886775,71.94803,fused,0,1,0,
1789423166992,1789423166959,993511805,42.0368737,-93.6515257,3.0,265.16583041755575,1.3,0.91381836,63.22215,fused,0,1,0,
1789423167994,1789423167958,993512805,42.0368853,-93.651512,3.0,265.07551444321905,1.300061,1.0965155,17.342602,fused,0,1,0,
1789423169004,1789423168958,993513805,42.0368976,-93.6515197,3.0,265.14058938138015,1.3,1.5125312,266.652,fused,0,1,0,
1789423169971,1789423169945,993514792,42.0368933,-93.6515388,3.0,265.14058938138015,1.3,1.5641903,239.575,fused,0,1,0,
1789423170981,1789423170958,993515805,42.0368866,-93.651529,3.006,264.9271048739258,1.3000008,1.269232,259.46756,fused,0,1,0,
1789423171991,1789423171960,993516806,42.0368837,-93.6515202,3.007,264.8037115937484,1.3000565,0.8723493,274.7431,fused,0,1,0,
1789423172985,1789423172959,993517805,42.0368852,-93.6515179,3.009,264.82308383160563,1.3,0.5748727,277.06198,fused,0,1,0,
1789423173992,1789423173960,993518806,42.0368845,-93.6515123,3.012,264.7351317972976,1.3009146,0.31214565,284.69678,fused,0,1,0,
1789423174989,1789423174959,993519805,42.0368826,-93.6515039,3.017,264.5955100963746,1.3012663,0.16261895,294.53436,fused,0,1,0,
1789423175996,1789423175958,993520805,42.0368808,-93.6514967,3.0,264.5894341365401,1.3013403,0.10269203,299.60605,fused,0,1,0,
1789423176995,1789423176959,993521805,42.0368794,-93.6514917,3.0,264.42716770347795,1.3005657,0.10718704,294.4981,fused,0,1,0,
1789423177991,1789423177958,993522805,42.0368783,-93.6514878,3.0,264.4851041603705,1.300481,0.074289605,,fused,0,1,0,
1789423178995,1789423178958,993523805,42.0368773,-93.6514852,3.0,264.5534824672146,1.3001251,0.09179201,,fused,0,1,0,
1789423179995,1789423179958,993524805,42.0368761,-93.6514822,3.0,264.644386629679,1.3043003,0.18032852,299.2523,fused,0,1,0,
1789423180995,1789423180959,993525805,42.0368757,-93.6514796,3.0,264.6679461999915,1.3,0.12873861,318.94034,fused,0,1,0,
1789423181993,1789423181958,993526805,42.036875,-93.6514763,3.0,264.673927645304,1.3000602,0.096715,,fused,0,1,0,
1789423182986,1789423182959,993527805,42.0368743,-93.651473,3.0,264.67852912095503,1.3,0.087395,,fused,0,1,0,
1789423183989,1789423183958,993528805,42.0368747,-93.6514735,3.0,264.69690972606725,1.3000593,0.22347209,312.3249,fused,0,1,0,
1789423184964,1789423184946,993529793,42.0368762,-93.651476,3.0,264.69690972606725,1.3000593,0.21269447,327.00452,fused,0,1,0,
1789423185994,1789423185958,993530805,42.0368761,-93.6514796,3.0,265.0673017656663,1.3000586,0.18107726,12.545649,fused,0,1,0,
1789423186997,1789423186959,993531805,42.0368758,-93.6514803,3.0,265.36823362683384,1.3,0.12922867,29.139503,fused,0,1,0,
1789423187998,1789423187958,993532805,42.0368753,-93.6514817,3.0,265.47116891119776,1.300062,0.120367184,33.458645,fused,0,1,0,
1789423188987,1789423188958,993533805,42.0368747,-93.6514841,3.0,265.47116891119776,1.3000003,0.117095366,34.571117,fused,0,1,0,
1789423189991,1789423189959,993534805,42.0368741,-93.6514862,3.0,265.4954718069922,1.3000585,0.09494291,,fused,0,1,0,
1789423190987,1789423190958,993535805,42.0368738,-93.6514878,3.0,265.49521517856647,1.3,0.094447024,,fused,0,1,0,
1789423191996,1789423191958,993536805,42.0368736,-93.6514891,3.0,265.45736791314795,1.3000596,0.09601607,,fused,0,1,0,
1789423192989,1789423192959,993537805,42.0368734,-93.6514902,3.0,265.4400486653305,1.3,0.09336602,,fused,0,1,0,
1789423193976,1789423193959,993538805,42.0368732,-93.6514915,3.0,265.42567175902946,1.3,0.09254895,,fused,0,1,0,
1789423194983,1789423194959,993539805,42.036873,-93.6514926,3.0,265.4159930245146,1.3,0.09644171,,fused,0,1,0,
1789423195981,1789423195959,993540805,42.0368732,-93.6514932,3.0,265.28691817495616,1.3000574,0.092782095,,fused,0,1,0,
1789423196984,1789423196958,993541805,42.0368735,-93.6514933,3.0,265.28035406610195,1.3,0.09642106,,fused,0,1,0,
1789423197984,1789423197958,993542805,42.0368735,-93.6514935,3.0,265.17540418547014,1.3000624,0.09385264,,fused,0,1,0,
1789423198986,1789423198958,993543805,42.036874,-93.651494,3.0,265.1773474183585,1.3,0.0882112,,fused,0,1,0,
1789423199986,1789423199959,993544805,42.0368741,-93.6514942,3.0,265.01070788826445,1.3000622,0.088683344,,fused,0,1,0,
1789423200981,1789423200959,993545805,42.0368742,-93.6514937,3.0,264.92234123714525,1.3,0.101892866,35.60814,fused,0,1,0,
1789423201883,1789423201865,993546711,42.0368744,-93.6514939,3.0,264.92234123714525,1.3,0.074972205,,fused,0,1,0,
1789423202982,1789423202958,993547805,42.0368743,-93.6514946,3.0,264.9436437570436,1.3008204,0.09627542,,fused,0,1,0,
1789423203980,1789423203959,993548806,42.0368744,-93.6514955,3.0,264.8589479464548,1.3013432,0.093296826,,fused,0,1,0,
1789423204982,1789423204959,993549805,42.0368749,-93.6514963,3.0,264.7176611488032,1.301342,0.09104581,,fused,0,1,0,
1789423205980,1789423205958,993550805,42.0368754,-93.6514966,3.0,264.96051805510996,1.3005948,0.071697734,,fused,0,1,0,
1789423206982,1789423206959,993551805,42.0368756,-93.6514964,3.0,264.8014186912702,1.3004259,0.07111216,,fused,0,1,0,
1789423207979,1789423207960,993552806,42.0368756,-93.651496,3.0,264.9515558492544,1.3001741,3.0691268E-8,,fused,0,1,0,
1789423208977,1789423208959,993553805,42.0368752,-93.6514964,3.0,264.8873314165096,1.304976,0.22670865,16.641563,fused,0,1,0,
1789423209977,1789423209959,993554805,42.036877,-93.6514968,3.0,264.9757172745251,1.3000623,0.4332592,349.6402,fused,0,1,0,
1789423210983,1789423210958,993555805,42.0368814,-93.6515015,3.0,264.9706357518253,1.3,0.5988847,323.12158,fused,0,1,0,
1789423211951,1789423211927,993556774,42.0368843,-93.6515074,3.006,264.9706357518253,1.3,0.5522074,314.81766,fused,0,1,0,
1789423212866,1789423212845,993557691,42.0368864,-93.6515204,3.051,264.94759473195484,1.3,0.6737605,303.02728,fused,0,1,0,
1789423213988,1789423213958,993558805,42.0368911,-93.6515472,3.08,264.9277853239094,1.3000578,1.0478342,295.07587,fused,0,1,0,
1789423214986,1789423214959,993559805,42.0368929,-93.6515666,3.087,264.7321545968655,1.3,1.0656235,267.92737,fused,0,1,0,
1789423215986,1789423215959,993560805,42.0368896,-93.6515862,3.107,264.5349389115874,1.3000578,1.0381514,244.0221,fused,0,1,0,
1789423216981,1789423216958,993561805,42.0368921,-93.651596,3.137,264.59300225683177,1.3,1.1304779,280.38956,fused,0,1,0,
1789423217906,1789423217884,993562730,42.0369015,-93.6516066,3.142,264.59300225683177,1.3,1.0909405,334.54657,fused,0,1,0,
1789423219001,1789423218959,993563805,42.0369212,-93.651604,3.116,264.4865361058119,1.3,1.1515155,340.00943,fused,0,1,0,
1789423219924,1789423219903,993564750,42.0369284,-93.6516111,3.117,264.4865361058119,1.3,0.9760537,259.65134,fused,0,1,0,
1789423220926,1789423220904,993565751,42.0369215,-93.651622,3.109,264.50240495522075,1.3000615,1.4017067,185.19518,fused,0,1,0,
1789423221990,1789423221959,993566805,42.036906,-93.6516273,3.072,264.63321564982124,1.3000604,1.0192901,162.41629,fused,0,1,0,
1789423222942,1789423222924,993567770,42.0368988,-93.6516279,3.032,264.63321564982124,1.3000604,0.67685866,177.10269,fused,0,1,0,
1789423223976,1789423223951,993568797,42.0368928,-93.6516381,3.027,264.76383079467143,1.3,0.9093717,249.88385,fused,0,1,0,
1789423224995,1789423224968,993569815,42.0368958,-93.6516631,3.008,264.6994843587385,1.300062,1.2907811,255.01122,fused,0,1,0,
1789423225991,1789423225959,993570805,42.0368951,-93.6516926,3.0,264.7972660665102,1.300061,1.5193915,268.71277,fused,0,1,0,
1789423226991,1789423226958,993571805,42.0369011,-93.6517182,3.0,264.7837719674764,1.3,1.6470762,291.47043,fused,0,1,0,
1789423227988,1789423227958,993572805,42.036908,-93.6517372,3.0,264.77657068208265,1.3000605,1.5332334,295.77048,fused,0,1,0,
1789423228991,1789423228959,993573805,42.0369152,-93.651746,3.01,264.4716822744888,1.3,1.4112204,346.36597,fused,0,1,0,
1789423229992,1789423229959,993574805,42.0369237,-93.6517404,3.011,264.39569059164467,1.300061,0.9398442,11.5957575,fused,0,1,0,
1789423230993,1789423230958,993575805,42.0369283,-93.6517308,3.012,264.3182952917338,1.3,0.44142047,17.317787,fused,0,1,0,
1789423231993,1789423231960,993576806,42.0369301,-93.651727,3.016,264.4713273054994,1.300895,0.21361907,22.924898,fused,0,1,0,
1789423232987,1789423232958,993577805,42.0369312,-93.6517255,3.016,264.4151422776773,1.3013114,0.1648404,41.102448,fused,0,1,0,
1789423233998,1789423233959,993578805,42.0369314,-93.6517243,3.0,264.2867660556276,1.3014295,0.15134138,56.54696,fused,0,1,0,
1789423234989,1789423234958,993579805,42.0369317,-93.6517226,3.0,264.55060247541013,1.3005476,0.16459517,54.542973,fused,0,1,0,
1789423235987,1789423235958,993580805,42.0369328,-93.6517178,3.0,264.47004185385487,1.3004978,0.14863285,39.869427,fused,0,1,0,
1789423236992,1789423236959,993581806,42.0369349,-93.6517124,3.0,264.78694190840065,1.3001208,0.22406769,33.670174,fused,0,1,0,
1789423237947,1789423237925,993582771,42.0369368,-93.6517091,3.0,264.78694190840065,1.3001208,0.2369071,47.10891,fused,0,1,0,
1789423238992,1789423238958,993583805,42.0369486,-93.6516943,3.0,265.328385749849,1.3,0.8062842,8.964917,fused,0,1,0,
1789423239990,1789423239960,993584806,42.0369626,-93.6516932,3.0,265.3182561240401,1.3000568,1.0930988,346.14377,fused,0,1,0,
1789423240990,1789423240959,993585805,42.0369762,-93.6517029,3.0,265.38871069763775,1.3,1.3176675,332.17084,fused,0,1,0,
1789423241991,1789423241959,993586805,42.0369815,-93.6517204,3.002,265.39797196213806,1.3000584,1.3759046,320.30862,fused,0,1,0,
1789423242992,1789423242958,993587805,42.0369876,-93.6517419,3.05,265.41236362019805,1.3,1.498273,326.06854,fused,0,1,0,
1789423243986,1789423243959,993588805,42.036995,-93.6517614,3.081,265.3009860615184,1.3000593,1.5927116,335.1299,fused,0,1,0,
1789423244988,1789423244958,993589805,42.0370036,-93.6517766,3.075,265.3724954645853,1.3,1.623974,329.82303,fused,0,1,0,
1789423245981,1789423245959,993590805,42.0370102,-93.6517946,3.075,264.92943296258574,1.300062,1.6023413,319.7586,fused,0,1,0,
1789423246988,1789423246958,993591805,42.0370133,-93.6518161,3.069,264.46824667585366,1.3,1.607598,310.6197,fused,0,1,0,
1789423247990,1789423247958,993592805,42.0370136,-93.6518419,3.047,264.07960631206333,1.3000584,1.6317779,297.1265,fused,0,1,0,
1789423248994,1789423248959,993593805,42.0370132,-93.6518676,3.021,263.9238990993084,1.3,1.6921132,298.3672,fused,0,1,0,
1789423249910,1789423249888,993594735,42.0370177,-93.6518898,3.021,263.9238990993084,1.3,1.7561474,290.58334,fused,0,1,0,
1789423250988,1789423250959,993595805,42.0370166,-93.6519184,3.021,263.4814761074281,1.3000008,1.8266963,273.6706,fused,0,1,0,
1789423251987,1789423251959,993596805,42.0370158,-93.6519436,3.021,263.3181248171142,1.3000591,1.8278834,270.46768,fused,0,1,0,
1789423252993,1789423252968,993597815,42.0370164,-93.6519695,3.013,263.3181248171142,1.3000591,1.8613654,275.4526,fused,0,1,0,
1789423253987,1789423253958,993598805,42.0370168,-93.6519934,3.028,262.71454999027026,1.3000594,1.8140182,267.85095,fused,0,1,0,
1789423254993,1789423254959,993599805,42.0370155,-93.6520177,3.045,262.6304466505802,1.3,1.8028903,264.13983,fused,0,1,0,
1789423255992,1789423255958,993600805,42.0370122,-93.6520406,3.057,262.56886541799685,1.3000605,1.8007236,243.04266,fused,0,1,0,
1789423256990,1789423256964,993601811,42.0370014,-93.6520596,3.08,262.56886541799685,1.3000605,1.83275,229.7986,fused,0,1,0,
1789423257987,1789423257965,993602812,42.0369932,-93.6520809,3.101,262.33539606048123,1.303442,1.8490162,255.31381,fused,0,1,0,
1789423258887,1789423258865,993603712,42.0369902,-93.6521017,3.093,262.1777806848487,1.3031784,1.8330051,248.40286,fused,0,1,0,
1789423259907,1789423259884,993604730,42.0369856,-93.6521227,3.096,262.1514287585754,1.3,1.7473805,254.11366,fused,0,1,0,
1789423260844,1789423260825,993605672,42.036984,-93.6521427,3.099,262.2034487299432,1.3000625,1.6987809,270.15405,fused,0,1,0,
1789423261982,1789423261959,993606805,42.0369921,-93.6521657,3.097,262.202302684047,1.3014466,1.6535211,302.84915,fused,0,1,0,
1789423262986,1789423262959,993607805,42.0370046,-93.6521812,3.072,262.13507953836177,1.3011465,1.6301693,318.51562,fused,0,1,0,
1789423263982,1789423263958,993608805,42.0370195,-93.6521928,3.042,262.0976179117669,1.300608,1.6851696,341.38785,fused,0,1,0,
1789423264979,1789423264959,993609805,42.0370394,-93.6521973,3.025,261.91347182083837,1.3001281,1.7046326,1.0633177,fused,0,1,0,
1789423265947,1789423265925,993610771,42.0370577,-93.6521951,3.024,261.91347182083837,1.3001281,1.6296508,9.286606,fused,0,1,0,
1789423266990,1789423266958,993611805,42.0370829,-93.6521838,3.042,261.4553393685784,1.304622,1.7941542,23.456717,fused,0,1,0,
1789423267981,1789423267959,993612806,42.037101,-93.65217,3.062,261.17945865244934,1.3000562,1.6790594,17.261786,fused,0,1,0,
1789423268979,1789423268960,993613806,42.0371156,-93.6521599,3.061,260.77831966495063,1.3,1.5784286,16.452608,fused,0,1,0,
1789423269969,1789423269947,993614793,42.0371297,-93.6521522,3.073,260.77831966495063,1.3,1.5344247,17.17654,fused,0,1,0,
1789423270906,1789423270888,993615735,42.0371406,-93.6521428,3.081,260.12992902550695,1.3000565,1.5029812,20.535856,fused,0,1,0,
1789423271926,1789423271907,993616753,42.0371511,-93.6521333,3.072,260.0370644271416,1.3,1.4674599,24.635672,fused,0,1,0,
1789423272978,1789423272959,993617805,42.0371576,-93.6521201,3.055,259.71055074724705,1.3,1.405094,36.01908,fused,0,1,0,
1789423273980,1789423273959,993618805,42.0371654,-93.6521085,3.05,259.3334237288594,1.3000594,1.4481142,34.97478,fused,0,1,0,
1789423274979,1789423274958,993619805,42.0371747,-93.6520976,3.037,258.91008780277645,1.3000008,1.4963117,37.428528,fused,0,1,0,
1789423275966,1789423275945,993620792,42.0371863,-93.652085,3.05,258.91008780277645,1.3000008,1.5220203,39.42216,fused,0,1,0,
1789423276985,1789423276958,993621805,42.0371992,-93.6520713,3.035,258.2168970891007,1.3,1.7294753,40.393887,fused,0,1,0,
1789423277984,1789423277959,993622805,42.0372143,-93.6520562,3.031,257.87373985534805,1.3000609,1.8874058,36.817173,fused,0,1,0,
1789423278981,1789423278959,993623805,42.0372306,-93.6520391,3.049,257.3581307747775,1.3,2.0354998,37.88777,fused,0,1,0,
1789423279979,1789423279959,993624805,42.0372455,-93.6520205,3.047,257.1464861121751,1.3,2.0917199,40.407097,fused,0,1,0,
1789423280979,1789423280959,993625805,42.0372582,-93.6520027,3.038,256.53029184578736,1.3,1.9986079,41.952614,fused,0,1,0,
1789423281903,1789423281885,993626731,42.0372693,-93.6519874,3.041,256.53029184578736,1.3,1.9025197,42.54871,fused,0,1,0,
1789423282830,1789423282810,993627656,42.0372788,-93.6519738,3.048,256.47420446968994,1.3000602,1.8117819,40.829754,fused,0,1,0,
1789423283907,1789423283887,993628733,42.0372901,-93.65196,3.057,256.07334276093866,1.3,1.7968512,43.76929,fused,0,1,0,
1789423284926,1789423284906,993629752,42.0373035,-93.6519457,3.098,255.51403038460137,1.3000587,1.9055768,45.587933,fused,0,1,0,
1789423285944,1789423285923,993630770,42.0373201,-93.6519302,3.137,255.37927218185,1.3,2.0836396,46.39608,fused,0,1,0,
1789423286979,1789423286959,993631805,42.0373382,-93.651914,3.179,254.7189997725411,1.3,2.2815056,48.287506,fused,0,1,0,
1789423287984,1789423287959,993632805,42.0373573,-93.6518975,3.203,254.5595968973796,1.3000575,2.3203254,39.581272,fused,0,1,0,
1789423288902,1789423288885,993633731,42.037375,-93.6518824,3.248,254.5595968973796,1.3000575,2.332297,41.881035,fused,0,1,0,
1789423289983,1789423289958,993634805,42.0373946,-93.6518723,3.219,254.18279470755016,1.301454,2.230078,42.042465,fused,0,1,0,
1789423290978,1789423290958,993635805,42.0374112,-93.65186,3.198,253.8821029086144,1.3011574,2.1611438,42.030773,fused,0,1,0,
1789423291980,1789423291958,993636805,42.0374262,-93.6518492,3.178,253.5945611929069,1.3006186,1.9676529,41.448307,fused,0,1,0,
1789423292982,1789423292958,993637805,42.0374381,-93.651841,3.131,253.5363485642323,1.3004216,1.7791582,39.706276,fused,0,1,0,
1789423293986,1789423293958,993638805,42.0374475,-93.6518326,3.083,253.6207438299922,1.3001858,1.6095885,38.292606,fused,0,1,0,
1789423294983,1789423294958,993639805,42.0374568,-93.6518244,3.076,253.52625395760907,1.3,1.5516129,35.17536,fused,0,1,0,
1789423295992,1789423295958,993640805,42.0374664,-93.6518172,3.098,253.4939891076803,1.3035467,1.4627103,31.05618,fused,0,1,0,
1789423296891,1789423296869,993641715,42.0374786,-93.6518089,3.104,253.4939891076803,1.3035467,1.4656364,29.868748,fused,0,1,0,
1789423297797,1789423297769,993642615,42.0374859,-93.6518029,3.091,253.45959059394124,1.3,1.4669263,35.93879,fused,0,1,0,
1789423298748,1789423298727,993643573,42.0374979,-93.6517944,3.079,253.49292889156862,1.3000613,1.5415977,36.281693,fused,0,1,0,
1789423299737,1789423299712,993644558,42.0375094,-93.6517857,3.062,253.6779421369809,1.3,1.5376,34.45655,fused,0,1,0,
1789423300811,1789423300789,993645635,42.0375225,-93.6517764,3.051,253.5925512575334,1.3000602,1.5581462,34.620304,fused,0,1,0,
1789423301989,1789423301959,993646805,42.0375368,-93.6517681,3.004,253.7057486249618,1.3000613,1.5319096,33.941242,fused,0,1,0,
1789423302993,1789423302958,993647805,42.0375496,-93.6517591,3.018,253.71624496532286,1.3,1.5930215,32.603394,fused,0,1,0,
1789423303990,1789423303959,993648805,42.0375634,-93.6517495,3.04,253.71975424578682,1.3000615,1.6117465,29.915436,fused,0,1,0,
1789423304994,1789423304959,993649806,42.0375801,-93.6517387,3.058,253.82594955364567,1.3,1.57757,25.909473,fused,0,1,0,
1789423305989,1789423305959,993650805,42.0375918,-93.6517303,3.064,253.82746263510245,1.300062,1.6317662,30.96824,fused,0,1,0,
1789423306989,1789423306958,993651805,42.0376053,-93.6517184,3.08,253.85466948157915,1.3,1.5987933,32.038357,fused,0,1,0,
1789423307989,1789423307959,993652806,42.0376195,-93.6517074,3.075,253.78626495463993,1.3000567,1.605229,29.254328,fused,0,1,0,
1789423308989,1789423308959,993653805,42.0376335,-93.6516984,3.067,253.72972104707253,1.3,1.5525274,27.098644,fused,0,1,0,
1789423309983,1789423309958,993654805,42.0376472,-93.651688,3.06,253.72591202274197,1.300061,1.6185048,29.228222,fused,0,1,0,
1789423310985,1789423310960,993655806,42.0376614,-93.6516774,3.07,253.71658799849604,1.3,1.5870509,26.290916,fused,0,1,0,
1789423311987,1789423311959,993656805,42.0376745,-93.6516673,3.072,253.66935375428108,1.3000598,1.5637875,30.021622,fused,0,1,0,
1789423312990,1789423312959,993657805,42.037687,-93.6516572,3.075,253.68073983122338,1.3,1.5851496,25.859348,fused,0,1,0,
1789423313990,1789423313959,993658805,42.0376995,-93.6516475,3.072,253.65829222933576,1.3000605,1.5621905,28.021147,fused,0,1,0,
1789423314988,1789423314959,993659805,42.0377111,-93.6516366,3.072,253.5766260720427,1.3,1.5610815,30.872393,fused,0,1,0,
1789423315991,1789423315958,993660805,42.0377234,-93.6516257,3.057,253.39493149080823,1.3000603,1.5552083,24.519485,fused,0,1,0,
1789423316997,1789423316958,993661805,42.0377371,-93.6516134,3.046,253.37669011794316,1.3,1.6618993,28.426376,fused,0,1,0,
1789423317995,1789423317971,993662817,42.0377527,-93.6516012,3.055,253.00714579711678,1.3065577,1.6786855,23.0054,fused,0,1,0,
1789423318992,1789423318959,993663805,42.037771,-93.651592,3.055,252.78968239051937,1.3010263,1.6303483,18.828379,fused,0,1,0,
1789423319990,1789423319959,993664806,42.0377842,-93.6515862,3.06,252.93925062960244,1.3015323,1.6511548,20.503525,fused,0,1,0,
1789423320982,1789423320958,993665805,42.0378001,-93.6515826,3.067,252.7913322498897,1.3011981,1.6194265,8.283469,fused,0,1,0,
1789423321909,1789423321890,993666737,42.0378151,-93.6515825,3.086,252.7913322498897,1.3011981,1.6157311,357.83304,fused,0,1,0,
1789423322981,1789423322960,993667806,42.0378323,-93.65159,3.095,252.66658436536528,1.3004127,1.598094,351.75058,fused,0,1,0,
1789423323945,1789423323926,993668773,42.0378474,-93.6515953,3.084,252.66658436536528,1.3004127,1.6195813,349.74197,fused,0,1,0,
1789423324947,1789423324927,993669774,42.0378644,-93.6516025,3.097,252.73170600585507,1.3001828,1.6833278,351.6428,fused,0,1,0,
1789423325987,1789423325958,993670805,42.037881,-93.651609,3.102,253.01788217996062,1.3027263,1.6939752,348.2194,fused,0,1,0,
1789423326983,1789423326958,993671805,42.0378967,-93.6516159,3.116,252.98902157034843,1.3,1.7258607,346.9071,fused,0,1,0,
1789423327925,1789423327905,993672752,42.0379118,-93.6516218,3.13,252.98902157034843,1.3,1.7131641,342.6872,fused,0,1,0,
1789423328984,1789423328958,993673805,42.0379301,-93.6516283,3.118,253.31681729551462,1.3,1.7634858,340.61792,fused,0,1,0,
1789423329982,1789423329959,993674805,42.0379463,-93.6516341,3.101,253.54053412341273,1.3000596,1.7057816,339.7592,fused,0,1,0,
1789423330907,1789423330884,993675731,42.0379611,-93.651639,3.118,253.54053412341273,1.3000596,1.68388,344.53296,fused,0,1,0,
1789423331994,1789423331959,993676806,42.0379785,-93.6516373,3.106,253.53064406563072,1.3000568,1.6453929,351.8073,fused,0,1,0,
1789423332997,1789423332958,993677805,42.0379939,-93.6516384,3.092,253.52831430019103,1.3,1.6266506,351.0519,fused,0,1,0,
1789423333989,1789423333958,993678805,42.0380086,-93.6516415,3.076,253.52821574121447,1.3000592,1.570946,348.02643,fused,0,1,0,
1789423334987,1789423334959,993679805,42.0380223,-93.6516436,3.064,253.43535347937382,1.3,1.4252641,349.9154,fused,0,1,0,
1789423335997,1789423335959,993680805,42.0380325,-93.6516465,3.031,253.46284441553996,1.3000602,1.2080063,327.2699,fused,0,1,0,
1789423336995,1789423336959,993681805,42.0380356,-93.6516495,3.012,253.32597433800083,1.3,0.8474584,323.42328,fused,0,1,0,
1789423337986,1789423337959,993682805,42.0380398,-93.6516511,3.013,253.2246697199032,1.3000607,0.89432853,338.7084,fused,0,1,0,
1789423338979,1789423338958,993683805,42.0380489,-93.6516488,3.015,253.09554775629658,1.3,1.051401,13.769327,fused,0,1,0,
1789423339976,1789423339959,993684805,42.0380597,-93.6516264,3.005,252.9398002501154,1.3,1.165639,70.81077,fused,0,1,0,
1789423340985,1789423340959,993685805,42.0380623,-93.6516179,3.0,252.88027538722469,1.3,0.92356986,29.26303,fused,0,1,0,
1789423341978,1789423341959,993686805,42.0380665,-93.6516154,3.032,252.90080484306196,1.3000587,0.5737324,38.55928,fused,0,1,0,
1789423342993,1789423342958,993687805,42.0380653,-93.6516131,3.036,252.95774384332765,1.3,0.26973954,29.264515,fused,0,1,0,
1789423343977,1789423343959,993688805,42.0380637,-93.6516122,3.036,252.9126880204696,1.3000615,0.13992016,32.839138,fused,0,1,0,
1789423344984,1789423344958,993689805,42.0380627,-93.651611,3.036,252.77070830993353,1.3,0.117870145,61.34454,fused,0,1,0,
1789423345983,1789423345960,993690806,42.038063,-93.65161,3.046,252.65179503075888,1.3000563,0.19926941,47.153324,fused,0,1,0,
1789423346980,1789423346958,993691805,42.0380649,-93.6516106,3.0,252.71382695944305,1.3000017,0.27103394,345.5176,fused,0,1,0,
1789423347981,1789423347959,993692805,42.0380687,-93.6516161,3.0,252.83645733698347,1.3016484,0.31558067,304.5744,fused,0,1,0,
1789423348982,1789423348959,993693806,42.0380699,-93.651619,3.0,252.86214373058976,1.3012673,0.2213711,277.18826,fused,0,1,0,
1789423349983,1789423349959,993694805,42.0380699,-93.651621,3.0,252.88146542377052,1.3005657,0.19790131,246.7842,fused,0,1,0,
1789423350982,1789423350959,993695805,42.0380695,-93.6516221,3.0,252.9390657350089,1.3004135,0.1519323,233.6283,fused,0,1,0,
1789423351977,1789423351959,993696806,42.038069,-93.6516227,3.0,252.96267227582268,1.3001848,0.12617752,234.06026,fused,0,1,0,
1789423352983,1789423352959,993697805,42.0380689,-93.6516225,3.0,252.87831507294976,1.3,0.077211685,,fused,0,1,0,
1789423353981,1789423353959,993698805,42.0380694,-93.6516221,3.0,252.81736690958337,1.3000624,0.07261078,,fused,0,1,0,
1789423354981,1789423354959,993699805,42.0380695,-93.6516219,3.0,252.89444559992626,1.3035784,0.08794317,,fused,0,1,0,
1789423355980,1789423355958,993700805,42.0380696,-93.6516222,3.0,253.20464302777924,1.3000599,0.098258264,,fused,0,1,0,
1789423356980,1789423356958,993701805,42.0380689,-93.6516228,3.0,253.17942013883868,1.3,0.10291088,223.02728,fused,0,1,0,
1789423357978,1789423357958,993702805,42.0380677,-93.6516214,3.0,253.10139345672292,1.3000612,0.20062307,175.74933,fused,0,1,0,
1789423358986,1789423358958,993703805,42.0380671,-93.6516168,3.0,253.3084525048563,1.3,0.23190832,73.32975,fused,0,1,0,
1789423359978,1789423359959,993704805,42.0380693,-93.6516138,3.0,253.42613446070646,1.3000585,0.27300867,356.25278,fused,0,1,0,
1789423360983,1789423360958,993705805,42.038073,-93.6516137,3.0,253.50109597562073,1.3,0.2690206,342.28937,fused,0,1,0,
1789423361986,1789423361959,993706805,42.0380737,-93.6516153,3.0,253.5062875518148,1.3000598,0.18335232,337.73828,fused,0,1,0,
1789423362981,1789423362959,993707805,42.0380743,-93.6516164,3.0,253.84089406840388,1.3,0.12581086,10.579085,fused,0,1,0,
1789423363985,1789423363960,993708806,42.038075,-93.6516154,3.0,254.05487464141686,1.3000567,0.2037147,40.860977,fused,0,1,0,
1789423364992,1789423364959,993709806,42.0380741,-93.6516132,3.0,254.08964342220258,1.3,0.20339327,84.07121,fused,0,1,0,
1789423365994,1789423365959,993710806,42.0380716,-93.6516112,3.0,254.188262229362,1.3000566,0.15004086,87.39658,fused,0,1,0,
1789423366996,1789423366958,993711805,42.0380706,-93.6516101,3.0,254.17797765214164,1.3,0.113232344,71.94624,fused,0,1,0,
1789423367993,1789423367959,993712805,42.0380699,-93.6516092,3.0,254.04038836353124,1.300057,0.1113051,65.86628,fused,0,1,0,
1789423368982,1789423368958,993713805,42.0380686,-93.651609,3.0,254.06960522170613,1.3,0.129902,53.26322,fused,0,1,0,
1789423369984,1789423369958,993714805,42.0380677,-93.6516091,3.0,254.06083067502266,1.30006,0.10639269,20.532911,fused,0,1,0,
1789423370981,1789423370958,993715805,42.038067,-93.6516092,3.0,254.09539887909568,1.3,0.12516896,23.049507,fused,0,1,0,
1789423371981,1789423371959,993716805,42.0380655,-93.6516082,3.0,253.9526033300648,1.3000596,0.13815057,46.97112,fused,0,1,0,
1789423372988,1789423372958,993717805,42.0380638,-93.651606,3.0,253.85878350161107,1.3,0.17229143,78.73228,fused,0,1,0,
1789423373981,1789423373959,993718805,42.0380621,-93.6516039,3.0,253.81705653889202,1.3000627,0.13571495,100.48146,fused,0,1,0,
1789423374986,1789423374958,993719805,42.03806,-93.6516024,3.0,253.79099009332748,1.3,0.111452535,88.00574,fused,0,1,0,
1789423375986,1789423375959,993720805,42.0380588,-93.6516007,3.0,253.59016893664102,1.3011273,0.095108904,,fused,0,1,0,
1789423376978,1789423376958,993721805,42.0380572,-93.6515985,3.0,253.71375756569626,1.3015649,0.09424918,,fused,0,1,0,
1789423377984,1789423377958,993722805,42.0380559,-93.6515983,3.0,253.59548905159045,1.3012923,0.08613482,,fused,0,1,0,
1789423378982,1789423378958,993723805,42.038055,-93.6515985,3.0,253.67119943850855,1.3005937,0.07357435,,fused,0,1,0,
1789423379983,1789423379959,993724805,42.0380541,-93.6515983,3.0,253.29060954398597,1.3005056,0.06653782,,fused,0,1,0,
1789423380986,1789423380959,993725806,42.0380534,-93.6515978,3.0,253.4132923638942,1.3001438,0.06586122,,fused,0,1,0,
1789423381985,1789423381959,993726806,42.0380529,-93.6515984,3.0,253.38673081457608,1.3000569,2.4144463E-5,,fused,0,1,0,
1789423382982,1789423382958,993727805,42.0380528,-93.6515986,3.0,253.3908392814497,1.303824,0.016666032,,fused,0,1,0,
1789423383986,1789423383959,993728806,42.0380527,-93.6515985,3.0,253.50418836378958,1.3000562,0.027061988,,fused,0,1,0,
1789423384985,1789423384959,993729806,42.0380526,-93.6515982,3.0,253.51818850523546,1.3,0.03606006,,fused,0,1,0,
1789423385984,1789423385958,993730805,42.0380524,-93.651598,3.0,253.6023838598888,1.3000576,0.03931746,,fused,0,1,0,
1789423386982,1789423386959,993731805,42.0380523,-93.6515977,3.0,253.60101310852548,1.3,0.04858839,,fused,0,1,0,
1789423387978,1789423387958,993732805,42.0380521,-93.6515973,3.0,253.54511205451848,1.3000616,0.053490084,,fused,0,1,0,
1789423388988,1789423388959,993733805,42.0380519,-93.651597,3.0,253.6588323748,1.3,0.05829639,,fused,0,1,0,
1789423389983,1789423389959,993734805,42.0380517,-93.6515966,3.0,253.5591177756939,1.3000586,0.06351213,,fused,0,1,0,
1789423390980,1789423390958,993735805,42.0380516,-93.6515962,3.0,253.55839970619775,1.3,0.06478429,,fused,0,1,0,
1789423391982,1789423391958,993736805,42.0380514,-93.6515959,3.0,253.55830113406637,1.300062,0.065106265,,fused,0,1,0,
1789423392985,1789423392958,993737805,42.0380512,-93.6515956,3.0,253.5536153353949,1.3,0.068320796,,fused,0,1,0,
1789423393982,1789423393958,993738805,42.0380511,-93.6515953,3.0,253.54755141741936,1.3000587,0.06882459,,fused,0,1,0,
1789423394985,1789423394959,993739805,42.0380509,-93.6515949,3.0,253.5768616473341,1.3,0.06901496,,fused,0,1,0,
1789423395980,1789423395958,993740805,42.0380508,-93.6515946,3.0,253.6240655156164,1.3000591,0.06716537,,fused,0,1,0,
1789423396983,1789423396958,993741805,42.0380507,-93.6515945,3.0,253.53073652144292,1.3,0.06762906,,fused,0,1,0,
1789423398020,1789423397959,993742805,42.0380505,-93.6515945,3.0,253.49017902553135,1.3000616,0.06813412,,fused,0,1,0,
1789423398980,1789423398958,993743805,42.0380505,-93.6515943,3.0,253.54739580110038,1.3,0.06989783,,fused,0,1,0,
1789423399983,1789423399958,993744805,42.0380505,-93.6515942,3.0,253.56224355341305,1.3000621,0.070510946,,fused,0,1,0,
1789423400982,1789423400959,993745805,42.0380504,-93.651594,3.0,253.43297661018823,1.3,0.07138977,,fused,0,1,0,
1789423401982,1789423401959,993746805,42.0380504,-93.651594,3.0,253.41927731438955,1.3000596,0.07249201,,fused,0,1,0,
1789423402982,1789423402959,993747805,42.0380502,-93.6515937,3.0,253.30279379971563,1.3,0.073082626,,fused,0,1,0,
1789423403986,1789423403958,993748805,42.0380502,-93.6515936,3.0,253.10852176899851,1.3000592,0.07170192,,fused,0,1,0,
1789423404981,1789423404959,993749805,42.0380501,-93.6515934,3.0,253.19137612591982,1.3010823,0.06623151,,fused,0,1,0,
1789423405986,1789423405958,993750805,42.0380499,-93.6515934,3.0,253.19614358890306,1.3019589,0.06823209,,fused,0,1,0,
1789423406981,1789423406958,993751805,42.0380497,-93.6515935,3.0,253.1769282728739,1.3013023,0.06918403,,fused,0,1,0,
1789423407989,1789423407958,993752805,42.0380496,-93.6515935,3.0,253.18799654107966,1.3006874,0.06882663,,fused,0,1,0,
1789423408981,1789423408959,993753805,42.0380494,-93.6515936,3.0,252.6932974727324,1.3003911,0.069315135,,fused,0,1,0,
1789423409983,1789423409958,993754805,42.0380492,-93.6515939,3.0,253.15972382168275,1.3002075,0.06863277,,fused,0,1,0,
1789423410988,1789423410959,993755805,42.0380491,-93.6515939,3.0,253.13242104240243,1.3,0.06879288,,fused,0,1,0,
1789423411985,1789423411960,993756806,42.038049,-93.6515939,3.0,253.13604922635773,1.3038418,0.068204746,,fused,0,1,0,
1789423412985,1789423412959,993757805,42.038049,-93.6515939,3.0,253.4012658285726,1.3,0.0673196,,fused,0,1,0,
1789423413986,1789423413959,993758805,42.0380489,-93.6515939,3.0,253.37620835727967,1.3000588,0.06873758,,fused,0,1,0,
1789423414979,1789423414958,993759805,42.0380489,-93.6515938,3.0,253.43953487154135,1.3,0.068051405,,fused,0,1,0,
1789423415979,1789423415959,993760805,42.0380489,-93.6515939,3.0,253.38182359165467,1.3,0.070973925,,fused,0,1,0,
1789423416981,1789423416959,993761805,42.0380487,-93.6515937,3.0,253.43265687219088,1.3,0.07132274,,fused,0,1,0,
1789423417979,1789423417959,993762805,42.0380486,-93.6515938,3.0,253.36221073394466,1.3000585,0.07147293,,fused,0,1,0,
1789423418986,1789423418958,993763805,42.0380485,-93.6515939,3.0,253.36612070226647,1.3,0.06962234,,fused,0,1,0,
1789423419983,1789423419958,993764805,42.0380484,-93.6515941,3.0,253.3559968755501,1.300058,0.070274435,,fused,0,1,0,
1789423420985,1789423420958,993765805,42.0380483,-93.6515941,3.0,253.39229052767035,1.3,0.071681306,,fused,0,1,0,
1789423421989,1789423421959,993766806,42.0380482,-93.6515942,3.0,253.50641079046102,1.3000567,0.071543396,,fused,0,1,0,
1789423422985,1789423422959,993767805,42.0380481,-93.6515943,3.0,253.5340933279195,1.3,0.07138873,,fused,0,1,0,
1789423423981,1789423423958,993768805,42.038048,-93.6515946,3.0,253.3801042582504,1.3000575,0.073065184,,fused,0,1,0,
1789423424986,1789423424959,993769805,42.0380479,-93.6515947,3.0,253.41093281411605,1.3,0.0735173,,fused,0,1,0,
1789423425982,1789423425958,993770805,42.0380479,-93.6515948,3.0,253.37789650092742,1.300057,0.07471772,,fused,0,1,0,
1789423426979,1789423426958,993771805,42.0380477,-93.6515949,3.0,253.43350150514078,1.3000025,0.07489272,,fused,0,1,0,
1789423427982,1789423427959,993772805,42.0380476,-93.651595,3.0,253.36240530490176,1.3000585,0.07515647,,fused,0,1,0,
1789423428983,1789423428958,993773805,42.0380475,-93.6515951,3.0,253.2480378564302,1.3,0.07373951,,fused,0,1,0,
1789423429983,1789423429958,993774805,42.0380474,-93.6515953,3.0,253.05744108079216,1.3000606,0.0737008,,fused,0,1,0,
1789423430977,1789423430958,993775805,42.0380475,-93.6515956,3.0,252.934456901585,1.3,0.07314058,,fused,0,1,0,
1789423431981,1789423431959,993776805,42.0380474,-93.6515957,3.0,253.0076410110487,1.3000584,0.07416559,,fused,0,1,0,
1789423432984,1789423432958,993777805,42.0380473,-93.6515958,3.0,252.97613815087055,1.3009195,0.0729948,,fused,0,1,0,
1789423433981,1789423433959,993778805,42.0380472,-93.651596,3.0,252.65945993365642,1.3017662,0.07395968,,fused,0,1,0,
1789423434980,1789423434958,993779805,42.0380471,-93.6515962,3.0,253.10956020218822,1.3015865,0.074015185,,fused,0,1,0,
1789423435983,1789423435959,993780805,42.038047,-93.6515964,3.0,253.0870893822597,1.3005824,0.070270084,,fused,0,1,0,
1789423436980,1789423436959,993781805,42.038047,-93.6515966,3.0,252.3528144222858,1.300405,0.06852925,,fused,0,1,0,
1789423437983,1789423437958,993782805,42.038047,-93.6515968,3.0,252.46339827953813,1.3001789,0.06694078,,fused,0,1,0,
1789423438981,1789423438958,993783805,42.0380469,-93.651597,3.0,252.44231070032333,1.3,0.06425604,,fused,0,1,0,
1789423439983,1789423439958,993784805,42.0380468,-93.6515972,3.0,252.48259390344833,1.3000592,0.06408575,,fused,0,1,0,
1789423440982,1789423440958,993785805,42.0380467,-93.6515973,3.0,253.484969827339,1.3,0.065311916,,fused,0,1,0,
1789423441979,1789423441958,993786805,42.0380467,-93.6515972,3.0,253.59640655955985,1.3000624,0.06439776,,fused,0,1,0,
1789423442981,1789423442959,993787806,42.0380466,-93.6515973,3.0,253.69077199992154,1.3,0.06550338,,fused,0,1,0,
1789423443987,1789423443960,993788806,42.0380464,-93.6515974,3.0,253.78367870789538,1.3000569,0.0666188,,fused,0,1,0,
1789423444980,1789423444959,993789805,42.0380463,-93.6515978,3.0,253.5883031004218,1.3,0.065584034,,fused,0,1,0,
1789423445982,1789423445958,993790805,42.0380462,-93.651598,3.0,253.85801768843362,1.3000592,0.06865339,,fused,0,1,0,
1789423446981,1789423446959,993791805,42.0380461,-93.6515983,3.0,253.75115280458283,1.3,0.068084896,,fused,0,1,0,
1789423447980,1789423447958,993792805,42.038046,-93.6515985,3.0,253.82584611696512,1.300059,0.06775357,,fused,0,1,0,
1789423448981,1789423448958,993793805,42.038046,-93.6515986,3.0,253.78832888982652,1.3,0.06781295,,fused,0,1,0,
1789423449983,1789423449958,993794805,42.038046,-93.6515987,3.0,253.79802589049643,1.300058,0.06701893,,fused,0,1,0,
1789423450983,1789423450959,993795805,42.0380459,-93.6515985,3.0,254.0862352292121,1.3,0.06912406,,fused,0,1,0,
1789423451984,1789423451960,993796806,42.0380459,-93.6515987,3.0,253.97269213597662,1.300056,0.06622173,,fused,0,1,0,
1789423452983,1789423452959,993797805,42.0380459,-93.6515989,3.0,253.8942166430494,1.3,0.06640492,,fused,0,1,0,
1789423453982,1789423453959,993798805,42.0380459,-93.651599,3.0,253.95544185513404,1.3000612,0.06841591,,fused,0,1,0,
1789423454984,1789423454959,993799805,42.038046,-93.6515992,3.0,254.00943530275458,1.3,0.06881151,,fused,0,1,0,
1789423455981,1789423455959,993800806,42.038046,-93.6515993,3.0,253.85617206600847,1.3000567,0.06935644,,fused,0,1,0,
1789423456984,1789423456958,993801805,42.0380461,-93.6515995,3.0,253.81227830809502,1.3,0.067679316,,fused,0,1,0,
1789423457984,1789423457959,993802805,42.0380461,-93.6515999,3.0,253.3567134219424,1.3000607,0.06743427,,fused,0,1,0,
1789423458984,1789423458958,993803805,42.0380463,-93.6515999,3.0,253.25662989461352,1.3,0.068296604,,fused,0,1,0,
1789423459986,1789423459958,993804805,42.0380464,-93.6516,3.0,253.14288835765223,1.3000598,0.06784927,,fused,0,1,0,
1789423460990,1789423460959,993805805,42.0380465,-93.6516,3.0,253.1805798961313,1.3,0.0657241,,fused,0,1,0,
1789423461982,1789423461958,993806805,42.0380466,-93.6516001,3.0,253.18566105604015,1.3009756,0.06830564,,fused,0,1,0,
1789423462990,1789423462959,993807805,42.0380466,-93.6516002,3.0,252.80745692076846,1.3017019,0.06870669,,fused,0,1,0,
1789423463984,1789423463959,993808805,42.0380467,-93.6516002,3.0,252.5053976891955,1.3017299,0.06775616,,fused,0,1,0,
1789423464984,1789423464959,993809805,42.0380467,-93.6516002,3.0,252.5472948274258,1.3006448,0.06743959,,fused,0,1,0,
1789423465990,1789423465959,993810805,42.0380468,-93.6516002,3.0,252.83136826843167,1.3001728,0.066211276,,fused,0,1,0,
1789423466984,1789423466958,993811805,42.0380468,-93.6516002,3.0,252.66096749525911,1.3,0.0673027,,fused,0,1,0,
1789423467980,1789423467960,993812806,42.0380469,-93.6516003,3.0,252.61266122190693,1.300056,0.06856689,,fused,0,1,0,
1789423468985,1789423468959,993813805,42.0380469,-93.6516003,3.0,252.64331378787801,1.3144529,0.06810596,,fused,0,1,0,
1789423469980,1789423469958,993814805,42.0380469,-93.6516002,3.0,253.51963698659813,1.3000591,0.06797903,,fused,0,1,0,
1789423470983,1789423470958,993815805,42.0380469,-93.6516001,3.0,253.8526722874405,1.3,0.06901169,,fused,0,1,0,
1789423471978,1789423471958,993816805,42.0380471,-93.6515998,3.0,253.86269115100475,1.3000593,0.7095746,288.97824,fused,0,1,0,
1789423472984,1789423472959,993817806,42.0380491,-93.6516024,3.0,253.84579428809002,1.3,1.5360848,299.33627,fused,0,1,0,
1789423473985,1789423473960,993818806,42.0380611,-93.6516162,3.217,253.59421287458724,1.3000565,2.869058,308.90878,fused,0,1,0,
1789423474978,1789423474957,993819804,42.0380882,-93.6516454,3.886,253.5430994367464,1.3,4.0038767,324.7109,fused,0,1,0,
1789423475979,1789423475958,993820804,42.0381357,-93.6516777,4.448,253.45452905170583,1.3,3.988268,331.3996,fused,0,1,0,
1789423476982,1789423476957,993821804,42.0381625,-93.6516997,4.554,253.3935995059353,1.3,3.6398323,330.41745,fused,0,1,0,
1789423477981,1789423477958,993822804,42.0381883,-93.6517236,4.532,253.34349011493873,1.300002,3.2197812,327.92166,fused,0,1,0,
1789423478984,1789423478959,993823805,42.0382011,-93.6517363,4.455,253.3236950293815,1.3,1.83,325.0,fused,0,1,0,
1789423479984,1789423479958,993824804,42.0382079,-93.6517435,4.187,253.2455683497609,1.3000664,0.9,324.0,fused,0,1,0,
1789423480983,1789423480958,993825805,42.0382105,-93.6517468,3.804,253.1552520154645,1.3,0.21,324.0,fused,0,1,0,
1789423481987,1789423481957,993826804,42.0382108,-93.6517478,3.685,252.9335187473153,1.3000689,0.0,,fused,0,1,0,
1789423482980,1789423482958,993827804,42.038211,-93.651748,3.79,252.8881097157631,1.3,0.0,,fused,0,1,0,
1789423483982,1789423483957,993828804,42.0382112,-93.651748,3.79,252.8059141985595,1.3000646,0.0,,fused,0,1,0,
1789423484984,1789423484958,993829804,42.0382114,-93.6517482,3.79,252.5057326020122,1.3,0.0,,fused,0,1,0,
1789423485981,1789423485957,993830804,42.0382187,-93.6517532,3.79,251.36891825227463,1.3000683,0.96,332.0,fused,0,1,0,
1789423486981,1789423486958,993831804,42.0382416,-93.6517627,3.79,251.61366770560778,1.3,2.87,343.0,fused,0,1,0,
1789423487984,1789423487958,993832804,42.0382678,-93.6517719,3.79,252.30814287800274,1.3000664,3.0,343.0,fused,0,1,0,
1789423488980,1789423488957,993833804,42.0382892,-93.6517814,3.79,251.607500385888,1.3,2.58,340.0,fused,0,1,0,
1789423489979,1789423489957,993834804,42.0383052,-93.6517879,3.79,251.63345419193746,1.3019668,1.92,342.0,fused,0,1,0,
1789423490985,1789423490958,993835804,42.038314,-93.651792,3.79,251.6541905333595,1.3026031,1.27,340.0,fused,0,1,0,
1789423491980,1789423491958,993836804,42.0383205,-93.6517936,3.79,251.85945565951556,1.3018546,0.89,340.0,fused,0,1,0,
1789423492986,1789423492957,993837804,42.0383247,-93.651795,3.79,252.1641645270692,1.3006246,0.49,340.0,fused,0,1,0,
1789423493984,1789423493957,993838804,42.0383269,-93.651795,3.79,252.03324134217684,1.3004735,0.0,,fused,0,1,0,
1789423494981,1789423494957,993839804,42.0383409,-93.6518007,3.79,252.16243126544725,1.3001169,1.66,340.0,fused,0,1,0,
1789423495985,1789423495957,993840804,42.0383721,-93.6518162,3.79,252.0625923722945,1.3000683,3.68,338.0,fused,0,1,0,
1789423496983,1789423496957,993841804,42.0384056,-93.6518346,3.79,251.87757923247915,1.3,3.78,337.0,fused,0,1,0,
1789423497986,1789423497958,993842804,42.038433,-93.6518507,3.79,251.90222453189784,1.3187134,3.01,336.0,fused,0,1,0,
1789423498986,1789423498958,993843804,42.0384528,-93.651863,3.79,253.01010495851278,1.3023386,2.36,335.0,fused,0,1,0,
1789423499992,1789423499957,993844804,42.0384669,-93.651872,3.79,253.22904519955432,1.303087,1.83,335.0,fused,0,1,0,
1789423500994,1789423500957,993845804,42.0384759,-93.6518789,3.79,253.0251346151694,1.3028952,1.21,335.0,fused,0,1,0,
1789423501997,1789423501958,993846804,42.0384815,-93.6518836,3.79,252.9468095384982,1.3027132,0.69,335.0,fused,0,1,0,
1789423503005,1789423502957,993847804,42.0384829,-93.6518839,3.79,252.88060603303438,1.3029114,0.24,335.0,fused,0,1,0,
1789423503996,1789423503957,993848804,42.0384823,-93.6518832,3.79,252.7831863899372,1.3035939,0.0,,fused,0,1,0,
1789423504987,1789423504958,993849804,42.0384821,-93.6518829,3.79,252.7679021299311,1.3,0.0,,fused,0,1,0,
1789423505975,1789423505957,993850804,42.0384941,-93.6518908,3.79,252.0148570473184,1.3,1.49,334.0,fused,0,1,0,
1789423506983,1789423506958,993851804,42.0385157,-93.6519055,3.79,252.3550548725376,1.3,2.74,334.0,fused,0,1,0,
1789423507990,1789423507959,993852805,42.0385487,-93.6519286,3.79,252.90530025173774,1.3000628,4.12,333.0,fused,0,1,0,
1789423508983,1789423508958,993853805,42.0385788,-93.6519492,3.79,252.8360428272946,1.3,3.49,333.0,fused,0,1,0,
1789423509987,1789423509957,993854804,42.0386036,-93.6519674,3.79,252.82081883877788,1.3000673,3.08,332.0,fused,0,1,0,
1789423510981,1789423510958,993855804,42.0386244,-93.6519822,3.79,252.7637610463512,1.3,2.54,331.0,fused,0,1,0,
1789423511981,1789423511959,993856805,42.0386387,-93.6519914,3.79,252.65303633459018,1.3000627,1.61,333.0,fused,0,1,0,
1789423512986,1789423512957,993857804,42.0386421,-93.6519949,3.79,252.64719626583275,1.3,0.38,333.0,fused,0,1,0,
1789423513983,1789423513957,993858804,42.0386394,-93.6519921,3.79,252.06408193186513,1.3000668,0.16,333.0,fused,0,1,0,
1789423514985,1789423514958,993859804,42.0386365,-93.6519896,3.79,251.41189506261168,1.3,0.34,333.0,fused,0,1,0,
1789423515990,1789423515958,993860805,42.0386332,-93.6519892,3.79,251.4101043422221,1.3000634,0.29,333.0,fused,0,1,0,
1789423516981,1789423516957,993861804,42.0386433,-93.6519953,3.79,252.30521936061848,1.3,1.5,339.0,fused,0,1,0,
1789423517987,1789423517959,993862805,42.0386572,-93.6520035,3.79,251.34484082433107,1.3000633,1.66,340.0,fused,0,1,0,
1789423518990,1789423518957,993863804,42.038673,-93.6520119,3.79,251.7714597371912,1.3019089,1.87,340.0,fused,0,1,0,
1789423519986,1789423519957,993864804,42.0386875,-93.652019,3.79,251.91431484685882,1.3029015,1.6,339.0,fused,0,1,0,
1789423520989,1789423520959,993865805,42.0387005,-93.6520245,3.79,252.08150006912427,1.3019838,1.46,341.0,fused,0,1,0,
1789423521982,1789423521958,993866804,42.0387133,-93.6520308,3.79,252.3549633530082,1.3006779,1.43,339.0,fused,0,1,0,
1789423522983,1789423522958,993867804,42.0387278,-93.6520389,3.79,252.2970186914652,1.3004023,1.63,337.0,fused,0,1,0,
1789423523986,1789423523957,993868804,42.0387427,-93.6520476,3.79,252.30352234063236,1.300182,1.78,335.0,fused,0,1,0,
1789423524989,1789423524957,993869804,42.0387573,-93.6520572,3.79,252.32798188487794,1.3,1.72,333.0,fused,0,1,0,
1789423525984,1789423525959,993870805,42.0387713,-93.6520665,3.79,252.02881404909573,1.3000624,1.69,334.0,fused,0,1,0,
1789423526989,1789423526959,993871805,42.0387862,-93.6520753,3.79,252.06327729154106,1.3240985,1.76,335.0,fused,0,1,0,
1789423527979,1789423527957,993872804,42.0388029,-93.6520838,3.79,252.23893022585565,1.3012584,1.75,337.0,fused,0,1,0,
1789423528982,1789423528959,993873805,42.0388196,-93.6520923,3.79,253.22499484938254,1.3022469,1.82,336.0,fused,0,1,0,
1789423529991,1789423529957,993874804,42.0388368,-93.6521002,3.79,253.2579363249875,1.3023803,1.93,340.0,fused,0,1,0,
1789423530984,1789423530958,993875804,42.0388546,-93.6521072,3.79,252.98224588913774,1.3023382,1.94,340.0,fused,0,1,0,
1789423531987,1789423531957,993876804,42.0388713,-93.6521164,3.79,252.87812308840137,1.3018882,1.9,333.0,fused,0,1,0,
1789423532981,1789423532957,993877804,42.0388874,-93.6521286,3.79,252.0599577473384,1.3,2.05,328.0,fused,0,1,0,
1789423533983,1789423533959,993878805,42.0389021,-93.6521435,3.79,252.05111850372214,1.3000629,2.02,320.0,fused,0,1,0,
1789423534989,1789423534958,993879804,42.0389154,-93.6521619,3.79,251.94669660847927,1.3,2.09,315.0,fused,0,1,0,
1789423535984,1789423535957,993880804,42.0389289,-93.6521797,3.79,252.0145662624289,1.3000659,2.04,318.0,fused,0,1,0,
1789423536985,1789423536957,993881804,42.0389423,-93.6521965,3.79,251.97070212892385,1.3,1.98,320.0,fused,0,1,0,
1789423537988,1789423537958,993882804,42.0389556,-93.6522105,3.79,251.51953583451615,1.3000665,1.82,324.0,fused,0,1,0,
1789423538984,1789423538958,993883804,42.0389696,-93.6522199,3.79,252.80458854180608,1.3,1.66,331.0,fused,0,1,0,
1789423539982,1789423539958,993884804,42.0389848,-93.6522282,3.79,252.48818463026282,1.3000637,1.78,334.0,fused,0,1,0,
1789423540986,1789423540958,993885804,42.0389999,-93.6522371,3.79,250.94128010242764,1.3,1.78,336.0,fused,0,1,0,
1789423541981,1789423541958,993886804,42.0390157,-93.652246,3.79,252.10176108237226,1.3000687,1.87,337.0,fused,0,1,0,
1789423542987,1789423542958,993887804,42.0390319,-93.6522556,3.79,250.35025909158725,1.3000042,1.84,335.0,fused,0,1,0,
1789423543981,1789423543958,993888804,42.0390471,-93.6522668,3.79,250.89224729923217,1.3000648,1.84,333.0,fused,0,1,0,
1789423544980,1789423544958,993889804,42.039062,-93.6522783,3.79,251.14531076468785,1.3,1.81,333.0,fused,0,1,0,
1789423545988,1789423545958,993890805,42.039077,-93.6522899,3.79,249.61094365442847,1.3000635,1.85,332.0,fused,0,1,0,
1789423546989,1789423546958,993891805,42.0390922,-93.6523008,3.79,251.06450374845804,1.3017914,1.87,331.0,fused,0,1,0,
1789423547984,1789423547958,993892805,42.039108,-93.6523113,3.79,251.05210047914454,1.302711,1.87,331.0,fused,0,1,0,
1789423548989,1789423548958,993893804,42.0391235,-93.6523214,3.79,251.33193040473878,1.301644,1.87,333.0,fused,0,1,0,
1789423549983,1789423549958,993894804,42.0391386,-93.6523322,3.79,251.35527212441087,1.3006959,1.87,333.0,fused,0,1,0,
1789423550985,1789423550958,993895805,42.0391536,-93.652342,3.79,250.9472536195853,1.3005193,1.84,334.0,fused,0,1,0,
1789423551979,1789423551958,993896804,42.0391685,-93.6523522,3.79,250.24382279650672,1.3002023,1.86,335.0,fused,0,1,0,
1789423552984,1789423552958,993897804,42.0391835,-93.6523635,3.79,249.69299227116528,1.3,1.86,334.0,fused,0,1,0,
1789423553986,1789423553959,993898805,42.0391978,-93.6523738,3.79,249.81096328825754,1.3000624,1.81,333.0,fused,0,1,0,
1789423554980,1789423554957,993899804,42.039212,-93.6523842,3.79,250.96393169282925,1.3174937,1.77,331.0,fused,0,1,0,
1789423555988,1789423555957,993900804,42.0392257,-93.6523954,3.79,251.47171942380731,1.3010864,1.78,330.0,fused,0,1,0,
1789423556983,1789423556958,993901804,42.0392403,-93.652407,3.79,252.00348165965062,1.3017151,1.8,331.0,fused,0,1,0,
1789423557994,1789423557958,993902804,42.0392562,-93.6524181,3.79,252.02309724985952,1.3018208,2.0,331.0,fused,0,1,0,
1789423558984,1789423558958,993903804,42.0392723,-93.6524286,3.79,252.23382564217684,1.3016506,1.99,333.0,fused,0,1,0,
1789423559988,1789423559958,993904804,42.0392881,-93.6524382,3.79,251.17869039818754,1.3000644,1.85,333.0,fused,0,1,0,
1789423560990,1789423560958,993905804,42.0393036,-93.6524471,3.79,251.1730455131639,1.3,1.92,335.0,fused,0,1,0,
1789423561990,1789423561958,993906805,42.0393186,-93.6524564,3.79,250.8767652216107,1.3000623,1.84,335.0,fused,0,1,0,
1789423562994,1789423562957,993907804,42.0393339,-93.652466,3.79,250.0627344646847,1.3,1.87,334.0,fused,0,1,0,
1789423564000,1789423563957,993908804,42.0393491,-93.6524758,3.79,250.88232568051052,1.3000647,1.82,332.0,fused,0,1,0,
1789423564987,1789423564957,993909804,42.0393647,-93.6524851,3.79,251.68753000476983,1.3,1.8,334.0,fused,0,1,0,
1789423565982,1789423565959,993910805,42.0393813,-93.6524952,3.79,250.91197548642413,1.3000618,2.07,333.0,fused,0,1,0,
1789423566988,1789423566958,993911805,42.0393964,-93.652505,3.79,250.782368592338,1.3,1.8,334.0,fused,0,1,0,
1789423567985,1789423567958,993912805,42.0394109,-93.6525131,3.79,250.1489965120249,1.3000634,1.81,337.0,fused,0,1,0,
1789423568988,1789423568958,993913804,42.0394233,-93.652519,3.79,250.22247382098544,1.3,1.57,336.0,fused,0,1,0,
1789423569980,1789423569958,993914804,42.0394376,-93.6525269,3.79,249.9995348314589,1.3000638,1.68,337.0,fused,0,1,0,
1789423570992,1789423570957,993915804,42.0394521,-93.6525349,3.79,249.48133146799006,1.3,1.72,338.0,fused,0,1,0,
1789423571987,1789423571959,993916805,42.0394782,-93.6525472,3.79,249.72278205738417,1.3000624,3.17,340.0,fused,0,1,0,
1789423572987,1789423572958,993917804,42.0395031,-93.6525603,3.79,249.9755497160428,1.3,2.96,339.0,fused,0,1,0,
1789423573985,1789423573958,993918804,42.0395226,-93.6525713,3.79,251.21053772154346,1.3000642,2.4,338.0,fused,0,1,0,
1789423574978,1789423574957,993919804,42.0395376,-93.6525808,3.79,249.83825369706244,1.3,1.84,337.0,fused,0,1,0,
1789423575991,1789423575958,993920804,42.0395478,-93.6525871,3.79,249.47302805613703,1.3075,1.26,338.0,fused,0,1,0,
1789423576985,1789423576958,993921804,42.039555,-93.6525915,3.79,250.01647798057155,1.3022327,0.7,338.0,fused,0,1,0,
1789423577988,1789423577958,993922804,42.0395563,-93.6525924,3.79,250.15188240015112,1.3007023,0.0,,fused,0,1,0,
1789423578984,1789423578958,993923804,42.0395573,-93.6525929,3.79,250.19793065317612,1.3004076,0.0,,fused,0,1,0,
1789423579986,1789423579957,993924804,42.0395697,-93.6525995,3.79,250.22992990973125,1.3001604,1.52,336.0,fused,0,1,0,
1789423580985,1789423580958,993925805,42.0395868,-93.6526067,3.79,249.448258274686,1.3,1.82,342.0,fused,0,1,0,
1789423581987,1789423581959,993926805,42.0396038,-93.6526126,3.79,250.20708626002215,1.3000629,1.74,346.0,fused,0,1,0,
1789423582986,1789423582959,993927805,42.0396193,-93.6526189,3.79,250.33358066996124,1.3015162,1.7,344.0,fused,0,1,0,
1789423583985,1789423583958,993928804,42.0396352,-93.6526253,3.79,250.49720131466916,1.3002754,1.72,346.0,fused,0,1,0,
1789423584987,1789423584958,993929805,42.0396503,-93.65263,3.79,251.97291842540562,1.3007457,1.71,346.0,fused,0,1,0,
1789423585988,1789423585958,993930805,42.0396664,-93.6526351,3.79,251.90566100437906,1.3008169,1.77,343.0,fused,0,1,0,
1789423586983,1789423586957,993931804,42.0396836,-93.6526415,3.79,251.46618648148643,1.3006595,1.94,343.0,fused,0,1,0,
1789423587984,1789423587957,993932804,42.0396993,-93.6526466,3.79,251.34234468450063,1.3006374,1.74,345.0,fused,0,1,0,
1789423588987,1789423588958,993933805,42.0397146,-93.6526528,3.79,251.69653831926183,1.3006209,1.77,344.0,fused,0,1,0,
1789423589988,1789423589958,993934804,42.0397302,-93.6526591,3.79,250.96575113725208,1.3000636,1.79,344.0,fused,0,1,0,
1789423590995,1789423590957,993935804,42.0397459,-93.6526649,3.79,250.87692756600075,1.3,1.81,344.0,fused,0,1,0,
1789423591989,1789423591958,993936804,42.0397614,-93.6526701,3.79,250.62033426681438,1.3000638,1.77,344.0,fused,0,1,0,
1789423592997,1789423592959,993937805,42.039778,-93.6526712,3.79,251.4866944637501,1.3,1.9,354.0,fused,0,1,0,
1789423593998,1789423593958,993938805,42.0397932,-93.6526729,3.79,251.4824685891432,1.3000631,1.85,353.0,fused,0,1,0,
1789423594998,1789423594957,993939804,42.039808,-93.6526772,3.79,251.16469407343567,1.3,1.77,343.0,fused,0,1,0,
1789423595995,1789423595958,993940805,42.0398211,-93.6526849,3.79,250.4252253397152,1.3000625,1.62,335.0,fused,0,1,0,
1789423597000,1789423596957,993941804,42.0398338,-93.652694,3.79,250.2286853102218,1.3,1.64,329.0,fused,0,1,0,
1789423598001,1789423597957,993942804,42.0398459,-93.6527023,3.79,250.66404523853737,1.3000675,1.57,334.0,fused,0,1,0,
1789423598986,1789423598958,993943804,42.039858,-93.652705,3.79,249.9689084238825,1.3,1.3,351.0,fused,0,1,0,
1789423599982,1789423599958,993944804,42.0398649,-93.6527036,3.79,249.791828701216,1.3000677,0.74,359.0,fused,0,1,0,
1789423600989,1789423600959,993945805,42.039865,-93.6527007,3.79,249.84257677702578,1.3,0.0,,fused,0,1,0,
1789423601988,1789423601957,993946804,42.0398657,-93.6527002,3.79,249.9347225138697,1.3000664,0.0,,fused,0,1,0,
1789423602983,1789423602958,993947804,42.0398662,-93.6527002,3.79,249.44895743015667,1.3,0.0,,fused,0,1,0,
1789423603986,1789423603959,993948805,42.0398669,-93.6527002,3.79,249.25831599157527,1.3030609,0.0,,fused,0,1,0,
1789423604984,1789423604958,993949804,42.0398674,-93.6527002,3.79,249.20622513882614,1.305742,0.0,,fused,0,1,0,
1789423605981,1789423605959,993950805,42.0398679,-93.6527003,3.79,249.28287542107478,1.3016293,0.0,,fused,0,1,0,
1789423606988,1789423606958,993951804,42.0398684,-93.6527004,3.79,249.2888789355,1.3003478,0.0,,fused,0,1,0,
1789423607984,1789423607958,993952804,42.0398685,-93.6527003,3.79,249.53411804439702,1.3003007,0.0,,fused,0,1,0,
1789423608989,1789423608958,993953805,42.0398688,-93.6527003,3.79,249.35876309147687,1.300047,0.0,,fused,0,1,0,
1789423609987,1789423609957,993954804,42.0398691,-93.6527004,3.79,249.2449457323488,1.3000644,0.0,,fused,0,1,0,
1789423610979,1789423610958,993955804,42.0398694,-93.6527005,3.79,250.0951341954293,1.3015087,0.0,,fused,0,1,0,
1789423611982,1789423611958,993956804,42.0398695,-93.6527005,3.79,250.27488567779034,1.3000638,0.0,,fused,0,1,0,
1789423612988,1789423612958,993957804,42.0398692,-93.6527005,3.79,250.2785607869376,1.3001833,0.0,,fused,0,1,0,
1789423613980,1789423613958,993958804,42.0398687,-93.6527006,3.79,250.16182125715233,1.3002384,0.0,,fused,0,1,0,
1789423614980,1789423614957,993959804,42.0398684,-93.6527005,3.79,249.2705986780237,1.3000481,0.0,,fused,0,1,0,
1789423615987,1789423615959,993960805,42.0398682,-93.6527003,3.79,249.3404618863368,1.3001101,0.0,,fused,0,1,0,
1789423616981,1789423616958,993961804,42.039868,-93.6527,3.79,249.93880992990438,1.3001132,0.0,,fused,0,1,0,
1789423617987,1789423617959,993962805,42.0398678,-93.6526995,3.79,250.86475760127172,1.300063,0.0,,fused,0,1,0,
1789423618981,1789423618957,993963804,42.0398679,-93.6526989,3.79,250.73804829246194,1.3,0.0,,fused,0,1,0,
1789423619984,1789423619958,993964805,42.039868,-93.6526981,3.79,250.59838229973536,1.3000622,0.0,,fused,0,1,0,
1789423620986,1789423620958,993965804,42.039868,-93.6526978,3.79,250.53765730115214,1.3,0.0,,fused,0,1,0,
1789423621983,1789423621958,993966804,42.0398681,-93.6526976,3.79,250.92222021899312,1.3000679,0.0,,fused,0,1,0,
1789423622983,1789423622957,993967804,42.0398681,-93.6526977,3.79,250.3303295785691,1.3,0.0,,fused,0,1,0,
1789423623987,1789423623957,993968804,42.0398682,-93.6526978,3.79,250.29505873557252,1.3000636,0.0,,fused,0,1,0,
1789423624980,1789423624958,993969804,42.0398681,-93.6526979,3.79,249.57527379073997,1.3000008,0.0,,fused,0,1,0,
1789423625984,1789423625957,993970804,42.039868,-93.6526979,3.79,249.73109654464622,1.3000642,0.0,,fused,0,1,0,
1789423626986,1789423626958,993971804,42.0398679,-93.6526979,3.79,249.49031996769128,1.3,0.0,,fused,0,1,0,
1789423627987,1789423627957,993972804,42.0398676,-93.6526979,3.79,249.72847203292747,1.3000641,0.0,,fused,0,1,0,
1789423628994,1789423628958,993973804,42.0398677,-93.6526978,3.79,249.61453206330617,1.3,0.0,,fused,0,1,0,
1789423629980,1789423629957,993974804,42.0398678,-93.6526979,3.79,249.61682554240792,1.3000691,0.0,,fused,0,1,0,
1789423630984,1789423630958,993975804,42.0398678,-93.6526981,3.79,249.59353343706312,1.302564,0.0,,fused,0,1,0,
1789423631985,1789423631957,993976804,42.0398678,-93.652698,3.79,249.31996477388867,1.3069394,0.0,,fused,0,1,0,
1789423632980,1789423632957,993977804,42.0398679,-93.6526977,3.79,249.5692058712151,1.3015027,0.0,,fused,0,1,0,
1789423633981,1789423633958,993978805,42.0398681,-93.6526974,3.79,249.57719421953482,1.3003601,0.0,,fused,0,1,0,
1789423634986,1789423634958,993979804,42.0398681,-93.6526973,3.79,249.51400827787165,1.3001611,0.0,,fused,0,1,0,
1789423635981,1789423635957,993980804,42.0398682,-93.652697,3.79,249.4573908528733,1.3001032,0.0,,fused,0,1,0,
1789423636983,1789423636958,993981804,42.0398682,-93.6526968,3.79,249.46608537874414,1.3,0.0,,fused,0,1,0,
1789423637985,1789423637957,993982804,42.0398683,-93.6526966,3.79,249.6134813218663,1.3000647,0.0,,fused,0,1,0,
1789423638979,1789423638957,993983804,42.0398683,-93.6526964,3.79,249.81844218910896,1.3,0.0,,fused,0,1,0,
1789423639988,1789423639958,993984804,42.0398682,-93.6526962,3.79,249.39827213231865,1.3000646,0.0,,fused,0,1,0,
1789423640982,1789423640958,993985804,42.0398684,-93.6526961,3.79,249.76110451601164,1.3000381,0.0,,fused,0,1,0,
1789423641984,1789423641958,993986804,42.0398687,-93.6526962,3.79,249.4710748675327,1.3000911,0.0,,fused,0,1,0,
1789423642986,1789423642958,993987805,42.039869,-93.6526961,3.79,249.7633955708455,1.300032,0.0,,fused,0,1,0,
1789423643987,1789423643959,993988805,42.0398692,-93.6526961,3.79,249.95087898903716,1.3001015,0.0,,fused,0,1,0,
1789423644982,1789423644958,993989804,42.0398693,-93.6526963,3.79,250.9588451832763,1.3001001,0.0,,fused,0,1,0,
1789423645988,1789423645957,993990804,42.0398694,-93.6526964,3.79,250.7947415706584,1.3001627,0.0,,fused,0,1,0,
1789423646987,1789423646957,993991804,42.0398696,-93.6526964,3.79,250.74772835758364,1.3,0.0,,fused,0,1,0,
1789423647983,1789423647957,993992804,42.0398698,-93.6526964,3.79,250.27917849389462,1.3000647,0.0,,fused,0,1,0,
1789423648988,1789423648958,993993805,42.0398701,-93.652696,3.79,249.94079958764462,1.3,0.0,,fused,0,1,0,
1789423649982,1789423649957,993994804,42.0398705,-93.652696,3.79,249.43152224389462,1.3000641,0.0,,fused,0,1,0,
1789423650985,1789423650958,993995804,42.0398708,-93.6526961,3.79,249.30500686202936,1.3,0.0,,fused,0,1,0,
1789423651986,1789423651958,993996805,42.039871,-93.6526961,3.79,249.66931596924604,1.3000624,0.0,,fused,0,1,0,
1789423652985,1789423652957,993997804,42.0398711,-93.6526963,3.79,249.35353459883703,1.3,0.0,,fused,0,1,0,
1789423653991,1789423653958,993998804,42.0398714,-93.6526955,3.79,249.33881744292637,1.3000668,0.25,359.0,fused,0,1,0,
1789423654983,1789423654957,993999804,42.0398833,-93.6526983,3.79,249.36299871347376,1.3,1.61,346.0,fused,0,1,0,
1789423655982,1789423655957,994000804,42.0398976,-93.6527112,3.79,249.39693371109632,1.300066,1.92,326.0,fused,0,1,0,
1789423656986,1789423656957,994001804,42.0399103,-93.6527275,3.79,249.41004810653652,1.3,1.91,319.0,fused,0,1,0,
1789423657982,1789423657957,994002804,42.0399228,-93.6527422,3.79,249.43900628490212,1.3000637,1.8,322.0,fused,0,1,0,
1789423658984,1789423658957,994003804,42.0399358,-93.6527558,3.79,249.46997420430068,1.3,1.89,326.0,fused,0,1,0,
1789423659989,1789423659959,994004805,42.03995,-93.6527693,3.79,249.14613946244788,1.3012267,1.94,325.0,fused,0,1,0,
1789423660980,1789423660957,994005804,42.0399641,-93.6527829,3.79,249.23900266752543,1.3050482,1.87,324.0,fused,0,1,0,
1789423661986,1789423661957,994006804,42.0399775,-93.6527961,3.79,249.32247292469157,1.3011725,1.85,325.0,fused,0,1,0,
1789423662979,1789423662957,994007804,42.0399914,-93.6528057,3.79,249.47405001002937,1.3002373,1.88,334.0,fused,0,1,0,
1789423663979,1789423663958,994008804,42.0400065,-93.6528122,3.79,249.347171266497,1.3001424,1.88,341.0,fused,0,1,0,
1789423664985,1789423664959,994009805,42.0400197,-93.6528174,3.79,249.45230546150265,1.3000315,1.6,341.0,fused,0,1,0,
1789423665979,1789423665957,994010804,42.040032,-93.6528237,3.79,249.44191092821444,1.3000668,1.39,341.0,fused,0,1,0,
1789423666982,1789423666958,994011804,42.0400371,-93.6528258,3.79,249.44486372024033,1.3002211,0.45,341.0,fused,0,1,0,
1789423667991,1789423667958,994012804,42.0400367,-93.6528258,3.79,249.43148119037147,1.3000673,0.0,,fused,0,1,0,
1789423668980,1789423668957,994013804,42.0400366,-93.652826,3.79,249.44339803405023,1.3,0.0,,fused,0,1,0,
1789423669984,1789423669958,994014804,42.040037,-93.6528261,3.79,249.7046718923687,1.3000808,0.0,,fused,0,1,0,
1789423670987,1789423670959,994015805,42.0400373,-93.6528263,3.79,249.24667533587535,1.3000073,0.0,,fused,0,1,0,
1789423671984,1789423671958,994016805,42.0400376,-93.6528267,3.79,249.659639233135,1.3000754,0.0,,fused,0,1,0,
1789423672988,1789423672957,994017804,42.0400378,-93.6528271,3.79,249.94282728466794,1.3000158,0.0,,fused,0,1,0,
1789423673983,1789423673957,994018804,42.040038,-93.6528273,3.79,250.50580565202034,1.3000988,0.0,,fused,0,1,0,
1789423674984,1789423674959,994019805,42.0400381,-93.6528275,3.79,250.57237183198384,1.3000337,0.0,,fused,0,1,0,
1789423675988,1789423675957,994020804,42.0400383,-93.6528278,3.79,250.68074999973697,1.3000672,0.0,,fused,0,1,0,
1789423676981,1789423676958,994021804,42.0400406,-93.6528261,3.79,249.96193297534512,1.3,0.31,341.0,fused,0,1,0,
1789423677982,1789423677957,994022804,42.0400406,-93.6528247,3.79,249.42207516312965,1.3000643,0.0,,fused,0,1,0,
1789423678982,1789423678958,994023804,42.0400396,-93.652823,3.79,249.39357577417155,1.3,0.0,,fused,0,1,0,
1789423679985,1789423679957,994024804,42.0400376,-93.6528248,3.79,249.357449914188,1.300067,0.23,341.0,fused,0,1,0,
1789423680987,1789423680958,994025805,42.0400359,-93.6528245,3.79,249.31843739001755,1.3,0.0,,fused,0,1,0,
1789423681989,1789423681957,994026804,42.0400367,-93.6528234,3.79,249.30520581880984,1.3000648,0.24,341.0,fused,0,1,0,
1789423682984,1789423682957,994027804,42.0400389,-93.6528198,3.79,249.02261336591505,1.3,0.3,341.0,fused,0,1,0,
1789423683987,1789423683957,994028804,42.0400394,-93.652819,3.79,248.87521119733788,1.3000655,0.0,,fused,0,1,0,
1789423684986,1789423684959,994029805,42.0400395,-93.652819,3.79,248.89509586633,1.3,0.0,,fused,0,1,0,
1789423685991,1789423685958,994030804,42.0400395,-93.6528191,3.79,248.95054826530514,1.3000646,0.0,,fused,0,1,0,
1789423686988,1789423686958,994031804,42.0400396,-93.6528191,3.79,248.92173396673388,1.3000013,0.0,,fused,0,1,0,
1789423687982,1789423687957,994032804,42.0400417,-93.6528194,3.79,248.9027922641747,1.300066,0.22,341.0,fused,0,1,0,
1789423688978,1789423688957,994033804,42.0400415,-93.6528199,3.79,248.64248013780804,1.3008094,0.0,,fused,0,1,0,
1789423689980,1789423689957,994034804,42.0400414,-93.6528207,3.791,248.8635037293887,1.3123635,0.19,341.0,fused,0,1,0,
1789423690985,1789423690957,994035804,42.0400394,-93.6528196,3.791,248.95073426661133,1.3010805,0.0,,fused,0,1,0,
1789423691979,1789423691958,994036804,42.0400388,-93.6528191,3.791,248.91793307743927,1.3017505,0.0,,fused,0,1,0,
1789423692980,1789423692958,994037804,42.0400375,-93.6528203,3.791,248.99369684921618,1.3062906,0.28,341.0,fused,0,1,0,
1789423693980,1789423693957,994038804,42.0400366,-93.6528193,3.791,249.06308718944723,1.3036516,0.0,,fused,0,1,0,
1789423694979,1789423694957,994039804,42.0400357,-93.6528185,3.798,248.74334142082154,1.322306,0.0,,fused,0,1,0,
1789423695984,1789423695959,994040805,42.0400365,-93.6528251,3.798,249.07097144930145,1.3135432,0.47,341.0,fused,0,1,0,
1789423696983,1789423696958,994041804,42.0400344,-93.6528286,3.797,249.1639527017881,1.30609,0.0,,fused,0,1,0,
1789423697982,1789423697958,994042804,42.0400337,-93.6528291,3.798,249.03147184883954,1.3000678,0.0,,fused,0,1,0,
1789423698986,1789423698958,994043804,42.0400327,-93.6528326,3.797,248.8805547569322,1.3000029,0.4,341.0,fused,0,1,0,
1789423699980,1789423699957,994044804,42.0400308,-93.6528415,3.79,248.77339423187988,1.3000704,0.89,262.0,fused,0,1,0,
1789423700983,1789423700957,994045804,42.0400335,-93.6528549,3.79,249.35959112440622,1.3121362,1.22,287.0,fused,0,1,0,
1789423701980,1789423701957,994046804,42.0400374,-93.6528648,3.79,249.40991530236266,1.3168551,0.82,299.0,fused,0,1,0,
1789423702986,1789423702957,994047804,42.0400385,-93.6528646,3.79,249.50584035576844,1.3001611,0.0,,fused,0,1,0,
1789423703988,1789423703957,994048804,42.0400386,-93.6528642,3.79,249.48194631518794,1.300067,0.0,,fused,0,1,0,
1789423704989,1789423704957,994049804,42.0400384,-93.6528669,3.79,248.80854748572727,1.3000014,0.0,,fused,0,1,0,
1789423705986,1789423705958,994050804,42.0400386,-93.6528673,3.79,248.6711033627887,1.3000679,0.0,,fused,0,1,0,
1789423706988,1789423706958,994051805,42.0400386,-93.6528674,3.79,248.91116029450683,1.3,0.0,,fused,0,1,0,
1789423707988,1789423707958,994052804,42.0400379,-93.652875,3.79,248.91339742614718,1.3000691,0.77,255.0,fused,0,1,0,
1789423708990,1789423708958,994053804,42.0400376,-93.652876,3.79,249.0172612254977,1.3,0.23,232.0,fused,0,1,0,
1789423709990,1789423709958,994054804,42.0400397,-93.6528738,3.79,249.0655894299457,1.3031381,0.16,232.0,fused,0,1,0,
1789423710994,1789423710957,994055804,42.0400418,-93.6528646,3.79,249.14434689022858,1.3065696,0.63,232.0,fused,0,1,0,
1789423711992,1789423711957,994056804,42.0400912,-93.6528332,3.79,249.25985376301304,1.3197516,6.19,19.0,fused,0,1,0,
1789423712985,1789423712957,994057804,42.0400713,-93.6528297,3.79,249.2510461273065,1.3010173,0.88,190.0,fused,0,1,0,
1789423713980,1789423713958,994058804,42.0400557,-93.6528313,3.79,249.4201666142515,1.3000653,0.15,190.0,fused,0,1,0,
1789423714981,1789423714957,994059804,42.0400384,-93.6528323,3.79,249.57445700710826,1.3,0.0,,fused,0,1,0,
1789423715987,1789423715957,994060804,42.0400379,-93.6528346,3.79,249.55925303675969,1.3026205,0.34,190.0,fused,0,1,0,
1789423716981,1789423716958,994061804,42.0400306,-93.652861,3.793,249.27476593434068,1.3056682,1.8,257.0,fused,0,1,0,
1789423717982,1789423717959,994062805,42.0400211,-93.6528873,4.047,249.3538094422595,1.3131006,1.76,252.0,fused,0,1,0,
1789423718980,1789423718958,994063804,42.0400233,-93.6528817,4.044,249.35813543021493,1.3115894,0.0,,fused,0,1,0,
1789423719980,1789423719958,994064804,42.0400329,-93.6528539,4.099,249.28070778791937,1.3177854,0.0,,fused,0,1,0,
1789423720993,1789423720957,994065804,42.0400358,-93.6528456,4.104,249.27998624384946,1.3101771,0.0,,fused,0,1,0,
1789423721983,1789423721957,994066804,42.0400363,-93.6528437,4.1,249.48703662417086,1.3082606,0.0,,fused,0,1,0,
1789423722982,1789423722957,994067804,42.0400363,-93.6528432,4.048,249.44701257337402,1.3117085,0.0,,fused,0,1,0,
1789423723982,1789423723958,994068805,42.0400363,-93.6528436,3.799,249.34767619034375,1.3104461,0.0,,fused,0,1,0,
1789423724984,1789423724958,994069804,42.0400368,-93.6528281,3.797,249.27310271562084,1.3221025,1.59,88.0,fused,0,1,0,
1789423725987,1789423725959,994070805,42.0400382,-93.652823,3.79,249.31042893725527,1.3226038,0.25,90.0,fused,0,1,0,
1789423726987,1789423726957,994071804,42.0400402,-93.652827,3.79,249.02211873848626,1.3143094,0.0,,fused,0,1,0,
1789423727987,1789423727958,994072804,42.0400415,-93.6528232,3.79,249.2114745428613,1.3024306,0.46,88.0,fused,0,1,0,
1789423728989,1789423728957,994073804,42.0400413,-93.6528184,3.79,249.32429914993895,1.3049246,0.5,88.0,fused,0,1,0,
1789423729995,1789423729958,994074804,42.0400414,-93.6528167,3.79,249.81967912063965,1.3023574,0.2,88.0,fused,0,1,0,
1789423730988,1789423730958,994075804,42.0400423,-93.6528189,3.79,249.3378779197049,1.3164244,0.0,,fused,0,1,0,
1789423731986,1789423731958,994076805,42.0400416,-93.6528147,3.79,249.31567451309917,1.3249149,0.5,88.0,fused,0,1,0,
1789423732993,1789423732958,994077804,42.0400411,-93.6528078,3.79,249.14814574906075,1.3018245,0.52,88.0,fused,0,1,0,
1789423733987,1789423733957,994078804,42.0400408,-93.6528106,3.79,249.12480819699732,1.3000656,0.0,,fused,0,1,0,
1789423734988,1789423734958,994079804,42.0400425,-93.6528076,3.79,249.17462526203053,1.3010486,0.0,,fused,0,1,0,
1789423735981,1789423735958,994080804,42.0400416,-93.6528057,5.019,249.2197922518933,1.3036572,0.18,88.0,fused,0,1,0,
1789423736981,1789423736958,994081804,42.0400364,-93.6528048,5.838,249.32866361873783,1.3003817,0.55,88.0,fused,0,1,0,
1789423737980,1789423737957,994082804,42.0400347,-93.6528028,6.862,249.42299141688005,1.3029382,0.22,88.0,fused,0,1,0,
1789423738981,1789423738957,994083804,42.0400358,-93.6528019,7.886,249.43637668724426,1.3015156,0.52,88.0,fused,0,1,0,
1789423739987,1789423739959,994084805,42.0400448,-93.6528117,9.935,249.3193597981375,1.3050926,1.23,320.0,fused,0,1,0,
1789423740990,1789423740957,994085804,42.0400546,-93.6528231,10.037,249.50758219537272,1.3117115,1.27,319.0,fused,0,1,0,
1789423741978,1789423741957,994086804,42.0400641,-93.6528288,10.092,249.69014236188139,1.3232579,0.97,330.0,fused,0,1,0,
1789423742983,1789423742957,994087804,42.0400869,-93.6528148,10.176,249.6771120510851,1.3048291,1.9,11.0,fused,0,1,0,
1789423743973,1789423743957,994088804,42.0401061,-93.6527989,10.182,249.6363907608595,1.3073151,1.69,18.0,fused,0,1,0,
1789423744976,1789423744958,994089804,42.0401203,-93.6527829,10.166,249.5393108884616,1.3054105,1.62,27.0,fused,0,1,0,
1789423745980,1789423745957,994090804,42.040132,-93.6527659,8.86,249.38426732887865,1.306541,1.73,45.0,fused,0,1,0,
1789423746980,1789423746957,994091804,42.0401456,-93.6527538,8.015,249.19127894120732,1.3073771,1.75,29.0,fused,0,1,0,
1789423747982,1789423747957,994092804,42.0401596,-93.6527413,6.936,249.10653156812458,1.3104774,1.68,27.0,fused,0,1,0,
1789423748983,1789423748958,994093804,42.0401707,-93.6527295,5.869,249.15859477334493,1.3200997,1.63,31.0,fused,0,1,0,
1789423749984,1789423749957,994094804,42.0401801,-93.6527171,4.839,249.18221420187643,1.3095797,1.53,35.0,fused,0,1,0,
1789423750987,1789423750958,994095804,42.0401917,-93.6527041,3.79,249.16008512013468,1.313,1.59,32.0,fused,0,1,0,
1789423751981,1789423751957,994096804,42.0402059,-93.6526945,3.79,249.0004223919002,1.3173211,1.6,24.0,fused,0,1,0,
1789423752981,1789423752958,994097804,42.0402176,-93.6526812,3.79,248.93015145125878,1.3155093,1.66,42.0,fused,0,1,0,
1789423753989,1789423753957,994098804,42.0402288,-93.6526658,3.79,249.02034177345013,1.3218606,1.61,44.0,fused,0,1,0,
1789423754981,1789423754957,994099804,42.0402404,-93.6526532,3.79,248.6912039135819,1.324882,1.61,41.0,fused,0,1,0,
1789423755987,1789423755957,994100804,42.0402532,-93.6526387,3.79,248.65965614714537,1.3194867,1.57,36.0,fused,0,1,0,
1789423756983,1789423756958,994101804,42.0402665,-93.6526265,3.79,248.60014243755637,1.3044941,1.6,34.0,fused,0,1,0,
1789423757983,1789423757957,994102804,42.0402804,-93.6526132,3.79,248.4006949671762,1.3028904,1.56,35.0,fused,0,1,0,
1789423758980,1789423758957,994103804,42.0402935,-93.652602,3.79,248.32382340634598,1.3075327,1.54,32.0,fused,0,1,0,
1789423759982,1789423759958,994104804,42.0403075,-93.652598,3.79,247.93246883563967,1.3231497,1.55,23.0,fused,0,1,0,
1789423760984,1789423760958,994105804,42.0403227,-93.6525862,3.79,248.05865596745213,1.323645,1.54,27.0,fused,0,1,0,
1789423761982,1789423761958,994106804,42.0403373,-93.6525761,3.79,247.92121184451355,1.3037021,1.56,29.0,fused,0,1,0,
1789423762982,1789423762958,994107804,42.0403507,-93.6525662,3.79,247.87402420946808,1.306953,1.57,30.0,fused,0,1,0,
1789423763983,1789423763958,994108805,42.0403655,-93.6525578,3.79,247.69729955246726,1.3133922,1.58,24.0,fused,0,1,0,
1789423764981,1789423764957,994109804,42.0403799,-93.6525495,3.79,247.85802747665912,1.3117707,1.57,21.0,fused,0,1,0,
1789423765981,1789423765957,994110804,42.0403948,-93.6525419,3.79,247.97538188671973,1.3109758,1.57,23.0,fused,0,1,0,
1789423766976,1789423766958,994111804,42.0404093,-93.6525286,3.632,248.38338976917208,1.3056955,1.5928205,23.891731,fused,0,1,0,
1789423767979,1789423767957,994112804,42.0404239,-93.6525208,3.397,248.44198131127092,1.3084581,1.6355034,24.817513,fused,0,1,0,
1789423768981,1789423768958,994113804,42.0404394,-93.652513,3.242,248.58446033478884,1.3071493,1.6468716,22.43313,fused,0,1,0,
1789423769983,1789423769958,994114804,42.0404547,-93.6525058,3.147,248.733268329751,1.3139657,1.6413114,12.517212,fused,0,1,0,
1789423770986,1789423770958,994115804,42.0404705,-93.6524981,3.02,248.93516801171018,1.3311623,1.6458931,28.846329,fused,0,1,0,
1789423771976,1789423771960,994116806,42.0404857,-93.652487,3.038,248.93516801171018,1.3311623,1.6638668,29.003569,fused,0,1,0,
1789423772978,1789423772958,994117804,42.0405016,-93.6524806,3.04,249.11636235747784,1.3125054,1.644226,10.867214,fused,0,1,0,
1789423773980,1789423773957,994118804,42.0405177,-93.6524779,3.044,249.11114929359076,1.3107324,1.6222646,15.715737,fused,0,1,0,
1789423774978,1789423774957,994119804,42.0405321,-93.6524697,3.051,248.92978449334976,1.3165799,1.5954165,26.899727,fused,0,1,0,
1789423775941,1789423775921,994120768,42.0405451,-93.6524604,3.064,248.92978449334976,1.3165799,1.552681,25.444548,fused,0,1,0,
1789423776985,1789423776958,994121804,42.0405594,-93.6524512,3.089,248.7304902091559,1.3233911,1.5329072,23.855421,fused,0,1,0,
1789423777980,1789423777957,994122804,42.0405742,-93.6524438,3.124,248.77181222648704,1.3312778,1.5393728,20.291407,fused,0,1,0,
1789423778918,1789423778900,994123746,42.0405874,-93.652437,3.2,248.77181222648704,1.3312778,1.5472628,23.355463,fused,0,1,0,
1789423779983,1789423779960,994124807,42.0406021,-93.6524294,3.326,248.8233681019479,1.3181137,1.5253776,23.738256,fused,0,1,0,
1789423780980,1789423780957,994125804,42.0406158,-93.6524214,3.381,248.54046085109292,1.332835,1.5095843,24.026466,fused,0,1,0,
1789423781985,1789423781957,994126804,42.040629,-93.6524131,3.42,248.37896577545877,1.3332564,1.5238216,28.261646,fused,0,1,0,
1789423782982,1789423782957,994127804,42.0406434,-93.6524065,3.439,248.50201630655454,1.3504454,1.5591472,18.259838,fused,0,1,0,
1789423783986,1789423783957,994128804,42.0406578,-93.6524018,3.372,248.3468726221044,1.4031184,1.5404705,22.072346,fused,0,1,0,
1789423784982,1789423784957,994129804,42.040671,-93.6523948,3.335,248.34164783394306,1.3678732,1.5241218,32.6111,fused,0,1,0,
1789423785991,1789423785957,994130804,42.0406825,-93.6523845,3.252,248.37936851901867,1.3216642,1.5219885,41.588665,fused,0,1,0,
1789423786980,1789423786958,994131804,42.0406925,-93.6523723,3.191,248.44742917000048,1.3259664,1.5229453,36.73555,fused,0,1,0,
1789423787983,1789423787957,994132804,42.0407031,-93.6523614,3.149,248.52573596697357,1.3169507,1.4801754,35.991932,fused,0,1,0,
1789423788979,1789423788958,994133804,42.0407144,-93.6523495,3.174,248.45781498983945,1.3213212,1.4569757,41.40548,fused,0,1,0,
1789423789986,1789423789957,994134804,42.0407207,-93.6523352,3.152,248.54025870833846,1.3290855,1.5042516,106.01847,fused,0,1,0,
1789423790901,1789423790879,994135726,42.0407101,-93.6523285,3.129,248.54025870833846,1.3290855,1.4898337,217.28088,fused,0,1,0,
1789423791979,1789423791957,994136804,42.0407142,-93.6523337,3.102,248.69858492014998,1.3023919,1.439459,190.54831,fused,0,1,0,
1789423792978,1789423792957,994137804,42.0407164,-93.6523327,3.165,248.71846370516658,1.3038263,1.0781531,162.54666,fused,0,1,0,
1789423793985,1789423793957,994138804,42.0407206,-93.6523228,3.133,248.8269049370404,1.3083565,0.93782866,129.78702,fused,0,1,0,
1789423794928,1789423794910,994139756,42.0407185,-93.6523157,3.241,248.8269049370404,1.3083565,0.77703726,133.55879,fused,0,1,0,
1789423795984,1789423795957,994140804,42.0407281,-93.6523076,3.291,249.00784712894017,1.3051012,0.93509877,129.90688,fused,0,1,0,
1789423796975,1789423796958,994141804,42.0407294,-93.6523049,3.388,249.0253779915954,1.3071864,0.98124385,141.3819,fused,0,1,0,
1789423797985,1789423797958,994142805,42.040727,-93.6522994,3.45,249.18827663717184,1.3090584,1.0664521,142.23227,fused,0,1,0,
1789423798983,1789423798957,994143804,42.0407199,-93.6522891,3.645,249.0962676181686,1.3141142,1.1687087,139.14072,fused,0,1,0,
1789423799984,1789423799958,994144804,42.0407108,-93.6522763,3.973,249.150253342712,1.3354739,1.241702,135.71286,fused,0,1,0,
1789423800993,1789423800958,994145804,42.0407016,-93.6522621,4.387,249.33274967797234,1.3126255,1.2739162,132.1748,fused,0,1,0,
1789423801982,1789423801958,994146804,42.0406944,-93.6522471,4.981,249.11413837486748,1.3133506,1.3092982,128.8777,fused,0,1,0,
1789423802980,1789423802957,994147804,42.0408108,-93.652227,5.355,249.22342549171492,1.3095896,1.4752576,34.944576,fused,0,1,0,
1789423803979,1789423803958,994148804,42.0408623,-93.6522205,5.61,248.93369071369608,1.3170389,1.2974591,31.195076,fused,0,1,0,
1789423804983,1789423804958,994149804,42.040879,-93.6522164,5.493,248.88166003442842,1.3146391,1.2889643,7.672579,fused,0,1,0,
1789423805908,1789423805888,994150735,42.0408904,-93.6522137,5.396,248.88166003442842,1.3146391,1.2632372,7.07015,fused,0,1,0,
1789423806986,1789423806957,994151804,42.0409085,-93.6522042,4.858,248.96665043195236,1.3327228,1.2797506,11.212553,fused,0,1,0,
1789423807980,1789423807958,994152804,42.0409217,-93.6521957,4.408,248.99044966768537,1.318184,1.2445316,14.861019,fused,0,1,0,
1789423808981,1789423808957,994153804,42.040933,-93.6521873,4.019,248.76613791059538,1.3241005,1.164351,20.508583,fused,0,1,0,
1789423809981,1789423809959,994154805,42.0409413,-93.6521802,3.766,249.06285179044806,1.3219869,1.0085464,27.795008,fused,0,1,0,
1789423810975,1789423810958,994155804,42.0409447,-93.6521758,3.417,248.68569811111115,1.3269868,0.68579143,32.142612,fused,0,1,0,
1789423811979,1789423811958,994156804,42.0409453,-93.652175,3.194,248.6151402222132,1.3444328,0.43777576,28.604038,fused,0,1,0,
1789423812986,1789423812958,994157804,42.0409453,-93.6521758,3.053,248.58762013368045,1.3410374,0.308026,34.749805,fused,0,1,0,
1789423813980,1789423813957,994158804,42.0409505,-93.6521668,3.027,248.53966303402797,1.3703439,0.711683,37.368965,fused,0,1,0,
1789423814984,1789423814958,994159804,42.0409572,-93.6521633,3.027,248.4963206106176,1.3373352,0.6761827,36.37134,fused,0,1,0,
1789423815990,1789423815957,994160804,42.0409608,-93.6521636,3.037,248.63398997643566,1.3113627,0.36258182,41.46502,fused,0,1,0,
1789423816986,1789423816957,994161804,42.0409621,-93.6521634,3.032,248.50168413781302,1.316266,0.1980737,39.95105,fused,0,1,0,
1789423817990,1789423817958,994162804,42.0409629,-93.6521635,3.042,248.5374474265882,1.3207316,0.13958685,39.02379,fused,0,1,0,
1789423818993,1789423818958,994163804,42.0409637,-93.652164,3.014,248.36971789417208,1.3255109,0.11583215,37.710552,fused,0,1,0,
1789423819992,1789423819958,994164805,42.0409642,-93.6521648,3.012,248.2392094317555,1.3019662,0.11199487,37.261684,fused,0,1,0,
1789423820979,1789423820957,994165804,42.0409637,-93.6521654,3.0,247.57859824104094,1.3023319,0.08103062,,fused,0,1,0,
1789423821984,1789423821958,994166804,42.0409633,-93.6521665,3.0,247.4540559448298,1.3035898,0.094910555,,fused,0,1,0,
1789423822980,1789423822957,994167804,42.0409635,-93.6521668,3.0,247.3905245624506,1.3080959,0.08892512,,fused,0,1,0,
1789423823983,1789423823958,994168804,42.0409637,-93.6521677,3.0,247.41864081150726,1.3099806,0.091578975,,fused,0,1,0,
1789423824978,1789423824958,994169804,42.0409638,-93.6521683,3.0,247.50216531230228,1.304871,0.09048606,,fused,0,1,0,
1789423825977,1789423825958,994170804,42.0409641,-93.6521686,3.0,247.53469568268696,1.3069286,0.09408915,,fused,0,1,0,
1789423826980,1789423826958,994171804,42.040964,-93.6521681,3.0,247.57461322307313,1.3087038,0.09045468,,fused,0,1,0,
1789423827978,1789423827957,994172804,42.0409635,-93.6521675,3.0,247.5068027208534,1.3137273,0.09241433,,fused,0,1,0,
1789423828980,1789423828957,994173804,42.0409639,-93.652168,3.0,247.62254501510733,1.3341124,0.08975521,,fused,0,1,0,
1789423829984,1789423829958,994174804,42.0409639,-93.6521678,3.0,247.81202554335698,1.3112735,1.0405051E-9,,fused,0,1,0,
1789423830978,1789423830958,994175804,42.0409637,-93.6521679,3.0,247.68151623445414,1.3114,0.01210677,,fused,0,1,0,
1789423831977,1789423831958,994176804,42.0409637,-93.6521677,3.0,247.81266905256672,1.3111743,0.27300516,44.068756,fused,0,1,0,
1789423832980,1789423832957,994177804,42.0409643,-93.6521658,3.0,247.58682108860324,1.3163888,0.51743793,35.197563,fused,0,1,0,
1789423833982,1789423833959,994178805,42.0409664,-93.6521652,3.0,247.54251124636016,1.3145139,0.18634826,340.31976,fused,0,1,0,
1789423834990,1789423834957,994179804,42.040966,-93.652167,3.0,247.50777459910745,1.3170413,0.06364954,,fused,0,1,0,
1789423835980,1789423835957,994180804,42.0409649,-93.6521675,3.0,248.05023200455736,1.3330657,0.05560319,,fused,0,1,0,
1789423836980,1789423836958,994181804,42.0409638,-93.6521679,3.0,248.49838894907282,1.3179374,0.487642,23.768223,fused,0,1,0,
1789423837981,1789423837957,994182804,42.0409645,-93.6521658,3.0,248.75953556340562,1.3142564,0.11139841,63.30528,fused,0,1,0,
1789423838980,1789423838959,994183805,42.0409627,-93.6521661,3.0,248.73731615790922,1.3193916,0.07234811,,fused,0,1,0,
1789423839979,1789423839958,994184804,42.0409603,-93.6521664,3.0,248.4181796322763,1.3258771,0.048376735,,fused,0,1,0,
1789423840985,1789423840958,994185804,42.0409575,-93.6521678,3.0,248.43357129668323,1.3377762,0.09164008,,fused,0,1,0,
1789423841933,1789423841914,994186761,42.0409576,-93.6521679,3.0,248.43357129668323,1.3377762,0.111533955,22.990263,fused,0,1,0,
1789423842882,1789423842831,994187677,42.040957,-93.6521717,3.0,248.49417566567513,1.3416853,0.32333657,333.02667,fused,0,1,0,
1789423843982,1789423843957,994188804,42.0409547,-93.6521848,3.0,248.348595820992,1.333282,0.38700822,279.226,fused,0,1,0,
1789423844981,1789423844957,994189804,42.0409549,-93.6521934,3.0,248.46961323641153,1.3110781,0.60345215,316.1287,fused,0,1,0,
1789423845981,1789423845958,994190804,42.040959,-93.6521965,3.0,248.29379814771153,1.315726,0.55703527,31.569094,fused,0,1,0,
1789423846982,1789423846958,994191804,42.0409592,-93.6521943,3.0,248.23645255849056,1.3227986,0.33494648,61.882774,fused,0,1,0,
1789423847980,1789423847959,994192805,42.0409584,-93.6521933,3.0,248.2332766125669,1.3235129,0.1746356,73.38246,fused,0,1,0,
1789423848984,1789423848957,994193804,42.0409579,-93.652194,3.0,248.2241687404087,1.3016928,0.10560073,74.91339,fused,0,1,0,
1789423849984,1789423849958,994194804,42.0409576,-93.6521942,3.0,248.13916042013602,1.3023146,0.11651039,74.81859,fused,0,1,0,
1789423850990,1789423850957,994195804,42.0409585,-93.6521938,3.0,248.22371424395521,1.3031316,0.11417455,88.563484,fused,0,1,0,
1789423851991,1789423851957,994196804,42.0409595,-93.6521947,3.0,248.18020215380614,1.3073316,0.13242598,78.5749,fused,0,1,0,
1789423852983,1789423852958,994197804,42.0409604,-93.6521954,3.0,248.20215205499346,1.3091595,0.16475265,48.825844,fused,0,1,0,
1789423853981,1789423853958,994198804,42.0409616,-93.6521967,3.0,248.274579922047,1.304475,0.13420029,30.640533,fused,0,1,0,
1789423854981,1789423854957,994199804,42.0409623,-93.6521984,3.0,248.26950949499098,1.3061988,0.15627633,34.078453,fused,0,1,0,
1789423855978,1789423855958,994200804,42.0409654,-93.6522,3.0,248.34326798536063,1.3073884,0.37981686,349.95703,fused,0,1,0,
1789423856978,1789423856957,994201804,42.0409745,-93.6522032,3.0,248.24591304366498,1.3112497,0.7490711,335.59207,fused,0,1,0,
1789423857982,1789423857957,994202804,42.0409878,-93.6522111,3.0,248.3519865157686,1.3270881,1.0343397,322.3533,fused,0,1,0,
1789423858984,1789423858958,994203804,42.041008,-93.6522223,3.021,248.42543965701805,1.3093106,1.420422,325.72403,fused,0,1,0,
1789423859981,1789423859958,994204804,42.0410276,-93.6522273,3.031,248.3212516366284,1.3099508,1.4949872,339.39514,fused,0,1,0,
1789423860984,1789423860958,994205804,42.0410421,-93.6522301,3.029,248.37990909503486,1.3106931,1.3523197,346.54745,fused,0,1,0,
1789423861988,1789423861958,994206804,42.0410535,-93.6522259,3.031,248.2675774490731,1.3164929,1.3036563,12.44411,fused,0,1,0,
1789423862997,1789423862958,994207804,42.0410602,-93.6522153,3.039,248.27195352154052,1.313733,0.944543,31.410128,fused,0,1,0,
1789423863981,1789423863957,994208804,42.0410662,-93.6522,3.02,248.27857885686933,1.315275,0.98634344,38.450405,fused,0,1,0,
1789423864981,1789423864957,994209804,42.0410717,-93.6521865,3.0,248.3197322817279,1.3317639,1.0016727,47.851078,fused,0,1,0,
1789423865973,1789423865959,994210805,42.0410611,-93.6521702,3.0,248.61065796589656,1.3163655,1.1385705,166.12955,fused,0,1,0,
1789423866981,1789423866957,994211804,42.0410485,-93.6521706,3.0,248.771261455167,1.3133578,1.278259,183.62589,fused,0,1,0,
1789423867982,1789423867958,994212804,42.0410304,-93.6521716,3.0,248.61240224805408,1.3226793,1.3157035,174.62674,fused,0,1,0,
1789423868987,1789423868958,994213804,42.0410128,-93.6521675,3.0,248.79078893405455,1.3212882,1.3504058,118.705826,fused,0,1,0,
1789423869983,1789423869959,994214805,42.041009,-93.6521611,3.0,248.62768134879843,1.339364,0.96392745,67.35655,fused,0,1,0,
1789423870966,1789423870931,994215778,42.0410137,-93.652154,3.0,248.62768134879843,1.339364,0.86883605,55.109364,fused,0,1,0,
1789423871988,1789423871958,994216805,42.0410058,-93.6521514,3.0,248.28312860765578,1.3812027,0.96674424,137.65796,fused,0,1,0,
1789423872983,1789423872958,994217804,42.0409871,-93.652153,3.0,248.48665127404848,1.3289028,1.1872277,199.23537,fused,0,1,0,
1789423873981,1789423873958,994218804,42.0409695,-93.6521629,3.0,248.57060249535868,1.3089817,1.2277298,193.26305,fused,0,1,0,
1789423874908,1789423874894,994219741,42.0409571,-93.6521618,3.0,248.57060249535868,1.3089817,1.1437508,129.02487,fused,0,1,0,
1789423875984,1789423875958,994220804,42.0409552,-93.6521538,3.0,248.3073588298464,1.3199805,0.960429,16.835941,fused,0,1,0,
1789423876982,1789423876958,994221804,42.0409591,-93.6521565,3.0,248.23542527739102,1.3219637,0.7217271,357.94037,fused,0,1,0,
1789423877985,1789423877958,994222804,42.0409592,-93.6521586,3.0,248.15510597976981,1.3014718,0.6798511,358.3563,fused,0,1,0,
1789423878977,1789423878958,994223804,42.0409611,-93.65216,3.0,248.08934086064755,1.3016915,0.74934274,358.9238,fused,0,1,0,
1789423879980,1789423879958,994224804,42.0409619,-93.6521579,3.0,247.9054135789429,1.3028865,0.48236218,59.258907,fused,0,1,0,
1789423880983,1789423880958,994225804,42.0409593,-93.6521568,3.0,247.7051798853322,1.3064377,0.3138971,85.10491,fused,0,1,0,
1789423881980,1789423881958,994226804,42.0409572,-93.6521581,3.0,247.77832795821456,1.3082137,0.30512744,58.80223,fused,0,1,0,
1789423882981,1789423882957,994227804,42.0409567,-93.6521587,3.0,247.9294576524572,1.3039962,0.42061368,8.370415,fused,0,1,0,
1789423883983,1789423883958,994228804,42.0409576,-93.6521592,3.0,247.98060722945752,1.3067498,0.52904916,13.2693,fused,0,1,0,
1789423884984,1789423884957,994229804,42.0409563,-93.652159,3.0,248.07348409704366,1.3082813,0.5755941,11.420556,fused,0,1,0,
1789423885984,1789423885957,994230804,42.0409571,-93.6521577,3.0,248.13149718850326,1.310997,0.67431664,13.048158,fused,0,1,0,
1789423886982,1789423886958,994231804,42.040955,-93.6521512,3.0,248.20541688934088,1.3238665,0.481043,71.0345,fused,0,1,0,
1789423887982,1789423887958,994232804,42.0409478,-93.6521501,3.0,248.23830214120335,1.3128898,0.24854633,88.827385,fused,0,1,0,
1789423888985,1789423888957,994233804,42.0409433,-93.6521517,3.0,248.47595550395351,1.309687,0.14889939,84.04063,fused,0,1,0,
1789423889989,1789423889958,994234804,42.0409411,-93.6521527,3.0,248.57583029302162,1.3101491,0.13369891,76.94953,fused,0,1,0,
1789423890987,1789423890957,994235804,42.0409392,-93.652154,3.0,248.44538166777107,1.3161514,0.118576504,82.64566,fused,0,1,0,
1789423891990,1789423891958,994236804,42.0409377,-93.6521563,3.0,248.3466201022067,1.3140063,0.100786835,89.48202,fused,0,1,0,
1789423892987,1789423892957,994237804,42.0409364,-93.6521584,3.0,248.37365845417781,1.3161676,0.101136066,64.492676,fused,0,1,0,
1789423893995,1789423893957,994238804,42.0409353,-93.6521593,3.0,248.27084967304114,1.3246005,0.14431071,56.649788,fused,0,1,0,
1789423894913,1789423894893,994239739,42.0409352,-93.6521588,3.0,248.27084967304114,1.3246005,0.16865674,93.01432,fused,0,1,0,
1789423895981,1789423895958,994240804,42.0409329,-93.6521548,3.0,248.2139148391746,1.3172532,0.33265013,129.20842,fused,0,1,0,
1789423896980,1789423896958,994241804,42.0409299,-93.6521506,3.0,248.3432750447085,1.3196008,0.27802166,131.55487,fused,0,1,0,
1789423897981,1789423897957,994242804,42.0409289,-93.6521493,3.0,248.42980311970706,1.3216087,0.18396646,127.78673,fused,0,1,0,
1789423898933,1789423898913,994243760,42.0409286,-93.6521485,3.0,248.42980311970706,1.3216087,0.1530269,114.63827,fused,0,1,0,
1789423899983,1789423899958,994244804,42.0409288,-93.6521491,3.0,248.08011379159666,1.3403711,0.17650056,98.97111,fused,0,1,0,
1789423900983,1789423900957,994245804,42.040929,-93.6521498,3.0,247.8533912943986,1.3923385,0.17150539,90.663414,fused,0,1,0,
1789423901982,1789423901957,994246804,42.0409294,-93.6521513,3.0,248.06765713191464,1.3348554,0.15985751,44.73134,fused,0,1,0,
1789423902979,1789423902958,994247804,42.0409302,-93.6521524,3.0,248.14033202834707,1.3083271,0.2255308,42.722843,fused,0,1,0,
1789423903913,1789423903895,994248741,42.0409319,-93.6521505,3.0,248.14033202834707,1.3083271,0.279475,37.829327,fused,0,1,0,
1789423904845,1789423904828,994249674,42.0409456,-93.6521393,3.0,247.90254815600258,1.3178273,0.9823447,26.618395,fused,0,1,0,
1789423905983,1789423905958,994250804,42.040968,-93.6521323,3.0,247.7271968634824,1.3176438,1.3834555,20.455404,fused,0,1,0,
1789423906982,1789423906957,994251804,42.0409894,-93.6521291,3.0,247.8446327944677,1.320851,1.5621791,14.854736,fused,0,1,0,
1789423907984,1789423907957,994252804,42.0410111,-93.6521274,3.0,247.79014869325567,1.3018785,1.654453,17.97497,fused,0,1,0,
1789423908980,1789423908957,994253804,42.0410311,-93.6521254,3.0,247.62878246022257,1.3025879,1.6701941,14.894209,fused,0,1,0,
1789423909982,1789423909957,994254804,42.0410497,-93.6521245,3.0,247.46024301892209,1.3054692,1.7004292,9.406181,fused,0,1,0,
1789423910981,1789423910958,994255804,42.0410675,-93.6521234,3.0,247.51083146811828,1.3076826,1.6637366,4.536268,fused,0,1,0,
1789423911985,1789423911958,994256804,42.0410828,-93.6521285,3.0,247.49211571078837,1.3041373,1.6213057,343.64346,fused,0,1,0,
1789423912996,1789423912959,994257805,42.0410971,-93.6521359,3.003,247.61212483749853,1.306022,1.5571711,352.43463,fused,0,1,0,
1789423913910,1789423913888,994258735,42.0411102,-93.6521411,3.018,247.61212483749853,1.306022,1.547018,346.76297,fused,0,1,0,
1789423914910,1789423914890,994259737,42.0411225,-93.6521532,3.032,247.76892178713445,1.305218,1.517558,336.3734,fused,0,1,0,
1789423915983,1789423915957,994260804,42.0411339,-93.6521707,3.032,248.10443026708396,1.3152595,1.5853133,341.9692,fused,0,1,0,
1789423916979,1789423916958,994261804,42.0411482,-93.6521784,3.036,247.9804668233238,1.3270916,1.6608335,358.47232,fused,0,1,0,
1789423917982,1789423917957,994262804,42.041161,-93.6521914,3.035,248.02552160023163,1.3097154,1.5517141,328.8566,fused,0,1,0,
1789423918979,1789423918958,994263805,42.0411712,-93.6522072,3.025,248.2855224609375,1.3082945,1.5003599,324.55927,fused,0,1,0,
1789423919980,1789423919959,994264805,42.0411808,-93.6522229,3.036,248.3239802019164,1.3112338,1.4268348,317.86774,fused,0,1,0,
1789423920981,1789423920956,994265803,42.0411888,-93.6522354,3.034,248.42719627622597,1.3115803,1.2543052,320.76758,fused,0,1,0,
1789423921992,1789423921957,994266803,42.0411938,-93.6522428,3.034,248.6879120595181,1.31157,0.9140121,320.3821,fused,0,1,0,
1789423922980,1789423922957,994267803,42.0411968,-93.6522481,3.035,248.85423607695708,1.3197354,0.71012694,305.94778,fused,0,1,0,
1789423923984,1789423923956,994268803,42.0411997,-93.652255,3.031,248.9137386685436,1.3249832,0.94003505,315.86084,fused,0,1,0,
1789423924987,1789423924956,994269803,42.0412102,-93.65226,3.015,248.971887674294,1.3137985,1.1436517,349.08722,fused,0,1,0,
1789423925886,1789423925869,994270716,42.0412225,-93.6522617,3.048,248.971887674294,1.3137985,1.1900324,349.7935,fused,0,1,0,
1789423926989,1789423926956,994271803,42.0412392,-93.6522592,3.041,249.11042443857178,1.3195128,1.2888925,357.47403,fused,0,1,0,
1789423927980,1789423927956,994272803,42.0412536,-93.6522539,3.05,248.97739943033912,1.3199631,1.3621281,22.15366,fused,0,1,0,
1789423928981,1789423928957,994273803,42.0412678,-93.652252,3.061,248.89770777263516,1.3365648,1.3848287,2.218262,fused,0,1,0,
1789423929981,1789423929956,994274803,42.0412826,-93.6522547,3.108,248.62532230057178,1.389204,1.4462631,348.60846,fused,0,1,0,
1789423930979,1789423930956,994275803,42.0412973,-93.6522605,3.156,248.8181008449189,1.3380895,1.490627,350.70105,fused,0,1,0,
1789423931977,1789423931957,994276803,42.0413117,-93.6522662,3.261,248.98531550333473,1.3089224,1.4986521,348.69003,fused,0,1,0,
1789423932980,1789423932956,994277803,42.0413259,-93.6522708,3.319,248.7217411268008,1.314273,1.5013947,345.89972,fused,0,1,0,
1789423933906,1789423933886,994278733,42.0413387,-93.6522759,3.359,248.7217411268008,1.314273,1.5008775,337.32715,fused,0,1,0,
1789423934980,1789423934956,994279803,42.041348,-93.652283,3.372,248.57807089806096,1.3174502,1.3247335,318.3519,fused,0,1,0,
1789423935982,1789423935956,994280803,42.0413509,-93.6522956,3.309,248.69926681787382,1.3193431,1.3216169,246.62718,fused,0,1,0,
1789423936982,1789423936957,994281803,42.0413417,-93.6522976,3.246,248.6635826361446,1.3019563,1.0052353,156.94014,fused,0,1,0,
1789423937980,1789423937956,994282803,42.0413358,-93.6522851,3.146,248.57688534502785,1.3037319,0.64037216,143.86237,fused,0,1,0,
1789423938984,1789423938956,994283803,42.0413382,-93.6522843,3.086,248.5694975061192,1.3049984,0.35731366,147.1083,fused,0,1,0,
1789423939981,1789423939958,994284804,42.041341,-93.6522832,3.037,248.67810110866986,1.3055372,0.19625413,144.80507,fused,0,1,0,
1789423940982,1789423940957,994285803,42.0413436,-93.6522829,3.0,248.79163060467698,1.3063042,0.10855172,145.47815,fused,0,1,0,
1789423941981,1789423941956,994286803,42.0413452,-93.6522829,3.0,248.58151367555354,1.3044333,0.097174495,,fused,0,1,0,
1789423942986,1789423942956,994287803,42.0413452,-93.6522832,3.0,248.77094030507448,1.3067933,0.0913226,,fused,0,1,0,
1789423943986,1789423943956,994288803,42.0413448,-93.6522824,3.0,248.881405335211,1.3057791,0.092359945,,fused,0,1,0,
1789423944989,1789423944956,994289803,42.0413448,-93.652282,3.0,248.89731457852957,1.312,0.14335866,186.12065,fused,0,1,0,
1789423945994,1789423945956,994290803,42.0413447,-93.6522811,3.0,248.9602821582626,1.324249,0.17375772,159.24333,fused,0,1,0,
1789423946993,1789423946956,994291803,42.0413447,-93.6522789,3.0,249.018766328639,1.3124532,0.2512254,151.95001,fused,0,1,0,
1789423947980,1789423947956,994292803,42.0413422,-93.6522736,3.0,249.00303481375857,1.308339,0.47175673,140.5944,fused,0,1,0,
1789423948979,1789423948957,994293803,42.0413362,-93.6522665,3.0,249.0438192476625,1.3089414,0.5918307,183.32605,fused,0,1,0,
1789423949980,1789423949956,994294803,42.0413296,-93.6522671,3.0,248.9563319088789,1.3137898,0.76817185,215.1939,fused,0,1,0,
1789423950987,1789423950956,994295803,42.0413268,-93.6522684,3.0,248.92535573288308,1.3112556,0.4419135,217.46965,fused,0,1,0,
1789423951980,1789423951957,994296803,42.0413258,-93.6522668,3.0,248.89022898361713,1.3198438,0.30502245,209.07497,fused,0,1,0,
1789423952984,1789423952956,994297803,42.0413254,-93.6522651,3.0,248.8949363204821,1.3264668,0.23103145,217.86595,fused,0,1,0,
1789423953988,1789423953957,994298803,42.041326,-93.6522632,3.0,248.90419921915407,1.3140213,0.14149661,222.9773,fused,0,1,0,
1789423954993,1789423954956,994299803,42.0413267,-93.6522625,3.0,248.9100097997914,1.3181144,0.095305525,,fused,0,1,0,
1789423955990,1789423955956,994300803,42.0413265,-93.6522617,3.0,249.02285924494265,1.3190342,0.10399746,189.02477,fused,0,1,0,
1789423956995,1789423956956,994301803,42.0413263,-93.6522611,3.0,248.89520634474627,1.3197317,0.10104218,189.92981,fused,0,1,0,
1789423957982,1789423957956,994302803,42.0413247,-93.6522591,3.0,248.85473112068928,1.3365366,0.24301429,178.50272,fused,0,1,0,
1789423958980,1789423958956,994303803,42.0413192,-93.6522546,3.0,248.6539716826876,1.3816061,0.5502805,150.7679,fused,0,1,0,
1789423959971,1789423959952,994304798,42.0413112,-93.6522468,3.092,248.6539716826876,1.3816061,0.72639656,151.63544,fused,0,1,0,
1789423960978,1789423960956,994305803,42.041292,-93.652228,3.17,249.0358130125931,1.3095808,1.1398609,154.95592,fused,0,1,0,
1789423961979,1789423961957,994306803,42.0412813,-93.6522241,3.205,248.89203562612965,1.313894,1.3012121,159.45595,fused,0,1,0,
1789423962980,1789423962958,994307804,42.0412653,-93.6522218,3.22,249.06104267885598,1.3088946,1.4401466,170.25528,fused,0,1,0,
1789423963934,1789423963914,994308760,42.0412497,-93.652222,3.239,249.06104267885598,1.3088946,1.4996934,173.9395,fused,0,1,0,
1789423964982,1789423964957,994309803,42.0412329,-93.6522292,3.193,249.1016349300612,1.3186617,1.5692872,178.79042,fused,0,1,0,
1789423965985,1789423965957,994310803,42.0412191,-93.6522333,3.175,249.02673380258773,1.3012102,1.5283072,185.97884,fused,0,1,0,
1789423966995,1789423966956,994311803,42.0412074,-93.6522397,3.132,248.8798705709429,1.3017447,1.4694062,194.37877,fused,0,1,0,
1789423967979,1789423967957,994312803,42.0411981,-93.6522464,3.091,248.69466692281702,1.302916,1.2458421,198.33786,fused,0,1,0,
1789423968981,1789423968957,994313803,42.0411944,-93.6522497,3.055,248.73773119275756,1.3056817,0.87246263,207.45337,fused,0,1,0,
1789423969984,1789423969956,994314803,42.0411945,-93.6522508,3.049,248.63100740984356,1.3073965,0.5849841,210.37057,fused,0,1,0,
1789423970980,1789423970957,994315803,42.0411964,-93.6522494,3.016,248.28820383404337,1.3043616,0.32343218,210.29597,fused,0,1,0,
1789423971978,1789423971957,994316803,42.0412013,-93.6522447,3.001,248.23898403737178,1.306001,0.15028611,188.7062,fused,0,1,0,
1789423972984,1789423972956,994317803,42.0412032,-93.652243,3.0,248.27384578408027,1.3072762,0.20279384,177.84981,fused,0,1,0,
1789423973927,1789423973909,994318755,42.0412039,-93.6522423,3.0,248.27384578408027,1.3072762,0.166061,172.76839,fused,0,1,0,
1789423974982,1789423974956,994319803,42.041195,-93.6522392,3.0,248.20541688934088,1.32216,0.5616933,162.59335,fused,0,1,0,
1789423975984,1789423975957,994320803,42.0411835,-93.6522336,3.0,248.30430613346562,1.311227,0.75568897,153.60542,fused,0,1,0,
1789423976983,1789423976956,994321803,42.0411724,-93.6522239,3.0,248.22488066605615,1.3090487,0.87945926,127.557625,fused,0,1,0,
1789423977980,1789423977956,994322803,42.0411626,-93.6522125,3.0,248.2026250697637,1.3070925,0.99856,127.20778,fused,0,1,0,
1789423978977,1789423978957,994323803,42.0411558,-93.6522001,3.008,248.03637843809952,1.3154687,1.1365725,90.67665,fused,0,1,0,
1789423979982,1789423979957,994324803,42.0411566,-93.652179,3.006,248.1065942517631,1.3129275,1.3515288,70.20635,fused,0,1,0,
1789423980983,1789423980957,994325803,42.0411594,-93.6521622,3.007,248.2361678818403,1.3136524,1.3676913,76.27366,fused,0,1,0,
1789423981984,1789423981956,994326803,42.0411603,-93.652144,3.009,248.45993559079795,1.3273981,1.4000628,98.51971,fused,0,1,0,
1789423982989,1789423982957,994327803,42.0411622,-93.6521241,3.011,248.53608795660625,1.3163083,1.4794236,69.1033,fused,0,1,0,
1789423983981,1789423983957,994328804,42.0411703,-93.6521054,3.019,248.55287246330556,1.316584,1.4744954,70.972916,fused,0,1,0,
1789423984981,1789423984957,994329803,42.0411771,-93.6520892,3.046,248.65913777035814,1.3210604,1.3687078,75.10775,fused,0,1,0,
1789423985981,1789423985956,994330803,42.0411831,-93.6520782,3.047,248.7044999236104,1.3178355,1.156274,66.56324,fused,0,1,0,
1789423986985,1789423986956,994331803,42.041184,-93.6520724,3.09,248.7403068320104,1.3289003,0.818452,124.49095,fused,0,1,0,
1789423987985,1789423987956,994332803,42.0411848,-93.6520758,3.09,248.5212827990386,1.3373653,0.43162173,93.7859,fused,0,1,0,
1789423988978,1789423988957,994333803,42.0411883,-93.6520792,3.086,248.63129185420865,1.3490441,0.2629324,91.55047,fused,0,1,0,
1789423989982,1789423989956,994334803,42.0411915,-93.6520782,3.062,248.68863522962835,1.3268553,0.4292298,44.528328,fused,0,1,0,
1789423990984,1789423990956,994335803,42.0411973,-93.6520793,3.068,248.50839283534458,1.3110061,0.32087106,348.82132,fused,0,1,0,
1789423991983,1789423991957,994336803,42.0411998,-93.6520807,3.0,248.53143046827523,1.3139008,0.20958807,31.21408,fused,0,1,0,
1789423992989,1789423992956,994337803,42.0412019,-93.6520822,3.0,248.58774040495473,1.3205832,0.15884703,11.212261,fused,0,1,0,
1789423993990,1789423993956,994338803,42.0412049,-93.6520836,3.0,248.6039201436974,1.3153282,0.23307566,339.24316,fused,0,1,0,
1789423994993,1789423994956,994339803,42.0412107,-93.6520863,3.0,248.65982227528878,1.3011833,0.3988738,339.7008,fused,0,1,0,
1789423995885,1789423995866,994340713,42.0412179,-93.6520919,3.063,248.65982227528878,1.3011833,0.64718044,305.42664,fused,0,1,0,
1789423996991,1789423996969,994341816,42.041239,-93.6521155,3.133,248.42002484735025,1.301588,1.1035483,284.08905,fused,0,1,0,
1789423997981,1789423997956,994342803,42.0412453,-93.6521319,3.123,248.37664347285897,1.306111,1.2619914,285.6611,fused,0,1,0,
1789423998986,1789423998956,994343803,42.0412549,-93.6521492,3.133,248.51532920006122,1.307765,1.334653,304.6086,fused,0,1,0,
1789423999983,1789423999958,994344804,42.0412685,-93.6521655,3.134,248.58292056581809,1.3034385,1.447987,315.04575,fused,0,1,0,
1789424000984,1789424000956,994345803,42.0412841,-93.6521799,3.064,248.56398044220072,1.3057562,1.487911,327.04318,fused,0,1,0,
1789424001998,1789424001956,994346803,42.0412995,-93.6521922,3.004,248.72991432152116,1.3071512,1.5102321,329.60904,fused,0,1,0,
1789424002981,1789424002956,994347803,42.0413137,-93.6522044,3.006,248.66647963286238,1.3115171,1.4653754,325.91882,fused,0,1,0,
1789424003983,1789424003956,994348803,42.0413263,-93.6522193,3.006,248.4971029945949,1.3220258,1.5109622,314.98248,fused,0,1,0,
1789424004951,1789424004928,994349775,42.0413352,-93.652235,3.017,248.4971029945949,1.3220258,1.405911,301.0277,fused,0,1,0,
1789424005986,1789424005957,994350804,42.0413438,-93.652257,3.014,248.96351278089344,1.309522,1.4167956,297.73126,fused,0,1,0,
1789424006980,1789424006958,994351804,42.0413502,-93.6522778,3.014,249.14163681929796,1.3076293,1.4793587,293.16614,fused,0,1,0,
1789424007987,1789424007956,994352803,42.0413558,-93.6522968,3.012,249.0024537305079,1.3110504,1.4324421,294.24423,fused,0,1,0,
1789424008980,1789424008957,994353804,42.041361,-93.6523143,3.014,248.8076194674672,1.312456,1.369364,291.46408,fused,0,1,0,
1789424009984,1789424009957,994354803,42.041366,-93.6523311,3.01,248.9704815162234,1.3132226,1.3623893,289.50558,fused,0,1,0,
1789424010982,1789424010957,994355803,42.0413695,-93.6523495,3.027,249.00949013889152,1.3266368,1.380135,274.72656,fused,0,1,0,
1789424011979,1789424011957,994356803,42.0413697,-93.652369,3.034,248.93845038851606,1.3163832,1.3617579,262.48727,fused,0,1,0,
1789424012983,1789424012957,994357803,42.0413662,-93.6523875,3.038,248.93428291122075,1.3160223,1.3464793,246.50336,fused,0,1,0,
1789424013986,1789424013957,994358803,42.0413602,-93.6524047,3.04,248.9997238437346,1.3209714,1.3795341,248.74571,fused,0,1,0,
1789424014989,1789424014956,994359803,42.0413557,-93.6524218,3.037,248.9999623755677,1.3176169,1.4027691,253.72903,fused,0,1,0,
1789424015990,1789424015957,994360803,42.0413514,-93.6524398,3.031,248.94444512540503,1.3279645,1.4191604,252.78328,fused,0,1,0,
1789424016987,1789424016957,994361803,42.0413468,-93.6524573,3.027,248.6335578750253,1.3375409,1.4112031,243.31851,fused,0,1,0,
1789424017988,1789424017957,994362803,42.0413405,-93.6524753,3.025,248.69521855977672,1.3502295,1.4777089,248.69658,fused,0,1,0,
1789424018987,1789424018957,994363804,42.0413344,-93.6524932,3.02,248.64565952263558,1.3244388,1.4531147,236.22913,fused,0,1,0,
1789424019993,1789424019958,994364804,42.0413235,-93.6525054,3.017,248.6452708483112,1.3074162,1.4339457,219.33426,fused,0,1,0,
1789424020986,1789424020957,994365803,42.0413113,-93.6525165,3.003,248.35953117298186,1.313769,1.4457984,222.18033,fused,0,1,0,
1789424021988,1789424021958,994366804,42.0413007,-93.652531,3.014,248.24931413237618,1.319155,1.4616554,237.84601,fused,0,1,0,
1789424022983,1789424022957,994367804,42.041292,-93.6525489,3.029,248.21714651180298,1.3146812,1.4570516,234.934,fused,0,1,0,
1789424023985,1789424023956,994368803,42.0412815,-93.652566,3.041,248.32730543788705,1.3012605,1.4797348,230.28612,fused,0,1,0,
1789424024979,1789424024956,994369803,42.0412714,-93.6525821,3.052,248.15788081268107,1.3015935,1.4715788,230.81049,fused,0,1,0,
1789424025984,1789424025957,994370803,42.0412607,-93.6525974,3.056,248.0371934108207,1.3024724,1.4950598,225.50354,fused,0,1,0,
1789424026982,1789424026957,994371803,42.0412484,-93.6526122,3.05,248.11503502535993,1.3057684,1.4987725,224.91748,fused,0,1,0,
1789424027892,1789424027870,994372717,42.0412384,-93.6526258,3.056,248.11503502535993,1.3057684,1.4477892,228.38068,fused,0,1,0,
1789424028834,1789424028813,994373659,42.0412289,-93.6526393,3.047,248.20107531990652,1.3075653,1.379486,223.50862,fused,0,1,0,
1789424029982,1789424029957,994374803,42.0412203,-93.6526512,3.038,248.39745182446586,1.3056703,1.1823496,227.68707,fused,0,1,0,
1789424030988,1789424030957,994375803,42.0412125,-93.6526629,3.03,248.54673194379097,1.3069187,1.2342309,224.75137,fused,0,1,0,
1789424031987,1789424031956,994376803,42.0412046,-93.6526725,3.025,248.55044563711755,1.3113456,1.2255465,223.60149,fused,0,1,0,
1789424032949,1789424032928,994377774,42.0411967,-93.6526829,3.014,248.55044563711755,1.3113456,1.188764,224.28314,fused,0,1,0,
1789424033981,1789424033956,994378803,42.0411913,-93.6526901,3.009,248.74747933978864,1.3101618,0.86297774,220.60037,fused,0,1,0,
1789424034980,1789424034957,994379804,42.0411899,-93.6526908,3.01,248.66053164300342,1.3089235,0.5215465,219.26292,fused,0,1,0,
1789424035986,1789424035956,994380803,42.0411913,-93.6526891,3.012,248.70114269268487,1.3074001,0.22808449,220.89935,fused,0,1,0,
1789424036980,1789424036956,994381803,42.0411946,-93.6526851,3.013,248.63232178941956,1.3109329,0.09030982,,fused,0,1,0,
1789424037983,1789424037958,994382804,42.0411967,-93.6526814,3.0,248.55352479831777,1.3121365,0.07583128,,fused,0,1,0,
1789424038980,1789424038956,994383803,42.0411987,-93.6526767,3.0,248.60733311727336,1.3130598,0.059195854,,fused,0,1,0,
1789424039982,1789424039957,994384804,42.0412,-93.652674,3.0,248.60390152038337,1.3266519,0.0917869,,fused,0,1,0,
1789424040981,1789424040956,994385803,42.0412007,-93.6526715,3.0,248.5978646768118,1.3162348,0.08599942,,fused,0,1,0,
1789424041983,1789424041956,994386803,42.0412011,-93.6526695,3.0,248.62002096317156,1.3158714,0.08605479,,fused,0,1,0,
1789424042981,1789424042958,994387804,42.0412015,-93.6526682,3.0,248.63335262319754,1.3207508,0.087197304,,fused,0,1,0,
1789424043981,1789424043956,994388803,42.041202,-93.6526661,3.0,248.61693754687707,1.3175398,0.090662785,,fused,0,1,0,
1789424044982,1789424044956,994389803,42.0412019,-93.6526657,3.0,248.58183439256754,1.3294432,0.08929682,,fused,0,1,0,
1789424045983,1789424045956,994390803,42.0412019,-93.652665,3.0,248.4618774178448,1.3352593,0.095956184,,fused,0,1,0,
1789424046981,1789424046957,994391804,42.0412016,-93.6526649,3.0,248.3261035200632,1.364061,0.099263616,,fused,0,1,0,
1789424047980,1789424047957,994392803,42.0412016,-93.6526654,3.0,248.52586587304722,1.3235012,0.08652915,,fused,0,1,0,
1789424048982,1789424048957,994393803,42.0412013,-93.6526654,3.0,248.68609698449416,1.306862,0.08450235,,fused,0,1,0,
1789424049982,1789424049956,994394803,42.0412014,-93.6526647,3.0,248.4730205198378,1.3139485,0.104052015,220.47856,fused,0,1,0,
1789424050981,1789424050957,994395803,42.0412021,-93.6526646,3.0,248.42667892626054,1.3180985,0.06725453,,fused,0,1,0,
1789424051983,1789424051956,994396803,42.0412023,-93.6526645,3.0,248.40617036795436,1.315008,0.06760608,,fused,0,1,0,
1789424052982,1789424052958,994397804,42.0412023,-93.6526645,3.0,248.47664097313196,1.3011677,0.06641691,,fused,0,1,0,
1789424053977,1789424053956,994398803,42.0412023,-93.6526645,3.0,248.32233714552382,1.3015774,0.06610408,,fused,0,1,0,
1789424054980,1789424054957,994399804,42.0412021,-93.6526642,3.0,248.25834541709474,1.3021463,0.06422492,,fused,0,1,0,
1789424055981,1789424055957,994400803,42.0412021,-93.6526641,3.0,248.1091260968892,1.3052971,0.06649259,,fused,0,1,0,
1789424056981,1789424056957,994401803,42.0412021,-93.6526641,3.0,248.16401023471212,1.3073493,0.06752171,,fused,0,1,0,
1789424057982,1789424057957,994402804,42.0412021,-93.6526642,3.0,248.26625885460965,1.3035115,0.06697504,,fused,0,1,0,
1789424058983,1789424058956,994403803,42.041202,-93.6526643,3.0,248.22931491098433,1.3055303,0.064441,,fused,0,1,0,
1789424059981,1789424059957,994404803,42.0412019,-93.6526642,3.0,248.33938064656303,1.3072762,0.06324363,,fused,0,1,0,
1789424060982,1789424060958,994405804,42.0412019,-93.652664,3.0,248.33723195462983,1.3095587,0.06343244,,fused,0,1,0,
1789424061978,1789424061957,994406803,42.0412018,-93.6526639,3.0,248.31016490470546,1.3200982,0.06446261,,fused,0,1,0,
1789424062979,1789424062957,994407803,42.0412017,-93.6526638,3.0,248.33928974747255,1.3110892,0.06485428,,fused,0,1,0,
1789424063982,1789424063957,994408803,42.0412016,-93.6526637,3.0,248.3343874710621,1.3079945,0.0662072,,fused,0,1,0,
1789424064980,1789424064956,994409803,42.0412014,-93.6526635,3.0,248.24183803992167,1.3073269,0.06635913,,fused,0,1,0,
1789424065979,1789424065956,994410803,42.0412013,-93.6526632,3.0,248.21332372157417,1.3107584,0.065758765,,fused,0,1,0,
1789424066980,1789424066956,994411803,42.0412012,-93.652663,3.0,248.08403346980447,1.3118093,0.06835926,,fused,0,1,0,
1789424067980,1789424067956,994412803,42.0412011,-93.6526628,3.0,248.0238839672026,1.3141235,0.06784172,,fused,0,1,0,
1789424068981,1789424068956,994413803,42.041201,-93.6526626,3.0,247.72296315432413,1.3450412,0.06698617,,fused,0,1,0,
1789424069983,1789424069958,994414804,42.041201,-93.6526624,3.0,248.22139278790291,1.3133413,0.06674464,,fused,0,1,0,
1789424070981,1789424070957,994415803,42.0412009,-93.6526622,3.0,248.09466509596223,1.3147597,0.065996304,,fused,0,1,0,
1789424071981,1789424071958,994416804,42.041201,-93.652662,3.0,248.1133686552705,1.3206027,0.06834631,,fused,0,1,0,
1789424072980,1789424072957,994417803,42.0412009,-93.6526619,3.0,248.07134348260098,1.3190944,0.06928448,,fused,0,1,0,
1789424073981,1789424073956,994418803,42.0412009,-93.6526616,3.0,248.09856505094604,1.326828,0.07175553,,fused,0,1,0,
1789424074982,1789424074957,994419803,42.0412009,-93.6526614,3.0,248.06722199913054,1.3283405,0.07237642,,fused,0,1,0,
1789424075981,1789424075957,994420804,42.0412011,-93.6526611,3.0,247.84587108259706,1.3665808,0.071894616,,fused,0,1,0,
1789424076975,1789424076957,994421803,42.041201,-93.6526608,3.0,248.05100522239246,1.3229703,0.07344818,,fused,0,1,0,
1789424077983,1789424077957,994422804,42.0412009,-93.6526605,3.0,248.22251685881702,1.3063797,0.07358051,,fused,0,1,0,
1789424078980,1789424078956,994423803,42.0412009,-93.6526602,3.0,248.03522526278886,1.3138435,0.0721372,,fused,0,1,0,
1789424079982,1789424079958,994424804,42.0412008,-93.6526598,3.0,248.01359425642374,1.3186942,0.07386835,,fused,0,1,0,
1789424080983,1789424080957,994425803,42.0412008,-93.6526594,3.0,248.00006901278886,1.3141624,0.07378519,,fused,0,1,0,
1789424081982,1789424081957,994426803,42.0412008,-93.652659,3.0,247.97381034967333,1.3014851,0.07872379,,fused,0,1,0,
1789424082982,1789424082958,994427804,42.0412008,-93.6526586,3.0,248.05979718526663,1.3013322,0.078247674,,fused,0,1,0,
1789424083985,1789424083957,994428803,42.0412009,-93.6526581,3.0,247.88661312400626,1.3021911,0.0802137,,fused,0,1,0,
1789424084984,1789424084957,994429804,42.041201,-93.6526576,3.0,247.75191205361796,1.3048532,0.07978538,,fused,0,1,0,
1789424085983,1789424085957,994430804,42.041201,-93.6526572,3.0,247.77832795821456,1.3068838,0.08074625,,fused,0,1,0,
1789424086983,1789424086957,994431803,42.0412011,-93.6526567,3.0,247.8472737151643,1.3034524,0.079372436,,fused,0,1,0,
1789424087983,1789424087957,994432803,42.0412011,-93.6526562,3.0,247.77487823302454,1.3053674,0.07387907,,fused,0,1,0,
1789424088980,1789424088956,994433803,42.0412013,-93.6526558,3.0,247.8661442096709,1.3069339,0.07297963,,fused,0,1,0,
1789424089980,1789424089958,994434804,42.0412016,-93.6526554,3.0,247.83821279343613,1.3094184,0.073649466,,fused,0,1,0,
1789424090983,1789424090957,994435803,42.0412018,-93.6526549,3.0,247.7955689683551,1.3204683,0.07468057,,fused,0,1,0,
1789424091978,1789424091956,994436803,42.0412021,-93.6526546,3.0,247.8139522887405,1.3110806,0.07522157,,fused,0,1,0,
1789424092980,1789424092957,994437803,42.0412023,-93.6526541,3.0,247.86276717800575,1.3079164,0.073950656,,fused,0,1,0,
1789424093982,1789424093957,994438804,42.0412025,-93.6526536,3.0,247.8099680634868,1.3073171,0.07164238,,fused,0,1,0,
1789424094982,1789424094956,994439803,42.0412028,-93.6526534,3.0,247.78897469075372,1.3105888,0.07090265,,fused,0,1,0,
1789424095980,1789424095957,994440804,42.0412031,-93.6526531,3.0,247.67848665027128,1.3121471,0.072083645,,fused,0,1,0,
1789424096982,1789424096957,994441803,42.0412034,-93.6526529,3.0,247.7081233467198,1.3132331,0.07105958,,fused,0,1,0,
1789424097984,1789424097957,994442804,42.0412037,-93.6526526,3.0,247.6966341162535,1.3201809,0.07094533,,fused,0,1,0,
1789424098985,1789424098957,994443803,42.041204,-93.6526523,3.0,247.7018770968545,1.3228307,0.07034353,,fused,0,1,0,
1789424099982,1789424099957,994444803,42.0412045,-93.6526517,3.0,247.7653939860868,1.313301,0.07155994,,fused,0,1,0,
1789424100982,1789424100957,994445803,42.0412047,-93.6526513,3.0,247.8324399856453,1.3160884,0.072729975,,fused,0,1,0,
1789424101978,1789424101958,994446804,42.0412049,-93.652651,3.0,247.79041481297577,1.3209544,0.07231903,,fused,0,1,0,
1789424102980,1789424102956,994447803,42.0412051,-93.6526507,3.0,247.7902422407077,1.3165486,0.072069876,,fused,0,1,0,
1789424103978,1789424103956,994448803,42.0412054,-93.6526503,3.0,247.743859193184,1.331891,0.07246779,,fused,0,1,0,
1789424104981,1789424104957,994449803,42.0412057,-93.65265,3.0,247.53325095365233,1.3745595,0.07139066,,fused,0,1,0,
1789424105979,1789424105956,994450803,42.0412062,-93.6526498,3.0,247.75433055321184,1.3226492,0.070754185,,fused,0,1,0,
1789424106978,1789424106956,994451803,42.0412064,-93.6526495,3.0,247.8468871417474,1.306913,0.07016199,,fused,0,1,0,
1789424107978,1789424107957,994452804,42.0412066,-93.6526492,3.0,247.7252904382235,1.313817,0.0719718,,fused,0,1,0,
1789424108981,1789424108957,994453803,42.0412068,-93.652649,3.0,247.69936237930278,1.3184371,0.07159679,,fused,0,1,0,
1789424109981,1789424109957,994454803,42.0412069,-93.6526488,3.0,247.6788542752834,1.314173,0.07341572,,fused,0,1,0,
1789424110979,1789424110957,994455803,42.0412071,-93.6526487,3.0,247.76060604567402,1.3012624,0.0756657,,fused,0,1,0,
1789424111979,1789424111956,994456803,42.0412075,-93.6526484,3.0,247.72254999065092,1.3013633,0.075326025,,fused,0,1,0,
1789424112979,1789424112956,994457803,42.0412077,-93.6526484,3.0,247.520402304737,1.3022946,0.07406643,,fused,0,1,0,
1789424113978,1789424113957,994458803,42.0412079,-93.6526484,3.0,247.46321214930475,1.3054254,0.07249667,,fused,0,1,0,
1789424114980,1789424114956,994459803,42.0412081,-93.6526484,3.0,247.68057456630237,1.3063293,0.07299183,,fused,0,1,0,
1789424115977,1789424115957,994460803,42.0412083,-93.6526482,3.0,247.6269365253126,1.303723,0.072854504,,fused,0,1,0,
1789424116982,1789424116956,994461803,42.0412085,-93.6526482,3.0,247.7018268230292,1.3052202,0.329102,45.55045,fused,0,1,0,
1789424117980,1789424117957,994462803,42.0412088,-93.6526483,3.0,248.00419119512065,1.3068709,1.4692479,30.959188,fused,0,1,0,
1789424118983,1789424118958,994463804,42.041207,-93.6526589,3.286,248.01385993861555,1.309413,1.8287549,263.66324,fused,0,1,0,
1789424119981,1789424119957,994464803,42.0411914,-93.6526918,3.719,247.9921646161788,1.3195286,1.8712114,234.44711,fused,0,1,0,
1789424120982,1789424120956,994465803,42.0411733,-93.6527145,4.231,248.04223916408597,1.3106929,2.093179,224.96597,fused,0,1,0,
1789424121981,1789424121956,994466803,42.0411531,-93.6527347,4.337,248.09266541114317,1.3076887,2.1369436,222.14543,fused,0,1,0,
1789424122978,1789424122957,994467803,42.041132,-93.6527528,4.34,248.0398662966242,1.3068013,2.21,220.0,fused,0,1,0,
1789424123980,1789424123957,994468803,42.0411142,-93.6527776,4.412,247.85987712244878,1.3102393,2.97,224.0,fused,0,1,0,
1789424124978,1789424124956,994469803,42.0410887,-93.6528214,4.175,247.65548434971964,1.3104594,4.78,231.0,fused,0,1,0,
1789424125981,1789424125956,994470803,42.0410806,-93.6528606,3.947,247.30197425038176,1.3137566,3.92,233.0,fused,0,1,0,
1789424126979,1789424126957,994471803,42.0410647,-93.6528892,3.682,246.94897590490132,1.3283712,3.05,233.0,fused,0,1,0,
1789424127978,1789424127956,994472803,42.0410528,-93.6529121,3.829,246.55570773710377,1.3157784,2.33,233.0,fused,0,1,0,
1789424128978,1789424128957,994473803,42.0410441,-93.6529282,3.829,246.37432240420577,1.3146374,1.61,234.0,fused,0,1,0,
1789424129981,1789424129957,994474803,42.04104,-93.6529378,3.822,246.33878410082565,1.3203202,0.94,234.0,fused,0,1,0,
1789424130977,1789424130957,994475803,42.0410386,-93.6529386,3.809,246.32236902450518,1.3181541,0.25,234.0,fused,0,1,0,
1789424131990,1789424131957,994476803,42.0410386,-93.6529402,3.79,246.28726587019565,1.3283625,0.0,,fused,0,1,0,
1789424132980,1789424132956,994477803,42.041039,-93.6529417,3.79,246.1673088954729,1.3323542,0.0,,fused,0,1,0,
1789424133980,1789424133957,994478803,42.0410391,-93.6529415,3.79,246.0637663229257,1.3663037,0.0,,fused,0,1,0,
1789424134979,1789424134957,994479803,42.0410303,-93.6529584,3.79,246.27856697219966,1.3229827,2.45,236.0,fused,0,1,0,
1789424135985,1789424135956,994480803,42.0410168,-93.6529808,3.79,246.54513501396605,1.306312,2.55,231.0,fused,0,1,0,
1789424136983,1789424136957,994481803,42.0410078,-93.6529938,3.79,246.39382577431445,1.3136129,1.04,228.0,fused,0,1,0,
1789424137982,1789424137956,994482803,42.0409985,-93.6530084,3.79,246.41677082314112,1.3182979,1.81,230.0,fused,0,1,0,
1789424138984,1789424138957,994483804,42.0409858,-93.6530279,3.79,246.50636116759006,1.3138576,2.33,229.0,fused,0,1,0,
1789424139979,1789424139957,994484803,42.0409743,-93.6530449,3.79,246.76534669310246,1.3013179,1.74,229.0,fused,0,1,0,
1789424140982,1789424140957,994485803,42.0409545,-93.6530727,3.79,246.94642076326818,1.3013457,4.12,225.0,fused,0,1,0,
1789424141980,1789424141956,994486803,42.0409276,-93.6531093,3.79,246.76844147755253,1.3023747,4.37,226.0,fused,0,1,0,
1789424142984,1789424142957,994487803,42.0409079,-93.6531391,3.79,246.7171588635473,1.3054389,2.85,230.0,fused,0,1,0,
1789424143981,1789424143957,994488803,42.0408949,-93.6531602,3.79,246.92324235384854,1.3060308,1.85,230.0,fused,0,1,0,
1789424144983,1789424144957,994489803,42.0408861,-93.6531737,3.79,246.8771232678708,1.3036724,1.08,230.0,fused,0,1,0,
1789424145981,1789424145956,994490803,42.0408808,-93.6531816,3.79,246.88487501915375,1.30522,0.82,230.0,fused,0,1,0,
1789424146989,1789424146957,994491803,42.0408795,-93.6531831,3.79,246.79460970060006,1.3067182,0.15,230.0,fused,0,1,0,
1789424147980,1789424147957,994492803,42.0408803,-93.6531815,3.79,246.79460970060006,1.3093417,0.0,,fused,0,1,0,
1789424148982,1789424148957,994493803,42.0408807,-93.6531813,3.79,246.7729143781633,1.3201027,0.0,,fused,0,1,0,
1789424149979,1789424149956,994494803,42.0408688,-93.6532008,3.79,246.82298892607048,1.3105503,2.88,230.0,fused,0,1,0,
1789424150982,1789424150957,994495803,42.0408574,-93.6532203,3.79,246.87556378373307,1.3077139,1.96,230.0,fused,0,1,0,
1789424151976,1789424151957,994496803,42.0408468,-93.6532369,3.79,246.92373565707828,1.3071897,1.86,228.0,fused,0,1,0,
1789424152980,1789424152957,994497803,42.0408357,-93.6532544,3.79,247.09716952001997,1.3109359,2.01,230.0,fused,0,1,0,
1789424153980,1789424153957,994498803,42.0408243,-93.6532728,3.79,247.05758049583443,1.3116271,2.0,230.0,fused,0,1,0,
1789424154983,1789424154956,994499803,42.0408134,-93.6532906,3.79,247.1323605824743,1.3117819,1.83,231.0,fused,0,1,0,
1789424155981,1789424155956,994500803,42.0408026,-93.6533083,3.79,247.145015053872,1.3195838,1.89,231.0,fused,0,1,0,
1789424156980,1789424156958,994501804,42.0407923,-93.6533254,3.79,247.15777671966254,1.3225626,1.8,230.0,fused,0,1,0,
1789424157981,1789424157957,994502804,42.0407815,-93.6533426,3.79,247.2229030142389,1.3131859,1.9,230.0,fused,0,1,0,
1789424158981,1789424158956,994503803,42.040771,-93.6533612,3.79,247.34473093588872,1.3145096,1.96,234.0,fused,0,1,0,
1789424159981,1789424159958,994504804,42.0407614,-93.6533798,3.79,247.4255331876774,1.3196254,1.85,235.0,fused,0,1,0,
1789424160983,1789424160957,994505803,42.0407509,-93.6533976,3.79,247.46347803063804,1.3174883,1.86,232.0,fused,0,1,0,
1789424161982,1789424161957,994506803,42.0407397,-93.6534153,3.79,247.48747039601596,1.3359498,1.91,230.0,fused,0,1,0,
1789424162979,1789424162956,994507803,42.0407289,-93.6534327,3.79,247.5090797674951,1.3707576,1.83,232.0,fused,0,1,0,
1789424163983,1789424163957,994508804,42.0407181,-93.65345,3.79,247.82647617144272,1.3268486,1.87,230.0,fused,0,1,0,
1789424164981,1789424164957,994509804,42.0407069,-93.6534673,3.79,248.1161601688528,1.3062837,1.88,230.0,fused,0,1,0,
1789424165980,1789424165957,994510804,42.0406961,-93.653485,3.79,248.0389853725639,1.3134743,1.89,230.0,fused,0,1,0,
1789424166979,1789424166956,994511803,42.0406848,-93.6535037,3.79,248.1930070071939,1.3069321,2.04,231.0,fused,0,1,0,
1789424167980,1789424167957,994512803,42.0406534,-93.6535497,3.79,248.1929110483701,1.3136107,5.97,226.0,fused,0,1,0,
1789424168984,1789424168956,994513803,42.0406335,-93.6535826,3.79,248.28433166362254,1.3143843,3.84,230.0,fused,0,1,0,
1789424169982,1789424169956,994514803,42.0406122,-93.6536194,3.79,248.2500355746489,1.3014796,3.72,232.0,fused,0,1,0,
1789424170985,1789424170956,994515803,42.0405943,-93.6536553,3.79,248.04036795499246,1.3021414,3.56,235.0,fused,0,1,0,
1789424171983,1789424171956,994516803,42.0405751,-93.6536918,3.79,247.97780641429085,1.3048735,3.85,235.0,fused,0,1,0,
1789424172983,1789424172957,994517804,42.040556,-93.6537288,3.79,248.17260768576102,1.3046967,3.72,235.0,fused,0,1,0,
1789424173981,1789424173957,994518803,42.0405394,-93.6537627,3.79,248.00831362146687,1.3028585,3.2,237.0,fused,0,1,0,
1789424174983,1789424174956,994519803,42.0405248,-93.653793,3.79,247.87801069177817,1.3041266,2.78,237.0,fused,0,1,0,
1789424175984,1789424175957,994520803,42.0405125,-93.6538178,3.79,247.86775564029858,1.3036107,2.19,235.0,fused,0,1,0,
1789424176980,1789424176957,994521803,42.0405043,-93.6538346,3.79,247.6437696789592,1.3048527,1.29,237.0,fused,0,1,0,
1789424177987,1789424177957,994522803,42.0405002,-93.6538444,3.79,247.45932562672527,1.3122034,0.64,240.0,fused,0,1,0,
1789424178987,1789424178956,994523803,42.0404988,-93.6538487,3.79,247.43186910900056,1.3223202,0.34,234.0,fused,0,1,0,
1789424179979,1789424179957,994524803,42.0404988,-93.6538502,3.811,247.23433841594732,1.3078152,0.0,,fused,0,1,0,
1789424180980,1789424180956,994525803,42.0404988,-93.653851,3.811,247.10527158501475,1.3067019,0.0,,fused,0,1,0,
1789424181979,1789424181958,994526804,42.040499,-93.6538509,3.811,247.09716952001997,1.3078257,0.0,,fused,0,1,0,
1789424182981,1789424182956,994527803,42.0404995,-93.6538504,3.811,247.01837252891818,1.3095324,0.0,,fused,0,1,0,
1789424183985,1789424183956,994528803,42.0404996,-93.6538502,3.811,247.0711316242406,1.308633,0.0,,fused,0,1,0,
1789424184982,1789424184957,994529803,42.0404998,-93.6538505,3.79,247.05746825156558,1.3162915,0.0,,fused,0,1,0,
1789424185983,1789424185958,994530804,42.0404998,-93.6538505,3.79,247.0696926306204,1.3214536,0.0,,fused,0,1,0,
1789424186979,1789424186956,994531803,42.0404999,-93.6538506,3.79,247.10688958469262,1.3113065,0.0,,fused,0,1,0,
1789424187983,1789424187959,994532805,42.0404998,-93.6538506,3.79,247.1255931440009,1.3144331,0.0,,fused,0,1,0,
1789424188984,1789424188956,994533803,42.0404894,-93.6538723,3.79,247.10917806768043,1.3174541,2.8,240.0,fused,0,1,0,
1789424189984,1789424189957,994534803,42.0404811,-93.6538949,3.79,247.0740749133709,1.3166966,1.82,246.0,fused,0,1,0,
1789424190989,1789424190957,994535803,42.0404762,-93.6539154,3.79,246.95787760858838,1.3335098,1.85,250.0,fused,0,1,0,
1789424191984,1789424191958,994536804,42.0404706,-93.6539359,3.79,246.86561405571837,1.3656735,1.91,249.0,fused,0,1,0,
1789424192980,1789424192956,994537803,42.0404623,-93.6539574,3.79,247.07128510848923,1.3284625,2.26,247.0,fused,0,1,0,
1789424193984,1789424193957,994538804,42.0404497,-93.6540012,3.79,247.23527653170197,1.3071375,4.82,251.0,fused,0,1,0,
1789424194987,1789424194958,994539804,42.0404409,-93.6540392,3.79,247.0463734605587,1.31138,2.43,254.0,fused,0,1,0,
1789424195988,1789424195958,994540804,42.0404358,-93.6540633,3.79,247.02796521944504,1.3087156,1.67,255.0,fused,0,1,0,
1789424196982,1789424196956,994541803,42.0404328,-93.6540802,3.79,247.0874852746843,1.3140355,1.14,252.0,fused,0,1,0,
1789424197982,1789424197957,994542803,42.0404307,-93.6540908,3.79,247.4727048300918,1.3142198,0.78,254.0,fused,0,1,0,
1789424198985,1789424198957,994543803,42.0404302,-93.654096,3.79,247.782172503065,1.3015918,0.23,254.0,fused,0,1,0,
1789424199985,1789424199957,994544803,42.0404299,-93.6540992,3.79,248.02362389658856,1.3028909,0.0,,fused,0,1,0,
1789424200983,1789424200957,994545803,42.040429,-93.6541027,3.79,247.96813734467355,1.3044374,0.0,,fused,0,1,0,
1789424201985,1789424201957,994546804,42.0404263,-93.6541139,3.79,248.20967245609438,1.3041613,1.51,255.0,fused,0,1,0,
1789424202985,1789424202958,994547804,42.040422,-93.6541316,3.79,248.26625885460965,1.3049788,1.63,248.0,fused,0,1,0,
1789424203986,1789424203957,994548804,42.04041,-93.6541756,3.79,248.39843067284022,1.3028038,5.04,247.0,fused,0,1,0,
1789424204984,1789424204957,994549804,42.0404003,-93.6542152,3.79,248.48907478584016,1.3041967,3.45,250.0,fused,0,1,0,
1789424205977,1789424205957,994550803,42.0403915,-93.6542527,3.79,248.39900706189331,1.3048394,3.2,253.0,fused,0,1,0,
1789424206987,1789424206956,994551803,42.0403861,-93.6542829,3.79,248.38483221759515,1.3095069,2.75,252.0,fused,0,1,0,
1789424207983,1789424207956,994552803,42.0403766,-93.654312,3.79,248.43114652560968,1.3189564,2.26,250.0,fused,0,1,0,
1789424208986,1789424208956,994553803,42.040374,-93.6543364,3.79,248.4874816231649,1.3098176,1.63,250.0,fused,0,1,0,
1789424209984,1789424209957,994554803,42.0403687,-93.654352,3.79,248.42555050033252,1.3064859,1.24,250.0,fused,0,1,0,
1789424210982,1789424210956,994555803,42.0403651,-93.6543639,3.79,248.40240750160666,1.3069829,0.85,251.0,fused,0,1,0,
1789424211982,1789424211958,994556804,42.040364,-93.6543717,3.79,248.16997962256102,1.3102374,0.61,251.0,fused,0,1,0,
1789424212980,1789424212957,994557803,42.0403632,-93.6543751,3.79,248.0304353902186,1.3093296,0.23,251.0,fused,0,1,0,
1789424213983,1789424213956,994558803,42.0403638,-93.654375,3.79,247.90450753765055,1.3164536,0.0,,fused,0,1,0,
1789424214982,1789424214956,994559803,42.0403644,-93.6543755,3.79,247.80661902783396,1.3211995,0.0,,fused,0,1,0,
1789424215980,1789424215957,994560803,42.0403646,-93.6543745,3.79,247.77076535491722,1.3114786,0.0,,fused,0,1,0,
1789424216981,1789424216956,994561803,42.0403656,-93.654373,3.79,247.7690577305159,1.3141613,0.0,,fused,0,1,0,
1789424217982,1789424217958,994562804,42.0403651,-93.6543715,3.79,247.72095170180444,1.317929,0.0,,fused,0,1,0,
1789424218981,1789424218956,994563803,42.0403657,-93.6543704,3.79,247.66543748744374,1.3156646,0.0,,fused,0,1,0,
1789424219977,1789424219956,994564803,42.040366,-93.65437,3.79,247.5320522101593,1.3337532,0.0,,fused,0,1,0,
1789424220982,1789424220957,994565803,42.0403657,-93.6543707,3.79,247.40471731524246,1.3687257,0.0,,fused,0,1,0,
1789424221980,1789424221957,994566803,42.0403656,-93.6543708,3.79,247.5768383776571,1.3324587,0.0,,fused,0,1,0,
1789424222984,1789424222956,994567803,42.0403656,-93.6543708,3.79,247.64794413780504,1.3081263,0.0,,fused,0,1,0,
1789424223981,1789424223957,994568803,42.0403658,-93.6543708,3.79,247.7254946535038,1.308384,0.0,,fused,0,1,0,
1789424224981,1789424224956,994569803,42.0403663,-93.6543704,3.79,247.57796989105918,1.3067956,0.0,,fused,0,1,0,
1789424225985,1789424225957,994570803,42.0403665,-93.6543698,3.79,247.566593090921,1.3112823,0.0,,fused,0,1,0,
1789424226982,1789424226957,994571803,42.0403666,-93.6543693,3.79,247.6537162231981,1.3138163,0.0,,fused,0,1,0,
1789424227984,1789424227957,994572804,42.0403667,-93.654369,3.79,247.53325465130104,1.301229,0.0,,fused,0,1,0,
1789424228985,1789424228957,994573803,42.0403667,-93.6543689,3.79,247.50366457926873,1.3014722,0.0,,fused,0,1,0,
1789424229982,1789424229956,994574803,42.0403667,-93.6543689,3.79,247.38103032168516,1.3024117,0.0,,fused,0,1,0,
1789424230986,1789424230957,994575803,42.0403668,-93.6543689,3.79,247.61880383825252,1.3041544,0.0,,fused,0,1,0,
1789424231984,1789424231957,994576803,42.0403667,-93.654369,3.79,247.6807596485918,1.3059121,0.0,,fused,0,1,0,
1789424232984,1789424232956,994577803,42.0403667,-93.6543691,3.79,247.82044914916798,1.3027271,0.0,,fused,0,1,0,
1789424233981,1789424233957,994578803,42.0403669,-93.6543691,3.79,247.8398242188295,1.304179,0.0,,fused,0,1,0,
1789424234983,1789424234957,994579803,42.0403668,-93.6543691,3.79,247.88279567404868,1.3060107,0.0,,fused,0,1,0,
1789424235982,1789424235956,994580803,42.0403667,-93.654369,3.79,247.88903191264518,1.3087113,0.0,,fused,0,1,0,
1789424236982,1789424236956,994581803,42.0403667,-93.6543691,3.79,247.96166663376795,1.3185352,0.0,,fused,0,1,0,
1789424237980,1789424237957,994582803,42.0403666,-93.6543691,3.79,248.02176156232116,1.3085874,0.0,,fused,0,1,0,
1789424238983,1789424238958,994583804,42.0403667,-93.6543692,3.79,248.09721775937618,1.3062589,0.0,,fused,0,1,0,
1789424239982,1789424239956,994584803,42.040367,-93.6543691,3.79,248.03773867792955,1.3057642,0.0,,fused,0,1,0,
1789424240983,1789424240957,994585803,42.0403672,-93.6543692,3.79,247.89119491519824,1.3102462,0.0,,fused,0,1,0,
1789424241981,1789424241957,994586803,42.0403672,-93.6543693,3.79,247.9552341411627,1.3100905,0.0,,fused,0,1,0,
1789424242983,1789424242957,994587804,42.0403672,-93.6543693,3.79,247.96789113085703,1.3113947,0.0,,fused,0,1,0,
1789424243985,1789424243956,994588803,42.0403671,-93.6543692,3.79,247.98978618851595,1.3225533,0.0,,fused,0,1,0,
1789424244984,1789424244957,994589803,42.0403671,-93.6543691,3.79,248.05706416847312,1.3125479,0.0,,fused,0,1,0,
1789424245984,1789424245958,994590804,42.040367,-93.654369,3.79,248.19774881163664,1.3108177,0.0,,fused,0,1,0,
1789424246982,1789424246957,994591803,42.040367,-93.654369,3.79,248.0797645631269,1.3170807,0.0,,fused,0,1,0,
1789424247983,1789424247956,994592803,42.0403668,-93.6543692,3.79,248.06722199913054,1.3149569,0.0,,fused,0,1,0,
1789424248983,1789424248956,994593803,42.0403668,-93.6543691,3.79,248.1294366336707,1.3224169,0.0,,fused,0,1,0,
1789424249983,1789424249957,994594803,42.0403667,-93.6543693,3.79,248.1444503045169,1.3254569,0.0,,fused,0,1,0,
1789424250980,1789424250957,994595804,42.0403667,-93.6543694,3.79,248.11277859718967,1.3202276,0.0,,fused,0,1,0,
1789424251983,1789424251956,994596803,42.0403666,-93.6543695,3.79,248.2767700204024,1.3057002,0.0,,fused,0,1,0,
1789424252980,1789424252957,994597803,42.0403666,-93.6543697,3.79,248.20290763330706,1.3086535,0.0,,fused,0,1,0,
1789424253983,1789424253957,994598804,42.0403668,-93.6543697,3.79,248.15963809090715,1.3118798,0.0,,fused,0,1,0,
1789424254980,1789424254956,994599803,42.040367,-93.6543699,3.79,248.1569993591164,1.314189,0.0,,fused,0,1,0,
1789424255984,1789424255958,994600804,42.0403672,-93.65437,3.79,248.0877293848282,1.3010969,0.0,,fused,0,1,0,
1789424256981,1789424256957,994601803,42.0403675,-93.65437,3.79,247.8979747294602,1.3013773,0.0,,fused,0,1,0,
1789424257981,1789424257956,994602803,42.0403676,-93.65437,3.79,247.78886461620408,1.3020422,0.0,,fused,0,1,0,
1789424258984,1789424258957,994603804,42.0403677,-93.6543699,3.79,247.68628334819505,1.30427,0.0,,fused,0,1,0,
1789424259983,1789424259956,994604803,42.0403679,-93.6543699,3.79,247.79464486128478,1.3051795,0.0,,fused,0,1,0,
1789424260983,1789424260957,994605803,42.0403682,-93.65437,3.79,247.74346749390816,1.3027123,0.0,,fused,0,1,0,
1789424261980,1789424261957,994606803,42.0403683,-93.6543702,3.79,247.7253759832148,1.3040911,0.0,,fused,0,1,0,
1789424262982,1789424262957,994607803,42.0403682,-93.6543705,3.79,247.79883063226333,1.3053371,0.0,,fused,0,1,0,
1789424263977,1789424263957,994608803,42.0403681,-93.6543704,3.79,247.76529335686968,1.3070983,0.0,,fused,0,1,0,
1789424264980,1789424264958,994609804,42.0403681,-93.6543704,3.79,247.65752498339697,1.3170377,0.0,,fused,0,1,0,
1789424265976,1789424265956,994610803,42.0403681,-93.6543706,3.79,247.69417124635606,1.3093662,0.0,,fused,0,1,0,
1789424266981,1789424266956,994611803,42.0403683,-93.6543707,3.79,247.82473289799674,1.3059632,0.0,,fused,0,1,0,
1789424267981,1789424267957,994612803,42.0403684,-93.6543709,3.79,247.80716252000883,1.3055419,0.0,,fused,0,1,0,
1789424268982,1789424268956,994613803,42.0403684,-93.654371,3.79,247.67456518135054,1.3092021,0.0,,fused,0,1,0,
1789424269978,1789424269957,994614803,42.0403683,-93.6543709,3.79,247.67894125381798,1.3088893,0.0,,fused,0,1,0,
1789424270980,1789424270957,994615803,42.0403683,-93.6543707,3.79,247.64852728557116,1.3108964,0.0,,fused,0,1,0,
1789424271982,1789424271958,994616804,42.0403685,-93.6543707,3.79,247.64990357372125,1.3236781,0.0,,fused,0,1,0,
1789424272983,1789424272957,994617803,42.0403687,-93.6543708,3.79,247.81584852669226,1.3107375,0.0,,fused,0,1,0,
1789424273981,1789424273956,994618803,42.0403691,-93.6543708,3.79,247.80641131500118,1.3104964,0.0,,fused,0,1,0,
1789424274983,1789424274956,994619803,42.0403693,-93.654371,3.79,248.03417975770378,1.3093181,0.0,,fused,0,1,0,
1789424275980,1789424275956,994620803,42.0403694,-93.6543711,3.79,247.9534821528137,1.309943,0.0,,fused,0,1,0,
1789424276981,1789424276955,994621802,42.0403696,-93.6543712,3.79,247.76617727977214,1.3247415,0.0,,fused,0,1,0,
1789424277982,1789424277956,994622803,42.0403696,-93.6543713,3.79,247.92069308087838,1.3208779,0.0,,fused,0,1,0,
1789424278984,1789424278956,994623803,42.0403697,-93.6543713,3.79,247.79698986617524,1.361106,0.0,,fused,0,1,0,
1789424279980,1789424279956,994624803,42.0403697,-93.6543712,3.79,248.07141724497995,1.3197353,0.0,,fused,0,1,0,
1789424280983,1789424280956,994625803,42.0403696,-93.654371,3.79,248.38527737035207,1.305152,0.0,,fused,0,1,0,
1789424281981,1789424281956,994626803,42.0403695,-93.654371,3.79,248.3668531167727,1.3084638,0.0,,fused,0,1,0,
1789424282979,1789424282957,994627803,42.0403694,-93.654371,3.79,248.3277713496716,1.3119364,0.0,,fused,0,1,0,
1789424283982,1789424283956,994628803,42.0403694,-93.6543709,3.79,248.32674402864336,1.3132265,0.0,,fused,0,1,0,
1789424284984,1789424284957,994629803,42.0403693,-93.6543706,3.79,248.34203987783644,1.301058,0.0,,fused,0,1,0,
1789424285981,1789424285957,994630803,42.0403693,-93.6543702,3.79,248.33084771985273,1.3012457,0.0,,fused,0,1,0,
1789424286983,1789424286956,994631803,42.0403693,-93.6543697,3.79,248.15039560421684,1.3019259,0.0,,fused,0,1,0,
1789424287982,1789424287956,994632803,42.0403694,-93.6543693,3.79,248.1106227220434,1.3040133,0.0,,fused,0,1,0,
1789424288981,1789424288956,994633803,42.0403694,-93.654369,3.79,248.20610304695623,1.3047582,0.0,,fused,0,1,0,
1789424289981,1789424289958,994634804,42.0403694,-93.6543688,3.79,248.11570975915333,1.302734,0.0,,fused,0,1,0,
1789424290981,1789424290956,994635803,42.0403694,-93.6543687,3.79,248.05840523961723,1.3038378,0.0,,fused,0,1,0,
1789424291979,1789424291957,994636803,42.0403694,-93.6543687,3.79,248.12433964955767,1.3051313,0.0,,fused,0,1,0,
1789424292982,1789424292957,994637803,42.0403694,-93.6543685,3.79,248.08865355743313,1.3068259,0.0,,fused,0,1,0,
1789424293981,1789424293957,994638803,42.0403694,-93.6543685,3.79,247.95080395632408,1.3170557,0.0,,fused,0,1,0,
1789424294983,1789424294957,994639803,42.0403694,-93.6543682,3.79,247.97509533640044,1.3091356,0.0,,fused,0,1,0,
1789424295978,1789424295957,994640803,42.0403693,-93.6543681,3.79,248.0997479955846,1.3058517,0.0,,fused,0,1,0,
1789424296982,1789424296956,994641803,42.0403692,-93.6543681,3.79,248.07304611577786,1.3053473,0.0,,fused,0,1,0,
1789424297982,1789424297957,994642803,42.0403693,-93.6543679,3.79,247.90284857766795,1.3090703,0.0,,fused,0,1,0,
1789424298981,1789424298957,994643803,42.0403693,-93.6543679,3.79,247.88466460937371,1.3088555,0.0,,fused,0,1,0,
1789424299982,1789424299957,994644803,42.0403692,-93.6543679,3.79,247.82094783197277,1.3108263,0.0,,fused,0,1,0,
1789424300981,1789424300957,994645803,42.0403691,-93.6543678,3.79,247.78633598413063,1.3162893,0.0,,fused,0,1,0,
1789424301983,1789424301957,994646803,42.0403691,-93.6543677,3.79,247.72819674412233,1.3186408,0.0,,fused,0,1,0,
1789424302983,1789424302956,994647803,42.0403692,-93.6543676,3.79,247.82682238397456,1.309314,0.0,,fused,0,1,0,
1789424303983,1789424303956,994648803,42.0403691,-93.6543677,3.79,248.05878733560616,1.307135,0.0,,fused,0,1,0,
1789424304979,1789424304956,994649803,42.0403692,-93.6543678,3.79,247.91749416933357,1.3103248,0.0,,fused,0,1,0,
1789424305981,1789424305957,994650803,42.0403693,-93.654368,3.79,247.65767573781937,1.3150666,0.0,,fused,0,1,0,
1789424306980,1789424306956,994651802,42.0403694,-93.6543682,3.79,247.77459167530225,1.3224449,0.0,,fused,0,1,0,
1789424307983,1789424307957,994652803,42.0403694,-93.6543682,3.79,247.6841150395125,1.3472891,0.0,,fused,0,1,0,
1789424308985,1789424308956,994653802,42.0403696,-93.6543681,3.79,247.66587166661765,1.3229997,0.0,,fused,0,1,0,
1789424309982,1789424309955,994654802,42.040367,-93.6543728,3.79,247.88196522593097,1.3051261,0.58,251.0,fused,0,1,0,
1789424310982,1789424310957,994655803,42.0403645,-93.654386,3.79,247.8490356967946,1.308219,1.51,257.0,fused,0,1,0,
1789424311988,1789424311957,994656803,42.0403565,-93.6544161,3.79,247.7986729972131,1.3050244,3.6,248.0,fused,0,1,0,
1789424312996,1789424312957,994657803,42.0403409,-93.6544805,3.79,247.8164457906007,1.3089352,5.48,257.0,fused,0,1,0,
1789424313980,1789424313957,994658803,42.04033,-93.6545349,3.79,247.84839278329525,1.3136506,4.36,254.0,fused,0,1,0,
1789424314983,1789424314956,994659803,42.0403208,-93.6545809,3.79,247.8543893749229,1.3012584,3.68,254.0,fused,0,1,0,
1789424315985,1789424315956,994660803,42.0403114,-93.6546159,3.79,247.67930847716758,1.3019487,2.85,250.0,fused,0,1,0,
1789424316984,1789424316957,994661803,42.0403051,-93.6546514,3.79,247.71044125979375,1.3040293,2.93,257.0,fused,0,1,0,
1789424317981,1789424317956,994662803,42.0403008,-93.6546885,3.79,247.9085190469192,1.3046557,2.66,252.0,fused,0,1,0,
1789424318983,1789424318957,994663803,42.0402968,-93.6547138,3.79,247.9432838496283,1.3025819,2.29,248.0,fused,0,1,0,
1789424319981,1789424319957,994664803,42.0402911,-93.6547312,3.79,247.923580551516,1.3038421,1.37,252.0,fused,0,1,0,
1789424320982,1789424320956,994665803,42.0402882,-93.6547398,3.79,247.92200731429244,1.3039327,0.68,252.0,fused,0,1,0,
1789424321983,1789424321957,994666803,42.0402876,-93.6547396,3.79,247.97101779174983,1.3043535,0.0,,fused,0,1,0,
1789424322997,1789424322957,994667803,42.0402899,-93.6547352,3.79,247.70962692750248,1.3113478,0.0,,fused,0,1,0,
1789424323980,1789424323957,994668803,42.040291,-93.6547348,3.79,247.394994495211,1.3194894,0.0,,fused,0,1,0,
1789424324977,1789424324958,994669804,42.0402906,-93.6547345,3.79,247.56460562549177,1.3055964,0.0,,fused,0,1,0,
1789424325979,1789424325956,994670803,42.0402893,-93.6547431,3.79,247.45373806188928,1.3053504,0.72,259.0,fused,0,1,0,
1789424326984,1789424326956,994671803,42.0402894,-93.6547651,3.79,247.2953595682394,1.3070954,2.33,274.0,fused,0,1,0,
1789424327992,1789424327956,994672803,42.0402913,-93.6547942,3.79,247.29973564070684,1.3084081,2.33,277.0,fused,0,1,0,
1789424328985,1789424328957,994673804,42.0402975,-93.6548249,3.79,247.26932167246002,1.3077276,2.71,290.0,fused,0,1,0,
1789424329981,1789424329956,994674803,42.0403109,-93.6548596,3.79,247.255658299785,1.3148621,3.22,298.0,fused,0,1,0,
1789424330985,1789424330956,994675803,42.0403266,-93.6548929,3.79,247.24962145621345,1.3194144,2.99,300.0,fused,0,1,0,
1789424331981,1789424331955,994676802,42.0403389,-93.6549208,3.79,247.47907332413354,1.3085527,2.34,298.0,fused,0,1,0,
1789424332980,1789424332957,994677803,42.0403455,-93.6549436,3.79,247.62647372395418,1.310976,1.8,287.0,fused,0,1,0,
1789424333982,1789424333957,994678803,42.0403499,-93.6549649,3.79,247.79825147935225,1.3096191,1.74,289.0,fused,0,1,0,
1789424334978,1789424334956,994679803,42.0403548,-93.6549856,3.79,247.8241885667765,1.3149512,1.72,294.0,fused,0,1,0,
1789424335981,1789424335956,994680803,42.0403617,-93.6550088,3.79,248.32463341374307,1.3162339,2.11,292.0,fused,0,1,0,
1789424336984,1789424336957,994681803,42.0403697,-93.6550339,3.79,248.41196099665132,1.33196,2.09,291.0,fused,0,1,0,
1789424337981,1789424337956,994682803,42.0403779,-93.6550581,3.79,248.51834525116226,1.3213615,1.92,290.0,fused,0,1,0,
1789424338977,1789424338956,994683803,42.0403864,-93.6550815,3.79,248.95952965552277,1.3047712,2.12,291.0,fused,0,1,0,
1789424339980,1789424339956,994684803,42.0403924,-93.6551048,3.79,248.91478516677807,1.306487,2.0,294.0,fused,0,1,0,
1789424340983,1789424340956,994685803,42.0404006,-93.6551273,3.79,248.86119989909076,1.3059505,2.02,295.0,fused,0,1,0,
1789424341979,1789424341956,994686803,42.0404073,-93.6551481,3.79,248.87091645747307,1.3092166,1.79,288.0,fused,0,1,0,
1789424342984,1789424342957,994687803,42.0404111,-93.6551678,3.79,248.8846009261468,1.3125558,1.47,287.0,fused,0,1,0,
1789424343990,1789424343956,994688803,42.0404134,-93.6551821,3.79,248.87878059128235,1.3013964,0.97,282.0,fused,0,1,0,
1789424344989,1789424344957,994689804,42.0404145,-93.655186,3.79,248.69456827098463,1.3025508,0.0,,fused,0,1,0,
1789424345980,1789424345955,994690802,42.040415,-93.6551852,3.79,248.70206593326992,1.3034514,0.0,,fused,0,1,0,
1789424346985,1789424346956,994691803,42.0404141,-93.6551971,3.79,248.74686097529144,1.3036547,1.7,265.0,fused,0,1,0,
1789424347982,1789424347957,994692803,42.0404141,-93.6552179,3.79,248.85970542531317,1.3038405,1.93,280.0,fused,0,1,0,
1789424348987,1789424348958,994693804,42.0404209,-93.6552386,3.79,248.7835942034842,1.3023808,1.94,300.0,fused,0,1,0,
1789424349981,1789424349956,994694803,42.0404313,-93.6552597,3.79,248.5375997865993,1.3042251,2.0,302.0,fused,0,1,0,
1789424350988,1789424350956,994695803,42.0404379,-93.6552819,3.79,248.48723053379746,1.303581,1.94,291.0,fused,0,1,0,
1789424351980,1789424351956,994696803,42.0404405,-93.655304,3.79,248.33433770481923,1.3074968,1.85,275.0,fused,0,1,0,
1789424352984,1789424352956,994697803,42.0404373,-93.6553298,3.79,248.36561118010025,1.3126128,2.02,260.0,fused,0,1,0,
1789424353980,1789424353956,994698802,42.0404285,-93.655348,3.79,248.49063285170297,1.3062253,1.73,228.0,fused,0,1,0,
1789424354983,1789424354956,994699803,42.0404203,-93.6553529,3.79,248.24117473286452,1.3045645,0.68,228.0,fused,0,1,0,
1789424355978,1789424355956,994700803,42.0404162,-93.6553533,3.79,248.02048403475925,1.3058082,0.25,228.0,fused,0,1,0,
1789424357004,1789424356957,994701803,42.0404136,-93.6553489,3.79,247.78744225363266,1.3088413,0.0,,fused,0,1,0,
1789424357983,1789424357956,994702803,42.0404137,-93.6553469,3.79,247.58729465231266,1.3077093,0.0,,fused,0,1,0,
1789424358981,1789424358955,994703802,42.0404145,-93.6553501,3.79,247.52636428195711,1.3138311,0.0,,fused,0,1,0,
1789424359980,1789424359955,994704802,42.0404154,-93.6553506,3.79,247.47574630363658,1.3179358,0.0,,fused,0,1,0,
1789424360984,1789424360956,994705803,42.0404162,-93.6553525,3.79,247.59884991535017,1.3079011,0.0,,fused,0,1,0,
1789424361984,1789424361957,994706803,42.0404165,-93.6553538,3.79,247.55181415697973,1.3099079,0.0,,fused,0,1,0,
1789424362983,1789424362957,994707803,42.0404169,-93.6553545,3.79,247.67129607009838,1.3071868,0.0,,fused,0,1,0,
1789424363985,1789424363956,994708803,42.0404166,-93.6553538,3.79,247.3960959654873,1.3124051,0.0,,fused,0,1,0,
1789424364984,1789424364956,994709803,42.040417,-93.655353,3.79,247.50764073844147,1.3153602,0.0,,fused,0,1,0,
1789424365980,1789424365957,994710803,42.0404169,-93.6553526,3.79,247.21599117374762,1.3464744,0.0,,fused,0,1,0,
1789424366981,1789424366957,994711803,42.0404171,-93.6553523,3.79,247.38173258215113,1.3213423,0.0,,fused,0,1,0,
1789424367984,1789424367956,994712803,42.0404172,-93.6553521,3.79,247.538204383947,1.3054924,0.0,,fused,0,1,0,
1789424368986,1789424368957,994713803,42.0404172,-93.6553521,3.79,247.47465808194409,1.3051234,0.0,,fused,0,1,0,
1789424369982,1789424369957,994714803,42.040417,-93.6553522,3.79,247.4114043794325,1.3049672,0.0,,fused,0,1,0,
1789424370973,1789424370956,994715802,42.0404167,-93.6553523,3.79,247.3990980568655,1.3085046,0.0,,fused,0,1,0,
1789424371982,1789424371956,994716802,42.0404168,-93.655352,3.79,247.3998914273546,1.3133761,0.0,,fused,0,1,0,
1789424372982,1789424372956,994717803,42.040417,-93.6553519,3.79,247.37742031291407,1.3008487,0.0,,fused,0,1,0,
1789424373981,1789424373956,994718803,42.0404169,-93.6553521,3.79,247.1872997579453,1.3013358,0.0,,fused,0,1,0,
1789424374981,1789424374958,994719804,42.0404171,-93.655352,3.79,247.18137086403436,1.3019133,0.0,,fused,0,1,0,
1789424375981,1789424375957,994720803,42.0404172,-93.6553517,3.79,247.35814323799895,1.3032365,0.0,,fused,0,1,0,
1789424376983,1789424376956,994721803,42.0404173,-93.6553515,3.79,247.3343292043774,1.3044193,0.0,,fused,0,1,0,
1789424377982,1789424377957,994722804,42.0404173,-93.6553512,3.79,247.34939070897423,1.3023323,0.0,,fused,0,1,0,
1789424378980,1789424378957,994723803,42.0404173,-93.6553511,3.79,247.33116593145087,1.303577,0.0,,fused,0,1,0,
1789424379986,1789424379958,994724804,42.0404174,-93.6553506,3.79,247.39682794920805,1.3046244,0.0,,fused,0,1,0,
1789424380981,1789424380955,994725802,42.0404174,-93.6553505,3.79,247.34349696428222,1.3067844,0.0,,fused,0,1,0,
1789424381980,1789424381956,994726802,42.0404175,-93.6553505,3.79,247.33578904316732,1.3142875,0.0,,fused,0,1,0,
1789424382979,1789424382957,994727803,42.0404178,-93.6553505,3.79,247.60972297077052,1.3053726,0.0,,fused,0,1,0,
1789424383987,1789424383956,994728803,42.0404179,-93.6553505,3.79,247.53645312257754,1.3052343,0.0,,fused,0,1,0,
1789424384974,1789424384955,994729802,42.0404179,-93.6553505,3.79,247.48019658264218,1.30491,0.0,,fused,0,1,0,
1789424385982,1789424385956,994730803,42.0404179,-93.6553505,3.79,247.41459805796143,1.3082056,0.0,,fused,0,1,0,
1789424386984,1789424386956,994731803,42.0404181,-93.6553504,3.79,247.42112258684728,1.3076298,0.0,,fused,0,1,0,
1789424387984,1789424387957,994732803,42.040418,-93.6553506,3.79,247.39446841862508,1.3087994,0.0,,fused,0,1,0,
1789424388985,1789424388956,994733802,42.040418,-93.6553506,3.79,247.3824163893197,1.3178214,0.0,,fused,0,1,0,
1789424389986,1789424389955,994734802,42.040418,-93.6553505,3.79,247.53493305147077,1.3083807,0.0,,fused,0,1,0,
1789424390989,1789424390957,994735803,42.0404181,-93.6553504,3.79,247.51421605928653,1.3083733,0.0,,fused,0,1,0,
1789424391985,1789424391956,994736803,42.0404182,-93.6553504,3.79,247.63745778111848,1.3070784,0.0,,fused,0,1,0,
1789424392981,1789424392955,994737802,42.0404182,-93.6553503,3.79,247.3902550205379,1.3106263,0.0,,fused,0,1,0,
1789424393976,1789424393956,994738803,42.0404184,-93.6553501,3.79,247.4850818840535,1.3124181,0.0,,fused,0,1,0,
1789424394984,1789424394957,994739803,42.0404188,-93.6553498,3.79,247.26456479186953,1.3212961,0.0,,fused,0,1,0,
1789424395978,1789424395956,994740802,42.0404191,-93.6553496,3.79,247.3168707346981,1.3336647,0.0,,fused,0,1,0,
1789424396982,1789424396957,994741803,42.0404192,-93.6553496,3.79,247.36669334589254,1.3164455,0.0,,fused,0,1,0,
1789424397981,1789424397956,994742803,42.0404192,-93.6553497,3.79,247.54196419383265,1.3040117,0.0,,fused,0,1,0,
1789424398980,1789424398956,994743803,42.0404192,-93.6553496,3.79,247.49560560986816,1.3064665,0.0,,fused,0,1,0,
1789424399983,1789424399957,994744803,42.0404192,-93.6553496,3.79,247.596365385353,1.3075556,0.0,,fused,0,1,0,
1789424400981,1789424400956,994745803,42.0404192,-93.6553495,3.79,247.48933368857587,1.3114593,0.0,,fused,0,1,0,
1789424401983,1789424401956,994746803,42.0404191,-93.6553497,3.79,247.52512749889632,1.3008901,0.0,,fused,0,1,0,
1789424402980,1789424402955,994747802,42.0404191,-93.6553497,3.79,247.36132582561567,1.3012077,0.0,,fused,0,1,0,
1789424403980,1789424403957,994748803,42.0404191,-93.6553498,3.79,247.2196534578669,1.3019861,0.0,,fused,0,1,0,
1789424404986,1789424404958,994749804,42.0404193,-93.6553497,3.79,247.56385885872874,1.3028059,0.0,,fused,0,1,0,
1789424405981,1789424405955,994750802,42.0404195,-93.6553498,3.79,247.5400448251072,1.304107,0.0,,fused,0,1,0,
1789424406984,1789424406956,994751802,42.0404195,-93.6553499,3.79,247.55815808751652,1.3020958,0.0,,fused,0,1,0,
1789424407981,1789424407957,994752803,42.0404197,-93.6553499,3.79,247.54973510210857,1.303229,0.0,,fused,0,1,0,
1789424408985,1789424408956,994753803,42.0404199,-93.6553498,3.79,247.5687048920907,1.3041987,0.0,,fused,0,1,0,
1789424409983,1789424409957,994754803,42.0404199,-93.6553497,3.79,247.46598161803422,1.3063864,0.0,,fused,0,1,0,
1789424410979,1789424410957,994755803,42.0404202,-93.6553495,3.79,247.4050767345421,1.3133106,0.0,,fused,0,1,0,
1789424411980,1789424411957,994756803,42.0404202,-93.6553495,3.79,247.63389307453446,1.3049855,0.0,,fused,0,1,0,
1789424412982,1789424412956,994757803,42.0404202,-93.6553495,3.79,247.5314647687515,1.3047012,0.0,,fused,0,1,0,
1789424413981,1789424413958,994758804,42.0404205,-93.6553494,3.79,247.4184287287174,1.3047624,0.0,,fused,0,1,0,
1789424414981,1789424414956,994759803,42.0404208,-93.6553493,3.79,247.31576964290178,1.3074805,0.0,,fused,0,1,0,
1789424415982,1789424415957,994760803,42.0404208,-93.6553493,3.79,247.28469666932102,1.3070884,0.0,,fused,0,1,0,
1789424416984,1789424416956,994761803,42.0404209,-93.6553494,3.79,247.22796456442973,1.3080615,0.0,,fused,0,1,0,
1789424417981,1789424417957,994762803,42.040421,-93.6553496,3.79,247.43559696250128,1.3112457,0.0,,fused,0,1,0,
1789424418983,1789424418957,994763803,42.0404212,-93.6553496,3.79,247.40635775507548,1.3071901,0.0,,fused,0,1,0,
1789424419984,1789424419957,994764803,42.0404213,-93.6553496,3.79,247.58105863860806,1.3048004,0.0,,fused,0,1,0,
1789424420980,1789424420956,994765802,42.0404215,-93.6553494,3.79,247.4825614188063,1.3058704,0.0,,fused,0,1,0,
1789424421976,1789424421956,994766802,42.0404216,-93.6553493,3.79,247.1340551048129,1.3101132,0.0,,fused,0,1,0,
1789424422980,1789424422956,994767803,42.0404214,-93.6553493,3.79,247.21921413000302,1.3116541,0.0,,fused,0,1,0,
1789424423984,1789424423957,994768803,42.0404213,-93.6553494,3.79,246.99171471200157,1.3205912,0.0,,fused,0,1,0,
1789424424981,1789424424956,994769803,42.040421,-93.6553496,3.79,247.03811250991993,1.3324915,0.0,,fused,0,1,0,
1789424425981,1789424425955,994770802,42.0404208,-93.6553496,3.79,247.08632382816154,1.3154585,0.0,,fused,0,1,0,
1789424426981,1789424426958,994771804,42.0404208,-93.6553496,3.79,247.24816686124018,1.3036709,0.0,,fused,0,1,0,
1789424427980,1789424427957,994772803,42.0404208,-93.6553495,3.79,247.18515772904152,1.3062743,0.0,,fused,0,1,0,
1789424428982,1789424428957,994773803,42.0404207,-93.6553494,3.79,247.26765551547487,1.3069799,0.0,,fused,0,1,0,
1789424429981,1789424429955,994774802,42.0404206,-93.6553493,3.79,247.13000813393393,1.3110311,0.0,,fused,0,1,0,
1789424430981,1789424430956,994775803,42.0404205,-93.6553493,3.79,247.13250053359775,1.3007737,0.0,,fused,0,1,0,
1789424431983,1789424431957,994776804,42.0404204,-93.6553494,3.79,246.9386204703738,1.3012339,0.0,,fused,0,1,0,
1789424432983,1789424432956,994777803,42.0404202,-93.6553496,3.79,246.94934213559168,1.3015904,0.0,,fused,0,1,0,
1789424433983,1789424433957,994778803,42.0404201,-93.6553498,3.79,247.12450352725602,1.3027312,0.0,,fused,0,1,0,
1789424434982,1789424434956,994779802,42.0404201,-93.6553498,3.79,247.09478144530152,1.3038511,0.0,,fused,0,1,0,
1789424435978,1789424435955,994780802,42.0404201,-93.6553499,3.79,247.21869610126964,1.3018351,0.0,,fused,0,1,0,
1789424436983,1789424436957,994781804,42.0404199,-93.6553501,3.79,247.29475950241869,1.3022642,0.0,,fused,0,1,0,
1789424437982,1789424437956,994782803,42.0404197,-93.6553501,3.79,247.1390189754893,1.3040957,0.0,,fused,0,1,0,
1789424438984,1789424438956,994783803,42.0404195,-93.6553503,3.79,247.05241031809487,1.3060106,0.0,,fused,0,1,0,
1789424439984,1789424439956,994784803,42.0404194,-93.6553504,3.79,247.14935427123783,1.3137106,0.0,,fused,0,1,0,
1789424440980,1789424440956,994785803,42.0404196,-93.6553502,3.79,247.33185273108398,1.3042321,0.0,,fused,0,1,0,
1789424441984,1789424441957,994786804,42.0404199,-93.6553501,3.79,247.40066054777924,1.3032916,0.0,,fused,0,1,0,
1789424442987,1789424442957,994787803,42.04042,-93.6553499,3.79,247.30096509045973,1.3033704,0.0,,fused,0,1,0,
1789424443984,1789424443958,994788804,42.04042,-93.6553499,3.79,247.07818183017002,1.3069214,0.0,,fused,0,1,0,
1789424444980,1789424444956,994789802,42.0404201,-93.6553498,3.79,247.03011235884264,1.3066361,0.0,,fused,0,1,0,
1789424445983,1789424445955,994790802,42.0404201,-93.6553497,3.79,246.9921791373597,1.3076745,0.0,,fused,0,1,0,
1789424446981,1789424446957,994791804,42.04042,-93.6553498,3.79,247.12599176709466,1.311889,0.0,,fused,0,1,0,
1789424447981,1789424447957,994792803,42.0404199,-93.6553497,3.79,247.1777915792864,1.3069528,0.0,,fused,0,1,0,
1789424448983,1789424448956,994793802,42.0404199,-93.6553497,3.79,247.42238231169853,1.3039149,0.0,,fused,0,1,0,
1789424449981,1789424449956,994794803,42.0404199,-93.6553496,3.79,247.34614690804028,1.3049283,0.0,,fused,0,1,0,
1789424450982,1789424450957,994795803,42.0404197,-93.6553496,3.79,247.13063038444915,1.3068756,0.0,,fused,0,1,0,
1789424451984,1789424451956,994796803,42.0404197,-93.6553495,3.79,247.11998895581632,1.3096486,0.0,,fused,0,1,0,
1789424452985,1789424452957,994797803,42.0404196,-93.6553494,3.79,246.97806038718585,1.314121,0.0,,fused,0,1,0,
1789424453983,1789424453957,994798804,42.0404195,-93.6553494,3.79,246.74195242515094,1.3330228,0.0,,fused,0,1,0,
1789424454984,1789424454957,994799804,42.0404195,-93.6553494,3.79,246.82637251819511,1.3143489,0.0,,fused,0,1,0,
1789424455983,1789424455956,994800803,42.0404193,-93.6553495,3.79,246.98284480556964,1.3034233,0.0,,fused,0,1,0,
1789424456981,1789424456956,994801802,42.0404193,-93.6553495,3.79,246.91768740016533,1.3059925,0.0,,fused,0,1,0,
1789424457983,1789424457956,994802803,42.0404194,-93.6553493,3.79,247.0018721318088,1.3065575,0.0,,fused,0,1,0,
1789424458983,1789424458955,994803802,42.0404194,-93.6553493,3.79,246.85877830900108,1.3102145,0.0,,fused,0,1,0,
1789424459988,1789424459956,994804803,42.0404193,-93.6553493,3.79,246.8724622749723,1.3007939,0.0,,fused,0,1,0,
1789424460981,1789424460956,994805803,42.0404193,-93.6553492,3.79,246.84933687209445,1.3008975,0.0,,fused,0,1,0,
1789424461982,1789424461956,994806802,42.0404192,-93.6553493,3.79,246.6824292427845,1.3016248,0.0,,fused,0,1,0,
1789424462985,1789424462956,994807803,42.0404192,-93.6553494,3.79,246.7439285356578,1.302926,0.0,,fused,0,1,0,
1789424463979,1789424463956,994808802,42.040419,-93.6553496,3.79,247.07603298333117,1.3026569,0.0,,fused,0,1,0,
1789424464985,1789424464957,994809803,42.040419,-93.6553497,3.79,247.0962219509347,1.3014178,0.0,,fused,0,1,0,
1789424465982,1789424465955,994810802,42.0404189,-93.6553497,3.79,247.15611988086806,1.3020799,0.0,,fused,0,1,0,
1789424466981,1789424466957,994811803,42.0404189,-93.6553497,3.79,247.13251118064534,1.3029608,0.0,,fused,0,1,0,
1789424467982,1789424467956,994812803,42.0404188,-93.6553499,3.79,246.99293065425832,1.3048621,0.0,,fused,0,1,0,
1789424468984,1789424468957,994813803,42.0404186,-93.6553502,3.79,247.12661315276813,1.3103954,0.0,,fused,0,1,0,
1789424469982,1789424469956,994814802,42.0404186,-93.6553501,3.79,247.16446810027503,1.3044679,0.0,,fused,0,1,0,
1789424470983,1789424470956,994815803,42.0404186,-93.6553502,3.79,247.23249145900473,1.3032458,0.0,,fused,0,1,0,
1789424471981,1789424471956,994816802,42.0404186,-93.6553503,3.79,247.30881854725067,1.3027685,0.0,,fused,0,1,0,
1789424472979,1789424472956,994817803,42.0404186,-93.6553502,3.79,247.06912651822518,1.3056704,0.0,,fused,0,1,0,
1789424473983,1789424473956,994818803,42.0404186,-93.6553502,3.79,247.0673528399103,1.3050734,0.0,,fused,0,1,0,
1789424474981,1789424474957,994819803,42.040419,-93.65535,3.79,247.09907331244824,1.3047907,0.0,,fused,0,1,0,
1789424475983,1789424475957,994820803,42.040419,-93.6553494,3.79,247.02382907103373,1.3081777,0.0,,fused,0,1,0,
1789424476988,1789424476956,994821802,42.04042,-93.6553511,3.79,247.13802328756964,1.3072851,0.28,222.0,fused,0,1,0,
1789424477980,1789424477960,994822806,42.0404309,-93.6553556,3.79,247.3235592662569,1.3036417,1.25,339.0,fused,0,1,0,
1789424478976,1789424478955,994823802,42.0404478,-93.6553673,3.79,247.26574912930795,1.3035194,1.67,332.0,fused,0,1,0,
1789424479983,1789424479956,994824802,42.0404665,-93.6553786,3.79,247.1847591434733,1.3046029,2.01,339.0,fused,0,1,0,
1789424480976,1789424480956,994825802,42.0404875,-93.6553854,3.79,247.00016659935136,1.3047835,2.07,345.0,fused,0,1,0,
1789424481981,1789424481957,994826803,42.0405011,-93.6553938,3.79,246.90497142260006,1.3090845,1.45,315.0,fused,0,1,0,
1789424482983,1789424482955,994827802,42.0405081,-93.6554017,3.79,246.2875933082588,1.3325166,0.79,339.0,fused,0,1,0,
1789424483990,1789424483956,994828802,42.0405099,-93.6554028,3.79,246.25601102122425,1.3137145,0.0,,fused,0,1,0,
1789424484980,1789424484957,994829803,42.0405109,-93.6554038,3.79,246.32440883266798,1.302587,0.0,,fused,0,1,0,
1789424485982,1789424485956,994830802,42.0405148,-93.6554023,3.79,246.18836278755134,1.3051424,0.0,,fused,0,1,0,
1789424486980,1789424486957,994831803,42.0405215,-93.6554086,3.79,246.26878859466188,1.3021599,0.65,340.0,fused,0,1,0,
1789424487978,1789424487955,994832802,42.0405296,-93.6554188,3.79,246.10904690118866,1.3047806,0.81,339.0,fused,0,1,0,
1789424488988,1789424488957,994833803,42.0405382,-93.6554286,3.79,246.12648991595586,1.3081888,0.8,339.0,fused,0,1,0,
1789424489980,1789424489957,994834803,42.0405467,-93.6554374,3.79,246.09584604257492,1.3009493,0.8,339.0,fused,0,1,0,
1789424490983,1789424490956,994835803,42.0405557,-93.6554453,3.79,245.97396828283559,1.3012851,0.69,324.0,fused,0,1,0,
1789424491981,1789424491955,994836802,42.040565,-93.6554563,3.79,245.96573386629552,1.3028789,0.79,323.0,fused,0,1,0,
1789424492985,1789424492955,994837802,42.0405767,-93.6554696,3.79,246.19526541627727,1.302448,0.95,323.0,fused,0,1,0,
1789424493980,1789424493956,994838802,42.0405897,-93.6554792,3.79,246.18162141928178,1.3014394,0.96,335.0,fused,0,1,0,
1789424494984,1789424494956,994839802,42.0406079,-93.6554884,3.79,246.20231233725053,1.3018925,1.44,340.0,fused,0,1,0,
1789424495978,1789424495956,994840802,42.0406297,-93.6555007,3.79,246.25549633305877,1.3020364,1.63,335.0,fused,0,1,0,
1789424496979,1789424496956,994841802,42.0406507,-93.6555145,3.79,246.1422303211541,1.3030035,1.66,337.0,fused,0,1,0,
1789424497979,1789424497956,994842802,42.0406741,-93.6555261,3.79,246.18998817220586,1.3051764,1.76,340.0,fused,0,1,0,
1789424498979,1789424498957,994843803,42.0406968,-93.6555356,3.79,246.1736036280086,1.3098326,1.58,346.0,fused,0,1,0,
1789424499981,1789424499957,994844803,42.04072,-93.6555433,3.79,246.1949061146608,1.303384,1.71,347.0,fused,0,1,0,
1789424500979,1789424500955,994845802,42.0407416,-93.6555535,3.79,246.19068057125025,1.3025765,1.67,338.0,fused,0,1,0,
1789424501979,1789424501955,994846802,42.04076,-93.6555685,3.79,245.93058519478427,1.3043814,1.74,323.0,fused,0,1,0,
1789424502980,1789424502956,994847802,42.0407767,-93.655587,3.79,245.75891487144992,1.3053789,1.59,312.0,fused,0,1,0,
1789424503992,1789424503955,994848802,42.040796,-93.6556082,3.79,245.8311187916251,1.3036888,1.74,311.0,fused,0,1,0,
1789424504980,1789424504956,994849802,42.0408127,-93.6556279,3.79,245.70164101559067,1.3071405,1.7,304.0,fused,0,1,0,
1789424505986,1789424505957,994850803,42.0408248,-93.655649,3.79,245.82120717655334,1.3074424,1.7,296.0,fused,0,1,0,
1789424506981,1789424506956,994851802,42.0408331,-93.6556702,3.79,245.99009628132075,1.3032583,1.71,291.0,fused,0,1,0,
1789424507980,1789424507955,994852802,42.0408434,-93.6556919,3.79,245.96665992261455,1.304006,1.76,292.0,fused,0,1,0,
1789424508979,1789424508955,994853802,42.0408546,-93.6557126,3.79,245.99951853172746,1.3048676,1.74,295.0,fused,0,1,0,
1789424509985,1789424509956,994854802,42.0408676,-93.6557322,3.79,245.90998497100526,1.3052495,1.74,302.0,fused,0,1,0,
1789424510980,1789424510956,994855802,42.0408807,-93.6557519,3.79,245.84535208899672,1.3098568,1.79,305.0,fused,0,1,0,
1789424511983,1789424511955,994856802,42.0408936,-93.6557686,3.79,245.80545610431238,1.3211098,1.7,312.0,fused,0,1,0,
1789424512980,1789424512956,994857802,42.0409077,-93.6557848,3.79,245.6593738924896,1.3156006,1.78,316.0,fused,0,1,0,
1789424513983,1789424513955,994858802,42.0409201,-93.6558002,3.79,245.80295901727334,1.3029674,1.72,315.0,fused,0,1,0,
1789424514977,1789424514955,994859802,42.0409322,-93.6558145,3.79,245.84037107275412,1.3038311,1.71,313.0,fused,0,1,0,
1789424515986,1789424515956,994860802,42.0409449,-93.6558278,3.79,245.98631300948995,1.302837,1.69,317.0,fused,0,1,0,
1789424516994,1789424516957,994861803,42.0409568,-93.6558425,3.79,245.86416312393544,1.3040227,1.73,312.0,fused,0,1,0,
1789424517981,1789424517955,994862802,42.0409684,-93.6558578,3.79,245.96162210674095,1.3051858,1.77,311.0,fused,0,1,0,
1789424518986,1789424518955,994863802,42.0409803,-93.6558719,3.79,245.9384967038631,1.3006561,1.73,315.0,fused,0,1,0,
1789424519980,1789424519955,994864802,42.0409949,-93.6558839,3.79,246.13835433013213,1.3012652,1.74,324.0,fused,0,1,0,
1789424520988,1789424520956,994865802,42.0410074,-93.6558999,3.79,246.19773484758008,1.3015989,1.85,313.0,fused,0,1,0,
1789424521985,1789424521955,994866802,42.0410206,-93.6559132,3.79,246.38047460324992,1.301756,1.73,318.0,fused,0,1,0,
1789424522991,1789424522956,994867802,42.0410351,-93.6559261,3.79,246.72188454947099,1.3014472,1.77,319.0,fused,0,1,0,
1789424523986,1789424523955,994868802,42.0410487,-93.6559386,3.79,246.9459626986066,1.3008175,1.73,320.0,fused,0,1,0,
1789424524986,1789424524955,994869802,42.0410627,-93.6559482,3.79,246.96753965550738,1.3017825,1.71,327.0,fused,0,1,0,
1789424525983,1789424525955,994870802,42.0410764,-93.6559575,3.79,246.68840893328485,1.3025106,1.71,328.0,fused,0,1,0,
1789424526983,1789424526955,994871802,42.0410908,-93.6559646,3.79,247.00276871670383,1.3028868,1.71,334.0,fused,0,1,0,
1789424527979,1789424527957,994872803,42.041103,-93.6559664,3.79,246.9375613619295,1.3088259,1.57,353.0,fused,0,1,0,
1789424528979,1789424528955,994873802,42.0411036,-93.6559604,3.79,247.23443450091628,1.3029239,0.66,353.0,fused,0,1,0,
1789424529986,1789424529955,994874802,42.0411097,-93.6559475,3.79,247.3464145692467,1.3022007,1.43,46.0,fused,0,1,0,
1789424530989,1789424530956,994875802,42.0411152,-93.6559298,3.79,247.53997351535196,1.3028435,1.59,64.0,fused,0,1,0,
1789424531982,1789424531957,994876803,42.0411175,-93.6559105,3.79,247.5618200739877,1.3045106,1.56,71.0,fused,0,1,0,
1789424532979,1789424532956,994877802,42.041123,-93.6558996,3.79,247.5808630427377,1.3034259,1.14,49.0,fused,0,1,0,
1789424533979,1789424533955,994878802,42.0411376,-93.6559032,3.79,247.67458885301073,1.305322,0.0,,fused,0,1,0,
1789424534983,1789424534957,994879803,42.0411457,-93.6559074,3.79,248.18524546555938,1.3044856,0.0,,fused,0,1,0,
1789424535980,1789424535955,994880802,42.0411482,-93.6559095,3.79,248.20035659719122,1.3029058,0.0,,fused,0,1,0,
1789424536984,1789424536955,994881802,42.0411491,-93.6559107,3.79,248.0380993868223,1.3031098,0.0,,fused,0,1,0,
1789424537981,1789424537956,994882802,42.0411495,-93.6559114,3.79,247.73635181715667,1.3036894,0.0,,fused,0,1,0,
1789424538986,1789424538955,994883802,42.0411498,-93.6559119,3.79,247.72960882487462,1.3038299,0.0,,fused,0,1,0,
1789424539987,1789424539955,994884802,42.0411498,-93.6559129,3.79,247.5580195930002,1.3079691,0.16,349.0,fused,0,1,0,
1789424540989,1789424540956,994885802,42.0411516,-93.6559215,3.79,247.46246222907433,1.313707,1.0,301.0,fused,0,1,0,
1789424541987,1789424541957,994886803,42.0411551,-93.6559355,3.79,247.09330609980668,1.3146429,1.41,301.0,fused,0,1,0,
1789424542989,1789424542956,994887802,42.0411599,-93.6559486,3.79,247.29650637522928,1.3031266,1.41,311.0,fused,0,1,0,
1789424543984,1789424543956,994888802,42.0411682,-93.6559581,3.79,247.3570306035963,1.3033212,1.43,324.0,fused,0,1,0,
1789424544980,1789424544955,994889802,42.0411684,-93.6559806,3.79,247.30264243035901,1.3023089,2.0,279.0,fused,0,1,0,
1789424546011,1789424545956,994890802,42.0411694,-93.6559988,3.79,247.4190358903549,1.3033264,1.52,287.0,fused,0,1,0,
1789424546981,1789424546956,994891802,42.0411743,-93.6560143,3.79,247.70156101878854,1.3044695,1.41,296.0,fused,0,1,0,
1789424547973,1789424547955,994892802,42.0411741,-93.6560289,3.79,247.57657451798985,1.3004686,1.4,270.0,fused,0,1,0,
1789424548980,1789424548955,994893802,42.0411627,-93.65603,3.79,247.4289175730541,1.3007333,1.16,179.0,fused,0,1,0,
1789424549981,1789424549956,994894802,42.0411502,-93.6560242,3.79,247.52464897442155,1.3009946,1.12,159.0,fused,0,1,0,
1789424550975,1789424550956,994895803,42.0411667,-93.6560208,3.632,247.78447186459397,1.3015778,0.9696752,129.77129,fused,0,1,0,
1789424551980,1789424551956,994896802,42.0411609,-93.6560112,3.338,248.05107532289998,1.3014727,0.9314952,131.9512,fused,0,1,0,
1789424552977,1789424552956,994897802,42.0411581,-93.6560041,3.197,248.06162948508558,1.3007418,0.7946882,102.87371,fused,0,1,0,
1789424553980,1789424553956,994898802,42.0411577,-93.6560002,3.143,247.91605224228533,1.3013065,0.591391,107.93626,fused,0,1,0,
1789424554980,1789424554955,994899802,42.0411583,-93.6560001,3.071,248.13352141149363,1.3012,0.45348293,111.92935,fused,0,1,0,
1789424555985,1789424555956,994900802,42.0411594,-93.6560009,3.026,248.1776690141087,1.3013177,0.33846813,125.15903,fused,0,1,0,
1789424556994,1789424556955,994901802,42.0411614,-93.656001,3.036,247.90025704278315,1.3055124,0.2434336,129.6424,fused,0,1,0,
1789424557996,1789424557955,994902802,42.0411632,-93.6560015,3.041,248.16059130170646,1.3018451,0.17394283,132.62717,fused,0,1,0,
1789424558986,1789424558955,994903802,42.0411645,-93.6560026,3.041,248.1389030804002,1.3016407,0.14240251,156.81618,fused,0,1,0,
1789424559983,1789424559955,994904802,42.0411652,-93.656003,3.048,248.00404479724904,1.3022017,0.15433455,171.09927,fused,0,1,0,
1789424560995,1789424560957,994905803,42.0411638,-93.6560022,3.0,247.99059561478356,1.303723,0.29325187,182.26996,fused,0,1,0,
1789424561881,1789424561862,994906708,42.041163,-93.6560015,3.0,247.99059561478356,1.303723,0.2730633,191.0214,fused,0,1,0,
1789424562983,1789424562964,994907811,42.0411536,-93.6559944,3.038,248.08454387539444,1.3028411,0.63197565,173.83852,fused,0,1,0,
1789424563978,1789424563956,994908802,42.0411397,-93.6559733,3.034,248.32104709688366,1.3040321,0.98786646,136.98044,fused,0,1,0,
1789424564979,1789424564957,994909803,42.0411353,-93.6559541,3.031,248.26903942118088,1.3028004,1.0002575,71.60222,fused,0,1,0,
1789424565904,1789424565884,994910730,42.0411428,-93.6559441,3.026,248.26903942118088,1.3028004,1.0093528,358.62656,fused,0,1,0,
1789424566980,1789424566955,994911802,42.0411531,-93.6559446,3.031,248.29173987260424,1.3030887,0.9183285,331.87076,fused,0,1,0,
1789424567979,1789424567956,994912802,42.0411558,-93.6559484,3.028,248.2887566385499,1.3030849,0.56335646,311.0992,fused,0,1,0,
1789424568977,1789424568955,994913802,42.0411535,-93.655948,3.0,248.16890886338922,1.3051919,0.2844386,309.32684,fused,0,1,0,
1789424569981,1789424569956,994914802,42.0411532,-93.6559468,3.0,248.02321198117568,1.3061075,0.16472831,311.1772,fused,0,1,0,
1789424570985,1789424570955,994915802,42.0411536,-93.655946,3.0,247.45476124452165,1.3124347,0.102990836,321.27637,fused,0,1,0,
1789424571985,1789424571956,994916802,42.0411538,-93.6559452,3.0,247.23688868489114,1.3064151,0.101058096,337.83124,fused,0,1,0,
1789424572979,1789424572956,994917802,42.0411537,-93.6559446,3.0,247.125003034438,1.302309,0.07339901,,fused,0,1,0,
1789424573979,1789424573955,994918802,42.0411537,-93.6559443,3.0,247.4705727787802,1.3019017,0.071347356,,fused,0,1,0,
1789424574985,1789424574957,994919803,42.0411534,-93.6559444,3.0,247.20023254137726,1.3035614,0.06934086,,fused,0,1,0,
1789424575980,1789424575956,994920803,42.0411535,-93.6559444,3.0,247.1048333916031,1.3040193,0.09403559,,fused,0,1,0,
1789424576978,1789424576956,994921803,42.0411537,-93.6559448,3.0,246.99499129148927,1.3004142,0.095212035,,fused,0,1,0,
1789424577983,1789424577955,994922802,42.0411529,-93.6559448,3.0,246.94440063309332,1.3006746,0.09750628,,fused,0,1,0,
1789424578982,1789424578955,994923802,42.0411524,-93.6559447,3.0,246.90098315177016,1.3008401,0.09904606,,fused,0,1,0,
1789424579977,1789424579955,994924802,42.0411524,-93.6559449,3.0,247.46207277782798,1.300847,0.09213239,,fused,0,1,0,
1789424580980,1789424580956,994925802,42.0411525,-93.655945,3.0,247.56652735681655,1.300889,0.09819205,,fused,0,1,0,
1789424581980,1789424581956,994926803,42.0411529,-93.6559448,3.0,247.5198104689659,1.300605,0.0839134,,fused,0,1,0,
1789424582978,1789424582956,994927803,42.0411533,-93.6559447,3.0,247.3498413785876,1.3009831,0.08553656,,fused,0,1,0,
1789424583982,1789424583956,994928802,42.0411535,-93.6559445,3.0,247.50727538861776,1.3010085,0.09226634,,fused,0,1,0,
1789424584918,1789424584899,994929745,42.0411544,-93.6559447,3.0,247.50727538861776,1.3010085,0.10081292,331.44687,fused,0,1,0,
1789424585981,1789424585955,994930802,42.0411536,-93.6559463,3.0,247.6853846389356,1.3017952,0.15213291,328.9693,fused,0,1,0,
1789424586875,1789424586858,994931705,42.0411533,-93.6559467,3.0,247.6853846389356,1.3017952,0.112409286,318.09543,fused,0,1,0,
1789424587979,1789424587956,994932802,42.041158,-93.6559564,3.0,247.41487923579052,1.3014702,0.33959514,339.34497,fused,0,1,0,
1789424588979,1789424588955,994933802,42.0411608,-93.6559607,3.0,247.3388780158847,1.3017575,0.23761268,9.579557,fused,0,1,0,
1789424589981,1789424589956,994934803,42.0411623,-93.6559637,3.0,247.48355603642597,1.3032539,0.16506387,39.90029,fused,0,1,0,
1789424590976,1789424590956,994935802,42.0411624,-93.6559662,3.0,247.8384507332704,1.3022721,0.119362496,49.843147,fused,0,1,0,
1789424591978,1789424591955,994936802,42.0411623,-93.6559696,3.0,247.8845933113954,1.3019689,0.09941178,,fused,0,1,0,
1789424592979,1789424592956,994937802,42.0411619,-93.655972,3.0,248.03905581195266,1.3025794,0.17000479,32.969776,fused,0,1,0,
1789424593982,1789424593956,994938802,42.0411622,-93.6559739,3.0,248.1657708248879,1.301647,0.124720685,10.862272,fused,0,1,0,
1789424594978,1789424594956,994939802,42.0411619,-93.6559756,3.0,248.2254102582762,1.3014951,0.08814909,,fused,0,1,0,
1789424595980,1789424595956,994940802,42.0411619,-93.6559765,3.0,248.19075755832876,1.3023012,0.09093366,,fused,0,1,0,
1789424596979,1789424596956,994941802,42.0411618,-93.6559779,3.0,248.25177158432194,1.3021485,0.09749078,,fused,0,1,0,
1789424597983,1789424597956,994942802,42.0411618,-93.6559793,3.0,248.14097750821423,1.3032272,0.10927566,7.813317,fused,0,1,0,
1789424598981,1789424598955,994943802,42.0411627,-93.6559802,3.0,248.21083546062744,1.3033887,0.14773084,11.139777,fused,0,1,0,
1789424599984,1789424599955,994944802,42.0411635,-93.6559805,3.0,248.0600832401272,1.307249,0.12759966,23.953938,fused,0,1,0,
1789424600983,1789424600956,994945802,42.0411642,-93.6559807,3.0,247.9189349928406,1.3051872,0.18197526,17.772263,fused,0,1,0,
1789424601980,1789424601956,994946802,42.0411652,-93.6559826,3.0,248.2074244514527,1.3012053,0.2199009,355.66183,fused,0,1,0,
1789424602982,1789424602955,994947802,42.0411668,-93.6559862,3.0,247.87684778228913,1.3025441,0.29152733,346.42963,fused,0,1,0,
1789424603984,1789424603956,994948802,42.0411684,-93.6559899,3.0,247.89203499008443,1.3024808,0.26185855,12.663192,fused,0,1,0,
1789424604979,1789424604956,994949802,42.0411689,-93.6559911,3.0,248.0609106846244,1.3015636,0.18745174,45.45045,fused,0,1,0,
1789424605982,1789424605955,994950802,42.0411693,-93.6559918,3.0,247.75795941753427,1.300392,0.2573778,73.65704,fused,0,1,0,
1789424606983,1789424606955,994951802,42.0411697,-93.6559936,3.0,247.5652948826242,1.3005075,0.37171364,128.39948,fused,0,1,0,
1789424607980,1789424607956,994952802,42.0411693,-93.6559977,3.0,248.1400815849056,1.3003641,0.30826625,132.71188,fused,0,1,0,
1789424608986,1789424608955,994953802,42.0411715,-93.656002,3.0,248.04590470674572,1.3006942,0.24183899,125.512886,fused,0,1,0,
1789424609981,1789424609956,994954802,42.0411738,-93.6560066,3.0,248.22663125388453,1.3007891,0.15596125,122.63098,fused,0,1,0,
1789424610983,1789424610955,994955802,42.0411758,-93.6560107,3.0,248.21966155885457,1.3004181,0.13179532,120.92644,fused,0,1,0,
1789424611984,1789424611956,994956803,42.0411769,-93.6560141,3.0,248.11415256603158,1.3007741,0.1171327,129.25995,fused,0,1,0,
1789424612982,1789424612956,994957802,42.0411777,-93.6560162,3.0,248.4129771475611,1.3006173,0.10832519,136.62434,fused,0,1,0,
1789424613985,1789424613955,994958802,42.0411779,-93.6560176,3.0,248.56847974304458,1.300783,0.116183,168.8602,fused,0,1,0,
1789424614978,1789424614956,994959802,42.0411785,-93.6560191,3.0,248.9140326300817,1.3011321,0.12048811,138.53723,fused,0,1,0,
1789424615978,1789424615956,994960802,42.0411789,-93.6560193,3.0,248.86406581958596,1.300727,0.112950355,122.70312,fused,0,1,0,
1789424616983,1789424616956,994961802,42.0411794,-93.6560196,3.0,248.38007885895206,1.3012208,0.122236766,126.793976,fused,0,1,0,
1789424617979,1789424617955,994962802,42.0411793,-93.6560196,3.0,248.43681091660864,1.3012041,0.12869518,117.947685,fused,0,1,0,
1789424618982,1789424618955,994963802,42.0411794,-93.6560194,3.0,248.3692338276308,1.3020893,0.1272178,117.370415,fused,0,1,0,
1789424619978,1789424619956,994964802,42.0411798,-93.6560192,3.0,248.30200885673918,1.3015969,0.117544755,116.10766,fused,0,1,0,
1789424620991,1789424620955,994965802,42.0411801,-93.6560192,3.0,248.2881404491498,1.3013861,0.10545221,115.55124,fused,0,1,0,
1789424621987,1789424621956,994966802,42.0411804,-93.6560195,3.0,248.2619626273031,1.3025515,0.09206376,,fused,0,1,0,
1789424622991,1789424622955,994967802,42.0411804,-93.6560196,3.0,248.23667143654285,1.3015337,0.06501077,,fused,0,1,0,
1789424623992,1789424623955,994968802,42.0411808,-93.6560201,3.0,248.16954879350385,1.3014302,0.06765692,,fused,0,1,0,
1789424624993,1789424624956,994969802,42.0411811,-93.6560199,3.0,248.0907377427314,1.3019555,0.065468386,,fused,0,1,0,
1789424625987,1789424625957,994970803,42.0411811,-93.6560206,3.0,248.0824122871856,1.301921,0.079055294,,fused,0,1,0,
1789424626974,1789424626959,994971805,42.0411806,-93.65602,3.0,248.0824122871856,1.301921,0.09423796,,fused,0,1,0,
1789424627994,1789424627955,994972802,42.0411807,-93.6560172,3.0,248.03680424094614,1.3028855,0.20970747,129.00793,fused,0,1,0,
1789424628996,1789424628955,994973802,42.0411767,-93.656011,3.0,248.0384156249757,1.3049921,0.45410347,183.32063,fused,0,1,0,
1789424630003,1789424629955,994974802,42.0411674,-93.6560094,3.0,247.9960733523542,1.3032017,0.7675871,220.36067,fused,0,1,0,
1789424630978,1789424630955,994975802,42.0411564,-93.6560111,3.007,248.0806604637428,1.3010385,0.87705535,181.75085,fused,0,1,0,
1789424631924,1789424631906,994976752,42.0411503,-93.656004,3.023,248.0806604637428,1.3010385,0.81832844,103.82169,fused,0,1,0,
1789424632981,1789424632956,994977802,42.0411502,-93.6559977,3.028,248.03437702422752,1.3022269,0.5053283,67.03058,fused,0,1,0,
1789424633978,1789424633955,994978802,42.0411497,-93.6559979,3.028,248.28919393836037,1.301531,0.4832645,87.54452,fused,0,1,0,
1789424634977,1789424634956,994979802,42.0411481,-93.6559998,3.031,248.13841545213506,1.300221,0.37809983,104.990204,fused,0,1,0,
1789424635980,1789424635955,994980802,42.0411451,-93.6560032,3.021,248.62165499823453,1.3002622,0.34609228,144.74869,fused,0,1,0,
1789424636985,1789424636955,994981802,42.0411384,-93.6560043,3.0,248.483846313029,1.3002442,0.6047108,161.37366,fused,0,1,0,
1789424637980,1789424637955,994982802,42.0411248,-93.6559914,3.016,248.29620725816818,1.3005806,1.0103621,113.48421,fused,0,1,0,
1789424638882,1789424638863,994983709,42.0411273,-93.6559832,3.016,248.29620725816818,1.3005806,0.9286195,30.347246,fused,0,1,0,
1789424639786,1789424639762,994984609,42.0411349,-93.6559809,3.015,248.43987336449965,1.3005557,1.0867407,355.7395,fused,0,1,0,
1789424640922,1789424640899,994985746,42.0411433,-93.6559793,3.0,248.4310576695596,1.3003911,1.1048656,355.93015,fused,0,1,0,
1789424641982,1789424641956,994986802,42.0411486,-93.6559652,3.0,248.3828976812507,1.3005345,1.1586602,5.802773,fused,0,1,0,
1789424642974,1789424642955,994987802,42.0411557,-93.6559522,3.019,248.34986408265235,1.300631,0.99542886,30.81273,fused,0,1,0,
1789424643982,1789424643956,994988802,42.0411567,-93.6559449,3.02,248.60363173975168,1.3009766,0.6297447,24.946962,fused,0,1,0,
1789424644983,1789424644956,994989802,42.0411566,-93.6559426,3.02,248.55520814757432,1.3006079,0.40698344,17.594238,fused,0,1,0,
1789424645982,1789424645956,994990802,42.0411554,-93.6559408,3.02,248.28083341110022,1.3010352,0.43222937,41.22932,fused,0,1,0,
1789424646976,1789424646955,994991802,42.0411519,-93.6559373,3.025,248.41042620270287,1.3007207,0.5225699,152.20074,fused,0,1,0,
1789424647986,1789424647956,994992802,42.0411431,-93.6559326,3.0,248.22267415250639,1.3018113,0.6477809,97.843155,fused,0,1,0,
1789424648985,1789424648956,994993802,42.0411411,-93.6559243,3.0,248.25458819923853,1.3013092,0.57118213,46.26804,fused,0,1,0,
1789424649991,1789424649955,994994802,42.0411405,-93.6559217,3.0,248.4761298386319,1.3008589,0.3874376,40.038124,fused,0,1,0,
1789424650988,1789424650956,994995803,42.0411377,-93.6559235,3.0,248.48450098037807,1.3014587,0.15042998,39.888256,fused,0,1,0,
1789424651995,1789424651955,994996802,42.0411364,-93.6559253,3.0,248.14697151832337,1.3014413,0.25052333,42.79256,fused,0,1,0,
1789424652984,1789424652956,994997802,42.0411367,-93.6559268,3.0,247.98424172499983,1.301234,0.24737439,45.344368,fused,0,1,0,
1789424653988,1789424653955,994998802,42.0411366,-93.6559295,3.0,247.87750067973258,1.3018521,0.17017038,47.94267,fused,0,1,0,
1789424654990,1789424654955,994999802,42.0411369,-93.6559348,3.0,247.85413603395097,1.3016717,0.33880508,42.12905,fused,0,1,0,
1789424655990,1789424655956,995000802,42.0411376,-93.6559385,3.0,247.79513627500347,1.3022898,0.30987895,37.884636,fused,0,1,0,
1789424656979,1789424656956,995001802,42.0411375,-93.6559431,3.0,247.7822093567795,1.302555,0.3597917,31.120613,fused,0,1,0,
1789424657922,1789424657903,995002749,42.04114,-93.6559434,3.0,247.7822093567795,1.302555,0.37437057,20.103004,fused,0,1,0,
1789424658979,1789424658956,995003802,42.041142,-93.6559483,3.0,247.62922181832198,1.3028777,0.5004569,65.40382,fused,0,1,0,
1789424659980,1789424659956,995004802,42.0411398,-93.6559507,3.0,247.5564658189649,1.3013209,0.32995704,95.55595,fused,0,1,0,
1789424660980,1789424660956,995005802,42.0411377,-93.6559552,3.0,247.95914306377972,1.3011718,0.16519982,102.830475,fused,0,1,0,
1789424661981,1789424661956,995006802,42.041136,-93.6559606,3.0,247.6230339334291,1.302115,0.10909234,108.36234,fused,0,1,0,
1789424662985,1789424662956,995007802,42.0411355,-93.6559635,3.0,247.60950645986213,1.3019649,0.09321831,,fused,0,1,0,
1789424663992,1789424663955,995008802,42.0411354,-93.6559659,3.0,247.96726466535517,1.3002212,0.097170435,,fused,0,1,0,
1789424664989,1789424664955,995009802,42.0411354,-93.6559677,3.0,248.0232871637201,1.3001676,0.10626056,113.17231,fused,0,1,0,
1789424665987,1789424665956,995010802,42.0411355,-93.6559693,3.0,248.0369548459454,1.3003198,0.09276967,,fused,0,1,0,
1789424666989,1789424666957,995011803,42.0411358,-93.6559702,3.0,247.93525826136124,1.3004959,0.09137614,,fused,0,1,0,
1789424667980,1789424667955,995012802,42.0411359,-93.6559718,3.0,248.01109933302592,1.3005768,0.09264697,,fused,0,1,0,
1789424668981,1789424668955,995013802,42.0411358,-93.6559725,3.0,248.06473768246616,1.3002836,0.10128957,107.18503,fused,0,1,0,
1789424669979,1789424669956,995014802,42.0411358,-93.655973,3.0,248.0205569315051,1.3005086,0.10158062,122.13614,fused,0,1,0,
1789424670980,1789424670955,995015802,42.0411358,-93.6559736,3.0,248.08210880436218,1.300408,0.094006285,,fused,0,1,0,
1789424671979,1789424671956,995016802,42.0411359,-93.6559742,3.0,248.0318875876917,1.3006291,0.095987245,,fused,0,1,0,
1789424672976,1789424672955,995017802,42.0411362,-93.6559744,3.0,248.26524433778047,1.300807,0.08660096,,fused,0,1,0,
1789424673978,1789424673956,995018802,42.0411359,-93.6559742,3.0,248.18889047125555,1.300552,0.102926016,123.10866,fused,0,1,0,
1789424674983,1789424674955,995019802,42.041136,-93.6559743,3.0,248.01344937055683,1.300686,0.10062184,124.197655,fused,0,1,0,
1789424675977,1789424675956,995020802,42.0411363,-93.6559746,3.0,247.96139505315847,1.3006732,0.09316616,,fused,0,1,0,
1789424676981,1789424676955,995021802,42.041136,-93.6559745,3.0,247.9320532589672,1.3010241,0.085500106,,fused,0,1,0,
1789424677982,1789424677955,995022802,42.0411356,-93.6559743,3.0,247.9456275944264,1.3009744,0.09058473,,fused,0,1,0,
1789424678978,1789424678955,995023802,42.0411352,-93.655975,3.0,248.00668935504945,1.3006821,0.087032914,,fused,0,1,0,
1789424679923,1789424679904,995024750,42.0411357,-93.6559743,3.0,248.00668935504945,1.3006821,0.095964305,,fused,0,1,0,
1789424680981,1789424680956,995025803,42.0411399,-93.6559816,3.0,247.8756939271355,1.3014752,0.4417242,32.60517,fused,0,1,0,
1789424681981,1789424681955,995026802,42.0411441,-93.6559838,3.0,247.7672495375752,1.3010378,0.6623103,65.352776,fused,0,1,0,
1789424682979,1789424682956,995027802,42.0411476,-93.6559807,3.0,247.68091905370648,1.3014241,0.8484376,78.28541,fused,0,1,0,
1789424683983,1789424683955,995028802,42.0411515,-93.6559766,3.0,247.66722257854542,1.3017323,0.97058046,106.36623,fused,0,1,0,
1789424684880,1789424684859,995029705,42.0411486,-93.6559719,3.0,247.66722257854542,1.3017323,0.9302301,147.01312,fused,0,1,0,
1789424685878,1789424685859,995030706,42.041145,-93.6559871,3.0,247.64582035373462,1.3015063,0.87196153,242.71225,fused,0,1,0,
1789424686979,1789424686957,995031803,42.0411521,-93.6560209,3.0,247.6103352155896,1.3046824,1.0303441,296.6962,fused,0,1,0,
1789424687980,1789424687956,995032802,42.0411586,-93.6560408,3.0,247.62009101341124,1.3031776,1.0800685,284.87463,fused,0,1,0,
1789424688983,1789424688955,995033802,42.0411562,-93.6560548,3.0,247.7852431673631,1.3008729,0.9881894,209.0449,fused,0,1,0,
1789424689980,1789424689955,995034802,42.0411505,-93.6560582,3.0,247.8685677557757,1.3012297,1.0118035,156.25603,fused,0,1,0,
1789424690979,1789424690956,995035803,42.0411467,-93.6560539,3.0,248.18712677771725,1.3006015,0.7334997,162.39543,fused,0,1,0,
1789424691985,1789424691955,995036802,42.0411481,-93.6560535,3.0,248.0555393869157,1.3010151,0.7953369,195.50862,fused,0,1,0,
1789424692978,1789424692956,995037803,42.0411517,-93.6560568,3.008,248.53546040520985,1.300519,0.72584367,294.83997,fused,0,1,0,
1789424693980,1789424693957,995038803,42.0411571,-93.6560576,3.022,248.3262258191748,1.3002188,1.0157897,309.72424,fused,0,1,0,
1789424694985,1789424694957,995039803,42.0411561,-93.6560602,3.038,248.3888013576293,1.3001862,1.2199451,283.56018,fused,0,1,0,
1789424695980,1789424695956,995040802,42.0411476,-93.6560628,3.041,248.3336913028213,1.3004596,1.1958319,254.4386,fused,0,1,0,
1789424696981,1789424696955,995041802,42.0411368,-93.6560646,3.108,248.45823280429443,1.3003807,1.2611685,241.17888,fused,0,1,0,
1789424697992,1789424697956,995042802,42.0411249,-93.6560641,3.223,248.65617888798562,1.3002577,1.3491205,233.11545,fused,0,1,0,
1789424698980,1789424698956,995043803,42.041113,-93.6560724,3.521,248.46299923325614,1.300328,1.426089,223.84685,fused,0,1,0,
1789424699984,1789424699957,995044803,42.0411001,-93.656085,3.87,248.60143833266756,1.3002945,1.5451338,225.18103,fused,0,1,0,
1789424700981,1789424700956,995045802,42.0410887,-93.6561015,4.442,248.55891560511537,1.3002222,1.5948085,245.01895,fused,0,1,0,
1789424701979,1789424701955,995046802,42.0410864,-93.656123,5.013,248.53487893584213,1.3005307,1.6420285,279.21158,fused,0,1,0,
1789424702981,1789424702955,995047802,42.0410352,-93.6560088,5.257,248.4187771602006,1.3007523,1.2511892,205.33604,fused,0,1,0,
1789424703986,1789424703956,995048803,42.0410038,-93.6559389,5.647,248.36767513743075,1.3005401,2.1367333,138.64505,fused,0,1,0,
1789424704987,1789424704955,995049802,42.0409857,-93.6559276,5.551,248.1128598779335,1.3005437,1.6808971,166.41492,fused,0,1,0,
1789424705986,1789424705955,995050802,42.0409659,-93.6559291,5.37,247.83282801392926,1.3007166,1.6748937,203.36426,fused,0,1,0,
1789424706983,1789424706956,995051802,42.0409452,-93.6559313,5.112,247.6403695482034,1.3005967,1.6836561,165.47641,fused,0,1,0,
1789424707875,1789424707861,995052708,42.0409303,-93.6559237,4.601,247.6403695482034,1.3005967,1.6252749,171.40314,fused,0,1,0,
1789424708864,1789424708845,995053692,42.0409137,-93.6559263,3.927,247.52438474588564,1.3005757,1.554831,180.10301,fused,0,1,0,
1789424709898,1789424709880,995054727,42.0408982,-93.6559234,3.688,247.53866616790077,1.3009481,1.4596297,174.51624,fused,0,1,0,
1789424710983,1789424710955,995055802,42.0408809,-93.6559167,3.342,247.2366739213586,1.300888,1.4823368,164.96211,fused,0,1,0,
1789424711979,1789424711955,995056802,42.040866,-93.6559096,3.29,246.99506698393577,1.3015208,1.4548478,156.77234,fused,0,1,0,
1789424712982,1789424712960,995057807,42.0408529,-93.6558991,3.199,246.99506698393577,1.3015208,1.4088919,143.5986,fused,0,1,0,
1789424713940,1789424713920,995058766,42.0408413,-93.6558862,3.182,246.83593723600438,1.3038429,1.4000239,133.97778,fused,0,1,0,
1789424714942,1789424714920,995059767,42.0408277,-93.6558667,3.165,246.8133811483974,1.3014948,1.4137836,130.05928,fused,0,1,0,
1789424715863,1789424715846,995060692,42.0408194,-93.655854,3.182,246.55929215321027,1.3022482,1.4172741,133.08476,fused,0,1,0,
1789424716901,1789424716880,995061727,42.040807,-93.6558412,3.214,246.44705242714025,1.3041124,1.4065859,138.56873,fused,0,1,0,
1789424717919,1789424717899,995062745,42.040793,-93.6558299,3.244,246.59123505678247,1.3022817,1.3925519,140.98563,fused,0,1,0,
1789424718987,1789424718955,995063801,42.0407766,-93.6558157,3.173,246.44224736661124,1.300696,1.487702,138.54451,fused,0,1,0,
1789424719965,1789424719943,995064790,42.0407654,-93.6558022,3.158,246.44224736661124,1.300696,1.4298774,134.07492,fused,0,1,0,
1789424720966,1789424720944,995065791,42.0407541,-93.6557866,3.14,246.4703603694075,1.3006411,1.4448845,132.15695,fused,0,1,0,
1789424721984,1789424721954,995066801,42.040743,-93.6557692,3.109,246.47149402082493,1.3005285,1.4973756,131.50592,fused,0,1,0,
1789424722926,1789424722904,995067751,42.0407331,-93.6557563,3.089,246.47149402082493,1.3005285,1.4157538,141.1428,fused,0,1,0,
1789424723901,1789424723881,995068727,42.0407204,-93.6557453,3.089,246.5441008853772,1.3001022,1.4571306,140.23033,fused,0,1,0,
1789424724985,1789424724955,995069801,42.0407075,-93.6557308,3.062,246.45141458053433,1.3002408,1.5379792,132.18791,fused,0,1,0,
1789424725988,1789424725954,995070801,42.0406978,-93.6557157,3.042,246.36453640718383,1.3003354,1.5278251,131.10582,fused,0,1,0,
1789424726987,1789424726955,995071801,42.0406885,-93.6556998,3.039,246.43485002038432,1.3002479,1.5190821,129.3848,fused,0,1,0,
1789424727981,1789424727955,995072801,42.0406812,-93.6556825,3.016,246.20999656738888,1.300316,1.4966828,119.097145,fused,0,1,0,
1789424729006,1789424728955,995073801,42.0406765,-93.6556631,3.0,246.38173877042766,1.300291,1.5219394,113.552765,fused,0,1,0,
1789424729989,1789424729955,995074802,42.0406696,-93.6556444,3.005,246.46283474485188,1.3003374,1.5700113,125.862335,fused,0,1,0,
1789424730962,1789424730939,995075786,42.0406586,-93.6556302,3.061,246.46283474485188,1.3003374,1.5166205,146.38916,fused,0,1,0,
1789424731917,1789424731899,995076745,42.0406443,-93.6556202,3.099,246.4391505596741,1.3005109,1.4952397,142.53853,fused,0,1,0,
1789424732861,1789424732841,995077687,42.0406316,-93.6556099,3.123,246.31693623990367,1.3004841,1.4924892,147.91583,fused,0,1,0,
1789424733986,1789424733955,995078801,42.0406136,-93.6555993,3.136,246.2898177832747,1.3005372,1.5827688,153.5502,fused,0,1,0,
1789424734979,1789424734955,995079801,42.0405952,-93.6555927,3.114,246.2678895034361,1.3006445,1.6452959,177.11697,fused,0,1,0,
1789424735982,1789424735954,995080801,42.0405844,-93.6555843,3.074,246.5627999028813,1.3004886,1.6471814,149.73308,fused,0,1,0,
1789424736975,1789424736954,995081801,42.0405741,-93.6555685,3.053,246.45735820947255,1.3004943,1.6751527,152.94235,fused,0,1,0,
1789424737979,1789424737955,995082802,42.0405652,-93.6555493,3.06,246.52909640569686,1.3009895,1.6725765,154.40363,fused,0,1,0,
1789424738976,1789424738955,995083801,42.0405578,-93.6555264,3.082,246.60983539939463,1.3009653,1.6622669,135.62419,fused,0,1,0,
1789424739984,1789424739955,995084801,42.0405535,-93.6554995,3.087,246.62927076173452,1.3009161,1.6670275,115.82082,fused,0,1,0,
1789424740982,1789424740954,995085801,42.0405506,-93.6554732,3.091,246.692965341532,1.3012024,1.712924,103.34643,fused,0,1,0,
1789424741981,1789424741956,995086802,42.0405478,-93.6554492,3.089,246.56311995545713,1.3012285,1.7331054,110.865715,fused,0,1,0,
1789424742982,1789424742955,995087801,42.0405393,-93.6554291,3.068,246.71473962624543,1.3014721,1.7550364,135.53067,fused,0,1,0,
1789424743984,1789424743954,995088801,42.0405272,-93.655412,3.049,246.70678876178965,1.3017217,1.7659764,130.89404,fused,0,1,0,
1789424744984,1789424744954,995089801,42.0405145,-93.6553962,3.05,247.02524698542572,1.3021092,1.7758615,133.72424,fused,0,1,0,
1789424745994,1789424745955,995090801,42.0405014,-93.6553812,3.062,246.95776860745337,1.3014128,1.7670103,132.38922,fused,0,1,0,
1789424746979,1789424746954,995091801,42.040488,-93.6553667,3.072,246.77004677363158,1.3006508,1.7555043,134.4759,fused,0,1,0,
1789424747982,1789424747955,995092801,42.0404747,-93.6553531,3.083,246.91698062890725,1.3007066,1.7467636,139.88698,fused,0,1,0,
1789424748980,1789424748956,995093802,42.0404592,-93.6553422,3.108,247.0179646488719,1.3005886,1.7657108,155.36485,fused,0,1,0,
1789424749983,1789424749954,995094801,42.0404419,-93.655339,3.118,247.05155899608297,1.3004936,1.7528089,176.38698,fused,0,1,0,
1789424750983,1789424750954,995095801,42.0404263,-93.6553405,3.118,247.06263812505,1.300059,1.651248,181.21535,fused,0,1,0,
1789424751880,1789424751864,995096710,42.040412,-93.6553416,3.118,247.06263812505,1.300059,1.6177156,180.07013,fused,0,1,0,
1789424752981,1789424752954,995097801,42.0404033,-93.6553356,3.11,247.20152913026845,1.3001297,1.1155772,168.81398,fused,0,1,0,
1789424753979,1789424753955,995098801,42.0403939,-93.6553306,3.076,247.22921135409996,1.3003107,1.160092,169.26585,fused,0,1,0,
1789424754980,1789424754955,995099801,42.0403827,-93.6553255,3.046,247.09918773934487,1.300279,1.2432238,152.56671,fused,0,1,0,
1789424755981,1789424755955,995100801,42.0403746,-93.65531,3.024,247.22182603340758,1.3002291,1.3850393,111.94056,fused,0,1,0,
1789424756991,1789424756954,995101801,42.0403698,-93.6552934,3.0,247.11499795157783,1.300234,1.3817251,108.97119,fused,0,1,0,
1789424757980,1789424757954,995102801,42.0403703,-93.6552885,3.0,247.0438829121312,1.3003362,0.7305214,116.58382,fused,0,1,0,
1789424758986,1789424758954,995103801,42.0403704,-93.655292,3.0,247.22379057768518,1.3002346,0.3915807,119.96575,fused,0,1,0,
1789424759983,1789424759956,995104802,42.0403714,-93.655297,3.0,247.1963438319857,1.3004917,0.21056576,119.867615,fused,0,1,0,
1789424760984,1789424760954,995105801,42.0403729,-93.6553028,3.0,247.0393290540694,1.3003826,0.14600122,118.297806,fused,0,1,0,
1789424761981,1789424761955,995106801,42.0403737,-93.6553075,3.0,247.20117392300807,1.3003852,0.11928803,133.46466,fused,0,1,0,
1789424762976,1789424762954,995107801,42.0403743,-93.6553119,3.0,247.06179089091694,1.3003937,0.105228074,136.56041,fused,0,1,0,
1789424763981,1789424763954,995108801,42.0403749,-93.6553139,3.0,247.39943112398169,1.3004643,0.105575755,126.09966,fused,0,1,0,
1789424764976,1789424764954,995109801,42.0403751,-93.6553157,3.0,247.24388483693383,1.3004228,0.1223324,121.59027,fused,0,1,0,
1789424765978,1789424765954,995110801,42.0403752,-93.655317,3.0,247.17218783310312,1.3003955,0.103735834,116.71343,fused,0,1,0,
1789424766980,1789424766954,995111801,42.0403757,-93.6553193,3.0,247.41861347629236,1.3006698,0.09737351,,fused,0,1,0,
1789424767985,1789424767955,995112801,42.0403764,-93.6553222,3.0,247.34430863712066,1.300713,0.074031636,,fused,0,1,0,
1789424768982,1789424768955,995113801,42.0403769,-93.6553244,3.0,247.1517096014826,1.3006343,0.07085931,,fused,0,1,0,
1789424769982,1789424769954,995114801,42.040377,-93.6553265,3.0,247.10756564254575,1.3009772,0.066758834,,fused,0,1,0,
1789424770980,1789424770955,995115801,42.0403771,-93.6553298,3.0,246.99963096117244,1.3010135,0.06655415,,fused,0,1,0,
1789424771986,1789424771955,995116801,42.0403775,-93.6553316,3.0,246.98738678493908,1.3013827,0.07730969,,fused,0,1,0,
1789424772989,1789424772954,995117801,42.0403779,-93.6553332,3.0,247.10689087947986,1.3012631,0.0673018,,fused,0,1,0,
1789424773986,1789424773955,995118801,42.040378,-93.6553339,3.0,247.32814354865872,1.3017523,6.865937E-8,,fused,0,1,0,
1789424774978,1789424774955,995119801,42.0403784,-93.6553349,3.0,247.21233121679683,1.3011732,0.010195884,,fused,0,1,0,
1789424775978,1789424775954,995120801,42.0403786,-93.6553358,3.0,247.07885227277342,1.3005352,0.022023702,,fused,0,1,0,
1789424776979,1789424776955,995121801,42.0403788,-93.6553364,3.0,247.18067298089704,1.3005973,0.027196424,,fused,0,1,0,
1789424777979,1789424777954,995122801,42.040379,-93.6553368,3.0,247.36382364377982,1.3005068,0.031612035,,fused,0,1,0,
1789424778979,1789424778954,995123801,42.0403793,-93.6553373,3.0,247.3882879940631,1.3003228,0.03887104,,fused,0,1,0,
1789424779976,1789424779955,995124801,42.0403794,-93.6553376,3.0,247.34888453633698,1.3000501,0.04319032,,fused,0,1,0,
1789424780979,1789424780955,995125801,42.0403794,-93.6553379,3.0,247.3555547903601,1.3000658,0.047807492,,fused,0,1,0,
1789424781981,1789424781955,995126801,42.0403794,-93.6553381,3.0,247.2724202004211,1.3001114,0.051195897,,fused,0,1,0,
1789424782982,1789424782954,995127801,42.0403794,-93.6553382,3.0,247.2689531836536,1.3001913,0.050581276,,fused,0,1,0,
1789424783980,1789424783955,995128801,42.0403794,-93.6553384,3.0,247.18350480892133,1.3003254,0.05319713,,fused,0,1,0,
1789424784978,1789424784955,995129801,42.0403794,-93.6553386,3.0,247.33031045318103,1.300124,0.054906722,,fused,0,1,0,
1789424785980,1789424785954,995130801,42.0403793,-93.6553385,3.0,247.2476489263404,1.3002844,0.058481473,,fused,0,1,0,
1789424786975,1789424786954,995131801,42.0403794,-93.6553385,3.0,247.2436639052687,1.3002099,0.2737897,124.6579,fused,0,1,0,
1789424787977,1789424787954,995132801,42.0403788,-93.6553373,3.0,247.3789973172593,1.3002033,0.08997334,,fused,0,1,0,
1789424788977,1789424788954,995133801,42.0403788,-93.6553373,3.0,247.3848469894329,1.3003762,0.26056352,138.56812,fused,0,1,0,
1789424789975,1789424789955,995134801,42.0403781,-93.6553371,3.0,247.2396468739742,1.3003362,0.23077957,159.07358,fused,0,1,0,
1789424790981,1789424790955,995135801,42.0403771,-93.6553384,3.0,247.38108381589257,1.300249,1.2868061,213.78539,fused,0,1,0,
1789424791981,1789424791954,995136801,42.0403727,-93.6553516,3.01,247.2712385885883,1.3003893,1.427138,254.55815,fused,0,1,0,
1789424792978,1789424792955,995137801,42.0403679,-93.6553716,3.168,247.5884722305513,1.3003063,1.4057357,255.2271,fused,0,1,0,
1789424793981,1789424793955,995138802,42.0403446,-93.6553736,3.342,247.6538628199101,1.3059472,1.357027,218.17966,fused,0,1,0,
1789424794979,1789424794955,995139801,42.0403237,-93.6553663,3.371,247.58277425525853,1.306954,1.5168453,191.84183,fused,0,1,0,
1789424795980,1789424795954,995140801,42.0403019,-93.6553595,3.419,247.393909052563,1.3205148,1.593389,181.84317,fused,0,1,0,
1789424796982,1789424796954,995141801,42.0402848,-93.6553565,3.417,247.40408197338093,1.3191775,1.57714,173.54762,fused,0,1,0,
1789424797980,1789424797955,995142801,42.04027,-93.6553568,3.358,247.24673928969435,1.3098091,1.5607721,177.32375,fused,0,1,0,
1789424798896,1789424798878,995143724,42.0402562,-93.655357,3.314,247.24673928969435,1.3098091,1.5540785,169.21548,fused,0,1,0,
1789424799926,1789424799904,995144751,42.0402437,-93.6553585,3.265,246.70209492568455,1.300901,1.4928738,166.99236,fused,0,1,0,
1789424800944,1789424800923,995145769,42.0402312,-93.6553652,3.225,246.7272947055053,1.3007487,1.5140736,186.67181,fused,0,1,0,
1789424801981,1789424801954,995146801,42.0402216,-93.655386,3.195,246.65469629856324,1.3012195,1.5651101,205.99419,fused,0,1,0,
1789424802978,1789424802954,995147801,42.04021,-93.6554015,3.187,246.91676534995088,1.301422,1.5873207,204.25696,fused,0,1,0,
1789424803984,1789424803954,995148801,42.0401984,-93.6554185,3.16,246.96286614228393,1.3013303,1.6266633,215.74323,fused,0,1,0,
1789424804981,1789424804954,995149801,42.0401884,-93.6554377,3.125,246.88606875747678,1.3004906,1.6086822,224.56,fused,0,1,0,
1789424805974,1789424805954,995150801,42.040179,-93.6554549,3.1,247.7672640036683,1.3004068,1.6210291,225.52028,fused,0,1,0,
1789424806976,1789424806954,995151801,42.04017,-93.6554711,3.099,247.88586076573284,1.3004088,1.5885432,234.48781,fused,0,1,0,
1789424807979,1789424807955,995152801,42.0401641,-93.6554919,3.084,247.9293430330008,1.3002709,1.7218928,261.33612,fused,0,1,0,
1789424808978,1789424808955,995153801,42.0401624,-93.6555145,3.079,248.0911288062432,1.3000416,1.5944343,241.68298,fused,0,1,0,
1789424809980,1789424809954,995154801,42.0401488,-93.6555268,3.055,248.1815871702973,1.30013,1.8491466,189.14963,fused,0,1,0,
1789424810980,1789424810955,995155801,42.0401357,-93.655523,3.042,248.10811958974625,1.3000796,1.4361616,171.93932,fused,0,1,0,
1789424811904,1789424811885,995156732,42.0401257,-93.6555207,3.049,248.10811958974625,1.3000796,1.3147293,197.18285,fused,0,1,0,
1789424812981,1789424812955,995157801,42.0401207,-93.655523,3.049,247.93920561990427,1.3001521,1.0619521,219.91356,fused,0,1,0,
1789424813979,1789424813954,995158801,42.0401192,-93.655528,3.034,247.90181682267104,1.3001838,1.0661455,217.77225,fused,0,1,0,
1789424814985,1789424814955,995159801,42.0401185,-93.6555328,3.026,247.8867729363007,1.3001425,0.8590191,218.95316,fused,0,1,0,
1789424815979,1789424815955,995160801,42.0401202,-93.6555334,3.031,247.8065127339068,1.300232,0.55460364,220.88557,fused,0,1,0,
1789424816983,1789424816954,995161801,42.0401222,-93.6555325,3.0,247.8032791695597,1.3001385,0.3623598,223.00108,fused,0,1,0,
1789424817978,1789424817954,995162801,42.0401255,-93.6555302,3.0,247.80214645423166,1.3003759,0.1860178,221.9428,fused,0,1,0,
1789424818878,1789424818859,995163706,42.0401263,-93.6555292,3.0,247.80214645423166,1.3003759,0.11590336,197.40208,fused,0,1,0,
1789424819989,1789424819955,995164801,42.0401319,-93.6555262,3.0,247.66704524235485,1.3003169,0.18647367,152.17053,fused,0,1,0,
1789424820986,1789424820954,995165801,42.040137,-93.6555255,3.0,247.6898709142041,1.3002723,0.11345164,153.7163,fused,0,1,0,
1789424821990,1789424821954,995166801,42.0401406,-93.6555262,3.0,247.7685221361644,1.3004363,0.069499426,,fused,0,1,0,
1789424822980,1789424822954,995167801,42.0401434,-93.6555271,3.0,248.05182864244057,1.3002048,0.0798259,,fused,0,1,0,
1789424823979,1789424823954,995168801,42.0401457,-93.6555281,3.0,247.98879579986635,1.304789,0.07296764,,fused,0,1,0,
1789424824986,1789424824955,995169801,42.0401476,-93.6555295,3.0,247.69738240083115,1.3065392,0.07301831,,fused,0,1,0,
1789424825984,1789424825955,995170801,42.040149,-93.6555302,3.0,247.9352350941682,1.3241262,0.06251953,,fused,0,1,0,
1789424826987,1789424826956,995171802,42.0401497,-93.6555307,3.0,247.8450231971495,1.3206218,0.058463573,,fused,0,1,0,
1789424827982,1789424827955,995172801,42.0401503,-93.6555317,3.0,247.40349077601496,1.3077328,0.061040152,,fused,0,1,0,
1789424828988,1789424828955,995173801,42.0401506,-93.6555331,3.0,247.46037554163996,1.3009244,0.056785397,,fused,0,1,0,
1789424829985,1789424829954,995174801,42.0401504,-93.655534,3.0,247.42150732201276,1.300851,0.060588274,,fused,0,1,0,
1789424830989,1789424830954,995175801,42.0401504,-93.6555347,3.0,247.36146218473203,1.3008372,0.06741836,,fused,0,1,0,
1789424831987,1789424831954,995176801,42.0401506,-93.6555348,3.0,247.61225303535775,1.3011575,0.0985649,,fused,0,1,0,
1789424832976,1789424832955,995177801,42.0401508,-93.6555357,3.0,247.39520285865615,1.3008952,0.084489785,,fused,0,1,0,
1789424833977,1789424833955,995178801,42.0401507,-93.6555353,3.0,247.316257163143,1.3003346,0.092691086,,fused,0,1,0,
1789424834978,1789424834955,995179801,42.0401507,-93.6555356,3.0,247.67166365780128,1.3040773,0.09706328,,fused,0,1,0,
1789424835976,1789424835954,995180801,42.0401517,-93.6555363,3.0,247.65759989498764,1.3085415,0.11714644,158.0483,fused,0,1,0,
1789424836976,1789424836955,995181801,42.0401534,-93.6555369,3.0,247.6989338534288,1.300626,0.1290457,183.0579,fused,0,1,0,
1789424837917,1789424837899,995182746,42.040153,-93.6555375,3.0,247.6989338534288,1.300626,0.14409287,219.96709,fused,0,1,0,
1789424838984,1789424838954,995183801,42.0401435,-93.655544,3.0,247.67510927270206,1.3012887,0.15354899,262.07187,fused,0,1,0,
1789424839990,1789424839954,995184801,42.0401365,-93.6555438,3.0,247.68486802691547,1.300146,0.15036133,160.2574,fused,0,1,0,
1789424840983,1789424840954,995185801,42.0401308,-93.6555408,3.0,247.64650972437664,1.3001118,0.16574581,155.58142,fused,0,1,0,
1789424841985,1789424841954,995186801,42.0401289,-93.6555395,3.0,247.67764558158547,1.3002207,0.35598516,159.36722,fused,0,1,0,
1789424842991,1789424842955,995187801,42.040127,-93.6555384,3.0,247.73463396913803,1.3000786,0.0063724234,,fused,0,1,0,
1789424843990,1789424843955,995188801,42.0401295,-93.6555377,3.0,247.54307643144244,1.3002034,0.11657739,154.62572,fused,0,1,0,
1789424844993,1789424844955,995189801,42.0401235,-93.6555335,3.0,247.61799723911435,1.3001305,0.1695211,143.65755,fused,0,1,0,
1789424845977,1789424845954,995190801,42.0401152,-93.6555255,3.0,247.7178099930457,1.3001168,0.54714596,138.512,fused,0,1,0,
1789424846981,1789424846956,995191802,42.0401041,-93.6555142,3.0,247.95897465390271,1.3002439,0.76184976,168.32289,fused,0,1,0,
1789424847981,1789424847955,995192801,42.0400948,-93.6555121,3.0,248.12760848563408,1.3002399,0.6037478,196.06558,fused,0,1,0,
1789424848981,1789424848954,995193801,42.0400915,-93.6555107,3.0,247.95331187210064,1.3001864,0.40689322,195.36382,fused,0,1,0,
1789424849983,1789424849955,995194801,42.0400923,-93.6555077,3.0,247.86979453711962,1.3003086,0.20056634,192.6009,fused,0,1,0,
1789424850981,1789424850954,995195801,42.0400902,-93.6555041,3.0,247.91783146464002,1.3003064,0.38269266,195.62137,fused,0,1,0,
1789424851876,1789424851858,995196704,42.040088,-93.6555044,3.0,247.91783146464002,1.3003064,0.3400311,204.36092,fused,0,1,0,
1789424852842,1789424852824,995197671,42.0400894,-93.6554999,3.0,248.28170123295894,1.3002595,0.19734488,198.99466,fused,0,1,0,
1789424853980,1789424853955,995198801,42.0400816,-93.6554922,3.018,248.04487902533674,1.306357,0.29963934,189.17346,fused,0,1,0,
1789424854981,1789424854954,995199801,42.040081,-93.6554869,3.017,248.32623631137733,1.3241988,0.17114975,186.35098,fused,0,1,0,
1789424855978,1789424855955,995200801,42.0400805,-93.6554834,3.015,248.14632914599656,1.3202825,0.12980273,186.02708,fused,0,1,0,
1789424856984,1789424856955,995201801,42.0400744,-93.6554794,3.017,247.67794224223513,1.3074993,0.38078773,188.507,fused,0,1,0,
1789424857986,1789424857956,995202802,42.0400636,-93.6554811,3.038,247.76114473194934,1.3009306,0.838347,171.50508,fused,0,1,0,
1789424858988,1789424858954,995203801,42.0400545,-93.6554731,3.022,247.86138675446523,1.3004998,1.0104425,89.02014,fused,0,1,0,
1789424859986,1789424859954,995204801,42.0400556,-93.655464,3.026,247.82121342414922,1.3008271,0.700147,106.0,fused,0,1,0,
1789424860990,1789424860955,995205801,42.0400559,-93.6554649,3.034,248.01953133596453,1.301018,0.5396147,116.9039,fused,0,1,0,
1789424861991,1789424861955,995206801,42.0400582,-93.6554698,3.03,247.77814781580872,1.3009181,0.2586749,108.60299,fused,0,1,0,
1789424862989,1789424862954,995207801,42.0400608,-93.6554756,3.0,247.8728382552839,1.3002169,0.14142275,115.04787,fused,0,1,0,
1789424863982,1789424863955,995208801,42.0400635,-93.6554809,3.0,247.85319780579698,1.300362,0.10596302,114.69061,fused,0,1,0,
1789424864990,1789424864955,995209801,42.0400651,-93.6554839,3.0,247.8445048174031,1.3042451,0.11837848,116.297806,fused,0,1,0,
1789424865983,1789424865955,995210801,42.0400666,-93.6554871,3.0,247.8917467081185,1.3081808,0.16766411,148.18202,fused,0,1,0,
1789424866979,1789424866955,995211801,42.0400689,-93.6554916,3.0,247.88542082982502,1.3005863,0.17264442,151.76442,fused,0,1,0,
1789424867977,1789424867954,995212801,42.0400732,-93.6554962,3.0,247.89585047932292,1.3074775,0.17706901,110.19159,fused,0,1,0,
1789424868980,1789424868954,995213801,42.040079,-93.655501,3.0,247.89256380219814,1.301042,0.14704476,109.08872,fused,0,1,0,
1789424869979,1789424869956,995214802,42.0400847,-93.6555051,3.0,247.86349139583012,1.300099,0.10781859,112.684456,fused,0,1,0,
1789424870986,1789424870954,995215801,42.040091,-93.655508,3.0,247.98855286664474,1.3001124,0.13624425,115.359184,fused,0,1,0,
1789424871979,1789424871954,995216801,42.0400982,-93.6555087,3.0,247.98936299621306,1.300067,0.24134013,113.151115,fused,0,1,0,
1789424872981,1789424872955,995217801,42.0401008,-93.6555065,3.0,247.94771890134155,1.3000971,0.29612735,95.07312,fused,0,1,0,
1789424873980,1789424873960,995218807,42.0401034,-93.6555026,3.0,247.94771890134155,1.3000971,0.33835718,59.684353,fused,0,1,0,
1789424874984,1789424874955,995219801,42.0401147,-93.6554885,3.0,248.0540275267266,1.3000747,0.8542814,35.738407,fused,0,1,0,
1789424875990,1789424875954,995220801,42.0401258,-93.655468,3.0,248.22107748100524,1.3002247,1.3718764,49.801456,fused,0,1,0,
1789424876991,1789424876954,995221801,42.0401393,-93.6554519,3.0,248.2844416608969,1.3001968,1.2576623,40.80192,fused,0,1,0,
1789424877915,1789424877897,995222744,42.0401508,-93.6554427,3.005,248.2844416608969,1.3001968,1.2173916,29.9167,fused,0,1,0,
1789424878982,1789424878955,995223801,42.040175,-93.6554421,3.005,248.10343232177354,1.3001856,1.3172015,342.30212,fused,0,1,0,
1789424879979,1789424879954,995224801,42.0401987,-93.6554506,3.005,248.25674103498375,1.3002236,1.3030756,1.1427276,fused,0,1,0,
1789424880980,1789424880956,995225802,42.0402252,-93.6554515,3.019,248.5197751590918,1.3001357,1.3585656,13.961957,fused,0,1,0,
1789424881937,1789424881920,995226766,42.0402438,-93.6554478,3.019,248.5197751590918,1.3001357,1.3261636,30.38485,fused,0,1,0,
1789424882979,1789424882954,995227801,42.0402666,-93.6554337,3.015,248.20977028007934,1.3057826,1.3519832,42.533688,fused,0,1,0,
1789424883981,1789424883955,995228801,42.0402894,-93.6554218,3.013,248.41948172331223,1.3221618,1.6926764,18.209976,fused,0,1,0,
1789424884983,1789424884956,995229802,42.0403159,-93.6554139,3.012,248.24613998584164,1.3197354,1.6749719,15.837048,fused,0,1,0,
1789424885975,1789424885954,995230801,42.0403298,-93.6554071,3.0,247.7418568547311,1.3069601,1.540178,31.317736,fused,0,1,0,
1789424886904,1789424886882,995231729,42.0403411,-93.6553967,3.0,247.7418568547311,1.3069601,1.5143182,36.393715,fused,0,1,0,
1789424887939,1789424887919,995232765,42.040351,-93.6553863,3.005,247.60216542079513,1.3006829,1.3962836,32.669086,fused,0,1,0,
1789424888967,1789424888944,995233791,42.0403632,-93.6553772,3.013,247.35366941428902,1.3004097,1.39895,16.606857,fused,0,1,0,
1789424889975,1789424889954,995234801,42.0403762,-93.6553724,3.013,247.59352160180003,1.3007027,1.4432328,8.479795,fused,0,1,0,
1789424890980,1789424890954,995235801,42.0403889,-93.6553706,3.013,247.3976188669106,1.3005967,1.4291457,3.6756454,fused,0,1,0,
1789424891988,1789424891956,995236802,42.0404012,-93.6553693,3.014,247.5328653151829,1.3002406,1.4193895,6.234726,fused,0,1,0,
1789424892980,1789424892954,995237801,42.0404128,-93.6553665,3.012,247.585718373031,1.3001515,1.3684057,15.145037,fused,0,1,0,
1789424893980,1789424893954,995238801,42.0404228,-93.6553624,3.006,247.4685507723775,1.3035648,1.3312762,18.567442,fused,0,1,0,
1789424894936,1789424894919,995239765,42.0404371,-93.6553587,3.013,247.4685507723775,1.3035648,1.317678,0.9807318,fused,0,1,0,
1789424895982,1789424895955,995240801,42.0404367,-93.6553635,3.014,247.49066865112172,1.3005366,1.0634586,306.8699,fused,0,1,0,
1789424896980,1789424896955,995241801,42.0404334,-93.6553712,3.015,247.57951021641753,1.3057683,0.7382266,278.3461,fused,0,1,0,
1789424897959,1789424897938,995242785,42.0404332,-93.6553778,3.013,247.57951021641753,1.3057683,0.56306756,275.0376,fused,0,1,0,
1789424898980,1789424898955,995243802,42.040428,-93.6553739,3.013,247.461220303863,1.3000585,0.31449005,284.25162,fused,0,1,0,
1789424899982,1789424899956,995244802,42.0404257,-93.655369,3.0,247.58091076996334,1.3001465,0.15773486,279.31723,fused,0,1,0,
1789424900981,1789424900955,995245801,42.0404237,-93.6553644,3.0,247.48289654873378,1.3000658,0.09161073,,fused,0,1,0,
1789424901961,1789424901943,995246790,42.040423,-93.6553633,3.0,247.48289654873378,1.3000658,0.10422051,277.80432,fused,0,1,0,
1789424902981,1789424902956,995247802,42.0404189,-93.655357,3.0,247.45526496430034,1.3000703,0.10130264,268.30377,fused,0,1,0,
1789424903985,1789424903956,995248802,42.0404168,-93.6553558,3.0,247.50244432617632,1.3001308,0.07857105,,fused,0,1,0,
1789424904988,1789424904954,995249801,42.0404146,-93.6553543,3.0,247.57174308784812,1.3000754,0.069017924,,fused,0,1,0,
1789424905987,1789424905956,995250802,42.040413,-93.6553533,3.0,247.6768896331581,1.3001838,0.070808694,,fused,0,1,0,
1789424906988,1789424906955,995251801,42.0404116,-93.6553528,3.0,247.3904552049247,1.3001266,0.08911464,,fused,0,1,0,
1789424907990,1789424907954,995252801,42.0404107,-93.6553528,3.0,247.60745995011996,1.3001877,0.07845916,,fused,0,1,0,
1789424908986,1789424908954,995253801,42.0404095,-93.6553527,3.0,247.45057709567942,1.3001387,0.07435453,,fused,0,1,0,
1789424909981,1789424909954,995254801,42.0404085,-93.6553535,3.0,247.65775254021366,1.3002106,0.10620892,289.03644,fused,0,1,0,
1789424910980,1789424910955,995255801,42.0404074,-93.6553545,3.0,247.73979180298255,1.3049068,0.11751846,292.65082,fused,0,1,0,
1789424911978,1789424911955,995256801,42.0404074,-93.6553574,3.0,247.38695679616262,1.3050668,0.2548849,299.52393,fused,0,1,0,
1789424912982,1789424912956,995257802,42.0404068,-93.6553607,3.0,247.61761621329754,1.3206513,0.16829403,281.98187,fused,0,1,0,
1789424913981,1789424913955,995258802,42.0404053,-93.6553628,3.0,247.49163323638237,1.31555,0.12468264,276.71857,fused,0,1,0,
1789424914980,1789424914955,995259801,42.0404045,-93.6553642,3.0,247.09588217336153,1.30575,0.10661951,273.82794,fused,0,1,0,
1789424915982,1789424915955,995260801,42.0404037,-93.6553653,3.0,247.02139233639963,1.3005416,0.10556156,271.84637,fused,0,1,0,
1789424916985,1789424916955,995261801,42.0404036,-93.6553685,3.0,247.0021643656478,1.3002788,0.22307658,284.4264,fused,0,1,0,
1789424917988,1789424917955,995262801,42.0404059,-93.6553746,3.0,247.0022102447768,1.3004113,0.31455567,293.25034,fused,0,1,0,
1789424918923,1789424918904,995263751,42.0404059,-93.6553768,3.0,247.0022102447768,1.3004113,0.24160983,260.5017,fused,0,1,0,
1789424919997,1789424919956,995264802,42.0404092,-93.6553863,3.0,247.1908360918327,1.3004966,0.6037267,235.92514,fused,0,1,0,
1789424920980,1789424920954,995265801,42.0404097,-93.6553957,3.0,247.07509283480465,1.300149,0.84041125,231.04929,fused,0,1,0,
1789424921980,1789424921955,995266801,42.0404101,-93.6554043,3.0,247.37627604549033,1.303833,0.9322453,228.48494,fused,0,1,0,
1789424922978,1789424922955,995267802,42.0404082,-93.6554029,3.0,247.42021501609065,1.3232049,0.9727721,157.58212,fused,0,1,0,
1789424923978,1789424923955,995268801,42.0404099,-93.655385,3.0,247.62517472490913,1.3050904,1.147927,110.72119,fused,0,1,0,
1789424924981,1789424924954,995269801,42.0404143,-93.6553623,3.0,247.57199123459645,1.3007209,1.293453,103.23518,fused,0,1,0,
1789424925982,1789424925954,995270801,42.0404176,-93.6553361,3.0,247.58036041322356,1.307928,1.314087,106.31518,fused,0,1,0,
1789424926981,1789424926954,995271801,42.040423,-93.6553169,3.0,247.69399832945754,1.3027688,1.3732374,71.30142,fused,0,1,0,
1789424927978,1789424927954,995272801,42.0404375,-93.6552987,3.0,247.56433740177044,1.3048506,1.4516143,45.092525,fused,0,1,0,
1789424928984,1789424928955,995273802,42.0404512,-93.6552824,3.003,247.81740980931033,1.3017081,1.5151513,44.523746,fused,0,1,0,
1789424929981,1789424929955,995274801,42.0404618,-93.6552664,3.013,247.71583634612915,1.3055228,1.5593226,46.044285,fused,0,1,0,
1789424930979,1789424930954,995275801,42.0404671,-93.6552475,3.037,247.77828210057731,1.3026811,1.5603842,67.81106,fused,0,1,0,
1789424931980,1789424931954,995276801,42.0404668,-93.6552271,3.065,248.07836507137387,1.3026637,1.49945,82.43487,fused,0,1,0,
1789424932981,1789424932955,995277801,42.0404614,-93.6552056,3.098,248.0336890973859,1.3050209,1.5513991,105.894844,fused,0,1,0,
1789424933979,1789424933954,995278801,42.0404502,-93.6551882,3.112,248.5331247846902,1.3163975,1.5387903,136.4293,fused,0,1,0,
1789424934940,1789424934921,995279767,42.0404369,-93.6551728,3.133,248.5331247846902,1.3163975,1.6622736,134.20122,fused,0,1,0,
1789424935983,1789424935954,995280801,42.0404315,-93.6551524,3.14,248.9354149265231,1.3273532,1.7568091,122.34452,fused,0,1,0,
1789424936980,1789424936954,995281801,42.0404254,-93.6551299,3.144,249.1264290754109,1.3248178,1.7593099,123.03798,fused,0,1,0,
1789424937983,1789424937955,995282801,42.0404203,-93.6551066,3.118,249.27860300596592,1.3223165,1.73102,118.85996,fused,0,1,0,
1789424938983,1789424938955,995283801,42.0404171,-93.6550845,3.096,249.15973189359812,1.3471662,1.6907009,118.30235,fused,0,1,0,
1789424939937,1789424939918,995284764,42.040411,-93.6550625,3.107,249.15973189359812,1.3471662,1.763082,120.53463,fused,0,1,0,
1789424940906,1789424940885,995285732,42.0404064,-93.6550413,3.084,249.24589422425203,1.45387,1.7273209,117.609215,fused,0,1,0,
1789424941979,1789424941954,995286801,42.0404058,-93.6550166,3.056,249.22166388901047,1.3758651,1.6097434,105.96102,fused,0,1,0,
1789424942979,1789424942955,995287801,42.0404044,-93.6549938,3.046,249.1752465019424,1.3344864,1.6036478,100.75176,fused,0,1,0,
1789424943982,1789424943956,995288802,42.0404016,-93.6549701,3.046,248.85168916174558,1.309506,1.6442295,103.54598,fused,0,1,0,
1789424944981,1789424944954,995289801,42.0403947,-93.6549459,3.031,248.5771719442866,1.3049335,1.6917899,114.36804,fused,0,1,0,
1789424945981,1789424945955,995290801,42.0403841,-93.6549238,3.008,248.63967582432844,1.3437201,1.6797115,118.34257,fused,0,1,0,
1789424946980,1789424946960,995291807,42.0403744,-93.6549027,3.018,248.63967582432844,1.3437201,1.694877,118.38509,fused,0,1,0,
1789424947997,1789424947955,995292801,42.0403614,-93.654881,3.019,248.80931928950082,1.4210526,1.7170587,120.84219,fused,0,1,0,
1789424948939,1789424948920,995293767,42.0403505,-93.6548602,3.04,248.80931928950082,1.4210526,1.835626,126.309525,fused,0,1,0,
1789424949989,1789424949955,995294801,42.0403331,-93.6548392,3.044,248.10685168889518,1.3186114,2.0270915,134.76643,fused,0,1,0,
1789424950976,1789424950954,995295801,42.0403076,-93.6548092,3.05,248.2951342496844,1.3045506,2.1946127,143.25192,fused,0,1,0,
1789424951984,1789424951954,995296801,42.0402885,-93.6548068,3.056,248.3416480242929,1.3082461,2.6127326,175.0648,fused,0,1,0,
1789424952977,1789424952955,995297801,42.0402618,-93.6547957,3.054,248.08898039463912,1.3192053,2.509297,140.18333,fused,0,1,0,
1789424953978,1789424953960,995298807,42.0402411,-93.6547771,3.151,248.08898039463912,1.3192053,2.397219,147.42197,fused,0,1,0,
1789424954986,1789424954955,995299801,42.0402224,-93.6547648,3.187,248.17043398430434,1.306219,2.1260328,153.09552,fused,0,1,0,
1789424955982,1789424955955,995300801,42.0402058,-93.6547513,3.215,248.0632706124909,1.3029302,1.9184399,154.45421,fused,0,1,0,
1789424956984,1789424956954,995301801,42.0401908,-93.6547372,3.221,247.94182611223312,1.3026501,1.7570869,152.68823,fused,0,1,0,
1789424957981,1789424957965,995302812,42.0401761,-93.6547246,3.263,247.89898065166386,1.3091836,1.7227465,151.60533,fused,0,1,0,
1789424958980,1789424958955,995303802,42.0401628,-93.6547115,3.219,247.90390948774814,1.3034832,1.6328025,150.7611,fused,0,1,0,
1789424959982,1789424959954,995304801,42.04015,-93.6546967,3.143,247.76420730544544,1.3133336,1.6438452,140.6594,fused,0,1,0,
1789424960984,1789424960954,995305801,42.0401404,-93.6546756,3.099,247.963836952662,1.3070842,1.6418443,123.91941,fused,0,1,0,
1789424961997,1789424961955,995306802,42.0401304,-93.6546554,3.095,247.88333070029762,1.3068781,1.6845756,144.58658,fused,0,1,0,
1789424962981,1789424962954,995307801,42.0401143,-93.6546463,3.083,247.63392483843222,1.3171858,1.6634881,168.95172,fused,0,1,0,
1789424963979,1789424963955,995308801,42.0400974,-93.6546419,3.037,247.43532604440878,1.3258975,1.6710237,175.81299,fused,0,1,0,
1789424964985,1789424964955,995309801,42.040082,-93.6546405,3.026,247.5161603770968,1.3729191,1.5880924,175.13464,fused,0,1,0,
1789424965983,1789424965956,995310802,42.0400675,-93.6546377,3.037,247.54627648198533,1.3279463,1.5171452,170.69205,fused,0,1,0,
1789424966984,1789424966954,995311801,42.0400541,-93.654634,3.036,247.6629927335963,1.3303212,1.4620494,169.63783,fused,0,1,0,
1789424967984,1789424967954,995312801,42.0400412,-93.6546303,3.039,247.63565549953182,1.3202293,1.4698671,171.1363,fused,0,1,0,
1789424968969,1789424968944,995313791,42.0400269,-93.6546276,3.058,247.63565549953182,1.3202293,1.5208805,176.59296,fused,0,1,0,
1789424969981,1789424969954,995314801,42.0400067,-93.6546256,3.057,247.61915399048303,1.5064017,1.5548961,173.68036,fused,0,1,0,
1789424970923,1789424970905,995315751,42.0399972,-93.6546242,3.067,247.61915399048303,1.5064017,1.5931009,173.94542,fused,0,1,0,
1789424971983,1789424971954,995316801,42.0399827,-93.6546194,3.072,247.74435271832215,1.3647281,1.5490973,162.98701,fused,0,1,0,
1789424972967,1789424972946,995317793,42.0399682,-93.6546137,3.105,247.74435271832215,1.3647281,1.535669,165.85764,fused,0,1,0,
1789424973979,1789424973954,995318801,42.0399538,-93.6546081,3.099,247.68529593237957,1.3108685,1.5365769,169.52731,fused,0,1,0,
1789424974964,1789424974944,995319790,42.039938,-93.6546041,3.137,247.68529593237957,1.3108685,1.6022666,166.64285,fused,0,1,0,
1789424975981,1789424975954,995320801,42.0399219,-93.6545935,3.144,247.8660711869545,1.3686689,1.5993553,161.38904,fused,0,1,0,
1789424976923,1789424976904,995321750,42.0399059,-93.6545845,3.165,247.8660711869545,1.3686689,1.6457251,161.1765,fused,0,1,0,
1789424977898,1789424977880,995322726,42.0398825,-93.654571,3.182,248.02619892129258,1.3278815,1.7010871,155.63658,fused,0,1,0,
1789424978919,1789424978898,995323744,42.0398714,-93.6545596,3.171,247.9567571398486,1.3429935,1.7039124,153.77954,fused,0,1,0,
1789424979857,1789424979839,995324686,42.039857,-93.6545479,3.176,247.93537280723876,1.4008528,1.6979219,147.84647,fused,0,1,0,
1789424980937,1789424980918,995325764,42.0398402,-93.6545337,3.149,247.82741529241196,1.3200725,1.6912519,143.66745,fused,0,1,0,
1789424981981,1789424981955,995326801,42.0398239,-93.6545169,3.123,248.1271849615353,1.3173335,1.6805034,144.98949,fused,0,1,0,
1789424982985,1789424982954,995327801,42.0398085,-93.6545013,3.097,248.3134988126278,1.3022943,1.761639,142.4955,fused,0,1,0,
1789424983986,1789424983955,995328801,42.0397933,-93.654486,3.079,248.48501739509277,1.306229,1.800255,138.4278,fused,0,1,0,
1789424984980,1789424984955,995329801,42.0397765,-93.6544729,3.064,248.51653298043988,1.3029664,1.8134166,147.34912,fused,0,1,0,
1789424985979,1789424985955,995330802,42.0397584,-93.654463,3.063,248.53231666362132,1.3035758,1.8245459,152.87128,fused,0,1,0,
1789424986979,1789424986956,995331802,42.0397404,-93.6544557,3.064,248.62174347861747,1.3033123,1.7783396,157.7113,fused,0,1,0,
1789424987981,1789424987954,995332801,42.039718,-93.6544479,3.082,248.46976029416874,1.315779,1.739762,159.62866,fused,0,1,0,
1789424988982,1789424988954,995333801,42.039705,-93.6544428,3.09,248.64439907052696,1.307091,1.6817949,152.0853,fused,0,1,0,
1789424989984,1789424989955,995334801,42.0396888,-93.6544335,3.107,248.63948420258242,1.3059958,1.6553398,158.15387,fused,0,1,0,
1789424990981,1789424990954,995335801,42.0396717,-93.6544265,3.097,248.77832862661523,1.3162887,1.6373419,165.42093,fused,0,1,0,
1789424991984,1789424991954,995336801,42.0396549,-93.6544218,3.07,248.69047986530688,1.3269255,1.605237,168.25978,fused,0,1,0,
1789424992980,1789424992955,995337801,42.0396383,-93.6544166,3.074,248.8950829357497,1.3944156,1.6076528,169.41385,fused,0,1,0,
1789424993980,1789424993955,995338801,42.0396227,-93.6544102,3.062,248.94111619217148,1.322872,1.5965865,162.83116,fused,0,1,0,
1789424994980,1789424994954,995339801,42.0396077,-93.6544004,3.064,248.7517261928969,1.3288184,1.5926247,155.89574,fused,0,1,0,
1789424995877,1789424995860,995340706,42.0395941,-93.6543909,3.074,248.7517261928969,1.3288184,1.6213902,153.90198,fused,0,1,0,
1789424996923,1789424996903,995341749,42.0395795,-93.6543784,3.079,248.65231712411628,1.3195071,1.6145809,150.58507,fused,0,1,0,
1789424997940,1789424997922,995342768,42.0395651,-93.6543649,3.082,248.5861569241502,1.3579296,1.627159,148.79712,fused,0,1,0,
1789424998980,1789424998965,995343811,42.0395513,-93.654351,3.093,248.44572688536886,1.508453,1.633564,156.1666,fused,0,1,0,
1789424999962,1789424999941,995344787,42.0395359,-93.6543424,3.111,248.08715908608116,1.3736885,1.6641227,160.40689,fused,0,1,0,
1789425000979,1789425000959,995345805,42.03952,-93.6543362,3.144,247.92749813330806,1.365279,1.6385121,156.02625,fused,0,1,0,
1789425001979,1789425001959,995346806,42.0395056,-93.6543281,3.188,247.9848546736016,1.3800385,1.6321725,151.94833,fused,0,1,0,
1789425002979,1789425002961,995347808,42.0394906,-93.6543181,3.214,247.85103287301126,1.3180623,1.6589395,147.26917,fused,0,1,0,
1789425003984,1789425003955,995348801,42.0394766,-93.6543084,3.194,247.9440245613497,1.3513392,1.6767857,147.77489,fused,0,1,0,
1789425004983,1789425004954,995349801,42.0394606,-93.6542996,3.129,247.87243348797944,1.354168,1.6616678,155.73444,fused,0,1,0,
1789425005978,1789425005954,995350801,42.0394441,-93.6542926,3.103,247.84490948180002,1.3419092,1.6465411,158.60768,fused,0,1,0,
1789425006981,1789425006954,995351801,42.0394277,-93.6542856,3.051,247.84197399831612,1.3893068,1.651903,158.49182,fused,0,1,0,
1789425007984,1789425007954,995352801,42.0394116,-93.6542788,3.016,247.94503860399135,1.3203754,1.6500679,160.15361,fused,0,1,0,
1789425008955,1789425008900,995353746,42.0393951,-93.6542723,3.012,247.94503860399135,1.3203754,1.690301,161.58913,fused,0,1,0,
1789425009964,1789425009944,995354791,42.0393776,-93.6542662,3.023,248.03373052763573,1.3116853,1.7051926,163.07709,fused,0,1,0,
1789425010966,1789425010946,995355792,42.0393624,-93.654262,3.035,248.0035914163206,1.318209,1.701597,162.19759,fused,0,1,0,
1789425011959,1789425011938,995356785,42.0393463,-93.6542556,3.031,248.06983779921177,1.3025163,1.715382,159.67532,fused,0,1,0,
1789425012945,1789425012923,995357769,42.0393303,-93.6542482,3.038,247.866111055595,1.3060662,1.7129501,157.8615,fused,0,1,0,
1789425013943,1789425013924,995358770,42.0393142,-93.6542409,3.049,247.67404209397375,1.3029714,1.7345572,157.75317,fused,0,1,0,
1789425014963,1789425014941,995359788,42.0392979,-93.6542316,3.066,247.55883624536358,1.3029362,1.7235395,156.71387,fused,0,1,0,
1789425015964,1789425015943,995360790,42.0392823,-93.6542234,3.077,247.42035045055314,1.3094138,1.7010379,157.54729,fused,0,1,0,
1789425016980,1789425016962,995361808,42.0392669,-93.6542162,3.097,247.59107258869994,1.3033316,1.6834397,160.13084,fused,0,1,0,
1789425017983,1789425017963,995362809,42.0392521,-93.6542087,3.115,247.33836060115487,1.3154247,1.6751688,157.70688,fused,0,1,0,
1789425018982,1789425018963,995363810,42.0392371,-93.654199,3.125,247.48634094321778,1.3094584,1.6997792,152.44409,fused,0,1,0,
1789425019979,1789425019954,995364801,42.0392237,-93.6541881,3.112,247.6805263068593,1.3179111,1.678514,151.81519,fused,0,1,0,
1789425020975,1789425020957,995365804,42.0392087,-93.6541778,3.084,247.6805263068593,1.3179111,1.691684,150.07072,fused,0,1,0,
1789425021984,1789425021954,995366801,42.0391963,-93.6541671,3.068,247.8991445027346,1.3961309,1.6434792,144.42046,fused,0,1,0,
1789425022979,1789425022954,995367801,42.039184,-93.6541546,3.037,247.95735688117276,1.3258134,1.6378199,144.00626,fused,0,1,0,
1789425023985,1789425023955,995368801,42.0391708,-93.6541439,3.024,247.99914753925634,1.3264477,1.595141,149.31062,fused,0,1,0,
1789425024980,1789425024955,995369801,42.039157,-93.654134,3.011,248.2170245190647,1.3179733,1.6211556,148.06606,fused,0,1,0,
1789425025980,1789425025955,995370801,42.0391438,-93.6541229,3.012,248.29665827081033,1.3573726,1.6029303,141.93575,fused,0,1,0,
1789425026991,1789425026955,995371802,42.0391315,-93.654112,3.015,248.19490007353977,1.5083971,1.5811204,144.75804,fused,0,1,0,
1789425027982,1789425027954,995372801,42.039118,-93.6541019,3.023,248.0253936508426,1.3663707,1.6063849,144.68129,fused,0,1,0,
1789425028907,1789425028856,995373703,42.0391059,-93.6540889,3.044,248.0253936508426,1.3663707,1.6201752,136.95334,fused,0,1,0,
1789425029820,1789425029799,995374645,42.0390951,-93.6540746,3.054,247.92373851079833,1.3639845,1.5997245,135.5569,fused,0,1,0,
1789425030820,1789425030801,995375647,42.0390853,-93.6540612,3.059,247.64394068655275,1.3463385,1.6170931,138.93523,fused,0,1,0,
1789425031899,1789425031878,995376724,42.0390746,-93.6540464,3.037,247.97072854164372,1.3147107,1.6059126,125.93403,fused,0,1,0,
1789425032981,1789425032955,995377801,42.0390666,-93.6540351,3.032,247.62016855265585,1.3498732,1.390968,125.27569,fused,0,1,0,
1789425033988,1789425033954,995378801,42.0390575,-93.6540312,3.034,247.35093423916823,1.3476701,1.1655073,161.10287,fused,0,1,0,
1789425034984,1789425034954,995379801,42.0390473,-93.6540375,3.023,247.26540789797298,1.3324976,1.010688,169.87881,fused,0,1,0,
1789425035985,1789425035956,995380802,42.039041,-93.6540383,3.021,247.50270146273675,1.4150436,0.71897775,131.48697,fused,0,1,0,
1789425036987,1789425036955,995381802,42.0390405,-93.6540381,3.018,247.44323271707106,1.315883,0.3354188,130.80363,fused,0,1,0,
1789425037982,1789425037955,995382801,42.0390421,-93.6540419,3.018,247.47290750976538,1.308218,0.14010331,130.83093,fused,0,1,0,
1789425038986,1789425038954,995383801,42.039043,-93.6540433,3.0,247.3113082993338,1.3163081,0.08426072,,fused,0,1,0,
1789425039993,1789425039955,995384801,42.0390429,-93.6540437,3.0,247.4135404361694,1.3022226,0.080090165,,fused,0,1,0,
1789425040995,1789425040955,995385802,42.0390433,-93.6540437,3.0,247.7234029982758,1.3029529,0.09303581,,fused,0,1,0,
1789425041995,1789425041955,995386801,42.0390451,-93.6540432,3.0,247.36201230852902,1.3026587,0.17630945,54.219532,fused,0,1,0,
1789425042996,1789425042954,995387801,42.0390484,-93.6540428,3.0,247.40228271484375,1.302661,0.24451236,11.894265,fused,0,1,0,
1789425043981,1789425043955,995388801,42.0390553,-93.6540405,3.0,247.45519037264478,1.3095814,0.8909065,69.050606,fused,0,1,0,
1789425044983,1789425044954,995389801,42.039058,-93.6540285,3.0,247.4727571038119,1.3034458,1.2312531,146.05502,fused,0,1,0,
1789425045988,1789425045956,995390802,42.0390418,-93.6540235,3.0,247.42148796292219,1.3197533,1.4213493,187.67934,fused,0,1,0,
1789425046991,1789425046955,995391801,42.0390351,-93.6540261,3.0,247.25541501679777,1.3063513,0.86752725,195.18419,fused,0,1,0,
1789425047898,1789425047880,995392727,42.039033,-93.6540286,3.0,247.25541501679777,1.3063513,0.6000889,198.92677,fused,0,1,0,
1789425048841,1789425048822,995393669,42.039033,-93.6540295,3.0,247.30295279592025,1.3066882,0.43262163,178.19499,fused,0,1,0,
1789425049993,1789425049954,995394801,42.0390238,-93.6540194,3.0,247.38641435494736,1.340324,0.6666088,158.99554,fused,0,1,0,
1789425050997,1789425050977,995395824,42.0390177,-93.6540177,3.01,247.38641435494736,1.340324,0.540942,216.24567,fused,0,1,0,
1789425052001,1789425051955,995396802,42.038995,-93.6540099,3.013,247.28604043169446,1.3265189,1.0409055,209.09274,fused,0,1,0,
1789425052984,1789425052956,995397802,42.0389723,-93.6540033,3.014,247.30587141625443,1.3301955,1.2675399,164.8099,fused,0,1,0,
1789425053988,1789425053955,995398801,42.0389515,-93.6539864,3.014,247.37007034476272,1.3178734,1.5220557,117.84078,fused,0,1,0,
1789425054982,1789425054954,995399801,42.0389475,-93.653983,3.013,247.51440821971948,1.3616035,0.85490054,163.28423,fused,0,1,0,
1789425055984,1789425055954,995400801,42.038942,-93.6539887,3.014,247.36521119917433,1.5363133,0.5474285,182.70992,fused,0,1,0,
1789425056981,1789425056954,995401801,42.0389387,-93.6539911,3.0,247.44662836592727,1.3855236,0.29006553,141.89957,fused,0,1,0,
1789425057986,1789425057955,995402801,42.0389388,-93.6539918,3.0,247.4670612694818,1.410799,0.16955133,107.164604,fused,0,1,0,
1789425058991,1789425058954,995403801,42.0389398,-93.6539941,3.0,247.29124914883596,1.3778349,0.12033299,106.18888,fused,0,1,0,
1789425059994,1789425059954,995404801,42.0389408,-93.6539961,3.0,247.42131593727794,1.3147249,0.10478802,105.37387,fused,0,1,0,
1789425060986,1789425060955,995405801,42.0389416,-93.6539985,3.0,247.50990127225674,1.3111788,0.0983956,,fused,0,1,0,
1789425061996,1789425061955,995406802,42.0389415,-93.6539997,3.0,247.34181345079185,1.3519139,0.09102883,,fused,0,1,0,
1789425062994,1789425062954,995407801,42.0389414,-93.6540013,3.0,247.32603524649232,1.350005,0.059454117,,fused,0,1,0,
1789425063994,1789425063956,995408802,42.0389415,-93.6540023,3.0,247.32093274511737,1.3475214,0.06024064,,fused,0,1,0,
1789425064993,1789425064954,995409801,42.0389418,-93.6540025,3.0,247.48988027202518,1.4520293,0.058460366,,fused,0,1,0,
1789425065977,1789425065955,995410801,42.0389417,-93.6540033,3.0,247.44364906519553,1.3141344,0.06169983,,fused,0,1,0,
1789425066981,1789425066955,995411801,42.0389414,-93.6540046,3.0,247.42994366752174,1.3084468,0.09133572,,fused,0,1,0,
1789425067983,1789425067955,995412802,42.0389409,-93.6540061,3.0,247.4572844091585,1.3132007,0.11272897,141.77333,fused,0,1,0,
1789425068985,1789425068954,995413801,42.0389409,-93.6540103,3.0,247.7722741597754,1.3014232,0.09363172,,fused,0,1,0,
1789425069985,1789425069955,995414801,42.0389408,-93.6540121,3.0,247.73008520078486,1.30342,0.09884812,,fused,0,1,0,
1789425070986,1789425070955,995415801,42.0389412,-93.6540148,3.0,247.47470086107234,1.3026376,0.102961846,176.13028,fused,0,1,0,
1789425071991,1789425071954,995416801,42.0389417,-93.6540165,3.0,247.5189480214977,1.3028868,0.09764943,,fused,0,1,0,
1789425072993,1789425072955,995417802,42.038942,-93.6540179,3.0,247.61292663476002,1.3098234,0.10793747,173.60345,fused,0,1,0,
1789425073991,1789425073954,995418801,42.0389425,-93.6540193,3.0,247.6142887046592,1.3034025,0.09870857,,fused,0,1,0,
1789425074989,1789425074955,995419801,42.0389435,-93.6540207,3.0,247.68085463674169,1.3221126,0.086391404,,fused,0,1,0,
1789425075978,1789425075956,995420802,42.0389434,-93.6540212,3.0,247.58505264538036,1.3071586,0.0034747534,,fused,0,1,0,
1789425076980,1789425076954,995421801,42.0389439,-93.6540218,3.0,247.56986589090337,1.3067201,0.018936472,,fused,0,1,0,
1789425077979,1789425077955,995422801,42.038944,-93.654022,3.0,247.66413256708768,1.3200623,0.027614165,,fused,0,1,0,
1789425078984,1789425078954,995423801,42.0389439,-93.6540222,3.0,247.71723536181867,1.3409811,0.033070274,,fused,0,1,0,
1789425079980,1789425079954,995424801,42.0389438,-93.6540225,3.0,247.72943323501988,1.4010562,0.037926894,,fused,0,1,0,
1789425080978,1789425080954,995425801,42.0389437,-93.6540227,3.0,247.7198174688245,1.3246777,0.044400062,,fused,0,1,0,
1789425081982,1789425081956,995426802,42.0389436,-93.6540228,3.0,247.6742835567726,1.3308212,0.047568407,,fused,0,1,0,
1789425082979,1789425082956,995427802,42.0389435,-93.654023,3.0,247.71246316705418,1.3207252,0.050163493,,fused,0,1,0,
1789425083974,1789425083954,995428801,42.0389433,-93.6540232,3.0,247.72761667963903,1.362811,0.1087722,169.77182,fused,0,1,0,
1789425084980,1789425084955,995429801,42.0389431,-93.6540231,3.0,247.68851522252334,1.5406623,1.1667771,144.91415,fused,0,1,0,
1789425085979,1789425085954,995430801,42.0389416,-93.6540202,3.0,247.7699577570536,1.3879135,0.8757131,141.4005,fused,0,1,0,
1789425086979,1789425086953,995431800,42.0389435,-93.6540225,3.036,247.79149936211746,1.4109077,0.789235,163.29001,fused,0,1,0,
1789425087981,1789425087954,995432800,42.038948,-93.6540465,3.177,247.7692464970321,1.3583623,1.3745804,247.14357,fused,0,1,0,
1789425088988,1789425088954,995433800,42.0389461,-93.6540857,3.299,247.82784863327822,1.3145311,1.5253818,198.48434,fused,0,1,0,
1789425089978,1789425089954,995434800,42.0389364,-93.6540919,3.379,247.81526602270077,1.3111265,0.9887118,222.91467,fused,0,1,0,
1789425090979,1789425090954,995435800,42.0389365,-93.6540999,3.421,247.62269252501096,1.3524146,0.7222782,296.6332,fused,0,1,0,
1789425091985,1789425091953,995436800,42.038945,-93.6541077,3.49,247.7421525441688,1.3507229,0.73832357,302.37213,fused,0,1,0,
1789425092990,1789425092954,995437801,42.0389412,-93.6541179,3.397,247.88592304198767,1.3454881,1.112257,200.18536,fused,0,1,0,
1789425093995,1789425093955,995438801,42.0389245,-93.6541241,3.233,247.9504987083899,1.3968278,1.2768426,201.72183,fused,0,1,0,
1789425094993,1789425094953,995439800,42.0389071,-93.6541342,3.069,247.8022782596608,1.3099817,1.2205442,200.83662,fused,0,1,0,
1789425095993,1789425095955,995440801,42.0389003,-93.654138,3.115,247.76990093927293,1.3068967,1.1187136,199.76556,fused,0,1,0,
1789425096993,1789425096955,995441801,42.0389009,-93.6541365,3.108,247.71732639557638,1.3135668,0.4602205,192.36362,fused,0,1,0,
1789425097989,1789425097955,995442801,42.0389047,-93.6541345,3.075,248.17614317981992,1.3014442,0.18347505,191.8845,fused,0,1,0,
1789425098986,1789425098953,995443800,42.0389078,-93.654133,3.075,248.1194538597287,1.3033252,0.16047478,195.41315,fused,0,1,0,
1789425099978,1789425099960,995444807,42.0389086,-93.6541325,3.086,248.1194538597287,1.3033252,0.1518021,184.39821,fused,0,1,0,
1789425100992,1789425100954,995445801,42.0389041,-93.6541271,3.0,247.93209855182863,1.3029671,0.605481,191.84404,fused,0,1,0,
1789425101989,1789425101954,995446800,42.0388984,-93.6541231,3.0,247.95127629492094,1.3099583,0.87909347,223.87042,fused,0,1,0,
1789425102981,1789425102953,995447800,42.038903,-93.654123,3.0,247.87959818432086,1.303338,0.575727,251.56523,fused,0,1,0,
1789425103979,1789425103953,995448800,42.0389107,-93.6541192,3.007,248.0315398360372,1.3250697,0.36737522,244.53558,fused,0,1,0,
1789425104981,1789425104954,995449800,42.0389171,-93.6541102,3.007,247.86540020694537,1.3071259,0.1637049,231.87856,fused,0,1,0,
1789425105979,1789425105954,995450800,42.0389212,-93.6541025,3.008,247.7981180662557,1.306749,0.11957437,234.55435,fused,0,1,0,
1789425106919,1789425106901,995451748,42.0389222,-93.6541006,3.009,247.7981180662557,1.306749,0.17112704,241.61655,fused,0,1,0,
1789425107983,1789425107953,995452800,42.038926,-93.6540939,3.009,247.88157650215396,1.34141,0.13010713,239.83665,fused,0,1,0,
1789425108958,1789425108937,995453784,42.0389265,-93.6540922,3.0,247.88157650215396,1.34141,0.12795107,239.09949,fused,0,1,0,
1789425109979,1789425109953,995454800,42.0389251,-93.654087,3.0,247.85247124354635,1.3248223,0.09439985,,fused,0,1,0,
1789425110979,1789425110953,995455800,42.0389204,-93.6540867,3.0,247.70758105850712,1.3302338,0.3886807,239.41068,fused,0,1,0,
1789425111981,1789425111953,995456800,42.0389139,-93.6540905,3.0,247.6990367915377,1.3207762,0.5669888,242.09203,fused,0,1,0,
1789425112987,1789425112954,995457800,42.0389037,-93.6540926,3.0,247.81730544498663,1.3639598,0.6830008,162.35028,fused,0,1,0,
1789425113977,1789425113954,995458800,42.0388897,-93.654079,3.0,247.70946058676662,1.5449419,1.2887293,152.77037,fused,0,1,0,
1789425114980,1789425114954,995459800,42.038883,-93.6540709,3.0,247.81131147398554,1.3895034,0.74747205,133.55772,fused,0,1,0,
1789425115982,1789425115953,995460800,42.0388865,-93.6540674,3.0,247.85702040402037,1.4127754,0.31989193,129.44289,fused,0,1,0,
1789425116984,1789425116954,995461800,42.0388907,-93.6540666,3.0,247.88364035942902,1.3593671,0.26407766,120.75795,fused,0,1,0,
1789425117985,1789425117954,995462800,42.038897,-93.6540688,3.0,248.0018567691164,1.3148491,0.1381636,117.01406,fused,0,1,0,
1789425118978,1789425118958,995463805,42.0388977,-93.6540683,3.0,248.0018567691164,1.3148491,0.13610917,95.860016,fused,0,1,0,
1789425119988,1789425119953,995464800,42.0389065,-93.6540686,3.0,247.94601019710342,1.353464,0.274408,80.51532,fused,0,1,0,
1789425120986,1789425120953,995465800,42.0389118,-93.6540632,3.0,248.06762108779714,1.3516036,0.38167116,75.2075,fused,0,1,0,
1789425121967,1789425121945,995466792,42.0389139,-93.6540573,3.0,248.06762108779714,1.3516036,0.36082178,132.52817,fused,0,1,0,
1789425122980,1789425122954,995467800,42.0389131,-93.6540365,3.0,248.1795114351524,1.4112178,1.21386,180.1782,fused,0,1,0,
1789425123979,1789425123955,995468801,42.0389148,-93.6540361,3.0,248.1653398896011,1.3096609,0.40452248,165.79994,fused,0,1,0,
1789425124979,1789425124954,995469800,42.0389221,-93.6540313,3.0,248.0395132594801,1.307006,0.1097732,175.27446,fused,0,1,0,
1789425125987,1789425125954,995470801,42.0389309,-93.654029,3.0,247.88758042843716,1.3134569,0.13281861,205.59563,fused,0,1,0,
1789425126987,1789425126953,995471800,42.038935,-93.6540288,3.0,248.38345565500413,1.3013729,0.16568962,178.14099,fused,0,1,0,
1789425127879,1789425127860,995472706,42.0389368,-93.6540274,3.0,248.38345565500413,1.3013729,0.17960314,101.53156,fused,0,1,0,
1789425128988,1789425128954,995473800,42.0389503,-93.6540282,3.0,248.02754948040587,1.3027046,0.176104,115.63158,fused,0,1,0,
1789425129995,1789425129953,995474800,42.0389589,-93.6540313,3.0,248.038439792345,1.3031116,0.30326504,211.45331,fused,0,1,0,
1789425130941,1789425130922,995475769,42.0389618,-93.6540367,3.0,248.038439792345,1.3031116,0.28752512,271.8422,fused,0,1,0,
1789425131982,1789425131954,995476800,42.0389644,-93.6540317,3.0,247.95639982444175,1.303171,0.58825487,267.0115,fused,0,1,0,
1789425132981,1789425132954,995477800,42.0389628,-93.6540357,3.0,248.11747184571328,1.3216028,0.8601239,256.70535,fused,0,1,0,
1789425133980,1789425133954,995478800,42.0389596,-93.6540457,3.0,247.98516833063235,1.3070469,1.0346628,251.28467,fused,0,1,0,
1789425134983,1789425134953,995479800,42.0389566,-93.6540541,3.0,248.10000706200805,1.3080086,1.1774286,260.77023,fused,0,1,0,
1789425135900,1789425135878,995480724,42.0389538,-93.6540673,3.0,248.10000706200805,1.3080086,1.3127961,253.72557,fused,0,1,0,
1789425136979,1789425136955,995481801,42.0389412,-93.6540698,3.0,248.0835163213418,1.3420736,1.2986064,234.99805,fused,0,1,0,
1789425137882,1789425137863,995482709,42.0389304,-93.6540787,3.001,248.0835163213418,1.3420736,1.3687593,226.24275,fused,0,1,0,
1789425138981,1789425138953,995483800,42.0389147,-93.6540751,3.001,248.14195358935297,1.3251996,1.2222625,207.93816,fused,0,1,0,
1789425139983,1789425139953,995484800,42.0389052,-93.6540763,3.001,248.20705905571617,1.33108,1.101706,211.4092,fused,0,1,0,
1789425140908,1789425140857,995485704,42.0389034,-93.6540768,3.001,248.20705905571617,1.33108,1.0316777,211.72478,fused,0,1,0,
1789425141983,1789425141953,995486800,42.0389034,-93.6540708,3.001,248.39305440452193,1.3650684,0.2987467,212.93332,fused,0,1,0,
1789425142979,1789425142954,995487800,42.0389064,-93.6540659,3.0,248.47634947649163,1.505199,0.13174887,213.09055,fused,0,1,0,
1789425143968,1789425143953,995488800,42.0389082,-93.6540628,3.0,248.4956763275879,1.4030942,0.07833882,,fused,0,1,0,
1789425144981,1789425144953,995489800,42.038909,-93.6540613,3.0,248.51333248124644,1.4129591,0.11273856,194.61508,fused,0,1,0,
1789425145976,1789425145954,995490800,42.0389094,-93.6540608,3.0,248.48356172562205,1.3593973,0.10715988,179.05618,fused,0,1,0,
1789425146980,1789425146953,995491800,42.0389108,-93.6540621,3.0,248.60769033921707,1.314754,0.10568374,174.91798,fused,0,1,0,
1789425147978,1789425147954,995492800,42.0389115,-93.6540634,3.0,248.4860831839801,1.3113704,0.099046536,,fused,0,1,0,
1789425148979,1789425148954,995493800,42.0389123,-93.6540642,3.0,248.51207208393856,1.3700889,0.09499599,,fused,0,1,0,
1789425149981,1789425149953,995494800,42.0389133,-93.6540651,3.0,248.3780939911524,1.3535559,0.08798677,,fused,0,1,0,
1789425150984,1789425150954,995495800,42.0389138,-93.6540662,3.0,248.25221985402862,1.3468119,0.09972137,,fused,0,1,0,
1789425151988,1789425151955,995496801,42.0389147,-93.6540672,3.0,248.49456656663364,1.3979454,0.12137476,184.74725,fused,0,1,0,
1789425152983,1789425152953,995497800,42.0389163,-93.654068,3.0,248.55482578828895,1.3079774,0.15898049,122.13571,fused,0,1,0,
1789425153973,1789425153954,995498800,42.03892,-93.6540687,3.0,248.34995385028037,1.3063293,0.31167826,52.787426,fused,0,1,0,
1789425154965,1789425154943,995499790,42.0389235,-93.6540672,3.0,248.34995385028037,1.3063293,0.28602457,50.2658,fused,0,1,0,
1789425155982,1789425155953,995500800,42.0389436,-93.6540648,3.0,248.6734866748983,1.3012217,1.0674419,41.173405,fused,0,1,0,
1789425156992,1789425156954,995501800,42.0389591,-93.654062,3.0,248.58833082655735,1.3033105,1.1824822,18.76175,fused,0,1,0,
1789425157982,1789425157954,995502800,42.0389761,-93.6540642,3.0,248.32832056787743,1.3027049,1.3031265,10.183042,fused,0,1,0,
1789425158977,1789425158953,995503800,42.0389914,-93.6540638,3.0,248.36391660877683,1.3030511,1.3758825,18.566286,fused,0,1,0,
1789425159980,1789425159953,995504800,42.0390062,-93.6540617,3.0,248.30843760056098,1.3099248,1.4098421,7.7610292,fused,0,1,0,
1789425160979,1789425160953,995505800,42.03902,-93.6540638,3.0,248.21044090512675,1.3031559,1.3943753,8.7553005,fused,0,1,0,
1789425161978,1789425161953,995506800,42.0390307,-93.6540593,3.0,248.42200031808045,1.3227049,1.32901,46.800488,fused,0,1,0,
1789425162982,1789425162953,995507800,42.0390344,-93.6540563,3.0,248.13662637312308,1.3069506,0.91462123,48.46231,fused,0,1,0,
1789425163982,1789425163953,995508800,42.0390348,-93.654059,3.0,248.20097874981604,1.3080792,0.5045281,57.706806,fused,0,1,0,
1789425164976,1789425164954,995509800,42.0390333,-93.6540602,3.0,248.06800922928892,1.3203461,0.2599494,71.94259,fused,0,1,0,
1789425165979,1789425165954,995510800,42.0390331,-93.6540589,3.0,248.0464578609795,1.3424263,0.39615837,77.025566,fused,0,1,0,
1789425166987,1789425166953,995511800,42.0390324,-93.6540517,3.0,248.10323210805768,1.4014426,0.6362652,88.71183,fused,0,1,0,
1789425167979,1789425167954,995512800,42.0390317,-93.6540361,3.0,248.04098275913287,1.3247769,0.9257379,89.31727,fused,0,1,0,
1789425168983,1789425168953,995513800,42.0390328,-93.6540153,3.0,248.04271148024645,1.3306292,1.2478603,75.752914,fused,0,1,0,
1789425169980,1789425169954,995514800,42.0390337,-93.6539947,3.004,247.88779272657962,1.3178334,1.4207009,79.234085,fused,0,1,0,
1789425170978,1789425170953,995515800,42.0390343,-93.6539749,3.004,247.94083042549101,1.3636127,1.4870553,78.44827,fused,0,1,0,
1789425171980,1789425171954,995516800,42.0390333,-93.6539557,3.004,247.9473218692475,1.4981484,1.5212513,88.8067,fused,0,1,0,
1789425172979,1789425172953,995517800,42.0390324,-93.6539362,3.004,247.9773910773776,1.3957785,1.5613637,87.08014,fused,0,1,0,
1789425173981,1789425173954,995518800,42.0390301,-93.6539167,3.005,247.96121062983218,1.4103159,1.5598652,90.508064,fused,0,1,0,
1789425174982,1789425174954,995519800,42.0390251,-93.653897,3.01,248.01844446958955,1.35766,1.5850209,98.52455,fused,0,1,0,
1789425175979,1789425175953,995520800,42.0390183,-93.6538781,3.009,248.17962797577985,1.315069,1.5747557,103.786545,fused,0,1,0,
1789425176978,1789425176953,995521800,42.0390128,-93.6538587,3.009,248.05265090159776,1.311128,1.6134185,85.50935,fused,0,1,0,
1789425177976,1789425177953,995522800,42.0390117,-93.653839,3.009,248.24083907445436,1.3701125,1.6310884,86.172455,fused,0,1,0,
1789425178944,1789425178922,995523768,42.0390089,-93.6538171,3.016,248.24083907445436,1.3701125,1.7036507,95.61585,fused,0,1,0,
1789425179918,1789425179897,995524744,42.0389998,-93.6537973,3.007,248.09397091295995,1.3541471,1.7422628,108.362686,fused,0,1,0,
1789425180961,1789425180942,995525788,42.0389893,-93.6537765,3.01,248.1493410877324,1.3483446,1.7312155,109.77994,fused,0,1,0,
1789425181961,1789425181942,995526789,42.0389786,-93.6537562,3.02,248.41024185097058,1.3982749,1.7331287,112.73893,fused,0,1,0,
1789425182964,1789425182943,995527790,42.0389653,-93.6537309,3.031,248.61498159493857,1.3080958,1.6925141,119.1154,fused,0,1,0,
1789425183979,1789425183954,995528800,42.0389555,-93.6537217,3.03,248.49850969131546,1.3101827,1.629624,125.10905,fused,0,1,0,
1789425184981,1789425184953,995529800,42.0389447,-93.6537049,3.035,248.87382862810722,1.3011838,1.6348772,123.517166,fused,0,1,0,
1789425185984,1789425185953,995530800,42.0389346,-93.6536884,3.037,248.71777330065316,1.3034097,1.5612557,126.31818,fused,0,1,0,
1789425186944,1789425186924,995531770,42.0389261,-93.6536718,3.058,248.71777330065316,1.3034097,1.5718408,120.35241,fused,0,1,0,
1789425187976,1789425187954,995532800,42.0389188,-93.6536527,3.037,248.61098644284613,1.3030932,1.6070926,115.045235,fused,0,1,0,
1789425188978,1789425188955,995533801,42.0389116,-93.6536329,3.034,248.7590728023456,1.3100514,1.6557887,117.966805,fused,0,1,0,
1789425189974,1789425189953,995534800,42.038904,-93.653614,3.027,248.7153228346706,1.3031968,1.5987881,121.31525,fused,0,1,0,
1789425190979,1789425190953,995535800,42.0388985,-93.6535947,3.026,248.93064599346127,1.3229587,1.6694309,115.35194,fused,0,1,0,
1789425191977,1789425191953,995536800,42.0388944,-93.6535724,3.003,248.70542347831451,1.3070455,1.7717785,110.70956,fused,0,1,0,
1789425192981,1789425192953,995537800,42.0388928,-93.6535483,3.001,248.68383315696212,1.3081156,1.7501861,101.35876,fused,0,1,0,
1789425193959,1789425193941,995538787,42.0388913,-93.6535247,3.019,248.68383315696212,1.3081156,1.7514961,100.407005,fused,0,1,0,
1789425194944,1789425194925,995539771,42.0388896,-93.6535012,3.034,248.7506683594146,1.3207384,1.763748,101.06011,fused,0,1,0,
1789425195964,1789425195942,995540789,42.0388864,-93.6534768,3.05,248.6689537667121,1.3432128,1.76078,100.34701,fused,0,1,0,
1789425196979,1789425196953,995541800,42.0388824,-93.6534548,3.052,248.63232346929345,1.3253195,1.7467496,106.58945,fused,0,1,0,
1789425197979,1789425197954,995542800,42.0388775,-93.6534337,3.052,248.49494342368968,1.3311502,1.7353405,104.59817,fused,0,1,0,
1789425198982,1789425198954,995543800,42.038873,-93.653413,3.04,248.39104445689253,1.3181413,1.6981528,106.81259,fused,0,1,0,
1789425199980,1789425199954,995544800,42.0388689,-93.6533932,3.029,248.60091354514657,1.3652824,1.6454242,107.37431,fused,0,1,0,
1789425200982,1789425200954,995545801,42.038864,-93.6533742,3.013,248.70462016954963,1.5043755,1.699086,107.2663,fused,0,1,0,
1789425201984,1789425201955,995546801,42.0388599,-93.6533539,3.012,248.70890741100425,1.4005356,1.6788517,107.110695,fused,0,1,0,
1789425202984,1789425202953,995547800,42.0388539,-93.6533308,3.008,248.83667321344853,1.4119835,1.666296,111.37799,fused,0,1,0,
1789425203982,1789425203954,995548800,42.0388491,-93.6533151,3.003,248.9739493075558,1.3587265,1.6423022,111.80951,fused,0,1,0,
1789425204980,1789425204955,995549801,42.0388437,-93.6532974,3.0,249.08465317521348,1.3152351,1.5376445,107.23306,fused,0,1,0,
1789425205923,1789425205905,995550751,42.0388394,-93.6532804,3.0,249.08465317521348,1.3152351,1.5389199,107.046684,fused,0,1,0,
1789425206981,1789425206953,995551800,42.0388343,-93.6532667,3.0,249.63630326819515,1.3718249,1.4354235,111.19226,fused,0,1,0,
1789425207981,1789425207954,995552800,42.0388285,-93.653251,3.0,249.69463552997854,1.3550574,1.4694886,108.85343,fused,0,1,0,
1789425208981,1789425208953,995553800,42.038823,-93.6532333,3.005,249.57561350657352,1.3419176,1.512783,109.48412,fused,0,1,0,
1789425209984,1789425209954,995554801,42.0388174,-93.6532145,3.018,249.87449419110465,1.3989974,1.5360337,108.795074,fused,0,1,0,
1789425210941,1789425210919,995555765,42.0388119,-93.6531932,3.035,249.87449419110465,1.3092197,1.5292748,107.75811,fused,0,1,0,
1789425211940,1789425211920,995556767,42.0388081,-93.6531766,3.052,249.86484396528283,1.3058542,1.5124004,107.82191,fused,0,1,0,
1789425212943,1789425212921,995557768,42.0388026,-93.6531592,3.09,249.79327378735474,1.3103985,1.5278946,117.241554,fused,0,1,0,
1789425213986,1789425213954,995558800,42.0387964,-93.6531434,3.112,250.12647448109175,1.3031142,1.5202332,115.195694,fused,0,1,0,
1789425214942,1789425214924,995559770,42.0387901,-93.6531244,3.135,250.12647448109175,1.3031142,1.5958989,116.73235,fused,0,1,0,
1789425215842,1789425215824,995560670,42.0387807,-93.6530997,3.163,249.7605817864926,1.3026676,1.6494323,118.21073,fused,0,1,0,
1789425216965,1789425216943,995561790,42.038776,-93.6530839,3.16,249.86282895385534,1.3029232,1.6853377,117.144196,fused,0,1,0,
1789425217879,1789425217860,995562706,42.0387701,-93.6530658,3.158,249.93883982535,1.3096315,1.6948711,118.04246,fused,0,1,0,
1789425218987,1789425218962,995563809,42.0387617,-93.6530442,3.136,249.84574323946305,1.3034617,1.6834948,121.50545,fused,0,1,0,
1789425219899,1789425219880,995564726,42.0387548,-93.6530254,3.152,249.97596163781265,1.3280976,1.6816596,119.07359,fused,0,1,0,
1789425220992,1789425220955,995565801,42.0387478,-93.6530068,3.106,249.8806125549621,1.3082184,1.595182,120.93701,fused,0,1,0,
1789425221917,1789425221898,995566745,42.0387404,-93.6529877,3.104,249.8806125549621,1.3082184,1.6588091,114.891754,fused,0,1,0,
1789425222990,1789425222953,995567800,42.0387358,-93.6529654,3.069,249.83358109238918,1.3393264,1.6892457,116.072525,fused,0,1,0,
1789425223981,1789425223953,995568800,42.0387271,-93.6529386,3.064,249.88544494578775,1.3250934,1.6787878,118.748436,fused,0,1,0,
1789425224988,1789425224953,995569800,42.038722,-93.6529248,3.022,249.8812010845803,1.3336179,1.729212,119.77319,fused,0,1,0,
1789425225987,1789425225953,995570800,42.0387161,-93.6529052,3.021,249.68417986005966,1.3204706,1.7176067,115.831726,fused,0,1,0,
1789425226984,1789425226953,995571800,42.0387116,-93.6528842,3.005,249.80132739241623,1.3773009,1.6587896,112.73077,fused,0,1,0,
1789425227945,1789425227923,995572769,42.0387058,-93.6528635,3.023,249.80132739241623,1.3773009,1.6972792,113.95131,fused,0,1,0,
1789425228982,1789425228955,995573801,42.0387042,-93.6528429,3.024,249.82457711838157,1.3886629,1.7154253,110.40786,fused,0,1,0,
1789425229917,1789425229900,995574746,42.0386995,-93.652823,3.042,249.82457711838157,1.3886629,1.7101892,112.00805,fused,0,1,0,
1789425230988,1789425230954,995575800,42.038697,-93.6528056,3.047,249.76218240561184,1.3553097,1.643738,110.9263,fused,0,1,0,
1789425231879,1789425231859,995576706,42.0386922,-93.6527873,3.077,249.76218240561184,1.3553097,1.6805185,107.75989,fused,0,1,0,
1789425232864,1789425232845,995577691,42.0386892,-93.6527688,3.095,249.80240881596637,1.3150408,1.6606746,108.52646,fused,0,1,0,
1789425233943,1789425233921,995578768,42.038684,-93.6527486,3.098,249.52087354338852,1.3116186,1.6598786,108.959724,fused,0,1,0,
1789425234839,1789425234821,995579668,42.0386793,-93.6527312,3.117,249.72872491925142,1.36719,1.6862832,107.08032,fused,0,1,0,
1789425235919,1789425235899,995580745,42.0386777,-93.6527096,3.113,249.6830375118871,1.3469366,1.6837065,97.86092,fused,0,1,0,
1789425236987,1789425236953,995581800,42.0386754,-93.6526916,3.088,249.83835861502405,1.4005178,1.6248872,100.901665,fused,0,1,0,
1789425237983,1789425237954,995582801,42.0386715,-93.6526726,3.069,249.84065135562906,1.3091815,1.6042985,105.90396,fused,0,1,0,
1789425238979,1789425238955,995583801,42.0386663,-93.6526538,3.052,249.69133305448605,1.3058565,1.5861639,107.6803,fused,0,1,0,
1789425239979,1789425239953,995584800,42.0386631,-93.6526337,3.029,249.52038341742326,1.3103434,1.6181923,101.624535,fused,0,1,0,
1789425240983,1789425240954,995585800,42.0386603,-93.6526132,3.014,249.56259497159692,1.301316,1.6033864,99.7743,fused,0,1,0,
1789425241982,1789425241953,995586800,42.0386547,-93.6525937,3.022,249.86110459587655,1.3030319,1.5674666,114.00249,fused,0,1,0,
1789425242982,1789425242953,995587800,42.038645,-93.6525761,3.023,249.4796344811694,1.3026644,1.608919,117.94167,fused,0,1,0,
1789425243978,1789425243954,995588800,42.0386348,-93.6525598,3.025,249.4722957911731,1.3028181,1.5898495,116.83573,fused,0,1,0,
1789425244982,1789425244953,995589800,42.0386239,-93.652545,3.029,249.48599300108737,1.3098447,1.6523288,117.02683,fused,0,1,0,
1789425245985,1789425245955,995590801,42.0386117,-93.6525302,3.023,249.32199714310707,1.3034683,1.6908723,120.38757,fused,0,1,0,
1789425246988,1789425246953,995591800,42.0386022,-93.6525135,3.013,249.28210013650784,1.3228016,1.6012973,105.07558,fused,0,1,0,
1789425247983,1789425247953,995592800,42.0385966,-93.6524955,3.018,249.2411118875483,1.3200729,1.6720468,108.347466,fused,0,1,0,
1789425248979,1789425248953,995593800,42.0385945,-93.6524742,3.021,249.10977729150045,1.3171966,1.7107664,98.3569,fused,0,1,0,
1789425249981,1789425249953,995594800,42.0385919,-93.6524538,3.021,249.1060677251952,1.33703,1.6561167,109.747055,fused,0,1,0,
1789425250979,1789425250954,995595801,42.0385878,-93.6524351,3.031,248.9354414391446,1.3575128,1.6427383,113.50902,fused,0,1,0,
1789425251977,1789425251954,995596801,42.0385829,-93.652416,3.043,248.9085112206978,1.4182826,1.6669704,109.05124,fused,0,1,0,
1789425252982,1789425252955,995597801,42.0385765,-93.6523982,3.054,248.88310620227622,1.3393912,1.6457226,115.16962,fused,0,1,0,
1789425253981,1789425253953,995598800,42.0385698,-93.6523809,3.085,248.8530796067696,1.3442036,1.6276429,111.36243,fused,0,1,0,
1789425254982,1789425254953,995599800,42.0385646,-93.6523631,3.09,248.99727572981567,1.3348897,1.6454775,108.47988,fused,0,1,0,
1789425255982,1789425255954,995600800,42.0385597,-93.6523436,3.097,249.05331919814154,1.3539233,1.6328441,108.204956,fused,0,1,0,
1789425256982,1789425256953,995601800,42.0385552,-93.6523239,3.092,249.21055524518994,1.5057552,1.6279706,105.92257,fused,0,1,0,
1789425257876,1789425257858,995602704,42.0385516,-93.6523057,3.079,249.21055524518994,1.5057552,1.5992745,104.71907,fused,0,1,0,
1789425258966,1789425258944,995603791,42.0385464,-93.652286,3.046,249.2900950573569,1.3741758,1.5556933,111.5486,fused,0,1,0,
1789425259990,1789425259953,995604800,42.0385399,-93.6522684,3.032,249.40120585835763,1.366955,1.5175041,112.80304,fused,0,1,0,
1789425260983,1789425260953,995605800,42.0385331,-93.652249,3.012,249.46543917932917,1.3250812,1.5213977,113.66553,fused,0,1,0,
1789425261982,1789425261953,995606800,42.0385255,-93.6522277,3.008,249.50260964027206,1.312309,1.5302931,113.14517,fused,0,1,0,
1789425262885,1789425262864,995607711,42.0385192,-93.6522087,3.021,249.50260964027206,1.312309,1.5121305,110.94787,fused,0,1,0,
1789425263979,1789425263959,995608805,42.0385117,-93.6521831,3.046,249.72335312163796,1.3674239,1.4995694,111.15704,fused,0,1,0,
1789425264981,1789425264955,995609801,42.0385026,-93.6521555,3.043,249.37722957427684,1.3286891,1.5672114,113.90392,fused,0,1,0,
1789425265981,1789425265954,995610800,42.0384955,-93.6521312,3.043,249.68687300448448,1.3994404,1.5352805,111.33613,fused,0,1,0,
1789425266982,1789425266954,995611800,42.0384895,-93.6521087,3.055,249.86697354948996,1.3089865,1.5181577,112.310555,fused,0,1,0,
1789425267982,1789425267954,995612800,42.0384829,-93.6520883,3.057,249.89331513018686,1.3059143,1.4557877,112.86334,fused,0,1,0,
1789425268924,1789425268906,995613752,42.0384779,-93.6520706,3.073,249.89331513018686,1.3059143,1.4426665,105.937416,fused,0,1,0,
1789425269981,1789425269954,995614800,42.0384724,-93.6520528,3.051,249.62651948098778,1.3013905,1.4168602,113.37825,fused,0,1,0,
1789425270979,1789425270954,995615800,42.0384641,-93.6520361,3.053,249.894946858482,1.3031315,1.4617659,123.1197,fused,0,1,0,
1789425271983,1789425271953,995616800,42.038455,-93.6520192,3.043,249.52581725298649,1.3030368,1.4976977,123.50134,fused,0,1,0,
1789425272986,1789425272954,995617801,42.0384405,-93.6519944,3.023,249.29891615633176,1.3027172,1.5220723,129.30702,fused,0,1,0,
1789425273995,1789425273954,995618801,42.0384339,-93.651983,3.007,249.33451219723116,1.310495,1.5841715,128.91415,fused,0,1,0,
1789425274982,1789425274955,995619801,42.0384248,-93.6519662,3.003,249.37249024923392,1.3033403,1.538884,127.339745,fused,0,1,0,
1789425275985,1789425275954,995620800,42.038416,-93.6519493,3.002,249.42605839579142,1.3211771,1.5338773,128.53064,fused,0,1,0,
1789425276986,1789425276955,995621801,42.0384068,-93.6519342,3.0,249.353376535729,1.3198032,1.4081424,136.27148,fused,0,1,0,
1789425277945,1789425277924,995622771,42.0383978,-93.6519222,3.013,249.353376535729,1.3198032,1.3945842,135.73303,fused,0,1,0,
1789425278987,1789425278953,995623800,42.0383932,-93.6519084,3.018,249.31716541429313,1.3356802,1.2306235,100.88645,fused,0,1,0,
1789425279988,1789425279954,995624800,42.0383952,-93.6518886,3.019,249.15996755912596,1.3541955,1.5666294,64.56116,fused,0,1,0,
1789425280879,1789425280861,995625707,42.0384026,-93.6518716,3.033,249.15996755912596,1.3541955,1.4331765,64.273224,fused,0,1,0,
1789425281980,1789425281954,995626800,42.0384021,-93.6518534,3.038,249.36922053149664,1.3347311,1.2521247,99.69463,fused,0,1,0,
1789425282986,1789425282954,995627800,42.038396,-93.6518464,3.034,249.42513830154246,1.3398023,1.2209878,124.8777,fused,0,1,0,
1789425283981,1789425283953,995628800,42.0383865,-93.6518359,3.028,249.30493845773623,1.3291464,1.2541498,129.74442,fused,0,1,0,
1789425284980,1789425284954,995629800,42.0383763,-93.6518256,3.034,249.4296061953193,1.3793,1.2734845,136.74466,fused,0,1,0,
1789425285986,1789425285954,995630801,42.0383644,-93.6518148,3.028,249.30777963520524,1.5088412,1.362665,139.10252,fused,0,1,0,
1789425286979,1789425286953,995631800,42.0383515,-93.6518043,3.029,249.36099930918516,1.389423,1.3510364,145.69263,fused,0,1,0,
1789425287983,1789425287963,995632809,42.0383391,-93.651795,3.024,249.34595896449338,1.3958838,1.383033,147.71452,fused,0,1,0,
1789425288981,1789425288953,995633800,42.038328,-93.6517874,3.029,249.349101864057,1.3549632,1.3663573,144.14717,fused,0,1,0,
1789425289983,1789425289965,995634812,42.0383149,-93.6517708,3.031,249.32493001513063,1.3616058,1.3219007,120.89383,fused,0,1,0,
1789425290978,1789425290953,995635800,42.0383184,-93.6517607,3.023,249.1921292215909,1.3117723,1.3895959,56.541664,fused,0,1,0,
1789425291988,1789425291954,995636800,42.0383305,-93.6517564,3.022,249.30812332014318,1.3676178,1.2291192,309.98123,fused,0,1,0,
1789425292985,1789425292953,995637800,42.0383293,-93.651766,3.022,249.3107821332689,1.345087,1.1775638,230.18489,fused,0,1,0,
1789425293987,1789425293954,995638800,42.0383206,-93.6517657,3.011,249.072654880115,1.3284063,1.0399847,246.46819,fused,0,1,0,
1789425294992,1789425294955,995639801,42.0383199,-93.651762,3.011,249.38229831032265,1.3986375,0.8327568,298.9135,fused,0,1,0,
1789425295987,1789425295954,995640800,42.038323,-93.6517534,3.0,249.38620332366253,1.3089349,0.53543586,0.2459076,fused,0,1,0,
1789425296989,1789425296954,995641800,42.0383239,-93.6517429,3.0,249.35989934202684,1.3045638,0.47004205,26.632423,fused,0,1,0,
1789425297995,1789425297955,995642801,42.0383231,-93.6517335,3.0,249.327538948699,1.3085905,0.5288056,68.39775,fused,0,1,0,
1789425298996,1789425298953,995643800,42.0383202,-93.6517226,3.0,249.39231099220854,1.3040583,0.5616612,91.94535,fused,0,1,0,
1789425299997,1789425299953,995644800,42.0383177,-93.6517098,3.0,249.69082094621166,1.3011057,0.76315385,96.269585,fused,0,1,0,
1789425300878,1789425300859,995645706,42.038315,-93.6516968,3.005,249.69082094621166,1.3011057,0.8887351,111.68074,fused,0,1,0,
1789425301881,1789425301861,995646708,42.0383049,-93.6516839,3.015,249.30021978048353,1.3049189,1.065005,163.39081,fused,0,1,0,
1789425302983,1789425302954,995647801,42.0382916,-93.6516931,3.012,249.25608701373568,1.3094335,0.75248474,217.82043,fused,0,1,0,
1789425303987,1789425303955,995648801,42.038289,-93.6517013,3.015,249.1629995114302,1.3032498,0.5749713,218.52098,fused,0,1,0,
1789425304986,1789425304953,995649800,42.0382867,-93.6517064,3.018,249.0742243650842,1.3214781,0.4777055,209.9007,fused,0,1,0,
1789425305989,1789425305954,995650800,42.0382846,-93.6517089,3.012,249.2260717589196,1.3186239,0.3914887,200.82068,fused,0,1,0,
1789425306993,1789425306953,995651800,42.038284,-93.6517109,3.0,249.16778896982277,1.3137969,0.33340615,217.67204,fused,0,1,0,
1789425307984,1789425307953,995652800,42.0382838,-93.6517169,3.0,249.22746169192362,1.3313762,0.3407321,253.30133,fused,0,1,0,
1789425308990,1789425308953,995653800,42.0382851,-93.6517222,3.0,249.04394376043166,1.345993,0.38303563,290.63623,fused,0,1,0,
1789425309943,1789425309922,995654768,42.0382874,-93.651728,3.0,249.04394376043166,1.345993,0.41565493,281.77853,fused,0,1,0,
1789425310995,1789425310954,995655800,42.0382869,-93.6517488,3.0,249.2531951674851,1.3290408,0.86505437,242.58365,fused,0,1,0,
1789425311995,1789425311953,995656800,42.03828,-93.6517635,3.008,249.40096603742427,1.3373457,0.8837028,228.25403,fused,0,1,0,
1789425312995,1789425312954,995657800,42.0382712,-93.6517741,3.034,249.49348273024776,1.3237511,0.83067745,223.75641,fused,0,1,0,
1789425314000,1789425313954,995658800,42.0382679,-93.6517783,3.037,249.66488450858873,1.362226,0.6820047,229.67705,fused,0,1,0,
1789425314984,1789425314954,995659800,42.0382661,-93.6517808,3.029,249.60859133897725,1.4602436,0.542989,228.57825,fused,0,1,0,
1789425315990,1789425315954,995660800,42.0382611,-93.6517818,3.029,249.57586424820022,1.3605474,0.7298896,207.9753,fused,0,1,0,
1789425316984,1789425316954,995661800,42.038253,-93.6517757,3.022,249.58766862147525,1.3977866,0.8419148,123.396935,fused,0,1,0,
1789425317986,1789425317953,995662800,42.0382541,-93.6517581,3.0,249.58276657305743,1.3483511,0.8639003,58.737328,fused,0,1,0,
1789425318988,1789425318954,995663800,42.03826,-93.6517431,3.0,249.69013967291636,1.3146034,0.9352311,47.484276,fused,0,1,0,
1789425319980,1789425319954,995664801,42.0382644,-93.6517343,3.0,249.42579423708412,1.311114,0.7057824,67.37172,fused,0,1,0,
1789425320979,1789425320953,995665800,42.038266,-93.6517262,3.0,249.4671222726493,1.3634336,0.5715183,61.341885,fused,0,1,0,
1789425321982,1789425321954,995666800,42.0382683,-93.6517232,3.0,249.45850059321913,1.3440051,0.45140198,16.825344,fused,0,1,0,
1789425322986,1789425322953,995667800,42.0382706,-93.651724,3.0,249.06674613027513,1.3267063,0.28900197,356.01495,fused,0,1,0,
1789425323991,1789425323955,995668801,42.0382701,-93.6517235,3.0,249.30548487907146,1.3952962,0.17282699,353.9638,fused,0,1,0,
1789425324990,1789425324954,995669801,42.0382686,-93.6517231,3.0,249.29649833503805,1.3084879,0.13015293,358.60135,fused,0,1,0,
1789425325997,1789425325955,995670801,42.0382677,-93.6517223,3.0,249.19338155209647,1.3054857,0.11296583,4.338074,fused,0,1,0,
1789425326996,1789425326954,995671800,42.0382671,-93.6517216,3.0,249.14275610527324,1.309432,0.10133815,359.28516,fused,0,1,0,
1789425327989,1789425327954,995672800,42.0382668,-93.6517214,3.0,249.162406110581,1.301292,0.10525152,350.46585,fused,0,1,0,
1789425328995,1789425328953,995673800,42.0382663,-93.6517205,3.0,249.49260857852403,1.3028436,0.104682334,359.915,fused,0,1,0,
1789425329991,1789425329954,995674800,42.0382657,-93.6517198,3.0,249.15411237028792,1.3025413,0.092821375,,fused,0,1,0,
1789425330982,1789425330953,995675800,42.0382655,-93.6517193,3.0,249.2311087898658,1.3026098,0.09457133,,fused,0,1,0,
1789425331983,1789425331953,995676800,42.0382654,-93.651719,3.0,249.25608701373568,1.3092908,0.09551426,,fused,0,1,0,
1789425332981,1789425332955,995677801,42.038267,-93.6517197,3.0,249.34079773308616,1.3031455,0.17610785,339.10693,fused,0,1,0,
1789425333979,1789425333954,995678800,42.0382689,-93.6517217,3.0,249.4072577400496,1.3218153,0.2463597,336.8351,fused,0,1,0,
1789425334981,1789425334953,995679800,42.0382737,-93.6517246,3.0,249.44147039588717,1.3188224,0.3092937,78.78946,fused,0,1,0,
1789425335987,1789425335955,995680801,42.0382742,-93.6517258,3.0,249.42025175668,1.3148254,0.20555274,158.06528,fused,0,1,0,
1789425336988,1789425336953,995681800,42.0382746,-93.6517259,3.0,249.51537635823973,1.3323754,0.23803584,161.99939,fused,0,1,0,
1789425337987,1789425337954,995682800,42.0382745,-93.6517262,3.0,249.35656701356316,1.348379,0.20666891,183.63776,fused,0,1,0,
1789425338990,1789425338953,995683800,42.0382753,-93.6517267,3.0,249.4241785899054,1.4012157,0.14194669,189.70157,fused,0,1,0,
1789425339991,1789425339954,995684800,42.0382759,-93.6517268,3.0,249.4466259118028,1.3295362,0.115646474,195.89018,fused,0,1,0,
1789425340995,1789425340954,995685801,42.0382757,-93.6517271,3.0,249.39344579133257,1.3368999,0.14112522,204.68034,fused,0,1,0,
1789425341995,1789425341953,995686800,42.0382761,-93.6517305,3.0,249.38992984214866,1.3250366,0.3171106,271.13327,fused,0,1,0,
1789425342985,1789425342954,995687801,42.0382793,-93.6517419,3.0,249.43873788193383,1.3574419,0.559245,300.72128,fused,0,1,0,
1789425343976,1789425343953,995688800,42.0382884,-93.6517622,3.0,249.33017454453562,1.4474368,0.9108191,308.82486,fused,0,1,0,
1789425344988,1789425344954,995689800,42.0382981,-93.6517731,3.026,249.42535885903283,1.3587817,1.0220745,318.70267,fused,0,1,0,
1789425345978,1789425345957,995690804,42.0383057,-93.6517837,3.155,249.42535885903283,1.3587817,1.0394924,297.9218,fused,0,1,0,
1789425346983,1789425346955,995691801,42.0383113,-93.6517951,3.241,249.33721608028907,1.3460549,0.8745842,276.6748,fused,0,1,0,
1789425347980,1789425347953,995692800,42.0383126,-93.651807,3.244,249.51394990569378,1.31393,0.9087167,255.37473,fused,0,1,0,
1789425348983,1789425348954,995693800,42.038313,-93.6518167,3.268,249.1824604611857,1.3102964,0.6823369,268.84833,fused,0,1,0,
1789425349987,1789425349954,995694800,42.038314,-93.6518217,3.287,249.35032749606938,1.3570968,0.44112614,283.20734,fused,0,1,0,
1789425350984,1789425350954,995695800,42.0383165,-93.6518293,3.234,249.1561425235666,1.3325769,0.5817974,302.0527,fused,0,1,0,
1789425351983,1789425351954,995696800,42.0383187,-93.6518422,3.04,249.09682708081976,1.3259497,0.67706734,282.745,fused,0,1,0,
1789425352989,1789425352954,995697800,42.0383177,-93.6518532,3.005,249.36564638935943,1.3937387,0.7819171,298.21527,fused,0,1,0,
1789425353993,1789425353953,995698800,42.0383163,-93.6518686,3.019,249.4238044954024,1.3089626,0.9658391,235.13605,fused,0,1,0,
1789425354998,1789425354954,995699800,42.0383106,-93.6518815,3.059,249.43510198143298,1.3057712,0.98438776,253.03008,fused,0,1,0,
1789425356000,1789425355955,995700801,42.0383169,-93.6518926,3.112,249.25663343467835,1.3092257,0.9947773,316.44516,fused,0,1,0,
1789425357004,1789425356955,995701801,42.0383272,-93.6518952,3.112,249.38532780950396,1.3010813,1.0119932,255.8378,fused,0,1,0,
1789425358000,1789425357955,995702801,42.0383312,-93.651892,3.101,249.29663591501486,1.304783,0.85494125,232.85228,fused,0,1,0,
1789425358986,1789425358954,995703800,42.0383352,-93.651888,3.08,249.34319302059413,1.3025796,0.67879283,248.79721,fused,0,1,0,
1789425359957,1789425359941,995704787,42.0383349,-93.6518916,3.045,249.34319302059413,1.3025796,0.6710288,232.44423,fused,0,1,0,
1789425360878,1789425360858,995705704,42.0383378,-93.6518817,3.001,249.23919533635353,1.3023802,0.55906147,231.49672,fused,0,1,0,
1789425361981,1789425361954,995706800,42.0383429,-93.6518702,3.0,249.38591931672948,1.3032222,0.24895951,235.3258,fused,0,1,0,
1789425362984,1789425362953,995707800,42.038346,-93.6518638,3.0,249.33088920008237,1.3179468,0.13188839,233.76762,fused,0,1,0,
1789425363986,1789425363954,995708800,42.0383486,-93.6518575,3.0,249.19980127888033,1.3184179,0.10421935,234.54366,fused,0,1,0,
1789425364989,1789425364954,995709800,42.0383501,-93.6518524,3.0,249.19153580365338,1.3126433,0.10317376,235.48116,fused,0,1,0,
1789425365992,1789425365954,995710800,42.0383511,-93.6518484,3.0,249.39773841767078,1.3327261,0.10139067,234.22571,fused,0,1,0,
1789425366995,1789425366955,995711801,42.0383515,-93.6518455,3.0,249.23463184993892,1.3486048,0.17115171,233.68861,fused,0,1,0,
1789425367993,1789425367953,995712800,42.0383493,-93.6518435,3.0,249.30600351562515,1.4069768,0.330397,228.53758,fused,0,1,0,
1789425368878,1789425368859,995713705,42.0383472,-93.6518445,3.0,249.30600351562515,1.4069768,0.23681284,244.03322,fused,0,1,0,
1789425369976,1789425369953,995714800,42.038343,-93.6518414,3.0,249.32952396506465,1.3367411,0.21794443,298.48495,fused,0,1,0,
1789425370982,1789425370954,995715800,42.0383418,-93.6518382,3.0,249.3431971543004,1.324258,0.14142811,311.20914,fused,0,1,0,
1789425371979,1789425371954,995716800,42.038339,-93.6518351,3.0,249.38609652755326,1.3564225,0.11481356,311.2072,fused,0,1,0,
1789425372983,1789425372955,995717801,42.0383362,-93.6518331,3.0,249.27431025009037,1.4459784,0.117575355,321.55515,fused,0,1,0,
1789425373981,1789425373954,995718800,42.0383339,-93.6518308,3.0,249.3893693964933,1.3575222,0.08657882,,fused,0,1,0,
1789425374979,1789425374954,995719800,42.038331,-93.6518281,3.0,249.3172421734547,1.3919787,0.077643216,,fused,0,1,0,
1789425375983,1789425375954,995720801,42.0383285,-93.6518262,3.0,249.28135191843666,1.3469182,0.07657969,,fused,0,1,0,
1789425376985,1789425376954,995721800,42.0383267,-93.6518261,3.0,249.36999265346947,1.3130832,0.20627442,323.88675,fused,0,1,0,
1789425377980,1789425377954,995722800,42.0383243,-93.6518264,3.0,249.1341168222158,1.3080516,0.1770885,309.163,fused,0,1,0,
1789425378983,1789425378954,995723800,42.0383198,-93.6518253,3.0,249.21765041414415,1.3444812,0.11979457,238.66228,fused,0,1,0,
1789425379981,1789425379954,995724800,42.0383166,-93.6518239,3.0,249.08308931582945,1.3249425,0.11936928,239.94897,fused,0,1,0,
1789425380984,1789425380954,995725800,42.0383145,-93.651822,3.0,249.0237735263006,1.3200656,0.17714201,260.4614,fused,0,1,0,
1789425381991,1789425381955,995726801,42.0383117,-93.651822,3.0,249.4139907651043,1.3820614,0.19198449,237.5955,fused,0,1,0,
1789425382994,1789425382954,995727800,42.038304,-93.6518228,3.0,249.40339241034525,1.3074131,0.56829727,182.925,fused,0,1,0,
1789425383996,1789425383954,995728800,42.038289,-93.651818,3.0,249.5076194350932,1.3040599,0.8563346,163.94626,fused,0,1,0,
1789425385008,1789425384954,995729801,42.0382724,-93.6518106,3.0,249.48278109249105,1.3059423,1.0656887,177.87393,fused,0,1,0,
1789425385995,1789425385954,995730801,42.0382579,-93.6518032,3.0,249.54379373573198,1.3061844,1.1222028,171.88309,fused,0,1,0,
1789425386987,1789425386954,995731800,42.0382472,-93.6517902,3.0,249.51365344795022,1.3039479,1.2720209,132.90913,fused,0,1,0,
1789425387991,1789425387954,995732800,42.0382433,-93.6517667,3.01,249.50058434595496,1.3011835,1.355486,110.246704,fused,0,1,0,
1789425388984,1789425388953,995733800,42.0382387,-93.6517462,3.009,249.40356906807813,1.3015149,1.2761059,171.55783,fused,0,1,0,
1789425389982,1789425389954,995734801,42.0382328,-93.6517417,3.017,249.54185893554677,1.3022219,1.2426765,225.69176,fused,0,1,0,
1789425390986,1789425390954,995735800,42.0382379,-93.6517454,3.017,249.56694519314192,1.3074248,0.8426028,245.03104,fused,0,1,0,
1789425391988,1789425391954,995736800,42.038239,-93.651745,3.021,249.54208620931547,1.3038675,0.8470153,255.68877,fused,0,1,0,
1789425392986,1789425392954,995737800,42.0382433,-93.6517459,3.008,249.62840425892466,1.3258419,0.640154,276.0671,fused,0,1,0,
1789425393962,1789425393941,995738787,42.0382414,-93.6517506,3.008,249.62840425892466,1.3258419,0.75298244,174.65735,fused,0,1,0,
1789425394998,1789425394953,995739800,42.0382399,-93.6517363,3.0,249.43533941091925,1.3119736,0.8215441,174.29056,fused,0,1,0,
1789425395995,1789425395954,995740801,42.0382335,-93.6517342,3.0,249.30213268078785,1.3296973,1.0391396,211.43272,fused,0,1,0,
1789425396923,1789425396901,995741748,42.0382248,-93.6517411,3.0,249.30213268078785,1.3296973,1.16911,210.59991,fused,0,1,0,
1789425397981,1789425397953,995742800,42.0382095,-93.6517446,3.0,249.4262138178197,1.3854781,1.5984263,199.03098,fused,0,1,0,
1789425398979,1789425398953,995743800,42.038191,-93.6517486,3.004,249.4514592886277,1.3235822,1.6550313,198.38177,fused,0,1,0,
1789425399980,1789425399954,995744801,42.03818,-93.6517529,3.01,249.4833172612045,1.3248595,1.6454647,199.54329,fused,0,1,0,
1789425400981,1789425400953,995745800,42.0381684,-93.651756,3.044,249.65736409762184,1.3173466,1.6057092,192.338,fused,0,1,0,
1789425401997,1789425401953,995746800,42.0381558,-93.6517574,3.086,249.5981185360468,1.3334193,1.6192929,190.72664,fused,0,1,0,
1789425402982,1789425402953,995747800,42.0381436,-93.651757,3.12,249.6477448487782,1.4045982,1.5799191,187.06017,fused,0,1,0,
1789425403976,1789425403954,995748800,42.0381317,-93.6517553,3.148,249.54338776896043,1.3567436,1.5475667,187.28429,fused,0,1,0,
1789425404987,1789425404953,995749800,42.0381196,-93.6517516,3.149,249.72682892966776,1.3731732,1.5471575,173.53198,fused,0,1,0,
1789425405985,1789425405954,995750800,42.0381084,-93.6517429,3.156,249.74063374728888,1.3360337,1.5258578,164.22005,fused,0,1,0,
1789425406984,1789425406953,995751800,42.0380977,-93.6517347,3.125,249.55789465940683,1.3080279,1.4709909,161.85837,fused,0,1,0,
1789425407977,1789425407958,995752804,42.0380797,-93.6517278,3.139,249.55789465940683,1.3080279,1.4664569,169.99126,fused,0,1,0,
1789425408976,1789425408954,995753800,42.0380747,-93.6517294,3.129,249.49932505147626,1.3459842,1.3572385,170.62416,fused,0,1,0,
1789425409983,1789425409954,995754800,42.0380642,-93.6517286,3.128,249.57003138214554,1.3229811,1.3963361,171.87039,fused,0,1,0,
1789425410986,1789425410954,995755800,42.0380513,-93.651726,3.101,249.61059402630207,1.3351994,1.4843794,168.7369,fused,0,1,0,
1789425411881,1789425411861,995756707,42.0380382,-93.6517223,3.111,249.61059402630207,1.3351994,1.5221106,169.02274,fused,0,1,0,
1789425412779,1789425412760,995757607,42.038025,-93.651718,3.115,249.7885443931366,1.3747587,1.5396968,165.34085,fused,0,1,0,
1789425413898,1789425413880,995758727,42.038007,-93.6517109,3.086,249.9068216608543,1.3079715,1.6497767,162.19931,fused,0,1,0,
1789425414982,1789425414953,995759800,42.0379904,-93.6517043,3.078,249.87152099609375,1.3015493,1.69637,163.32558,fused,0,1,0,
1789425415945,1789425415925,995760772,42.0379743,-93.6516998,3.09,249.87152099609375,1.3015493,1.6668198,165.59071,fused,0,1,0,
1789425416986,1789425416953,995761800,42.0379607,-93.6516926,3.08,249.9771718357439,1.3016825,1.5940449,145.73605,fused,0,1,0,
1789425417985,1789425417953,995762800,42.0379505,-93.6516822,3.08,249.79170486725974,1.3016481,1.511717,144.6693,fused,0,1,0,
1789425418983,1789425418953,995763800,42.0379402,-93.6516737,3.063,250.10483591475605,1.3061594,1.443224,146.48502,fused,0,1,0,
1789425419922,1789425419904,995764751,42.0379293,-93.6516646,3.088,250.10483591475605,1.3061594,1.4628528,146.81877,fused,0,1,0,
1789425420977,1789425420954,995765800,42.0379203,-93.6516567,3.065,250.06951956169297,1.3111888,1.3719583,146.84315,fused,0,1,0,
1789425421982,1789425421954,995766801,42.0379099,-93.6516489,3.064,250.0340462690159,1.3130206,1.4151307,149.47214,fused,0,1,0,
1789425422984,1789425422954,995767801,42.0378976,-93.6516428,3.049,250.2115288888308,1.3096331,1.4632099,158.9247,fused,0,1,0,
1789425423986,1789425423954,995768800,42.0378837,-93.6516379,3.045,250.3665484261699,1.3208742,1.4072968,152.25084,fused,0,1,0,
1789425424905,1789425424886,995769732,42.0378736,-93.6516304,3.046,250.3665484261699,1.3208742,1.4740447,141.67186,fused,0,1,0,
1789425425958,1789425425938,995770784,42.0378618,-93.6516195,3.033,250.3503902062406,1.338069,1.469439,141.46884,fused,0,1,0,
1789425426979,1789425426954,995771800,42.0378496,-93.6516139,3.033,250.51121650458174,1.3216008,1.4662029,146.9368,fused,0,1,0,
1789425427996,1789425427955,995772801,42.0378369,-93.6516058,3.038,250.46890775467745,1.3292228,1.528166,144.64891,fused,0,1,0,
1789425428981,1789425428954,995773800,42.0378238,-93.6515964,3.025,250.34440061320834,1.3171611,1.6045278,145.83348,fused,0,1,0,
1789425429981,1789425429954,995774801,42.0378102,-93.6515879,3.024,250.28723063066036,1.3294405,1.5944169,152.15189,fused,0,1,0,
1789425430979,1789425430953,995775800,42.037789,-93.6515824,3.026,250.34062889555923,1.4050545,1.6616181,172.13823,fused,0,1,0,
1789425431982,1789425431954,995776800,42.0377789,-93.6515835,3.026,250.27538505146208,1.338747,1.6250786,175.57397,fused,0,1,0,
1789425432981,1789425432954,995777800,42.0377651,-93.6515815,3.022,250.3621998030614,1.3760484,1.6171325,169.16612,fused,0,1,0,
1789425433984,1789425433953,995778800,42.0377525,-93.6515769,3.017,249.91248002826586,1.3248647,1.5232056,160.75008,fused,0,1,0,
1789425434981,1789425434953,995779800,42.0377433,-93.6515674,3.017,250.5072131846507,1.3100342,1.4420608,127.94141,fused,0,1,0,
1789425435981,1789425435953,995780800,42.0377449,-93.6515578,3.02,250.34918558168005,1.3091991,1.0422918,76.60064,fused,0,1,0,
1789425436983,1789425436954,995781800,42.0377495,-93.6515443,3.02,250.19095571538736,1.3279895,1.0241976,56.868465,fused,0,1,0,
1789425437985,1789425437953,995782800,42.0377549,-93.6515274,3.026,250.20495570339915,1.3208313,0.8266434,25.555428,fused,0,1,0,
1789425438986,1789425438953,995783800,42.037773,-93.6515162,3.013,250.06377082520515,1.3278742,1.2209457,359.59006,fused,0,1,0,
1789425439988,1789425439954,995784800,42.037776,-93.6515177,3.0,250.32291561370664,1.3747104,0.5802405,335.27313,fused,0,1,0,
1789425440988,1789425440954,995785801,42.0377844,-93.651521,3.0,250.27309760833674,1.3054738,0.8160079,337.67673,fused,0,1,0,
1789425441988,1789425441953,995786800,42.037788,-93.6515219,3.0,250.28286146951717,1.303289,0.42576435,345.53238,fused,0,1,0,
1789425442993,1789425442957,995787804,42.0377883,-93.6515219,3.0,250.0237332258436,1.3062655,0.2561451,349.4752,fused,0,1,0,
1789425443998,1789425443953,995788800,42.0377906,-93.6515209,3.0,249.97247212871264,1.3008366,0.12096383,352.85187,fused,0,1,0,
1789425444995,1789425444955,995789801,42.0377924,-93.65152,3.0,249.8337661391165,1.3026552,0.09803982,,fused,0,1,0,
1789425445984,1789425445953,995790800,42.0377939,-93.651519,3.0,249.65862249094937,1.3015876,0.09862721,,fused,0,1,0,
1789425446978,1789425446954,995791800,42.0377958,-93.6515177,3.0,249.61509729842834,1.3014953,0.096248806,,fused,0,1,0,
1789425447979,1789425447953,995792799,42.0377965,-93.6515169,3.0,249.52505705974312,1.3045533,0.09614276,,fused,0,1,0,
1789425448975,1789425448953,995793799,42.0377968,-93.6515157,3.0,249.7304299455542,1.3019514,0.08933552,,fused,0,1,0,
1789425449982,1789425449953,995794800,42.0377969,-93.6515146,3.0,249.4224499587164,1.3069044,0.0983529,,fused,0,1,0,
1789425450975,1789425450952,995795799,42.0377974,-93.6515137,3.0,249.70474350510835,1.3133144,0.09657865,,fused,0,1,0,
1789425451978,1789425451952,995796799,42.0377979,-93.651513,3.0,249.7115184074521,1.3097578,0.11346369,357.64926,fused,0,1,0,
1789425452978,1789425452953,995797799,42.0377981,-93.6515122,3.0,249.69635615334192,1.3175368,0.108897425,11.219623,fused,0,1,0,
1789425453982,1789425453953,995798799,42.0377982,-93.6515111,3.0,249.69717369613915,1.3349534,0.10141823,356.30966,fused,0,1,0,
1789425454978,1789425454952,995799799,42.0377985,-93.6515108,3.0,249.6782854039107,1.3616358,0.08140925,,fused,0,1,0,
1789425455981,1789425455953,995800800,42.037798,-93.6515109,3.0,249.70863695410173,1.3223035,1.4172632E-9,,fused,0,1,0,
1789425456980,1789425456953,995801799,42.0377978,-93.6515108,3.0,249.47934356027582,1.3259882,0.0041177776,,fused,0,1,0,
1789425457986,1789425457953,995802800,42.0377979,-93.6515121,3.0,249.57566998882476,1.3177235,1.6254146,339.1117,fused,0,1,0,
1789425458982,1789425458953,995803799,42.037808,-93.6515268,3.0,249.60874544727636,1.3296623,1.3160062,295.0772,fused,0,1,0,
1789425459984,1789425459952,995804799,42.0378045,-93.6515471,3.033,249.77678899631638,1.4052035,1.2999542,252.33052,fused,0,1,0,
1789425460984,1789425460952,995805799,42.0377891,-93.6515654,3.078,249.85797404557547,1.3386818,1.4562823,215.33427,fused,0,1,0,
1789425461887,1789425461863,995806710,42.0377752,-93.6515756,3.121,249.85797404557547,1.3386818,1.454115,208.62624,fused,0,1,0,
1789425462918,1789425462899,995807745,42.0377575,-93.6515894,3.152,249.37747738141076,1.3223763,1.4720123,205.52776,fused,0,1,0,
1789425463978,1789425463959,995808805,42.0377422,-93.6516007,3.215,249.51863067164862,1.3199458,1.5179021,202.29793,fused,0,1,0,
1789425464978,1789425464952,995809799,42.0377258,-93.6516136,3.245,249.59958530010533,1.3047087,1.5145518,205.73395,fused,0,1,0,
1789425465974,1789425465953,995810799,42.0377094,-93.6516243,3.215,249.7637975336463,1.3174028,1.5357183,203.35295,fused,0,1,0,
1789425466981,1789425466953,995811799,42.0376917,-93.6516341,3.183,250.09267735912056,1.3241364,1.5918075,199.18935,fused,0,1,0,
1789425467978,1789425467952,995812799,42.0376748,-93.6516435,3.157,250.0003789607951,1.3161119,1.5850042,201.94038,fused,0,1,0,
1789425468981,1789425468952,995813799,42.0376589,-93.6516548,3.135,250.41854095207805,1.36853,1.5649357,203.1181,fused,0,1,0,
1789425469902,1789425469881,995814728,42.0376453,-93.6516643,3.083,250.41854095207805,1.36853,1.5368388,205.01044,fused,0,1,0,
1789425470819,1789425470797,995815644,42.0376314,-93.6516761,3.085,250.49389532296698,1.3048867,1.5359602,202.65201,fused,0,1,0,
1789425471984,1789425471953,995816799,42.0376155,-93.6516892,3.078,250.4556598559576,1.3045608,1.488025,205.47974,fused,0,1,0,
1789425472978,1789425472953,995817800,42.0376017,-93.6516995,3.052,250.5220497461587,1.300646,1.4967129,204.9756,fused,0,1,0,
1789425473981,1789425473952,995818799,42.037588,-93.6517102,3.039,250.49562493603776,1.3022162,1.471407,206.33952,fused,0,1,0,
1789425474981,1789425474953,995819799,42.0375748,-93.6517204,3.02,250.49830675960317,1.3013983,1.4453968,206.24803,fused,0,1,0,
1789425475982,1789425475953,995820799,42.0375623,-93.6517319,3.011,250.5181730528247,1.3015369,1.4412435,210.30206,fused,0,1,0,
1789425476981,1789425476952,995821799,42.0375501,-93.6517435,3.017,250.5758682991393,1.3044401,1.4832077,209.14517,fused,0,1,0,
1789425477976,1789425477953,995822799,42.0375376,-93.6517517,3.032,250.8731066920447,1.3019059,1.4578128,202.9509,fused,0,1,0,
1789425478981,1789425478953,995823799,42.0375231,-93.6517615,3.046,250.69460630023826,1.3066227,1.5111268,208.0235,fused,0,1,0,
1789425479878,1789425479860,995824707,42.0375125,-93.6517702,3.049,250.69460630023826,1.3066227,1.5435433,214.05096,fused,0,1,0,
1789425480864,1789425480845,995825691,42.0375011,-93.6517823,3.05,250.99731580964755,1.3131157,1.503838,215.12767,fused,0,1,0,
1789425481925,1789425481904,995826751,42.0374889,-93.651795,3.054,251.0019416358743,1.3095782,1.4929707,218.00552,fused,0,1,0,
1789425482941,1789425482924,995827770,42.0374787,-93.6518066,3.061,251.00343359259898,1.3175119,1.4687436,228.3956,fused,0,1,0,
1789425483975,1789425483953,995828799,42.0374713,-93.6518215,3.064,251.16157969675595,1.3608928,1.4413315,238.16042,fused,0,1,0,
1789425484965,1789425484942,995829789,42.0374651,-93.6518388,3.09,251.16157969675595,1.3608928,1.455772,239.28232,fused,0,1,0,
1789425485978,1789425485954,995830800,42.037461,-93.6518573,3.096,251.13829207201212,1.3259741,1.6554097,245.67982,fused,0,1,0,
1789425486986,1789425486953,995831799,42.0374641,-93.6518893,3.073,251.1583307768979,1.317463,1.6999058,301.33786,fused,0,1,0,
1789425487897,1789425487879,995832725,42.0374747,-93.6519078,3.09,251.1583307768979,1.317463,1.8322409,284.3855,fused,0,1,0,
1789425488957,1789425488940,995833786,42.0374826,-93.6519343,3.114,250.93836888360033,1.3291034,1.8562276,285.16113,fused,0,1,0,
1789425489980,1789425489953,995834799,42.0374895,-93.6519562,3.097,250.61921370950074,1.3382137,1.6725726,287.00586,fused,0,1,0,
1789425490960,1789425490942,995835788,42.037495,-93.6519771,3.093,250.61921370950074,1.3382137,1.66424,289.973,fused,0,1,0,
1789425491979,1789425491952,995836799,42.0374966,-93.6519957,3.097,250.0590767554603,1.3186507,1.5321726,288.19897,fused,0,1,0,
1789425492988,1789425492953,995837799,42.0374985,-93.6520146,3.064,249.97717142369942,1.3073939,1.4587934,297.5597,fused,0,1,0,
1789425493983,1789425493953,995838799,42.0374989,-93.6520325,3.022,249.96220903484584,1.3045743,1.3262221,273.29208,fused,0,1,0,
1789425494979,1789425494953,995839799,42.0374892,-93.6520524,3.018,250.1097677725861,1.317026,1.3663533,214.51003,fused,0,1,0,
1789425495981,1789425495952,995840799,42.0374796,-93.6520569,3.001,250.39782001296595,1.3245114,0.9197737,195.66748,fused,0,1,0,
1789425496985,1789425496953,995841799,42.0374791,-93.6520614,3.0,250.26952899467045,1.316761,0.53131896,248.01202,fused,0,1,0,
1789425497985,1789425497953,995842799,42.0374803,-93.6520649,3.0,250.03845292380544,1.334536,0.32189617,271.83032,fused,0,1,0,
1789425498986,1789425498954,995843800,42.037481,-93.6520665,3.0,250.54976717623953,1.3046802,0.20303501,264.30194,fused,0,1,0,
1789425499991,1789425499953,995844799,42.0374814,-93.6520675,3.0,250.45861715741302,1.3036579,0.1218949,261.32346,fused,0,1,0,
1789425500995,1789425500953,995845799,42.0374817,-93.6520675,3.0,250.4051598514622,1.3049191,0.103941634,257.60385,fused,0,1,0,
1789425501994,1789425501952,995846799,42.0374828,-93.6520682,3.0,250.26832207085585,1.3006665,0.10401019,257.0048,fused,0,1,0,
1789425502988,1789425502952,995847799,42.037483,-93.6520687,3.0,250.29362366878212,1.3019743,0.094181955,,fused,0,1,0,
1789425503991,1789425503953,995848799,42.037483,-93.6520689,3.0,250.17112636477873,1.3014387,0.09716842,,fused,0,1,0,
1789425504992,1789425504952,995849799,42.0374828,-93.6520691,3.0,250.15929518779996,1.3014357,0.06864624,,fused,0,1,0,
1789425505976,1789425505952,995850799,42.0374827,-93.6520693,3.0,250.1552060570756,1.3041958,0.06305849,,fused,0,1,0,
1789425506978,1789425506953,995851799,42.0374826,-93.6520692,3.0,250.4282666666358,1.3016723,0.064032234,,fused,0,1,0,
1789425507981,1789425507952,995852799,42.0374825,-93.6520696,3.0,250.16111580172452,1.3065141,0.07220439,,fused,0,1,0,
1789425508896,1789425508879,995853726,42.0374826,-93.6520692,3.0,250.16111580172452,1.3065141,0.083744675,,fused,0,1,0,
1789425509979,1789425509954,995854800,42.0374826,-93.6520695,3.0,250.47274799034602,1.3094469,0.084165454,,fused,0,1,0,
1789425510917,1789425510899,995855745,42.0374827,-93.65207,3.0,250.47274799034602,1.3094469,0.092955,,fused,0,1,0,
1789425511979,1789425511952,995856799,42.0374917,-93.6520769,3.0,250.5201847043632,1.3325022,0.13115789,256.7643,fused,0,1,0,
1789425512977,1789425512952,995857799,42.0374965,-93.6520801,3.0,250.54427040492408,1.3557774,0.28785658,301.90942,fused,0,1,0,
1789425513906,1789425513885,995858732,42.0375007,-93.6520823,3.0,250.54427040492408,1.3557774,0.33400628,343.64703,fused,0,1,0,
1789425514959,1789425514937,995859784,42.0375124,-93.6520806,3.022,250.6777584587822,1.3164726,0.63231397,350.98712,fused,0,1,0,
1789425515979,1789425515954,995860800,42.0375196,-93.6520763,3.045,250.4679626092007,1.3153192,0.60551333,266.78076,fused,0,1,0,
1789425516982,1789425516953,995861799,42.0375156,-93.6520804,3.053,250.31946403777312,1.3263826,0.7792922,223.99551,fused,0,1,0,
1789425517900,1789425517881,995862728,42.0375091,-93.6520902,3.072,250.31946403777312,1.3263826,0.9733941,244.30669,fused,0,1,0,
1789425518983,1789425518953,995863800,42.0374987,-93.6521008,3.175,250.188892818618,1.3312478,1.163537,259.24228,fused,0,1,0,
1789425519980,1789425519953,995864799,42.0374932,-93.652118,3.327,249.7579345703125,1.3168765,1.3445057,261.8179,fused,0,1,0,
1789425520980,1789425520953,995865799,42.0374887,-93.6521365,3.335,249.6067328851866,1.3175063,1.3507764,262.91626,fused,0,1,0,
1789425521981,1789425521953,995866800,42.037486,-93.6521538,3.371,249.5764039051656,1.3062073,1.390526,274.56805,fused,0,1,0,
1789425522981,1789425522953,995867799,42.0374931,-93.652165,3.34,249.6371900138481,1.3039336,1.2635792,2.7174623,fused,0,1,0,
1789425523983,1789425523953,995868799,42.0375017,-93.652152,3.247,249.80677444599866,1.3151561,1.2389084,96.02734,fused,0,1,0,
1789425524981,1789425524952,995869799,42.0374943,-93.6521376,3.067,249.71270834438548,1.3139234,0.904376,142.1946,fused,0,1,0,
1789425525980,1789425525953,995870799,42.0374936,-93.6521366,3.022,249.95740169138605,1.3143526,0.6075901,154.75189,fused,0,1,0,
1789425526982,1789425526952,995871799,42.0374948,-93.6521355,3.008,249.81110987294198,1.3299847,0.3692641,160.38087,fused,0,1,0,
1789425527979,1789425527952,995872799,42.0374976,-93.6521348,3.0,249.79569697970464,1.3061367,0.249208,166.12541,fused,0,1,0,
1789425528982,1789425528952,995873799,42.0374996,-93.652133,3.0,250.03367525177322,1.3029232,0.13428678,161.10753,fused,0,1,0,
1789425529981,1789425529952,995874799,42.037501,-93.6521315,3.0,249.84920012506876,1.304294,0.08021999,,fused,0,1,0,
1789425530983,1789425530954,995875800,42.0375022,-93.6521302,3.0,249.73083513894227,1.3004712,0.07295362,,fused,0,1,0,
1789425531980,1789425531953,995876799,42.0375023,-93.6521283,3.0,249.72531056860703,1.301941,0.07761653,,fused,0,1,0,
1789425532976,1789425532953,995877799,42.0375015,-93.6521272,3.0,249.7445748874615,1.3009249,0.09042441,,fused,0,1,0,
1789425533979,1789425533954,995878800,42.0374994,-93.6521279,3.0,249.72146298381853,1.3009441,0.22380278,217.62973,fused,0,1,0,
1789425534982,1789425534952,995879799,42.0374942,-93.6521329,3.0,249.71952266837536,1.303589,0.4595592,212.9634,fused,0,1,0,
1789425535983,1789425535953,995880800,42.0374853,-93.6521368,3.0,249.97001954198885,1.3014976,0.49819267,143.63213,fused,0,1,0,
1789425536984,1789425536953,995881800,42.0374807,-93.652131,3.0,249.78935749807613,1.3055207,0.8408862,75.54906,fused,0,1,0,
1789425537981,1789425537953,995882800,42.0374807,-93.6521262,3.0,250.07326260967335,1.3100626,0.6946345,70.63483,fused,0,1,0,
1789425538980,1789425538953,995883799,42.0374818,-93.6521238,3.0,250.1488008423931,1.3068571,0.8632048,65.06687,fused,0,1,0,
1789425539981,1789425539953,995884799,42.0374846,-93.6521205,3.0,250.31736776563713,1.3110791,0.63151824,59.851124,fused,0,1,0,
1789425540984,1789425540953,995885800,42.0374857,-93.6521243,3.0,250.23325744577926,1.3193842,0.37766975,66.84694,fused,0,1,0,
1789425541979,1789425541952,995886799,42.0374831,-93.6521302,3.0,250.25451982303872,1.3388209,0.18787667,64.4026,fused,0,1,0,
1789425542979,1789425542953,995887800,42.0374814,-93.652135,3.0,250.20916748046875,1.3125895,0.117012,64.71396,fused,0,1,0,
1789425543981,1789425543952,995888799,42.0374807,-93.6521382,3.0,250.08368379649767,1.3162634,0.10040846,64.8225,fused,0,1,0,
1789425544981,1789425544953,995889799,42.0374806,-93.65214,3.0,250.03100962682595,1.311679,0.0864659,,fused,0,1,0,
1789425545988,1789425545953,995890800,42.0374808,-93.6521403,3.0,250.07140066045326,1.321019,0.10714391,64.928696,fused,0,1,0,
1789425546990,1789425546952,995891799,42.037481,-93.6521402,3.0,249.96051108476354,1.3742486,0.10467976,69.38366,fused,0,1,0,
1789425547983,1789425547952,995892799,42.0374809,-93.6521403,3.0,250.08175149289713,1.3238412,0.09978712,,fused,0,1,0,
1789425548990,1789425548954,995893800,42.0374809,-93.6521397,3.0,249.51768663704394,1.3150586,0.11213236,68.727486,fused,0,1,0,
1789425549986,1789425549952,995894799,42.0374812,-93.6521405,3.0,249.49230762442966,1.3153244,0.06943838,,fused,0,1,0,
1789425550990,1789425550954,995895800,42.0374818,-93.6521414,3.0,249.42491220067637,1.3054622,0.0701894,,fused,0,1,0,
1789425551991,1789425551953,995896799,42.0374824,-93.6521418,3.0,249.44057289971283,1.3036,0.068296894,,fused,0,1,0,
1789425552989,1789425552953,995897799,42.0374825,-93.6521425,3.0,249.5881316374531,1.3131064,0.07212401,,fused,0,1,0,
1789425553975,1789425553952,995898799,42.0374824,-93.6521432,3.0,249.50334014789138,1.312378,0.06194245,,fused,0,1,0,
1789425554979,1789425554953,995899800,42.0374823,-93.6521435,3.0,249.6936334044961,1.3122451,0.07539488,,fused,0,1,0,
1789425555979,1789425555953,995900799,42.037483,-93.6521443,3.0,249.5940792718772,1.3268273,0.07769919,,fused,0,1,0,
1789425556977,1789425556953,995901799,42.0374833,-93.6521454,3.0,249.62164305059116,1.3054218,0.07814296,,fused,0,1,0,
1789425557979,1789425557953,995902799,42.0374836,-93.6521429,3.0,250.07173995264526,1.3019124,0.22765972,83.30128,fused,0,1,0,
1789425558987,1789425558953,995903800,42.0374843,-93.6521333,3.0,249.76324793257862,1.3036288,0.46952248,97.460556,fused,0,1,0,
1789425559977,1789425559953,995904799,42.0374848,-93.6521192,3.0,249.76333943905297,1.3003705,0.7437601,94.26773,fused,0,1,0,
1789425560978,1789425560953,995905799,42.0374857,-93.6521012,3.016,249.8187244857,1.3011662,1.052879,93.14402,fused,0,1,0,
1789425561979,1789425561953,995906799,42.0374865,-93.6520816,3.184,249.7467237083822,1.300747,1.2521095,115.2742,fused,0,1,0,
1789425562987,1789425562953,995907799,42.0374788,-93.6520692,3.334,249.70104926541836,1.3007505,1.1698718,189.58731,fused,0,1,0,
1789425563977,1789425563953,995908799,42.037474,-93.6520751,3.38,249.7678711541625,1.3029132,1.0186756,242.05258,fused,0,1,0,
1789425564981,1789425564953,995909800,42.0374715,-93.6520775,3.435,250.1863296106888,1.3010353,1.0295799,230.8043,fused,0,1,0,
1789425565980,1789425565954,995910800,42.0374688,-93.652073,3.453,250.18340857862728,1.3062644,0.7287785,232.23622,fused,0,1,0,
1789425566980,1789425566952,995911799,42.0374683,-93.6520657,3.373,250.14041429320116,1.3066034,0.40791643,242.99986,fused,0,1,0,
1789425567979,1789425567954,995912800,42.0374691,-93.652056,3.107,250.1133446815083,1.3050741,0.16255452,245.66576,fused,0,1,0,
1789425568983,1789425568952,995913799,42.0374692,-93.6520516,3.0,250.2648229396716,1.3096421,0.107854575,245.94415,fused,0,1,0,
1789425569988,1789425569954,995914800,42.0374694,-93.6520483,3.0,250.0414916901496,1.3194784,0.09681742,,fused,0,1,0,
1789425570990,1789425570953,995915799,42.0374696,-93.6520465,3.0,250.09275855651185,1.3384451,0.08051426,,fused,0,1,0,
1789425571989,1789425571952,995916799,42.03747,-93.6520452,3.0,250.1494848182727,1.3089203,0.08550503,,fused,0,1,0,
1789425572987,1789425572953,995917799,42.0374696,-93.6520449,3.0,250.14458843164812,1.3148603,0.14250205,250.54485,fused,0,1,0,
1789425573905,1789425573883,995918730,42.0374693,-93.6520452,3.0,250.14458843164812,1.3148603,0.11897477,248.08983,fused,0,1,0,
1789425574989,1789425574953,995919799,42.037468,-93.6520531,3.0,250.04292883929412,1.3170195,0.2738164,245.5591,fused,0,1,0,
1789425575998,1789425575953,995920800,42.0374663,-93.6520598,3.0,250.048385343873,1.3578119,0.15106328,254.63942,fused,0,1,0,
1789425576996,1789425576955,995921801,42.037466,-93.6520605,3.0,250.16183302532636,1.3180623,0.13499083,266.46793,fused,0,1,0,
1789425577983,1789425577964,995922811,42.0374656,-93.6520697,3.0,250.16183302532636,1.3246658,0.31886163,321.12018,fused,0,1,0,
1789425578987,1789425578952,995923799,42.0374693,-93.6520847,3.0,249.9038165558311,1.3219032,0.62694687,312.81595,fused,0,1,0,
1789425579900,1789425579882,995924729,42.0374712,-93.6520962,3.0,249.9038165558311,1.3219032,0.65645057,220.49364,fused,0,1,0,
1789425580996,1789425580953,995925799,42.0374703,-93.6520991,3.0,250.3771211470809,1.302686,0.5971801,159.34314,fused,0,1,0,
1789425581996,1789425581952,995926799,42.0374687,-93.6520961,3.0,250.23017289876123,1.3161305,0.5516821,158.98749,fused,0,1,0,
1789425582981,1789425582952,995927799,42.0374698,-93.6520946,3.0,250.24417288677301,1.3133869,0.34056175,172.84283,fused,0,1,0,
1789425583988,1789425583953,995928799,42.0374739,-93.652093,3.0,250.02992595809962,1.3111233,0.1856822,174.65625,fused,0,1,0,
1789425584984,1789425584953,995929799,42.0374767,-93.652092,3.0,250.27735011560276,1.3405666,0.1116047,178.4001,fused,0,1,0,
1789425585917,1789425585899,995930745,42.0374781,-93.6520923,3.0,250.27735011560276,1.3405666,0.13155012,189.46419,fused,0,1,0,
1789425586994,1789425586953,995931799,42.0374688,-93.6521007,3.0,250.0953019498125,1.3018442,0.57708716,219.05917,fused,0,1,0,
1789425587997,1789425587952,995932799,42.0374597,-93.6521113,3.029,249.92226016411524,1.3034033,0.69793594,211.882,fused,0,1,0,
1789425588998,1789425588954,995933800,42.037455,-93.6521164,3.088,249.90193810265606,1.3003459,0.6942651,187.96425,fused,0,1,0,
1789425589986,1789425589953,995934799,42.0374514,-93.6521276,3.096,249.87083318304826,1.3011577,0.88359743,256.74905,fused,0,1,0,
1789425590979,1789425590952,995935799,42.0374537,-93.6521461,3.097,249.70911941980745,1.3006964,1.0246185,272.76218,fused,0,1,0,
1789425591981,1789425591952,995936799,42.0374532,-93.6521602,3.096,249.79291137980886,1.3007933,1.0697391,224.49448,fused,0,1,0,
1789425592960,1789425592940,995937787,42.0374396,-93.6521611,3.095,249.79291137980886,1.3007933,1.1225915,160.09639,fused,0,1,0,
1789425593972,1789425593953,995938799,42.0374387,-93.6521447,3.041,250.49684439737024,1.3009146,0.9895414,100.75448,fused,0,1,0,
1789425594982,1789425594954,995939800,42.0374423,-93.6521295,3.041,250.07114968546347,1.3035538,0.99240494,65.46017,fused,0,1,0,
1789425595981,1789425595953,995940799,42.0374472,-93.6521183,3.026,250.25574914809357,1.3059645,0.83923316,74.924164,fused,0,1,0,
1789425596984,1789425596953,995941799,42.0374483,-93.6521081,3.019,250.56031788831797,1.3051714,0.88682264,70.44302,fused,0,1,0,
1789425597881,1789425597862,995942709,42.037453,-93.6520996,3.024,250.56031788831797,1.3051714,0.9321689,54.9909,fused,0,1,0,
1789425598901,1789425598880,995943727,42.0374578,-93.6520879,3.044,250.8353587008133,1.3092839,1.1733121,70.16804,fused,0,1,0,
1789425599981,1789425599953,995944799,42.0374622,-93.6520869,3.054,250.66031472275125,1.333343,0.88160217,113.18399,fused,0,1,0,
1789425600976,1789425600953,995945799,42.0374589,-93.6520917,3.077,250.66951354650325,1.3084415,0.52227616,134.59248,fused,0,1,0,
1789425601984,1789425601952,995946799,42.0374599,-93.6520972,3.09,250.37700556583138,1.3139948,0.25939187,107.77403,fused,0,1,0,
1789425602979,1789425602952,995947799,42.0374611,-93.6520992,3.081,250.38234937492172,1.3090783,0.36192805,106.79525,fused,0,1,0,
1789425603980,1789425603952,995948799,42.0374622,-93.6520999,3.037,250.44691519705208,1.3166159,0.3024369,123.65759,fused,0,1,0,
1789425604978,1789425604953,995949800,42.037464,-93.6521026,3.018,250.41123774587493,1.3613248,0.2759992,110.08105,fused,0,1,0,
1789425605958,1789425605940,995950787,42.0374651,-93.6521028,3.003,250.41123774587493,1.3613248,0.2536035,101.14827,fused,0,1,0,
1789425606979,1789425606954,995951800,42.037468,-93.6520981,3.017,249.97378543022313,1.3131297,0.53448504,113.10838,fused,0,1,0,
1789425607981,1789425607952,995952799,42.0374688,-93.6520977,3.017,249.95807629850123,1.3125081,0.3774418,141.4552,fused,0,1,0,
1789425608980,1789425608953,995953799,42.0374699,-93.6521018,3.014,249.91936728915977,1.3045394,0.22837181,148.52426,fused,0,1,0,
1789425609980,1789425609953,995954799,42.0374709,-93.6521059,3.015,250.02237919282737,1.3030804,0.12960415,149.39365,fused,0,1,0,
1789425610983,1789425610953,995955800,42.0374721,-93.652109,3.019,250.17369857942037,1.3113934,0.114266545,140.00293,fused,0,1,0,
1789425611987,1789425611953,995956799,42.0374726,-93.6521106,3.0,250.08836974457222,1.3110263,0.10655498,143.7394,fused,0,1,0,
1789425612991,1789425612953,995957799,42.0374732,-93.6521118,3.0,250.2899439117839,1.3105046,0.09700703,,fused,0,1,0,
1789425613995,1789425613952,995958799,42.0374738,-93.6521124,3.0,250.16460213147002,1.3232526,0.0980681,,fused,0,1,0,
1789425614994,1789425614952,995959799,42.0374739,-93.6521125,3.0,250.17497484138943,1.3048078,0.10192352,143.3019,fused,0,1,0,
1789425615978,1789425615953,995960799,42.0374744,-93.6521131,3.0,250.16608300910138,1.3024552,0.10681584,141.5704,fused,0,1,0,
1789425616983,1789425616954,995961800,42.0374747,-93.6521135,3.0,250.12987079868367,1.3037236,0.106063105,154.87192,fused,0,1,0,
1789425617980,1789425617952,995962799,42.0374749,-93.6521141,3.0,250.10977336225494,1.3004614,0.10314095,152.84375,fused,0,1,0,
1789425618981,1789425618953,995963800,42.037475,-93.6521141,3.0,250.1045853739737,1.3012546,0.09998448,,fused,0,1,0,
1789425619986,1789425619954,995964800,42.0374752,-93.652114,3.0,250.07388795721124,1.3007381,0.09153356,,fused,0,1,0,
1789425620984,1789425620952,995965799,42.0374754,-93.6521138,3.0,250.0357329216513,1.3006504,0.098859645,,fused,0,1,0,
1789425621985,1789425621953,995966799,42.0374753,-93.6521137,3.0,249.93706530106067,1.3023276,0.08781822,,fused,0,1,0,
1789425622989,1789425622953,995967799,42.0374753,-93.6521135,3.0,250.2090785945657,1.3008503,0.061416067,,fused,0,1,0,
1789425623993,1789425623952,995968799,42.0374758,-93.6521131,3.0,249.8753117469535,1.3038186,0.056961976,,fused,0,1,0,
1789425624991,1789425624952,995969799,42.037476,-93.6521129,3.0,249.8915096681207,1.3062885,0.061682094,,fused,0,1,0,
1789425625980,1789425625953,995970799,42.0374761,-93.6521126,3.0,250.07640999807495,1.3055156,0.07463119,,fused,0,1,0,
1789425626981,1789425626953,995971799,42.0374766,-93.6521125,3.0,250.14868024452858,1.3091274,0.08333347,,fused,0,1,0,
1789425627982,1789425627953,995972799,42.0374777,-93.6521124,3.0,250.04630447865583,1.3170984,0.14412902,115.26071,fused,0,1,0,
1789425628980,1789425628952,995973799,42.0374802,-93.652111,3.0,250.1588949625434,1.3313936,0.35811034,60.219833,fused,0,1,0,
1789425629905,1789425629885,995974731,42.0374831,-93.6521065,3.0,250.1588949625434,1.3313936,0.39339837,66.41623,fused,0,1,0,
1789425630896,1789425630877,995975724,42.0374908,-93.6520817,3.0,249.887616433397,1.3182089,1.1266309,88.9511,fused,0,1,0,
1789425631983,1789425631953,995976800,42.0374943,-93.6520533,3.0,250.13991376240307,1.3086665,1.2889488,113.55001,fused,0,1,0,
1789425632983,1789425632952,995977799,42.0374883,-93.6520433,3.0,250.25996170439288,1.3154827,1.2256825,103.85452,fused,0,1,0,
1789425633983,1789425633954,995978800,42.0374899,-93.6520335,3.0,250.22428269995436,1.357528,1.2209898,22.240917,fused,0,1,0,
1789425634982,1789425634953,995979800,42.0374988,-93.6520362,3.0,250.19872957898394,1.3167455,1.4067165,340.4828,fused,0,1,0,
1789425635978,1789425635952,995980799,42.0375038,-93.6520367,3.0,249.89534975770823,1.3116884,1.2213471,337.92328,fused,0,1,0,
1789425636881,1789425636860,995981706,42.0375077,-93.6520428,3.0,249.89534975770823,1.3116884,1.1148984,255.1152,fused,0,1,0,
1789425637984,1789425637952,995982799,42.0374853,-93.6520392,3.0,249.8463038499553,1.3044428,1.3270855,172.88297,fused,0,1,0,
1789425638981,1789425638953,995983799,42.0374669,-93.6520245,3.0,249.91547000621392,1.3028469,1.3604122,150.3443,fused,0,1,0,
1789425639900,1789425639880,995984727,42.0374534,-93.6520125,3.0,249.91547000621392,1.3028469,1.4171458,141.83554,fused,0,1,0,
1789425640920,1789425640899,995985745,42.0374425,-93.6519929,3.015,249.99587541185178,1.3109931,1.4628956,111.76806,fused,0,1,0,
1789425641980,1789425641960,995986806,42.0374376,-93.651973,3.051,249.89604157419257,1.3104373,1.4664627,105.13606,fused,0,1,0,
1789425642995,1789425642978,995987824,42.0374324,-93.6519569,3.088,250.129815981521,1.3299615,1.4500393,102.63605,fused,0,1,0,
1789425643976,1789425643952,995988799,42.0374299,-93.6519456,3.122,249.99392935624854,1.3045771,1.3323331,95.654366,fused,0,1,0,
1789425644986,1789425644953,995989800,42.0374299,-93.6519322,3.16,249.96730974829597,1.3022946,1.3982503,85.100174,fused,0,1,0,
1789425645958,1789425645938,995990785,42.0374332,-93.6519157,3.172,249.96730974829597,1.3022946,1.5103127,72.74649,fused,0,1,0,
1789425646898,1789425646881,995991727,42.0374375,-93.6519016,3.16,249.88113709402592,1.3033203,1.5714808,64.66464,fused,0,1,0,
1789425647901,1789425647882,995992728,42.0374456,-93.6518851,3.113,249.7788471060989,1.300281,1.6199608,59.870342,fused,0,1,0,
1789425648985,1789425648952,995993799,42.0374524,-93.6518697,3.066,249.95408745297732,1.300531,1.5919573,57.445293,fused,0,1,0,
1789425649921,1789425649901,995994748,42.0374616,-93.6518527,3.04,249.95408745297732,1.300531,1.6517155,47.115017,fused,0,1,0,
1789425650981,1789425650952,995995799,42.0374699,-93.6518399,3.008,250.12025971692395,1.3020296,1.6397955,33.987278,fused,0,1,0,
1789425651940,1789425651920,995996767,42.0374835,-93.6518299,3.022,250.12025971692395,1.3020296,1.6765515,25.832449,fused,0,1,0,
1789425652944,1789425652922,995997769,42.0374972,-93.6518214,3.067,250.31685460122242,1.3007828,1.693281,24.780478,fused,0,1,0,
1789425653917,1789425653897,995998744,42.0375096,-93.6518148,3.09,250.38919844602066,1.3031007,1.6708952,25.829302,fused,0,1,0,
1789425654884,1789425654866,995999712,42.037521,-93.6518073,3.104,250.60256919813003,1.3064107,1.5957397,25.191305,fused,0,1,0,
1789425655904,1789425655883,996000730,42.0375331,-93.6517986,3.118,250.99832333661652,1.3052126,1.6060265,26.411077,fused,0,1,0,
1789425656981,1789425656953,996001799,42.0375436,-93.6517901,3.098,251.2304085813975,1.3164023,1.5281543,26.314575,fused,0,1,0,
1789425657977,1789425657952,996002799,42.0375546,-93.6517808,3.069,251.4380997977642,1.3300176,1.5375061,28.18402,fused,0,1,0,
1789425658977,1789425658952,996003799,42.0375666,-93.6517688,3.049,251.12291459381646,1.3183422,1.5460801,29.85902,fused,0,1,0,
1789425659982,1789425659954,996004800,42.0375753,-93.6517592,3.061,251.11551269894062,1.3109645,1.5197272,33.019485,fused,0,1,0,
1789425660981,1789425660953,996005799,42.0375853,-93.6517482,3.062,251.3858076801318,1.3082995,1.5076361,32.390575,fused,0,1,0,
1789425661975,1789425661952,996006799,42.0375959,-93.6517355,3.075,251.33378872051077,1.3146347,1.540829,42.68024,fused,0,1,0,
1789425662978,1789425662952,996007799,42.0376062,-93.6517229,3.072,251.33156708837163,1.3544964,1.4872773,30.2711,fused,0,1,0,
1789425663981,1789425663954,996008800,42.0376194,-93.651718,3.065,250.90847514539252,1.3119824,1.4980903,335.008,fused,0,1,0,
1789425664980,1789425664954,996009800,42.0376323,-93.6517252,3.038,250.8238586935144,1.3099977,1.4642743,352.92737,fused,0,1,0,
1789425665973,1789425665953,996010799,42.0376473,-93.6517038,3.074,250.88807745603282,1.310761,1.4939554,38.039062,fused,0,1,0,
1789425666976,1789425666952,996011799,42.0376535,-93.6516916,3.122,250.5244934968838,1.3039091,1.490682,40.67768,fused,0,1,0,
1789425667980,1789425667953,996012799,42.0376647,-93.6516754,3.181,250.7648706120096,1.3026497,1.4846369,40.47202,fused,0,1,0,
1789425668979,1789425668953,996013799,42.0376777,-93.6516613,3.198,250.54211931449782,1.30817,1.4260644,39.90669,fused,0,1,0,
1789425669879,1789425669858,996014705,42.0376887,-93.6516509,3.262,250.54211931449782,1.30817,1.3830351,36.92013,fused,0,1,0,
1789425670881,1789425670859,996015706,42.0377026,-93.6516389,3.254,250.66685695156303,1.3100367,1.3701507,37.907997,fused,0,1,0,
1789425671981,1789425671952,996016799,42.0377184,-93.6516243,3.189,250.63790994087918,1.3136905,1.4380718,38.903946,fused,0,1,0,
1789425672978,1789425672952,996017799,42.0377321,-93.6516103,3.118,250.81781780879362,1.3043371,1.4491879,40.366978,fused,0,1,0,
1789425673977,1789425673952,996018799,42.0377437,-93.6515935,3.069,250.82260464034744,1.3020409,1.4101303,52.464275,fused,0,1,0,
1789425674991,1789425674953,996019800,42.0377502,-93.6515743,3.019,250.82937217621298,1.3028104,1.3776243,75.910225,fused,0,1,0,
1789425675976,1789425675952,996020799,42.0377475,-93.6515548,3.0,250.56605728836655,1.300297,1.3159679,117.84002,fused,0,1,0,
1789425676976,1789425676952,996021799,42.0377383,-93.6515431,3.0,250.54124811500213,1.3011984,0.958085,122.841,fused,0,1,0,
1789425677980,1789425677952,996022799,42.037731,-93.651532,3.0,250.6030715859339,1.300553,1.1019752,120.982506,fused,0,1,0,
1789425678977,1789425678954,996023800,42.037726,-93.6515265,3.0,250.50398225959668,1.3005365,0.6366426,150.49377,fused,0,1,0,
1789425679975,1789425679952,996024799,42.0377267,-93.6515304,3.0,250.48504848936017,1.3019526,0.3171964,149.28812,fused,0,1,0,
1789425680977,1789425680952,996025799,42.0377279,-93.651532,3.0,250.5634519885511,1.3006456,0.26996824,152.8057,fused,0,1,0,
1789425681975,1789425681954,996026800,42.0377272,-93.6515322,3.0,250.34621819643002,1.3029566,0.24376465,159.06396,fused,0,1,0,
1789425682979,1789425682954,996027800,42.0377265,-93.6515319,3.0,250.3860547502939,1.3060311,0.21562704,147.2376,fused,0,1,0,
1789425683886,1789425683867,996028714,42.0377252,-93.6515311,3.0,250.3860547502939,1.3060311,0.23482984,159.83246,fused,0,1,0,
1789425684987,1789425684952,996029799,42.0377116,-93.6515204,3.0,250.46075849363746,1.3079987,0.951308,132.32726,fused,0,1,0,
1789425685890,1789425685870,996030717,42.0377025,-93.6515053,3.019,250.46075849363746,1.3079987,1.017241,115.1374,fused,0,1,0,
1789425686991,1789425686953,996031800,42.037698,-93.6514732,3.022,250.5908269350573,1.3274516,1.3632019,106.46107,fused,0,1,0,
1789425687988,1789425687953,996032799,42.037694,-93.6514546,3.019,250.2944448703147,1.3160081,1.4499428,117.229935,fused,0,1,0,
1789425688995,1789425688952,996033799,42.0376879,-93.6514353,3.021,250.40094359512477,1.3068026,1.504023,108.23928,fused,0,1,0,
1789425689982,1789425689953,996034799,42.0376844,-93.6514176,3.021,250.52025764348014,1.3067547,1.481844,101.23273,fused,0,1,0,
1789425690917,1789425690894,996035740,42.0376808,-93.6514003,3.024,250.52025764348014,1.3067547,1.5270005,107.44201,fused,0,1,0,
1789425691923,1789425691911,996036758,42.0376764,-93.6513846,3.054,250.62835525604504,1.3130608,1.5289886,109.69421,fused,0,1,0,
1789425692979,1789425692954,996037800,42.0376753,-93.6513745,3.074,250.02067211838244,1.308399,1.3905586,110.206474,fused,0,1,0,
1789425693973,1789425693954,996038800,42.0376723,-93.6513628,3.086,250.1356147664436,1.3087028,1.3113296,114.17595,fused,0,1,0,
1789425694972,1789425694952,996039799,42.037671,-93.6513467,3.088,249.92812617825308,1.3032876,1.3459111,99.025955,fused,0,1,0,
1789425695980,1789425695952,996040799,42.0376705,-93.651336,3.071,249.905733211042,1.302322,1.4013904,105.74574,fused,0,1,0,
1789425696987,1789425696953,996041799,42.0376695,-93.6513189,3.048,249.77706551836422,1.3078489,1.5245241,97.16391,fused,0,1,0,
1789425697989,1789425697952,996042799,42.0376694,-93.6512998,3.039,249.6328520270991,1.3113377,1.5570662,98.21812,fused,0,1,0,
1789425698984,1789425698952,996043799,42.0376656,-93.651281,3.048,249.60805124998728,1.3041638,1.608464,108.87662,fused,0,1,0,
1789425699983,1789425699953,996044800,42.037659,-93.6512616,3.079,249.8110824765705,1.3119524,1.6168516,111.12614,fused,0,1,0,
1789425700987,1789425700952,996045799,42.0376525,-93.6512435,3.103,250.04524917326387,1.3038328,1.5563949,111.113045,fused,0,1,0,
1789425701918,1789425701891,996046737,42.0376468,-93.6512262,3.135,250.04524917326387,1.3038328,1.5541527,98.12842,fused,0,1,0,
1789425702952,1789425702926,996047772,42.03765,-93.6512098,3.144,249.96604089794977,1.3020695,1.5310415,69.16811,fused,0,1,0,
1789425703998,1789425703970,996048816,42.0376557,-93.6511937,3.153,250.15404616436246,1.3091631,1.5200299,72.05392,fused,0,1,0,
1789425704986,1789425704952,996049799,42.0376593,-93.6511851,3.127,249.92932199107452,1.3011411,1.2494463,82.2845,fused,0,1,0,
1789425705983,1789425705952,996050799,42.0376565,-93.6511757,3.101,250.1849687380905,1.3005116,0.8601782,109.19307,fused,0,1,0,
1789425706986,1789425706953,996051799,42.0376549,-93.6511757,3.063,250.01955871483415,1.3004625,0.5684234,105.2107,fused,0,1,0,
1789425707979,1789425707952,996052799,42.0376539,-93.6511763,3.037,249.94462438766817,1.3013623,0.29159796,113.82901,fused,0,1,0,
1789425708983,1789425708952,996053799,42.0376537,-93.6511779,3.042,249.98550291716617,1.3006853,0.16928062,104.42931,fused,0,1,0,
1789425709984,1789425709953,996054799,42.0376541,-93.6511787,3.0,249.92932092220997,1.3020499,0.14118342,102.63389,fused,0,1,0,
1789425710985,1789425710952,996055799,42.0376545,-93.65118,3.0,250.06048745438198,1.3019011,0.115408055,104.17212,fused,0,1,0,
1789425711982,1789425711954,996056800,42.0376541,-93.6511797,3.0,250.0453151440193,1.3064858,0.19685782,119.09497,fused,0,1,0,
1789425712988,1789425712953,996057799,42.0376522,-93.6511783,3.0,250.14486437485323,1.3076166,0.26610613,158.78633,fused,0,1,0,
1789425713967,1789425713947,996058794,42.0376488,-93.651176,3.0,250.14486437485323,1.3076166,0.2677978,121.7692,fused,0,1,0,
1789425714987,1789425714953,996059799,42.0376474,-93.651173,3.0,250.17606966895494,1.3189759,0.19070815,106.74146,fused,0,1,0,
1789425715995,1789425715953,996060799,42.0376465,-93.6511721,3.0,250.06420356567713,1.322914,0.120689094,110.54995,fused,0,1,0,
1789425716994,1789425716952,996061799,42.0376456,-93.651172,3.0,250.24899920960917,1.3081872,0.10737187,109.98556,fused,0,1,0,
1789425717987,1789425717952,996062799,42.037645,-93.6511724,3.0,250.21553888094138,1.3054793,0.10113175,109.43043,fused,0,1,0,
1789425718989,1789425718952,996063799,42.0376446,-93.6511732,3.0,250.2628473107656,1.3127104,0.13200925,102.988365,fused,0,1,0,
1789425719989,1789425719952,996064799,42.0376449,-93.6511741,3.0,250.21569811735355,1.3301314,0.17313154,31.237022,fused,0,1,0,
1789425720974,1789425720947,996065794,42.0376462,-93.6511755,3.0,250.21569811735355,1.3301314,0.15827307,331.0105,fused,0,1,0,
1789425721991,1789425721952,996066799,42.037651,-93.6511759,3.0,250.00452692966127,1.307869,0.19547321,9.391422,fused,0,1,0,
1789425722992,1789425722952,996067799,42.0376558,-93.6511685,3.0,250.08325257269905,1.3084959,0.3866036,66.803,fused,0,1,0,
1789425723979,1789425723952,996068799,42.0376585,-93.6511591,3.0,249.80617146852404,1.3030508,0.29043105,147.36307,fused,0,1,0,
1789425724979,1789425724954,996069800,42.0376552,-93.6511542,3.0,249.95838252355014,1.3021318,0.31212404,180.09308,fused,0,1,0,
1789425725976,1789425725952,996070799,42.0376468,-93.6511496,3.0,249.88182658809882,1.3063031,0.6664445,159.56519,fused,0,1,0,
1789425726979,1789425726952,996071799,42.0376402,-93.6511418,3.0,250.0887677911926,1.3081871,0.32833228,132.12003,fused,0,1,0,
1789425727987,1789425727952,996072799,42.0376404,-93.6511412,3.0,250.00614490663764,1.3037581,0.16640308,135.96683,fused,0,1,0,
1789425728988,1789425728953,996073799,42.0376403,-93.6511414,3.0,249.98455199861627,1.3074391,0.11628123,146.9622,fused,0,1,0,
1789425729987,1789425729952,996074799,42.0376397,-93.6511412,3.0,250.26041712850468,1.3045115,0.11172705,140.05304,fused,0,1,0,
1789425730990,1789425730953,996075799,42.037639,-93.6511408,3.0,249.96456615735826,1.3028377,0.11696413,132.85179,fused,0,1,0,
1789425731981,1789425731953,996076799,42.037639,-93.6511414,3.0,250.2504410342725,1.303462,0.14017361,140.30939,fused,0,1,0,
1789425732995,1789425732953,996077799,42.0376392,-93.6511426,3.0,250.1290643163136,1.3002914,0.120030545,175.41835,fused,0,1,0,
1789425733996,1789425733953,996078799,42.0376404,-93.6511447,3.0,249.986183610919,1.301784,0.1055921,161.69633,fused,0,1,0,
1789425734978,1789425734952,996079799,42.0376413,-93.6511456,3.0,249.3973871879371,1.3006979,0.1345453,144.08769,fused,0,1,0,
1789425735981,1789425735953,996080799,42.0376396,-93.6511496,3.0,250.1634254954647,1.300406,0.17029326,133.28198,fused,0,1,0,
1789425736987,1789425736953,996081799,42.0376369,-93.6511549,3.0,250.1950850433281,1.3012599,0.15844087,151.6368,fused,0,1,0,
1789425737992,1789425737953,996082799,42.0376337,-93.6511613,3.0,250.29065353896777,1.3005844,0.20752056,168.41437,fused,0,1,0,
1789425738991,1789425738953,996083799,42.0376301,-93.6511666,3.0,250.29947741881773,1.3025441,0.26846913,158.20224,fused,0,1,0,
1789425739988,1789425739953,996084799,42.0376246,-93.6511725,3.0,250.36886276967357,1.305442,0.41310477,209.24196,fused,0,1,0,
1789425740889,1789425740871,996085717,42.0376194,-93.6511795,3.0,250.36886276967357,1.305442,0.47417086,224.90462,fused,0,1,0,
1789425741800,1789425741770,996086617,42.0376102,-93.6511957,3.006,250.33678884633758,1.3047501,0.79610187,247.96935,fused,0,1,0,
1789425742989,1789425742952,996087799,42.0376016,-93.6512203,3.005,250.4814954228455,1.312253,0.9620342,245.07068,fused,0,1,0,
1789425743990,1789425743954,996088800,42.0375939,-93.6512291,3.01,250.33966665584114,1.315533,0.9093542,199.38423,fused,0,1,0,
1789425744990,1789425744954,996089800,42.0375884,-93.6512268,3.028,250.22161621727605,1.3162261,0.72052145,153.64641,fused,0,1,0,
1789425745988,1789425745953,996090799,42.0375885,-93.6512226,3.033,250.28284546791667,1.3059783,0.49678844,143.68054,fused,0,1,0,
1789425746990,1789425746952,996091799,42.0375876,-93.6512196,3.029,250.2267859964906,1.3055605,0.485675,146.84686,fused,0,1,0,
1789425747981,1789425747952,996092799,42.037585,-93.6512181,3.029,250.26821971811876,1.3099462,0.4821564,166.78484,fused,0,1,0,
1789425748987,1789425748953,996093799,42.0375836,-93.6512171,3.024,249.76467889249972,1.3131127,0.29320323,143.08632,fused,0,1,0,
1789425749981,1789425749953,996094799,42.0375846,-93.651217,3.0,249.80577507241657,1.3062409,0.15778902,129.60919,fused,0,1,0,
1789425750990,1789425750952,996095799,42.0375844,-93.6512164,3.0,249.93361139180638,1.3068956,0.14813894,118.75409,fused,0,1,0,
1789425751990,1789425751953,996096800,42.0375842,-93.6512133,3.0,250.0069646694418,1.3080919,0.30204967,98.47751,fused,0,1,0,
1789425752987,1789425752954,996097800,42.0375848,-93.6512078,3.0,249.6768340897765,1.3027629,0.33907044,122.35084,fused,0,1,0,
1789425753986,1789425753952,996098799,42.0375826,-93.6512038,3.0,249.70609421868653,1.3021593,0.40981156,172.80171,fused,0,1,0,
1789425754990,1789425754952,996099799,42.0375769,-93.6512025,3.0,249.56860696017839,1.3055737,0.6038908,191.95659,fused,0,1,0,
1789425755989,1789425755954,996100800,42.0375701,-93.651199,3.0,249.73103899870404,1.3082806,0.5846658,172.51355,fused,0,1,0,
1789425756982,1789425756953,996101799,42.0375695,-93.6511948,3.0,249.75740136614831,1.3033586,0.33381757,180.3946,fused,0,1,0,
1789425757988,1789425757953,996102799,42.0375699,-93.6511956,3.0,249.7172837087735,1.3061471,0.4092657,276.6049,fused,0,1,0,
1789425758987,1789425758952,996103799,42.0375744,-93.6512002,3.0,249.90192539419763,1.3051435,0.46546638,323.33456,fused,0,1,0,
1789425759990,1789425759952,996104799,42.0375803,-93.6512066,3.0,249.6096801682716,1.3027787,0.6274007,248.21475,fused,0,1,0,
1789425760960,1789425760929,996105776,42.0375771,-93.6512158,3.0,249.6096801682716,1.3027787,0.7667292,209.86092,fused,0,1,0,
1789425761932,1789425761906,996106752,42.0375758,-93.651218,3.007,249.76654655378962,1.3041402,0.6998204,212.30934,fused,0,1,0,
1789425762986,1789425762953,996107799,42.0375802,-93.6512232,3.008,249.36811319227394,1.3018155,0.83037376,211.33716,fused,0,1,0,
1789425763975,1789425763953,996108799,42.0375837,-93.6512253,3.01,248.90527756388514,1.3006649,0.52796614,211.74718,fused,0,1,0,
1789425764982,1789425764953,996109799,42.0375892,-93.6512232,3.011,249.32199824132482,1.3002858,0.24464145,214.15375,fused,0,1,0,
1789425765990,1789425765952,996110799,42.0375938,-93.6512205,3.014,249.80558766343347,1.3012583,0.1210936,217.34303,fused,0,1,0,
1789425766989,1789425766952,996111799,42.0375975,-93.6512188,3.0,249.72177470904012,1.3003442,0.09885648,,fused,0,1,0,
1789425767989,1789425767952,996112799,42.0376009,-93.6512191,3.0,249.91589028934908,1.3024677,0.12453962,219.51758,fused,0,1,0,
1789425769004,1789425768952,996113799,42.0376034,-93.6512207,3.0,249.98362732779867,1.3054693,0.15476437,308.0741,fused,0,1,0,
1789425770000,1789425769952,996114799,42.0376074,-93.6512253,3.0,249.99123038143773,1.3045409,0.2474437,300.9307,fused,0,1,0,
1789425771005,1789425770958,996115805,42.0376085,-93.6512303,3.0,250.21878627794564,1.3065606,0.23047672,231.24571,fused,0,1,0,
1789425771989,1789425771953,996116799,42.0376119,-93.6512494,3.0,250.13497619831736,1.3115407,0.7775287,220.16777,fused,0,1,0,
1789425772984,1789425772952,996117799,42.0376111,-93.6512609,3.0,249.8079376008448,1.311239,0.62219584,242.72954,fused,0,1,0,
1789425774000,1789425773952,996118799,42.037613,-93.6512632,3.0,249.8764914030745,1.316639,0.67505974,177.91757,fused,0,1,0,
1789425774985,1789425774953,996119799,42.0376145,-93.6512611,3.0,249.45194008253407,1.3039649,0.8363325,155.22878,fused,0,1,0,
1789425775987,1789425775953,996120800,42.0376192,-93.6512606,3.0,249.99523913773913,1.3050356,0.7787626,169.2566,fused,0,1,0,
1789425776989,1789425776953,996121800,42.0376277,-93.651262,3.0,249.79863469627884,1.3076307,0.434996,160.86635,fused,0,1,0,
1789425777992,1789425777953,996122799,42.037636,-93.6512633,3.0,249.56268026256305,1.3124105,0.17409073,160.82872,fused,0,1,0,
1789425778985,1789425778953,996123799,42.0376417,-93.6512658,3.0,249.5322289219278,1.3054864,0.09564172,,fused,0,1,0,
1789425779989,1789425779954,996124800,42.0376463,-93.651268,3.0,249.55181871404335,1.3052881,0.114602745,154.4026,fused,0,1,0,
1789425780994,1789425780953,996125799,42.0376482,-93.651268,3.0,249.54556881997905,1.3054378,0.3335997,152.07645,fused,0,1,0,
1789425782008,1789425781955,996126801,42.037647,-93.6512659,3.0,249.42809606553004,1.3026177,0.28570703,141.54453,fused,0,1,0,
1789425783007,1789425782952,996127799,42.0376426,-93.651253,3.0,249.52074982952757,1.3018763,0.70886624,156.81166,fused,0,1,0,
1789425784007,1789425783953,996128799,42.0376403,-93.6512489,3.0,249.49031825206885,1.305018,0.5115465,193.10046,fused,0,1,0,
1789425784990,1789425784953,996129799,42.037642,-93.6512468,3.0,249.57859202290717,1.3089021,0.29591677,208.8298,fused,0,1,0,
1789425785974,1789425785952,996130799,42.0376464,-93.6512427,3.015,249.56572292512033,1.3027239,0.16055442,218.67201,fused,0,1,0,
1789425786988,1789425786953,996131799,42.0376481,-93.6512394,3.018,249.61252295971246,1.3055643,0.12967105,222.38885,fused,0,1,0,
1789425787987,1789425787953,996132800,42.0376469,-93.6512358,3.022,249.68650273603737,1.3057867,0.12782358,226.09134,fused,0,1,0,
1789425788985,1789425788953,996133799,42.0376448,-93.651232,3.0,249.55848627480884,1.302409,0.11114788,218.83484,fused,0,1,0,
1789425789988,1789425789953,996134799,42.0376403,-93.651226,3.0,249.56973456187927,1.3035539,0.32954052,206.26445,fused,0,1,0,
1789425790985,1789425790953,996135800,42.0376343,-93.6512222,3.0,249.61623921061806,1.3003396,0.15382867,193.82983,fused,0,1,0,
1789425791985,1789425791953,996136799,42.0376302,-93.6512177,3.0,249.5829552595576,1.3008722,0.17476179,189.8704,fused,0,1,0,
1789425792991,1789425792953,996137800,42.0376278,-93.6512141,3.0,249.20827622806877,1.3005382,0.13117523,132.61923,fused,0,1,0,
1789425793991,1789425793953,996138800,42.0376265,-93.6512083,3.0,249.5411902705345,1.3004632,0.15627046,110.251,fused,0,1,0,
1789425795000,1789425794954,996139800,42.0376264,-93.6512053,3.0,249.5630742218391,1.3005016,0.22916248,112.22085,fused,0,1,0,
1789425795989,1789425795952,996140798,42.0376287,-93.6512,3.0,249.47161865234375,1.3011749,0.41994727,59.94804,fused,0,1,0,
1789425796999,1789425796951,996141798,42.0376356,-93.6511918,3.0,249.82418852022244,1.3060046,0.7107739,31.071138,fused,0,1,0,
1789425797989,1789425797952,996142798,42.0376477,-93.651183,3.0,250.10034194464333,1.3038331,0.9968309,19.963846,fused,0,1,0,
1789425798984,1789425798951,996143798,42.0376672,-93.6511719,3.0,250.2904728635673,1.3032423,1.251925,39.954407,fused,0,1,0,
1789425799989,1789425799952,996144799,42.0376694,-93.6511643,3.0,250.16156005859375,1.3057216,0.9260602,77.71667,fused,0,1,0,
1789425800988,1789425800951,996145798,42.0376688,-93.6511618,3.0,250.1630529173097,1.3060889,0.45310336,84.37847,fused,0,1,0,
1789425801986,1789425801951,996146798,42.0376688,-93.651163,3.0,250.1151123046875,1.306558,0.17302477,79.82291,fused,0,1,0,
1789425802989,1789425802951,996147798,42.0376694,-93.651166,3.0,249.99703616675163,1.3073521,0.10641267,85.55505,fused,0,1,0,
1789425803987,1789425803951,996148798,42.0376696,-93.651169,3.0,250.113037109375,1.303492,0.10194729,88.50588,fused,0,1,0,
1789425804988,1789425804952,996149799,42.0376703,-93.6511717,3.0,250.10101318359375,1.3024755,0.09351147,,fused,0,1,0,
1789425805988,1789425805951,996150798,42.0376705,-93.6511742,3.0,250.09814453125,1.3042163,0.09894608,,fused,0,1,0,
1789425806989,1789425806952,996151798,42.0376715,-93.6511774,3.0,249.99676828209107,1.3082987,0.120006114,69.67742,fused,0,1,0,
1789425807993,1789425807952,996152798,42.0376714,-93.651179,3.0,249.9904914762123,1.303308,0.13748921,76.25928,fused,0,1,0,
1789425808995,1789425808951,996153798,42.0376714,-93.6511812,3.0,250.03855559740816,1.3046399,0.13254042,119.12943,fused,0,1,0,
1789425809999,1789425809955,996154802,42.0376708,-93.6511816,3.0,249.8612060546875,1.302923,0.13799502,124.60193,fused,0,1,0,
1789425811003,1789425810951,996155798,42.0376708,-93.6511834,3.0,249.86379526725375,1.301945,0.24111785,93.6604,fused,0,1,0,
1789425812000,1789425811951,996156798,42.0376698,-93.6511788,3.0,249.98277515922484,1.3017331,0.47559184,87.14675,fused,0,1,0,
1789425812889,1789425812866,996157713,42.037668,-93.6511697,3.007,249.98277515922484,1.3017331,0.571627,109.2606,fused,0,1,0,
1789425813999,1789425813952,996158798,42.0376493,-93.6511465,3.136,250.0352463058171,1.30661,1.1272253,136.03323,fused,0,1,0,
1789425815003,1789425814951,996159798,42.0376306,-93.6511297,3.239,249.92241146855991,1.3019736,1.3014089,136.8753,fused,0,1,0,
1789425815988,1789425815952,996160798,42.0376242,-93.6511161,3.299,250.12881777333405,1.304905,1.3776126,126.88908,fused,0,1,0,
1789425816990,1789425816952,996161798,42.0376199,-93.6510998,3.373,250.1402977697132,1.3059859,1.4254631,123.12933,fused,0,1,0,
1789425817991,1789425817952,996162798,42.0376155,-93.6510807,3.393,250.18170546160826,1.3025296,1.4992734,118.12689,fused,0,1,0,
1789425818991,1789425818953,996163799,42.0376092,-93.6510637,3.315,250.30094941986783,1.302947,1.4849946,129.0861,fused,0,1,0,
1789425819989,1789425819952,996164798,42.0376011,-93.6510477,3.238,250.32604517566932,1.300407,1.5614741,129.30324,fused,0,1,0,
1789425820988,1789425820952,996165798,42.0375935,-93.6510309,3.193,250.12630045841172,1.3004391,1.5496713,123.55937,fused,0,1,0,
1789425821937,1789425821869,996166715,42.0375888,-93.6510127,3.188,250.12630045841172,1.3004391,1.588721,120.93919,fused,0,1,0,
1789425822854,1789425822829,996167675,42.0375847,-93.6509959,3.185,250.29192562114667,1.3005234,1.5261973,115.00947,fused,0,1,0,
1789425823840,1789425823812,996168659,42.037584,-93.6509774,3.165,250.13271771151875,1.3003398,1.5464987,107.64065,fused,0,1,0,
1789425824795,1789425824772,996169618,42.0375809,-93.6509568,3.133,250.23840574429397,1.3003434,1.6546725,107.75618,fused,0,1,0,
1789425825753,1789425825731,996170577,42.0375777,-93.6509392,3.126,250.36127867542808,1.3011612,1.622326,107.36682,fused,0,1,0,
1789425826726,1789425826705,996171552,42.0375739,-93.6509216,3.103,250.72183315271798,1.3056725,1.6588054,107.23574,fused,0,1,0,
1789425827829,1789425827808,996172655,42.037568,-93.6509029,3.086,250.99061132649933,1.303834,1.6020838,113.6692,fused,0,1,0,
1789425828751,1789425828726,996173572,42.0375659,-93.6508871,3.079,250.80947558343365,1.3038571,1.5646523,100.32662,fused,0,1,0,
1789425829777,1789425829752,996174599,42.0375697,-93.6508575,3.108,250.99744357917763,1.3098171,1.6342984,91.058235,fused,0,1,0,
1789425830752,1789425830727,996175574,42.0375693,-93.6508421,3.123,250.99744357917763,1.3082303,1.6528012,100.68548,fused,0,1,0,
1789425831759,1789425831730,996176576,42.0375659,-93.6508244,3.133,250.73114507791115,1.3080381,1.547991,104.92823,fused,0,1,0,
1789425832775,1789425832747,996177594,42.0375635,-93.6508059,3.131,250.44612466498154,1.3029866,1.532197,101.675644,fused,0,1,0,
1789425833987,1789425833952,996178798,42.0375617,-93.6507835,3.093,250.36587862945157,1.3041617,1.450447,85.021736,fused,0,1,0,
1789425834994,1789425834951,996179798,42.0375589,-93.6507635,3.058,250.15061458739376,1.3078209,1.5123305,104.2808,fused,0,1,0,
1789425835989,1789425835951,996180798,42.0375501,-93.65074,3.043,250.14827445694527,1.3033013,1.6198972,107.90705,fused,0,1,0,
1789425836990,1789425836952,996181798,42.0375442,-93.6507227,3.036,250.05818531856914,1.3044225,1.6393644,105.11029,fused,0,1,0,
1789425837984,1789425837952,996182798,42.0375375,-93.6507025,3.041,249.74868255825226,1.3026713,1.6744926,107.50542,fused,0,1,0,
1789425838991,1789425838951,996183798,42.0375299,-93.6506844,3.045,249.7568576271825,1.3025043,1.5971389,119.269485,fused,0,1,0,
1789425839990,1789425839952,996184798,42.0375201,-93.6506681,3.042,249.8417680207532,1.3014979,1.566454,126.97838,fused,0,1,0,
1789425840988,1789425840952,996185799,42.0375098,-93.6506529,3.033,249.95771611531347,1.3036374,1.5585656,130.533,fused,0,1,0,
1789425841935,1789425841911,996186758,42.0374996,-93.6506375,3.024,249.95771611531347,1.3036374,1.5753375,131.61607,fused,0,1,0,
1789425842975,1789425842946,996187793,42.0374895,-93.6506223,3.016,249.99734871934913,1.3075026,1.5502948,134.01402,fused,0,1,0,
1789425843931,1789425843906,996188752,42.0374809,-93.6506087,3.044,249.7196562712012,1.301365,1.5288646,127.56724,fused,0,1,0,
1789425844981,1789425844952,996189798,42.0374741,-93.6505905,3.055,249.65333774340957,1.3088366,1.4421575,114.325775,fused,0,1,0,
1789425845984,1789425845952,996190799,42.0374736,-93.6505744,3.06,249.7196867576929,1.3020346,1.3864952,93.18618,fused,0,1,0,
1789425846984,1789425846951,996191798,42.0374756,-93.6505549,3.062,249.7312081686669,1.3023828,1.4261963,85.554115,fused,0,1,0,
1789425847980,1789425847951,996192798,42.0374772,-93.6505356,3.048,249.51122905580183,1.3002871,1.3900292,96.81264,fused,0,1,0,
1789425848986,1789425848951,996193798,42.037477,-93.6505159,3.022,249.24728496059618,1.3004211,1.4462124,91.357414,fused,0,1,0,
1789425849985,1789425849951,996194798,42.0374793,-93.6504939,3.031,249.25958926057388,1.3004875,1.4865679,84.731514,fused,0,1,0,
1789425850916,1789425850889,996195735,42.0374803,-93.6504739,3.057,249.25958926057388,1.3004875,1.5185834,86.73244,fused,0,1,0,
1789425851917,1789425851890,996196736,42.0374804,-93.6504518,3.089,249.35075600197706,1.3003422,1.535913,87.18657,fused,0,1,0,
1789425852936,1789425852907,996197754,42.0374793,-93.6504285,3.138,249.42818501567905,1.3003925,1.5426502,92.86506,fused,0,1,0,
1789425853985,1789425853951,996198798,42.0374762,-93.6504087,3.183,249.45905279064868,1.3010432,1.5341387,94.62771,fused,0,1,0,
1789425854983,1789425854951,996199798,42.0374749,-93.6503887,3.147,249.47507281865563,1.303958,1.4930553,91.29859,fused,0,1,0,
1789425855984,1789425855952,996200798,42.0374768,-93.6503687,3.145,249.84544158430248,1.302948,1.4569604,80.26338,fused,0,1,0,
1789425856984,1789425856953,996201799,42.0374787,-93.650349,3.117,249.85962710441834,1.3053436,1.4591434,85.46557,fused,0,1,0,
1789425857985,1789425857952,996202798,42.0374772,-93.6503284,3.096,249.9612700488242,1.3059328,1.548826,100.132996,fused,0,1,0,
1789425858989,1789425858952,996203798,42.0374723,-93.6503076,3.078,249.6576926094699,1.3048255,1.5494041,106.34195,fused,0,1,0,
1789425859979,1789425859951,996204798,42.0374654,-93.6502813,3.072,249.67407965648601,1.3051654,1.4814209,104.91423,fused,0,1,0,
1789425860980,1789425860953,996205799,42.0374656,-93.6502685,3.07,248.9858234434459,1.3036246,1.529669,91.1511,fused,0,1,0,
1789425861979,1789425861951,996206798,42.0374664,-93.6502471,3.054,249.33264855898665,1.3021425,1.6198366,89.74416,fused,0,1,0,
1789425862982,1789425862952,996207798,42.0374662,-93.6502234,3.041,249.18031272876362,1.3028107,1.6768243,91.64287,fused,0,1,0,
1789425864002,1789425863952,996208798,42.0374651,-93.6501999,3.033,249.07884806442922,1.303655,1.6603464,93.74437,fused,0,1,0,
1789425864988,1789425864953,996209799,42.037462,-93.6501778,3.045,249.42246591823329,1.3026739,1.5655996,102.75217,fused,0,1,0,
1789425865986,1789425865952,996210799,42.0374604,-93.6501567,3.037,249.32110327717425,1.3041419,1.4919729,87.30442,fused,0,1,0,
1789425866987,1789425866952,996211798,42.037461,-93.650137,3.04,249.02501648578766,1.3020567,1.4642972,88.91162,fused,0,1,0,
1789425867989,1789425867952,996212798,42.0374619,-93.6501186,3.049,248.89051487003928,1.3021188,1.4340695,84.747925,fused,0,1,0,
1789425868987,1789425868951,996213798,42.0374614,-93.6500988,3.059,249.26531892044324,1.3013657,1.58675,91.99845,fused,0,1,0,
1789425869991,1789425869951,996214798,42.0374606,-93.6500729,3.06,249.07722595779234,1.3033406,1.5178425,89.79524,fused,0,1,0,
1789425870984,1789425870951,996215798,42.0374596,-93.6500564,3.059,249.32001982737324,1.3063262,1.544987,92.52199,fused,0,1,0,
1789425871990,1789425871951,996216798,42.0374564,-93.6500372,3.08,249.14696219057402,1.301358,1.5477899,97.03869,fused,0,1,0,
1789425872993,1789425872953,996217799,42.0374506,-93.6500178,3.089,249.33896999780825,1.3031105,1.5283529,108.11051,fused,0,1,0,
1789425873989,1789425873951,996218798,42.0374433,-93.6499983,3.085,249.03304389096144,1.3103075,1.5993167,107.98269,fused,0,1,0,
1789425874989,1789425874952,996219798,42.0374372,-93.6499771,3.089,248.9094472938088,1.3018351,1.6424849,106.27417,fused,0,1,0,
1789425875989,1789425875951,996220798,42.0374324,-93.6499556,3.097,249.18107777937422,1.3015112,1.5869066,105.85709,fused,0,1,0,
1789425876982,1789425876952,996221798,42.0374293,-93.6499341,3.086,248.85998215563876,1.3006896,1.5885664,99.753555,fused,0,1,0,
1789425877982,1789425877951,996222798,42.037429,-93.6499103,3.081,248.95253447117244,1.3001436,1.5991266,95.63051,fused,0,1,0,
1789425878983,1789425878951,996223798,42.0374297,-93.6498868,3.095,248.82389014050318,1.3003561,1.5188506,90.19357,fused,0,1,0,
1789425879984,1789425879951,996224798,42.0374307,-93.6498675,3.079,248.88120850839,1.3005468,1.4143924,91.47206,fused,0,1,0,
1789425880993,1789425880952,996225798,42.0374322,-93.649849,3.087,248.98281104085947,1.3002652,1.4152275,84.29604,fused,0,1,0,
1789425881882,1789425881867,996226714,42.0374344,-93.6498314,3.087,248.98281104085947,1.3002652,1.4454162,82.835945,fused,0,1,0,
1789425882967,1789425882944,996227791,42.0374365,-93.6498112,3.089,249.0679403379708,1.3011265,1.4280562,82.52184,fused,0,1,0,
1789425883979,1789425883952,996228798,42.0374399,-93.6497942,3.063,249.32364154028386,1.3041928,1.3958809,81.37084,fused,0,1,0,
1789425884987,1789425884951,996229798,42.0374422,-93.6497747,3.068,249.9502050231472,1.3027421,1.4595257,92.296425,fused,0,1,0,
1789425885985,1789425885953,996230799,42.0374389,-93.6497546,3.049,250.13845947918048,1.3052679,1.4063139,110.24279,fused,0,1,0,
1789425886983,1789425886952,996231798,42.0374345,-93.6497428,3.036,250.35776349537156,1.3056948,1.198093,112.88271,fused,0,1,0,
1789425887990,1789425887953,996232799,42.0374311,-93.6497366,3.021,250.03537913436065,1.3046653,0.79107887,145.07143,fused,0,1,0,
1789425888983,1789425888953,996233799,42.0374257,-93.6497327,3.023,250.04048346886282,1.3048149,0.78655946,141.34694,fused,0,1,0,
1789425889984,1789425889952,996234798,42.0374212,-93.6497271,3.017,249.62353873386633,1.3036028,0.7695642,144.74878,fused,0,1,0,
1789425890988,1789425890952,996235798,42.0374153,-93.6497202,3.01,250.0471895397697,1.3020276,0.7297273,155.35132,fused,0,1,0,
1789425891988,1789425891952,996236798,42.0374115,-93.6497169,3.0,249.8669054883083,1.3027235,0.5264136,183.60039,fused,0,1,0,
1789425892995,1789425892952,996237798,42.0374068,-93.6497195,3.0,250.10326404322882,1.3065827,0.5306877,213.49866,fused,0,1,0,
1789425893989,1789425893951,996238798,42.0373991,-93.6497233,3.0,249.9175595708088,1.3022186,0.8678718,203.42233,fused,0,1,0,
1789425894889,1789425894867,996239713,42.0373877,-93.6497263,3.0,249.9175595708088,1.3022186,1.0077531,182.77043,fused,0,1,0,
1789425895999,1789425895952,996240798,42.0373673,-93.6497157,3.0,250.07802298995313,1.3026888,1.2835747,149.2473,fused,0,1,0,
1789425896909,1789425896885,996241732,42.0373562,-93.649703,3.0,250.07802298995313,1.3026888,1.36136,135.49673,fused,0,1,0,
1789425897998,1789425897929,996242775,42.0373454,-93.649687,3.003,250.23826709006136,1.3077195,1.417165,135.17941,fused,0,1,0,
1789425898986,1789425898951,996243798,42.0373311,-93.649668,3.015,250.3730231160592,1.3032268,1.3902023,137.2483,fused,0,1,0,
1789425899988,1789425899951,996244798,42.037322,-93.6496583,3.029,250.3804204483235,1.3056933,1.344591,138.44923,fused,0,1,0,
1789425900961,1789425900933,996245780,42.0373125,-93.6496484,3.061,250.3804204483235,1.3056933,1.3531634,140.40915,fused,0,1,0,
1789425901988,1789425901952,996246798,42.0373048,-93.6496478,3.061,250.58487504574202,1.3029598,1.3377901,177.13124,fused,0,1,0,
1789425902988,1789425902951,996247798,42.0372941,-93.6496498,3.071,250.41542324496254,1.3074669,1.2548393,155.75314,fused,0,1,0,
1789425903981,1789425903952,996248798,42.0372883,-93.6496343,3.06,250.40902150530508,1.3017838,1.3747109,80.7536,fused,0,1,0,
1789425904985,1789425904951,996249798,42.0372985,-93.6496199,3.044,250.53938868267284,1.3014926,1.4023451,37.90208,fused,0,1,0,
1789425905990,1789425905953,996250799,42.0373124,-93.6496103,3.012,250.20901713211316,1.3003863,1.3816029,36.546288,fused,0,1,0,
1789425906932,1789425906907,996251753,42.0373227,-93.6496002,3.01,250.20901713211316,1.3003863,1.3646054,42.273674,fused,0,1,0,
1789425907991,1789425907951,996252798,42.0373327,-93.6495878,3.005,250.2860494830984,1.3006191,1.3570555,47.159122,fused,0,1,0,
1789425908987,1789425908953,996253799,42.0373413,-93.649575,3.001,250.2566742003454,1.3001237,1.3611577,45.423813,fused,0,1,0,
1789425909983,1789425909951,996254798,42.0373494,-93.6495621,3.0,250.2504652251746,1.3013177,1.4107256,44.455036,fused,0,1,0,
1789425910986,1789425910952,996255798,42.0373606,-93.6495409,3.004,250.00156858817752,1.3087511,1.5646768,52.80933,fused,0,1,0,
1789425911985,1789425911952,996256799,42.0373648,-93.6495273,3.008,250.53582928957758,1.3033412,1.5922137,58.53269,fused,0,1,0,
1789425912986,1789425912951,996257798,42.037371,-93.6495107,3.027,250.34364326917404,1.302512,1.5410823,53.809425,fused,0,1,0,
1789425913982,1789425913951,996258798,42.0373779,-93.649495,3.038,250.0944487355086,1.3060555,1.5593352,51.604515,fused,0,1,0,
1789425914985,1789425914952,996259798,42.0373843,-93.6494777,3.056,249.8973040431482,1.3057774,1.5844778,57.531963,fused,0,1,0,
1789425915991,1789425915953,996260799,42.0373898,-93.649462,3.074,249.6542104874506,1.3039911,1.5397013,56.525112,fused,0,1,0,
1789425916988,1789425916952,996261798,42.0373958,-93.6494471,3.075,249.08875242606018,1.3031652,1.5591123,64.81912,fused,0,1,0,
1789425917990,1789425917952,996262799,42.0373992,-93.6494303,3.066,249.05888699219088,1.3041519,1.5258696,75.33998,fused,0,1,0,
1789425918983,1789425918952,996263798,42.0374008,-93.6494143,3.059,249.28173952396344,1.3019799,1.4559102,86.025154,fused,0,1,0,
1789425919932,1789425919905,996264752,42.0374012,-93.6493977,3.056,249.28173952396344,1.3019799,1.4665551,89.509445,fused,0,1,0,
1789425920988,1789425920952,996265798,42.0374011,-93.6493857,3.041,249.3678040589911,1.3016297,1.3914769,98.60449,fused,0,1,0,
1789425921979,1789425921952,996266798,42.0374023,-93.6493711,3.035,249.44835543856453,1.3036948,1.3646896,85.4856,fused,0,1,0,
1789425922979,1789425922951,996267798,42.037405,-93.6493523,3.036,249.6787801624189,1.3027276,1.3830143,89.369125,fused,0,1,0,
1789425923874,1789425923852,996268698,42.0374051,-93.6493391,3.054,249.6787801624189,1.3027276,1.4387903,90.21734,fused,0,1,0,
1789425924817,1789425924793,996269640,42.0374093,-93.6493232,3.075,249.341782569732,1.3022063,1.4571815,69.30249,fused,0,1,0,
1789425925983,1789425925952,996270798,42.0374201,-93.6493087,3.074,249.66263063097728,1.3010249,1.401199,62.401028,fused,0,1,0,
1789425926988,1789425926953,996271799,42.0374235,-93.6492955,3.071,249.645614867711,1.302071,1.2280847,98.905045,fused,0,1,0,
1789425927969,1789425927949,996272796,42.0374115,-93.6492833,3.069,249.55202011817465,1.3105977,1.1911191,154.6194,fused,0,1,0,
1789425928990,1789425928952,996273798,42.0374077,-93.6492842,3.049,249.5831947459929,1.3011073,1.1677221,169.316,fused,0,1,0,
1789425929984,1789425929951,996274798,42.037403,-93.6492846,3.021,249.46627537232297,1.3016346,0.89310676,179.41307,fused,0,1,0,
1789425930989,1789425930952,996275798,42.0373994,-93.649291,3.011,249.4279099977806,1.3066199,0.9625456,250.13101,fused,0,1,0,
1789425931995,1789425931951,996276798,42.0374028,-93.6493029,3.014,249.23982661096443,1.3017467,0.61245686,265.93454,fused,0,1,0,
1789425932986,1789425932952,996277798,42.037403,-93.6493108,3.0,249.34739946798265,1.300945,0.7511006,217.4931,fused,0,1,0,
1789425933985,1789425933952,996278799,42.0373973,-93.6493225,3.0,249.03608382141232,1.300636,0.86055696,228.2617,fused,0,1,0,
1789425934991,1789425934952,996279798,42.0373934,-93.649339,3.0,249.08444683221694,1.3001127,1.031661,241.44817,fused,0,1,0,
1789425935987,1789425935951,996280798,42.0373893,-93.6493588,3.0,249.17524134540236,1.3003998,1.2383986,244.38986,fused,0,1,0,
1789425936989,1789425936952,996281798,42.0373849,-93.6493772,3.004,249.20086334133492,1.3004125,1.3687233,246.82095,fused,0,1,0,
1789425937994,1789425937952,996282798,42.0373804,-93.6493941,3.019,249.39448562093492,1.3003209,1.4408138,242.01294,fused,0,1,0,
1789425938911,1789425938886,996283733,42.0373731,-93.64941,3.052,249.39448562093492,1.3003209,1.5218196,228.07112,fused,0,1,0,
1789425939979,1789425939952,996284798,42.0373613,-93.6494179,3.06,249.14838584885587,1.3096434,1.6236297,222.54602,fused,0,1,0,
1789425940987,1789425940952,996285799,42.0373499,-93.6494363,3.097,249.2156950576628,1.3039603,1.4851326,242.03542,fused,0,1,0,
1789425941987,1789425941952,996286798,42.0373483,-93.6494459,3.097,249.62488736722463,1.3024356,1.3846223,242.57364,fused,0,1,0,
1789425942984,1789425942952,996287798,42.0373434,-93.6494574,3.093,250.0230530556762,1.3031342,1.3523848,252.69926,fused,0,1,0,
1789425943988,1789425943951,996288798,42.0373429,-93.6494717,3.043,249.6579712049014,1.305422,1.3499516,268.24344,fused,0,1,0,
1789425944987,1789425944952,996289798,42.0373446,-93.6494785,3.049,249.20975424169478,1.3037144,0.9868564,266.9817,fused,0,1,0,
1789425945987,1789425945951,996290798,42.0373451,-93.649485,3.032,249.1726545902805,1.3026111,0.95640355,278.96594,fused,0,1,0,
1789425946981,1789425946951,996291798,42.0373445,-93.64949,3.024,249.24934902638216,1.3031859,0.8194005,249.82237,fused,0,1,0,
1789425947978,1789425947952,996292798,42.0373421,-93.6494946,3.027,249.66909238098725,1.3014783,0.7168744,327.0999,fused,0,1,0,
1789425948981,1789425948951,996293798,42.0373471,-93.6494918,3.016,249.95209306715748,1.3018726,1.1033627,29.852543,fused,0,1,0,
1789425949990,1789425949951,996294798,42.037352,-93.6494847,3.0,249.79165294493652,1.3024389,1.3034891,35.523884,fused,0,1,0,
1789425950985,1789425950952,996295798,42.0373592,-93.6494705,3.0,249.85784872120217,1.3014438,1.3731812,34.979576,fused,0,1,0,
1789425951982,1789425951952,996296798,42.0373696,-93.649451,3.005,250.02420375401078,1.3020067,1.4539493,18.49416,fused,0,1,0,
1789425952989,1789425952952,996297798,42.0373815,-93.6494372,3.03,249.78135669769506,1.3013396,1.4841633,317.2478,fused,0,1,0,
1789425953976,1789425953952,996298799,42.0373804,-93.6494485,3.034,249.78135669769506,1.3013396,1.435273,235.13503,fused,0,1,0,
1789425954991,1789425954951,996299798,42.0373705,-93.649444,3.037,250.0093822535436,1.3008924,1.5314944,234.70732,fused,0,1,0,
1789425955984,1789425955952,996300798,42.0373674,-93.6494428,3.044,249.9062455927135,1.3019991,1.3417506,257.95255,fused,0,1,0,
1789425956982,1789425956951,996301798,42.0373688,-93.6494459,3.069,249.84641474107366,1.3036062,1.1765916,259.74194,fused,0,1,0,
1789425957976,1789425957951,996302798,42.0373726,-93.6494269,3.035,249.64658998839764,1.3008319,0.5830202,271.15576,fused,0,1,0,
1789425958885,1789425958864,996303711,42.0373738,-93.6494184,3.039,249.64658998839764,1.3008319,0.40615284,222.76456,fused,0,1,0,
1789425959989,1789425959952,996304798,42.0373673,-93.649396,3.039,249.41497978190637,1.3043245,0.7188504,95.816956,fused,0,1,0,
1789425960988,1789425960951,996305798,42.0373682,-93.6493737,3.032,249.4210959722713,1.3009611,0.91912097,32.578476,fused,0,1,0,
1789425961969,1789425961945,996306792,42.0373742,-93.6493596,3.029,248.91098070615107,1.3084152,1.0505403,33.84376,fused,0,1,0,
1789425962984,1789425962952,996307798,42.0373771,-93.6493369,3.0,249.07691432646175,1.3004125,1.397511,32.82271,fused,0,1,0,
1789425963987,1789425963953,996308799,42.0373864,-93.6493225,3.0,249.13714931291628,1.3002143,1.350252,1.8287519,fused,0,1,0,
1789425964984,1789425964951,996309798,42.0373904,-93.6493265,3.0,249.24669525819257,1.300372,1.0609602,262.8328,fused,0,1,0,
1789425965979,1789425965952,996310798,42.037388,-93.6493298,3.0,249.30463042863101,1.3001792,1.0065013,257.63968,fused,0,1,0,
1789425966980,1789425966951,996311798,42.0373921,-93.6493195,3.0,249.0203587199863,1.3020018,0.39024267,263.51236,fused,0,1,0,
1789425967983,1789425967952,996312798,42.0373927,-93.6493134,3.0,249.04533309379224,1.313913,0.4226454,264.08353,fused,0,1,0,
1789425968989,1789425968951,996313798,42.0373953,-93.6493042,3.0,249.5244635262069,1.3044525,0.32460132,276.25812,fused,0,1,0,
1789425969984,1789425969953,996314799,42.0373983,-93.6492916,3.0,249.55416636282405,1.3035234,0.33024037,218.79968,fused,0,1,0,
1789425970989,1789425970952,996315799,42.0374,-93.6492839,3.0,249.81418320222076,1.3067441,0.4102761,252.37967,fused,0,1,0,
1789425971954,1789425971931,996316778,42.0374029,-93.6492826,3.0,249.81418320222076,1.3067441,0.30464542,272.68335,fused,0,1,0,
1789425972997,1789425972951,996317798,42.0374152,-93.6492687,3.0,249.5156764188527,1.3033829,0.18702741,206.11977,fused,0,1,0,
1789425974004,1789425973951,996318798,42.0374193,-93.6492624,3.0,249.4802484854685,1.3026371,0.48759627,240.45764,fused,0,1,0,
1789425975002,1789425974951,996319798,42.0374219,-93.6492652,3.0,249.41213866920475,1.3033433,0.39523545,268.4604,fused,0,1,0,
1789425976010,1789425975951,996320798,42.0374289,-93.6492561,3.0,249.51178739714692,1.3017423,0.49303484,201.24234,fused,0,1,0,
1789425976991,1789425976952,996321798,42.0374315,-93.6492504,3.0,249.65262225424055,1.3009995,0.5277043,195.24628,fused,0,1,0,
1789425977990,1789425977952,996322799,42.0374333,-93.6492503,3.0,249.59988868962654,1.3013774,0.74728185,198.71613,fused,0,1,0,
1789425979004,1789425978952,996323798,42.0374431,-93.6492466,3.0,249.5158676146935,1.3017668,0.45268232,202.69553,fused,0,1,0,
1789425980006,1789425979951,996324798,42.0374515,-93.6492435,3.0,249.33368129681236,1.300884,0.38465896,192.88048,fused,0,1,0,
1789425980928,1789425980910,996325756,42.0374488,-93.6492434,3.0,249.33368129681236,1.300884,0.52585846,193.03601,fused,0,1,0,
1789425981988,1789425981952,996326798,42.0374512,-93.6492469,3.0,249.42911670320603,1.3009765,0.8778779,248.2264,fused,0,1,0,
1789425982990,1789425982952,996327798,42.0374602,-93.6492536,3.0,249.43338562111364,1.3010528,0.5805499,269.88623,fused,0,1,0,
1789425983937,1789425983913,996328759,42.0374636,-93.6492606,3.0,249.43338562111364,1.3010528,0.6158023,270.59924,fused,0,1,0,
1789425984997,1789425984951,996329798,42.0374715,-93.6492605,3.0,249.63433268082116,1.3017058,0.3766297,279.00803,fused,0,1,0,
1789425986003,1789425985952,996330799,42.0374787,-93.649269,3.0,249.60413326873902,1.3039308,0.6378953,268.5518,fused,0,1,0,
1789425987004,1789425986951,996331798,42.0374815,-93.6492734,3.0,249.72878960019943,1.3006161,0.37933502,257.4977,fused,0,1,0,
1789425987998,1789425987953,996332799,42.0374867,-93.6492735,3.0,249.54525110977482,1.301116,0.19139716,275.53665,fused,0,1,0,
1789425989003,1789425988952,996333798,42.0374911,-93.6492739,3.0,249.33137484417858,1.3031161,0.11882976,277.05145,fused,0,1,0,
1789425989998,1789425989952,996334798,42.0374946,-93.6492749,3.0,248.63736336803458,1.3032238,0.14226688,285.7217,fused,0,1,0,
1789425990983,1789425990951,996335798,42.0374976,-93.6492756,3.0,249.17519817849023,1.3007288,0.13398339,225.47372,fused,0,1,0,
1789425991984,1789425991952,996336798,42.0374997,-93.6492759,3.0,249.1875874597281,1.3003712,0.142105,226.3993,fused,0,1,0,
1789425992971,1789425992950,996337796,42.0374996,-93.6492775,3.0,249.1875874597281,1.3003712,0.16942461,244.47595,fused,0,1,0,
1789425993988,1789425993952,996338799,42.0374989,-93.6492849,3.0,249.1484556374931,1.3004338,0.54341865,239.50795,fused,0,1,0,
1789425994915,1789425994892,996339739,42.0374942,-93.6492979,3.0,249.1484556374931,1.3004338,0.79312015,244.87453,fused,0,1,0,
1789425995992,1789425995951,996340798,42.0374813,-93.6493315,3.0,248.76026995480134,1.3017269,1.3062185,249.7363,fused,0,1,0,
1789425996992,1789425996952,996341798,42.0374747,-93.6493472,3.0,248.7670350040736,1.312419,1.3863446,247.07382,fused,0,1,0,
1789425997984,1789425997952,996342798,42.0374628,-93.6493665,3.0,249.12613847208496,1.3039749,1.4859247,237.4024,fused,0,1,0,
1789425999007,1789425998951,996343798,42.0374486,-93.6493856,3.015,249.23288692981032,1.3034643,1.5384513,235.99849,fused,0,1,0,
1789425999981,1789425999951,996344798,42.037435,-93.6494034,3.034,249.2835560668051,1.307168,1.5671272,235.94907,fused,0,1,0,
1789426000980,1789426000952,996345798,42.0374232,-93.6494211,3.043,249.101598947988,1.3068836,1.577905,238.0057,fused,0,1,0,
1789426001987,1789426001952,996346799,42.0374112,-93.649438,3.057,249.04987847303585,1.3029405,1.5547446,226.444,fused,0,1,0,
1789426002988,1789426002953,996347799,42.0373994,-93.6494543,3.092,248.93824841997883,1.3016878,1.5542928,230.43935,fused,0,1,0,
1789426003992,1789426003952,996348798,42.0373917,-93.6494725,3.103,249.1091267548586,1.3024235,1.5140404,240.88504,fused,0,1,0,
1789426004987,1789426004952,996349799,42.0373853,-93.6494904,3.117,249.19158487772114,1.3012606,1.4638038,239.50682,fused,0,1,0,
1789426005890,1789426005873,996350719,42.0373786,-93.6495057,3.113,249.19158487772114,1.3012606,1.4769013,236.48622,fused,0,1,0,
1789426006984,1789426006951,996351798,42.0373721,-93.6495198,3.103,249.38763387890629,1.3010905,1.3342015,236.4541,fused,0,1,0,
1789426007991,1789426007952,996352798,42.0373663,-93.6495342,3.08,249.604151492864,1.3021896,1.2734318,244.71455,fused,0,1,0,
1789426008984,1789426008952,996353798,42.0373626,-93.6495486,3.058,249.16928078428128,1.3006946,1.1897713,259.1468,fused,0,1,0,
1789426009986,1789426009952,996354798,42.0373619,-93.6495592,3.032,249.60342123507894,1.3011856,0.87239665,264.0548,fused,0,1,0,
1789426010989,1789426010952,996355798,42.0373616,-93.6495602,3.024,249.54501448399094,1.3008237,0.49498442,264.2929,fused,0,1,0,
1789426011982,1789426011952,996356798,42.0373613,-93.6495589,3.029,249.59258083019148,1.3010325,0.30484897,271.82092,fused,0,1,0,
1789426012987,1789426012952,996357798,42.0373609,-93.6495573,3.01,249.46562113856908,1.3005658,0.16039309,247.59068,fused,0,1,0,
1789426013989,1789426013952,996358798,42.0373608,-93.6495553,3.01,249.81753573719578,1.3015296,0.103733994,245.07718,fused,0,1,0,
1789426014984,1789426014951,996359798,42.0373611,-93.6495532,3.0,249.73361163866667,1.3033855,0.08377559,,fused,0,1,0,
1789426016002,1789426015951,996360798,42.0373618,-93.6495533,3.0,249.58403380286944,1.3005215,0.18541852,225.56332,fused,0,1,0,
1789426017002,1789426016951,996361798,42.0373617,-93.6495516,3.0,249.771770102184,1.300936,0.16758227,199.35901,fused,0,1,0,
1789426017998,1789426017953,996362799,42.0373626,-93.6495499,3.0,249.5181323615928,1.3030926,0.13967896,202.6938,fused,0,1,0,
1789426018984,1789426018952,996363798,42.0373656,-93.6495516,3.0,248.71633960379165,1.3022189,0.16770497,193.08766,fused,0,1,0,
1789426020009,1789426019957,996364803,42.0373635,-93.6495559,3.0,248.9915685533062,1.301478,0.406135,209.7912,fused,0,1,0,
1789426020984,1789426020951,996365798,42.0373548,-93.6495724,3.0,249.2181784576158,1.300284,0.99104834,261.56552,fused,0,1,0,
1789426021987,1789426021951,996366798,42.0373561,-93.6495901,3.0,249.21176381916166,1.300176,0.70825154,276.63086,fused,0,1,0,
1789426022988,1789426022951,996367798,42.0373608,-93.6495982,3.0,249.23243497073565,1.3002336,0.39571404,278.1114,fused,0,1,0,
1789426023989,1789426023951,996368798,42.0373612,-93.6496011,3.0,249.17783793193075,1.3002211,0.28734687,260.57703,fused,0,1,0,
1789426024994,1789426024951,996369798,42.037361,-93.6496029,3.0,248.78074302017416,1.3012995,0.21037994,265.51578,fused,0,1,0,
1789426025993,1789426025951,996370798,42.0373615,-93.6496034,3.0,248.74823140389668,1.3113278,0.14385599,264.38058,fused,0,1,0,
1789426026983,1789426026951,996371798,42.0373617,-93.6496038,3.0,249.0589831808822,1.3034481,0.11130195,264.72632,fused,0,1,0,
1789426027989,1789426027952,996372798,42.0373618,-93.6496045,3.0,249.107555547861,1.3031609,0.09709638,,fused,0,1,0,
1789426028987,1789426028952,996373798,42.037362,-93.6496052,3.0,249.19544799174844,1.3061683,0.10032504,270.1111,fused,0,1,0,
1789426029980,1789426029951,996374798,42.037362,-93.6496058,3.0,249.22887530172528,1.3063148,0.11234102,254.98642,fused,0,1,0,
1789426030982,1789426030951,996375798,42.0373621,-93.649606,3.0,249.20098908941378,1.3024968,0.09567953,,fused,0,1,0,
1789426031979,1789426031952,996376798,42.037362,-93.649606,3.0,249.1117241386592,1.3016068,0.097532146,,fused,0,1,0,
1789426032981,1789426032951,996377798,42.0373619,-93.6496067,3.0,249.03069691183072,1.302226,0.09287242,,fused,0,1,0,
1789426033986,1789426033951,996378798,42.0373622,-93.6496071,3.0,249.15210651846496,1.3012344,0.08756065,,fused,0,1,0,
1789426034984,1789426034952,996379798,42.0373628,-93.6496083,3.0,249.37085429136863,1.3005874,0.138817,262.07037,fused,0,1,0,
1789426035983,1789426035951,996380798,42.0373637,-93.6496149,3.0,249.48111532609488,1.3004413,0.3919966,269.30914,fused,0,1,0,
1789426036989,1789426036951,996381798,42.0373645,-93.6496322,3.0,249.29529132719665,1.3004594,0.9319057,273.49933,fused,0,1,0,
1789426037989,1789426037951,996382798,42.0373664,-93.6496587,3.0,249.68592418925692,1.3017125,1.1941445,275.89963,fused,0,1,0,
1789426038989,1789426038951,996383798,42.0373697,-93.6496738,3.0,249.44683837890625,1.3007085,1.3215029,282.51416,fused,0,1,0,
1789426039988,1789426039951,996384798,42.0373749,-93.6496897,3.0,249.5767128111424,1.3008486,1.3451667,284.6906,fused,0,1,0,
1789426040989,1789426040952,996385798,42.0373809,-93.649704,3.0,249.64308323867584,1.3011165,1.4223257,285.81937,fused,0,1,0,
1789426041994,1789426041953,996386799,42.0373867,-93.6497174,3.0,249.40383650292392,1.3006037,1.4426838,290.45975,fused,0,1,0,
1789426042988,1789426042951,996387798,42.0373929,-93.6497301,3.0,249.69074376327558,1.3009077,1.428218,282.42487,fused,0,1,0,
1789426043985,1789426043953,996388799,42.0373974,-93.6497412,3.004,249.58962751470085,1.3026426,1.2561625,291.73853,fused,0,1,0,
1789426044992,1789426044953,996389799,42.0374044,-93.649748,3.005,249.455092796332,1.3001652,1.1939634,314.10626,fused,0,1,0,
1789426045983,1789426045952,996390798,42.0374139,-93.6497529,3.005,249.39286395179477,1.3004267,0.9958397,307.21588,fused,0,1,0,
1789426046980,1789426046951,996391798,42.0374149,-93.649752,3.006,249.25219463401345,1.3006337,0.4743002,285.96313,fused,0,1,0,
1789426047986,1789426047952,996392798,42.0374142,-93.649748,3.01,248.4713544614885,1.3006608,0.22999594,290.1106,fused,0,1,0,
1789426048984,1789426048953,996393799,42.037415,-93.6497493,3.0,248.51876064741987,1.3020152,0.3217468,279.10547,fused,0,1,0,
1789426049990,1789426049951,996394798,42.0374151,-93.6497516,3.0,249.13006911658886,1.3005637,0.15977968,243.84457,fused,0,1,0,
1789426050987,1789426050951,996395798,42.0374148,-93.6497527,3.0,249.06932241755976,1.3000834,0.1490299,248.35942,fused,0,1,0,
1789426051986,1789426051951,996396798,42.0374118,-93.6497576,3.0,249.10264624059573,1.300332,0.44356516,216.79459,fused,0,1,0,
1789426052997,1789426052951,996397798,42.0373984,-93.6497696,3.0,249.17102021214123,1.3001019,1.0006214,187.08865,fused,0,1,0,
1789426054002,1789426053951,996398798,42.037385,-93.6497743,3.0,248.81082892987558,1.30134,1.2786583,179.96014,fused,0,1,0,
1789426054883,1789426054865,996399711,42.0373718,-93.64977,3.0,248.81082892987558,1.30134,1.3068357,128.16112,fused,0,1,0,
1789426055820,1789426055806,996400653,42.0373598,-93.6497577,3.0,248.68310480115582,1.3127435,1.463154,137.2415,fused,0,1,0,
1789426056841,1789426056826,996401672,42.0373452,-93.6497516,3.052,248.88691747671538,1.3031772,1.4920595,143.50664,fused,0,1,0,
1789426057947,1789426057929,996402775,42.0373238,-93.6497569,3.157,249.11502470078,1.3029969,1.5036955,170.71413,fused,0,1,0,
1789426058971,1789426058952,996403798,42.0373063,-93.6497709,3.171,249.47923517740531,1.3056139,1.367345,191.8245,fused,0,1,0,
1789426059976,1789426059952,996404798,42.0372943,-93.6497775,3.185,249.33369014993065,1.3020109,1.2619585,190.53432,fused,0,1,0,
1789426060972,1789426060952,996405798,42.0372836,-93.6497827,3.185,249.41258831042722,1.3012732,1.2018664,192.80466,fused,0,1,0,
1789426061976,1789426061952,996406798,42.0372736,-93.6497868,3.123,249.24989704745707,1.301755,1.1270479,182.56859,fused,0,1,0,
1789426062974,1789426062951,996407798,42.037263,-93.6497869,3.001,249.3143199400887,1.3008636,1.0185306,136.41068,fused,0,1,0,
1789426063982,1789426063952,996408798,42.037262,-93.6497816,3.0,249.67987334368252,1.30066,0.9861544,68.3571,fused,0,1,0,
1789426064981,1789426064952,996409798,42.0372698,-93.6497808,3.0,249.93837082130665,1.30035,1.0822641,359.78357,fused,0,1,0,
1789426065981,1789426065951,996410798,42.0372765,-93.649791,3.0,250.30075527742287,1.300541,1.1055233,348.3817,fused,0,1,0,
1789426066966,1789426066948,996411795,42.0372844,-93.6497911,3.0,250.30075527742287,1.300541,0.9895788,59.609158,fused,0,1,0,
1789426067972,1789426067951,996412798,42.0372729,-93.6497854,3.0,249.97734491473068,1.3004652,0.97643656,122.36683,fused,0,1,0,
1789426068973,1789426068951,996413798,42.0372572,-93.6497775,3.0,250.04969512007318,1.3005079,0.9352551,126.32301,fused,0,1,0,
1789426069973,1789426069951,996414798,42.0372506,-93.6497725,3.0,250.2710428088331,1.3007078,0.9482113,102.84381,fused,0,1,0,
1789426070979,1789426070952,996415798,42.0372481,-93.6497656,3.0,250.7102080068903,1.3003813,0.9312487,76.4549,fused,0,1,0,
1789426071978,1789426071952,996416798,42.0372478,-93.649766,3.0,251.13323464353005,1.3007418,0.6970013,70.63076,fused,0,1,0,
1789426072978,1789426072952,996417798,42.0372466,-93.6497714,3.0,250.86139157565697,1.3019384,0.41488826,80.98535,fused,0,1,0,
1789426073979,1789426073952,996418798,42.0372436,-93.6497803,3.0,250.3641681237096,1.3001338,0.18326718,86.42209,fused,0,1,0,
1789426074971,1789426074951,996419797,42.0372433,-93.6497814,3.0,250.3641681237096,1.3001338,0.16015427,85.26197,fused,0,1,0,
1789426075988,1789426075952,996420798,42.037239,-93.6497874,3.0,249.6243805793374,1.3004678,0.19710787,69.04311,fused,0,1,0,
1789426076988,1789426076952,996421798,42.0372352,-93.6497949,3.0,249.23641891589244,1.3004769,0.23824309,45.56829,fused,0,1,0,
1789426077986,1789426077952,996422798,42.037232,-93.6498013,3.0,249.12456914792995,1.3019179,0.14149684,24.138577,fused,0,1,0,
1789426078987,1789426078951,996423798,42.0372287,-93.6498062,3.0,249.36684593251607,1.300433,0.09016984,,fused,0,1,0,
1789426079972,1789426079952,996424798,42.0372257,-93.6498091,3.0,249.20666584177172,1.3001229,0.09989784,,fused,0,1,0,
1789426080976,1789426080953,996425799,42.0372239,-93.6498107,3.0,248.97378432865236,1.3002568,0.10319487,25.073214,fused,0,1,0,
1789426081974,1789426081952,996426798,42.0372232,-93.6498119,3.0,248.5128446822397,1.300064,0.09997907,,fused,0,1,0,
1789426082981,1789426082951,996427798,42.0372247,-93.6498122,3.0,248.96985620107688,1.301277,0.24393815,23.68475,fused,0,1,0,
1789426083973,1789426083952,996428798,42.0372296,-93.6498111,3.0,248.93648907720655,1.3100388,0.40169173,25.82226,fused,0,1,0,
1789426084978,1789426084953,996429799,42.0372378,-93.6498062,3.0,248.86920446568024,1.3032846,0.5817342,37.352367,fused,0,1,0,
1789426085923,1789426085904,996430751,42.0372452,-93.6497985,3.025,248.86920446568024,1.3032846,0.65023756,49.52733,fused,0,1,0,
1789426086972,1789426086951,996431798,42.0372685,-93.6497805,3.03,249.1425394568638,1.3063601,1.103524,49.25694,fused,0,1,0,
1789426087976,1789426087952,996432798,42.0372822,-93.6497655,3.051,249.44968588569157,1.3045491,1.2092872,70.31954,fused,0,1,0,
1789426088885,1789426088866,996433713,42.0372813,-93.6497474,3.115,249.51689619348002,1.3274584,1.2249467,142.2202,fused,0,1,0,
1789426089982,1789426089952,996434798,42.037277,-93.6497444,3.123,249.43950913515687,1.3316311,1.2303742,174.90762,fused,0,1,0,
1789426090970,1789426090952,996435798,42.0372693,-93.6497394,3.129,249.62208813831842,1.3412923,1.1943352,159.95547,fused,0,1,0,
1789426091974,1789426091951,996436798,42.037266,-93.6497348,3.103,249.72454599916966,1.3450743,0.81040907,160.85915,fused,0,1,0,
1789426092983,1789426092952,996437798,42.0372647,-93.649735,3.081,249.63098136873452,1.3546221,0.53254,164.90623,fused,0,1,0,
1789426093980,1789426093952,996438798,42.0372656,-93.6497375,3.0,249.521273739867,1.3604902,0.2765635,168.0212,fused,0,1,0,
1789426094982,1789426094952,996439798,42.0372697,-93.6497408,3.0,249.19825714545436,1.3652045,0.11619566,170.14171,fused,0,1,0,
1789426095979,1789426095951,996440798,42.0372723,-93.6497407,3.0,249.39472419631176,1.37491,0.09636032,,fused,0,1,0,
1789426096985,1789426096951,996441798,42.0372742,-93.6497404,3.0,249.54710939120758,1.382613,0.09346613,,fused,0,1,0,
1789426097986,1789426097952,996442798,42.0372756,-93.6497397,3.0,249.30502689341233,1.3868579,0.087159865,,fused,0,1,0,
1789426098979,1789426098952,996443798,42.0372772,-93.6497385,3.0,249.36948115797486,1.3922554,0.06816134,,fused,0,1,0,
1789426099982,1789426099953,996444799,42.0372797,-93.6497384,3.0,249.6440609599349,1.402515,0.106450066,178.36403,fused,0,1,0,
1789426100973,1789426100952,996445798,42.0372816,-93.6497388,3.0,249.77294343156512,1.4109563,0.1406976,185.44736,fused,0,1,0,
1789426101981,1789426101952,996446798,42.0372835,-93.6497407,3.0,249.67558789573945,1.4145124,0.4090459,212.28294,fused,0,1,0,
1789426102904,1789426102885,996447731,42.0372822,-93.6497433,3.0,249.67558789573945,1.4145124,0.36389312,193.61041,fused,0,1,0,
1789426103978,1789426103951,996448798,42.0372699,-93.6497482,3.0,249.4821362687601,1.4285413,0.9581703,138.54848,fused,0,1,0,
1789426104981,1789426104952,996449799,42.0372657,-93.6497497,3.011,249.12158338931386,1.4364864,0.99978036,103.5331,fused,0,1,0,
1789426105978,1789426105951,996450798,42.0372656,-93.6497543,3.018,248.68625333322257,1.4387382,0.96417415,102.288025,fused,0,1,0,
1789426106978,1789426106951,996451798,42.0372637,-93.6497622,3.043,248.75324403286413,1.4453144,0.86145574,142.40935,fused,0,1,0,
1789426107980,1789426107952,996452798,42.037262,-93.6497732,3.046,248.99918533130614,1.4541329,0.88542664,132.78743,fused,0,1,0,
1789426108983,1789426108952,996453798,42.037252,-93.6497793,3.044,248.89827328412719,1.4588509,1.2937211,160.25166,fused,0,1,0,
1789426109979,1789426109951,996454798,42.0372388,-93.6497827,3.03,248.9399370617562,1.467851,1.2909138,183.30017,fused,0,1,0,
1789426110905,1789426110887,996455733,42.0372298,-93.6497896,3.023,248.9399370617562,1.467851,1.2893071,230.36246,fused,0,1,0,
1789426111976,1789426111951,996456798,42.0372398,-93.6497978,3.004,248.8383774553912,1.4772444,0.9192481,298.98605,fused,0,1,0,
1789426112929,1789426112905,996457752,42.0372478,-93.649805,3.009,248.8383774553912,1.4772444,0.99306905,292.0549,fused,0,1,0,
1789426113985,1789426113951,996458798,42.0372501,-93.6497965,3.097,249.16391557003402,1.4953425,1.0256064,264.36456,fused,0,1,0,
1789426114978,1789426114951,996459798,42.0372489,-93.6497934,3.31,249.32574455045796,1.5016733,0.89710003,282.97263,fused,0,1,0,
1789426115903,1789426115885,996460731,42.0372541,-93.6497953,3.422,249.32574455045796,1.5016733,0.8843093,317.8026,fused,0,1,0,
1789426116976,1789426116951,996461798,42.0372584,-93.6497825,3.468,249.68500851497373,1.5205586,0.36814576,335.16525,fused,0,1,0,
1789426117979,1789426117952,996462798,42.0372613,-93.6497769,3.563,249.56739942543123,1.5226878,0.23313522,340.11987,fused,0,1,0,
1789426118976,1789426118951,996463798,42.0372627,-93.6497725,3.495,249.37396212932504,1.5276028,0.13811871,335.7566,fused,0,1,0,
1789426119983,1789426119951,996464798,42.0372641,-93.6497697,3.296,249.30201162724836,1.5352672,0.0968877,,fused,0,1,0,
1789426120985,1789426120952,996465798,42.037266,-93.649768,3.03,249.33903407302608,1.541439,0.09798182,,fused,0,1,0,
1789426121988,1789426121952,996466798,42.0372662,-93.6497672,3.0,249.4149698612071,1.548583,0.1022221,328.7206,fused,0,1,0,
1789426122988,1789426122952,996467798,42.0372667,-93.6497666,3.0,249.49333597550253,1.5554254,0.08776428,,fused,0,1,0,
1789426123988,1789426123951,996468798,42.0372671,-93.6497657,3.0,249.38286457868992,1.5645198,0.09779177,,fused,0,1,0,
1789426124991,1789426124951,996469798,42.0372676,-93.649765,3.0,249.32992046564868,1.5690918,0.10639093,346.96494,fused,0,1,0,
1789426125985,1789426125952,996470799,42.0372682,-93.6497645,3.0,249.50481945875157,1.5770458,0.09742307,,fused,0,1,0,
1789426126976,1789426126952,996471798,42.0372685,-93.6497641,3.0,249.2513289293073,1.5804884,0.06181188,,fused,0,1,0,
1789426127980,1789426127952,996472798,42.0372689,-93.6497635,3.0,249.41622249622276,1.587739,0.07562414,,fused,0,1,0,
1789426128978,1789426128951,996473798,42.0372694,-93.6497631,3.0,249.51734913083664,1.5954968,0.069605924,,fused,0,1,0,
1789426129980,1789426129952,996474798,42.0372697,-93.6497624,3.0,249.79873172470076,1.6069529,0.06708678,,fused,0,1,0,
1789426130985,1789426130952,996475798,42.0372701,-93.6497618,3.0,249.7051369751644,1.6087272,0.06911775,,fused,0,1,0,
1789426131984,1789426131952,996476798,42.0372701,-93.6497612,3.0,249.2300196868693,1.614853,0.07412221,,fused,0,1,0,
1789426132991,1789426132951,996477798,42.0372695,-93.6497626,3.0,249.14862035762968,1.6213259,0.14575657,305.014,fused,0,1,0,
1789426133883,1789426133864,996478711,42.0372694,-93.6497638,3.0,249.14862035762968,1.6213259,0.108463995,300.86804,fused,0,1,0,
1789426134976,1789426134951,996479798,42.0372666,-93.6497689,3.0,248.73460631941867,1.6352745,0.230403,270.1771,fused,0,1,0,
1789426135986,1789426135952,996480798,42.0372596,-93.6497779,3.0,248.64048786238328,1.6412506,0.58349085,228.56389,fused,0,1,0,
1789426136981,1789426136952,996481798,42.0372516,-93.6497799,3.0,248.84837838788064,1.6477412,0.6849247,195.20422,fused,0,1,0,
1789426137922,1789426137903,996482750,42.0372455,-93.6497757,3.008,248.84837838788064,1.6477412,0.6077896,105.609695,fused,0,1,0,
1789426138965,1789426138948,996483794,42.0372471,-93.6497625,3.009,248.83272785890472,1.6551119,0.9878255,10.391844,fused,0,1,0,
1789426139977,1789426139951,996484797,42.0372564,-93.6497635,3.009,248.7754104800381,1.6652374,1.0377136,330.15698,fused,0,1,0,
1789426140907,1789426140891,996485737,42.037262,-93.6497722,3.057,248.7754104800381,1.6652374,1.0961175,306.38794,fused,0,1,0,
1789426141975,1789426141951,996486797,42.0372564,-93.6497763,3.083,248.87179867198296,1.6846993,0.92960143,232.96295,fused,0,1,0,
1789426142979,1789426142951,996487797,42.0372468,-93.6497707,3.104,248.77948337682284,1.6904567,0.8897973,175.82414,fused,0,1,0,
1789426143978,1789426143951,996488797,42.0372434,-93.6497591,3.133,248.99199286396714,1.6954374,0.80613595,138.239,fused,0,1,0,
1789426144922,1789426144905,996489751,42.0372427,-93.6497496,3.157,248.99199286396714,1.6954374,0.75436634,112.727516,fused,0,1,0,
1789426145974,1789426145950,996490797,42.037254,-93.6497304,3.203,249.36318763355092,1.7160599,0.85959226,59.710995,fused,0,1,0,
1789426146927,1789426146906,996491753,42.0372627,-93.649718,3.237,249.36318763355092,1.7160599,0.9886023,54.051456,fused,0,1,0,
1789426147843,1789426147824,996492670,42.0372825,-93.6497076,3.257,249.09898829863948,1.7174388,1.2245477,19.971237,fused,0,1,0,
1789426148887,1789426148867,996493713,42.0373125,-93.6497083,3.229,249.21981042353121,1.3203604,1.4224826,358.74802,fused,0,1,0,
1789426149980,1789426149951,996494797,42.0373321,-93.6497152,3.193,249.3110963627679,1.3190207,1.5811032,351.27933,fused,0,1,0,
1789426150963,1789426150946,996495792,42.03735,-93.6497195,3.202,249.3110963627679,1.3190207,1.6108183,341.45712,fused,0,1,0,
1789426151977,1789426151950,996496797,42.0373676,-93.6497265,3.164,248.91085106270845,1.3166254,1.6390121,304.87674,fused,0,1,0,
1789426152973,1789426152951,996497797,42.0373809,-93.6497358,3.143,249.26710424082927,1.3158619,1.5902103,315.09305,fused,0,1,0,
1789426153974,1789426153950,996498797,42.0373963,-93.6497366,3.162,249.3562463183244,1.3177241,1.4879644,329.36618,fused,0,1,0,
1789426154975,1789426154951,996499797,42.0374107,-93.6497263,3.202,249.64771324415892,1.3193556,1.260688,12.867917,fused,0,1,0,
1789426155978,1789426155951,996500797,42.0374202,-93.6497064,3.23,249.33567912086716,1.3148297,1.2567227,59.782764,fused,0,1,0,
1789426156980,1789426156951,996501797,42.0374216,-93.6496814,3.213,249.4065518536732,1.3164829,1.3287351,89.12784,fused,0,1,0,
1789426157979,1789426157951,996502797,42.0374182,-93.6496517,3.238,249.22973555291208,1.3163432,1.470205,96.31186,fused,0,1,0,
1789426158978,1789426158950,996503797,42.0374146,-93.6496305,3.222,249.7374846547666,1.318911,1.5117912,98.21754,fused,0,1,0,
1789426159983,1789426159951,996504797,42.0374092,-93.6496074,3.219,249.67961540656472,1.316961,1.5154727,101.73,fused,0,1,0,
1789426160984,1789426160950,996505797,42.0374044,-93.649585,3.167,249.04421135280234,1.3169868,1.5084091,101.97003,fused,0,1,0,
1789426161983,1789426161950,996506797,42.0373997,-93.6495626,3.152,249.02558929710284,1.3186307,1.5317721,105.41366,fused,0,1,0,
1789426162979,1789426162951,996507797,42.0373946,-93.6495402,3.132,248.46509763031253,1.316045,1.5698915,106.640144,fused,0,1,0,
1789426163981,1789426163950,996508797,42.0373889,-93.6495179,3.115,248.48209927754084,1.3176546,1.579425,108.0716,fused,0,1,0,
1789426164979,1789426164950,996509797,42.0373828,-93.6494951,3.095,248.40087502164528,1.317938,1.6204998,107.039375,fused,0,1,0,
1789426165972,1789426165951,996510797,42.0373775,-93.6494715,3.075,248.6162869829529,1.3195244,1.6434599,104.030075,fused,0,1,0,
1789426166981,1789426166951,996511797,42.0373744,-93.6494482,3.076,248.4152904383247,1.3198376,1.5642211,99.43876,fused,0,1,0,
1789426167975,1789426167951,996512797,42.0373709,-93.6494276,3.08,248.03422422339435,1.3186327,1.516798,111.686424,fused,0,1,0,
1789426168979,1789426168950,996513797,42.037363,-93.649409,3.07,248.23871317096462,1.3173523,1.5990026,135.50415,fused,0,1,0,
1789426169983,1789426169950,996514797,42.0373538,-93.6493919,3.06,248.15769100937968,1.3189209,1.5786415,121.44505,fused,0,1,0,
1789426170936,1789426170920,996515767,42.0373478,-93.6493725,3.077,248.15769100937968,1.3189209,1.5648141,114.52587,fused,0,1,0,
1789426171976,1789426171951,996516797,42.0373438,-93.6493503,3.099,248.2255972612042,1.3211408,1.6072487,105.55007,fused,0,1,0,
1789426172973,1789426172950,996517797,42.0373419,-93.6493295,3.092,248.38599273405993,1.3243246,1.6625196,93.6811,fused,0,1,0,
1789426173976,1789426173951,996518797,42.0373397,-93.6493076,3.146,248.55104466770155,1.3294624,1.660174,107.72348,fused,0,1,0,
1789426174978,1789426174950,996519797,42.0373349,-93.6492891,3.239,248.52478285971125,1.3260068,1.5835468,103.21115,fused,0,1,0,
1789426175977,1789426175950,996520797,42.0373329,-93.6492727,3.241,248.2330271927815,1.3136052,1.5159682,90.99356,fused,0,1,0,
1789426176972,1789426176950,996521797,42.0373369,-93.6492566,3.218,248.42698423628366,1.3139025,1.5200001,64.34523,fused,0,1,0,
1789426177974,1789426177950,996522797,42.0373463,-93.6492408,3.226,248.4042881057744,1.3161963,1.5492982,57.083046,fused,0,1,0,
1789426178977,1789426178951,996523797,42.037355,-93.6492248,3.19,248.70351581470266,1.3153062,1.5634899,56.78521,fused,0,1,0,
1789426179977,1789426179950,996524797,42.0373655,-93.6492018,3.115,248.7772609449102,1.3170568,1.5941627,61.33768,fused,0,1,0,
1789426180975,1789426180950,996525797,42.0373723,-93.6491903,3.084,248.43753980143327,1.3152994,1.602518,55.44259,fused,0,1,0,
1789426181973,1789426181951,996526797,42.0373832,-93.6491762,3.074,248.5767450867874,1.3158588,1.6055874,47.317436,fused,0,1,0,
1789426182904,1789426182885,996527731,42.0373934,-93.6491607,3.071,248.5767450867874,1.3158588,1.606337,50.971172,fused,0,1,0,
1789426183923,1789426183904,996528750,42.037404,-93.6491424,3.066,248.74136501782806,1.3166114,1.6726177,60.22634,fused,0,1,0,
1789426184922,1789426184905,996529751,42.0374118,-93.6491226,3.071,248.88984445626488,1.317318,1.6912493,64.16181,fused,0,1,0,
1789426185978,1789426185951,996530797,42.0374208,-93.6491056,3.061,249.13718189849783,1.3151695,1.6856949,54.24845,fused,0,1,0,
1789426186978,1789426186950,996531797,42.0374306,-93.6490893,3.053,249.30817516504493,1.3155564,1.6797541,58.33717,fused,0,1,0,
1789426187977,1789426187950,996532797,42.0374382,-93.6490731,3.035,249.61809763386498,1.3161943,1.5181056,63.74616,fused,0,1,0,
1789426188971,1789426188950,996533797,42.0374439,-93.6490605,3.024,249.52762187463196,1.3162057,1.2770281,64.14948,fused,0,1,0,
1789426189977,1789426189951,996534797,42.03745,-93.6490515,3.007,249.12694841596385,1.3189657,1.2304076,54.60578,fused,0,1,0,
1789426190979,1789426190950,996535797,42.0374577,-93.649043,3.008,249.042522266199,1.3203671,1.2090755,53.70994,fused,0,1,0,
1789426191974,1789426191951,996536797,42.0374654,-93.6490338,3.008,248.6595826036296,1.3172786,1.1385263,46.75261,fused,0,1,0,
1789426192972,1789426192950,996537797,42.0374772,-93.6490199,3.007,248.73460631941867,1.3182701,1.1640689,45.869774,fused,0,1,0,
1789426193972,1789426193950,996538797,42.0374831,-93.6490138,3.003,248.71402444363326,1.3200917,1.1316135,40.304207,fused,0,1,0,
1789426194971,1789426194951,996539797,42.0374891,-93.6490061,3.004,248.90721995839317,1.3207505,1.0572603,50.772938,fused,0,1,0,
1789426195973,1789426195951,996540797,42.0374923,-93.6489969,3.004,248.72581467172142,1.317098,0.9656481,72.379555,fused,0,1,0,
1789426196971,1789426196951,996541797,42.0374927,-93.6489877,3.004,248.42533156967806,1.316554,0.79640985,94.95726,fused,0,1,0,
1789426197974,1789426197950,996542797,42.0374877,-93.6489718,3.004,248.60682158492784,1.3171732,1.407397,99.22137,fused,0,1,0,
1789426198974,1789426198950,996543797,42.0374893,-93.6489588,3.0,248.6984866661988,1.3174797,0.7095132,98.16922,fused,0,1,0,
1789426199980,1789426199951,996544797,42.0374923,-93.6489589,3.0,248.60930473107226,1.3288796,0.31096393,86.420654,fused,0,1,0,
1789426200974,1789426200950,996545797,42.0374939,-93.6489603,3.0,248.62344514381618,1.3256683,0.14963254,83.96385,fused,0,1,0,
1789426201979,1789426201951,996546797,42.0374937,-93.6489611,3.0,248.3597289632794,1.3137664,0.10271785,85.73956,fused,0,1,0,
1789426202977,1789426202951,996547797,42.0374928,-93.6489608,3.0,248.3750116086253,1.3160683,0.095883235,,fused,0,1,0,
1789426203983,1789426203950,996548797,42.0374912,-93.6489603,3.0,248.386030972475,1.3165097,0.097709216,,fused,0,1,0,
1789426204982,1789426204950,996549797,42.0374905,-93.6489594,3.0,248.49728690880534,1.3152897,0.08979358,,fused,0,1,0,
1789426205978,1789426205950,996550797,42.0374894,-93.6489595,3.0,247.86109360663391,1.3131753,0.09614074,,fused,0,1,0,
1789426206970,1789426206951,996551797,42.0374881,-93.6489609,3.0,247.8385232916889,1.3128337,0.09562215,,fused,0,1,0,
1789426207974,1789426207950,996552797,42.0374869,-93.6489634,3.0,247.84831511600186,1.3122452,0.14920601,89.01699,fused,0,1,0,
1789426208976,1789426208951,996553797,42.037486,-93.6489687,3.0,248.33063201060776,1.314751,0.10289361,70.87139,fused,0,1,0,
1789426209983,1789426209951,996554797,42.037489,-93.6489746,3.0,248.434208670764,1.3141178,0.090960786,,fused,0,1,0,
1789426210997,1789426210950,996555797,42.0374955,-93.6489718,3.0,248.66949632209474,1.3127447,0.5248745,36.432117,fused,0,1,0,
1789426211978,1789426211951,996556797,42.0375052,-93.648965,3.0,248.5917607104194,1.3130782,0.60767245,42.59019,fused,0,1,0,
1789426212979,1789426212951,996557797,42.0375125,-93.6489567,3.0,248.85907640483515,1.3137772,0.7729069,60.463943,fused,0,1,0,
1789426213981,1789426213951,996558797,42.037516,-93.6489449,3.0,248.7949624467485,1.3142526,0.92816806,87.010185,fused,0,1,0,
1789426214979,1789426214951,996559797,42.0375112,-93.6489311,3.0,249.0257922258666,1.3150063,1.0717478,124.30069,fused,0,1,0,
1789426215973,1789426215950,996560797,42.0374995,-93.6489214,3.005,248.8370361328125,1.3148288,1.1357757,129.66182,fused,0,1,0,
1789426216922,1789426216903,996561749,42.0374908,-93.6489094,3.012,248.8370361328125,1.3148288,1.2304991,114.32414,fused,0,1,0,
1789426217977,1789426217951,996562797,42.0374784,-93.6488964,3.013,248.99298031617212,1.3146567,1.2909107,115.8063,fused,0,1,0,
1789426218977,1789426218950,996563797,42.0374657,-93.6488794,3.019,248.09885135079043,1.3184828,1.3968066,122.88432,fused,0,1,0,
1789426219980,1789426219951,996564797,42.0374545,-93.6488688,3.022,248.26828399016608,1.316766,1.479957,131.92865,fused,0,1,0,
1789426220982,1789426220951,996565797,42.0374412,-93.648857,3.028,248.36068363739452,1.3165575,1.5110035,137.10213,fused,0,1,0,
1789426221903,1789426221883,996566730,42.03743,-93.648846,3.037,248.36068363739452,1.3165575,1.5248126,138.95903,fused,0,1,0,
1789426222920,1789426222902,996567748,42.0374166,-93.6488345,3.045,248.39335365041012,1.3161287,1.5773835,139.64047,fused,0,1,0,
1789426223984,1789426223963,996568809,42.0374038,-93.6488211,3.057,248.54371679520972,1.3154745,1.5929556,139.08337,fused,0,1,0,
1789426224982,1789426224951,996569797,42.0373922,-93.6488093,3.058,248.15978081819281,1.3142607,1.5863394,142.36908,fused,0,1,0,
1789426225975,1789426225950,996570797,42.0373807,-93.6487968,3.044,248.56121240515404,1.3150495,1.5824646,139.09883,fused,0,1,0,
1789426226980,1789426226951,996571798,42.0373703,-93.6487833,3.035,248.73089994607898,1.3236642,1.5565895,135.79033,fused,0,1,0,
1789426227983,1789426227950,996572797,42.0373595,-93.648769,3.014,248.66274831559383,1.324883,1.5650996,137.56229,fused,0,1,0,
1789426228987,1789426228951,996573797,42.0373451,-93.6487499,3.012,248.84198289276037,1.3129604,1.6218578,136.1531,fused,0,1,0,
1789426229987,1789426229951,996574798,42.0373398,-93.6487378,3.0,248.59679442108,1.3133745,1.5842379,124.14725,fused,0,1,0,
1789426230987,1789426230950,996575797,42.0373331,-93.6487204,3.0,248.74371337890625,1.3153493,1.5491238,124.971664,fused,0,1,0,
1789426231990,1789426231950,996576797,42.0373239,-93.6487051,3.0,248.56519943003212,1.3162724,1.5261158,143.26982,fused,0,1,0,
1789426232982,1789426232950,996577797,42.0373097,-93.6486995,3.0,248.34995010476462,1.3146842,1.5288517,155.99619,fused,0,1,0,
1789426233895,1789426233882,996578728,42.0372996,-93.6486863,3.029,248.34995010476462,1.3146842,1.6436121,129.27184,fused,0,1,0,
1789426234972,1789426234951,996579797,42.0372904,-93.6486774,3.03,248.03890812118237,1.3132213,1.4449276,77.91251,fused,0,1,0,
1789426235977,1789426235951,996580797,42.0372836,-93.6486682,3.084,248.37058291407095,1.314995,1.3272018,106.47525,fused,0,1,0,
1789426236974,1789426236950,996581797,42.0372652,-93.6486635,3.193,248.59370254942246,1.3137589,1.4022812,149.86359,fused,0,1,0,
1789426237970,1789426237952,996582798,42.0372475,-93.6486586,3.243,248.56271493396673,1.3118887,1.3912433,155.21939,fused,0,1,0,
1789426238891,1789426238871,996583717,42.0372352,-93.6486523,3.262,248.56271493396673,1.3118887,1.3428595,156.84596,fused,0,1,0,
1789426239971,1789426239950,996584797,42.0372178,-93.6486414,3.204,249.11862679937383,1.3123989,1.2193971,169.93965,fused,0,1,0,
1789426240979,1789426240951,996585797,42.037211,-93.6486405,3.184,249.46818116150433,1.3126558,1.1539556,188.85406,fused,0,1,0,
1789426241975,1789426241951,996586798,42.0372032,-93.6486449,3.089,249.40348523447426,1.312679,1.0403,215.595,fused,0,1,0,
1789426242975,1789426242950,996587797,42.0371969,-93.6486552,3.026,249.571288331441,1.3140477,1.0567288,232.23732,fused,0,1,0,
1789426243976,1789426243950,996588797,42.0371908,-93.6486661,3.002,249.56660114026374,1.315345,1.0407763,220.89983,fused,0,1,0,
1789426244980,1789426244951,996589797,42.0371805,-93.648679,3.007,249.88135876741887,1.4115367,1.1076376,239.22435,fused,0,1,0,
1789426245971,1789426245950,996590797,42.0371813,-93.6486863,3.007,249.77061649518697,1.407608,0.84153503,277.07278,fused,0,1,0,
1789426246975,1789426246951,996591797,42.0371833,-93.6486868,3.007,249.4262053489512,1.4219548,0.45866546,257.38867,fused,0,1,0,
1789426247973,1789426247950,996592797,42.0371849,-93.6486844,3.0,249.1774783780436,1.4214084,0.20469998,251.68178,fused,0,1,0,
1789426248973,1789426248950,996593797,42.0371862,-93.6486824,3.0,248.89686244414844,1.4221573,0.12011203,252.68018,fused,0,1,0,
1789426249973,1789426249950,996594797,42.0371863,-93.6486807,3.0,248.94793037220376,1.4200867,0.1089465,252.12816,fused,0,1,0,
1789426250972,1789426250950,996595797,42.0371862,-93.6486788,3.0,248.8729230834159,1.4262844,0.096773736,,fused,0,1,0,
1789426251973,1789426251951,996596797,42.0371856,-93.6486781,3.0,249.04933632106452,1.4476206,0.09937875,,fused,0,1,0,
1789426252975,1789426252950,996597797,42.0371852,-93.6486773,3.0,248.8761310107081,1.4549721,0.09462901,,fused,0,1,0,
1789426253975,1789426253952,996598798,42.0371847,-93.6486763,3.0,249.01300434420762,1.4567951,0.08604778,,fused,0,1,0,
1789426254973,1789426254951,996599797,42.0371845,-93.6486752,3.0,249.10995517663315,1.4759196,0.09680847,,fused,0,1,0,
1789426255972,1789426255951,996600797,42.037184,-93.6486745,3.0,248.88732097550775,1.311928,0.0931181,,fused,0,1,0,
1789426256973,1789426256951,996601798,42.0371839,-93.6486737,3.0,249.0799868054732,1.3143557,0.09290029,,fused,0,1,0,
1789426257974,1789426257951,996602797,42.0371839,-93.6486731,3.0,248.86716348296403,1.3130279,0.08983719,,fused,0,1,0,
1789426258976,1789426258950,996603797,42.0371835,-93.6486719,3.0,248.9924635858252,1.3139472,0.09663748,,fused,0,1,0,
1789426259972,1789426259950,996604797,42.0371833,-93.648672,3.0,249.01219249003827,1.3149904,0.09326842,,fused,0,1,0,
1789426260972,1789426260951,996605797,42.0371831,-93.6486724,3.0,248.68661182851378,1.3144747,0.059820116,,fused,0,1,0,
1789426261970,1789426261950,996606797,42.037185,-93.6486709,3.0,248.62835223239335,1.3129331,0.14318569,267.7097,fused,0,1,0,
1789426262977,1789426262951,996607797,42.037187,-93.6486706,3.0,248.5611220242829,1.3115793,0.13819467,283.31604,fused,0,1,0,
1789426263969,1789426263951,996608797,42.0371897,-93.6486696,3.0,248.9419891279154,1.3132164,0.17601928,317.4798,fused,0,1,0,
1789426264979,1789426264950,996609797,42.0371935,-93.6486665,3.0,248.68852670598665,1.3112808,0.15056635,324.12463,fused,0,1,0,
1789426265982,1789426265951,996610797,42.0371965,-93.6486638,3.0,249.07437735829365,1.3125383,0.12793952,323.73785,fused,0,1,0,
1789426266977,1789426266950,996611797,42.0371996,-93.6486611,3.0,249.38357669613777,1.312324,0.11708725,326.8013,fused,0,1,0,
1789426267981,1789426267950,996612797,42.0372019,-93.6486601,3.0,249.36752885128402,1.313276,0.099103026,,fused,0,1,0,
1789426268979,1789426268950,996613797,42.0372032,-93.6486589,3.0,249.32866321346478,1.3124732,0.09012537,,fused,0,1,0,
1789426269989,1789426269951,996614797,42.0372028,-93.6486571,3.0,249.33417766610035,1.3124905,0.17581375,293.41183,fused,0,1,0,
1789426270988,1789426270951,996615797,42.0372015,-93.6486561,3.0,249.54634995489954,1.3738306,0.2375958,282.80658,fused,0,1,0,
1789426271970,1789426271951,996616797,42.0371991,-93.6486537,3.0,249.6588644388288,1.3777641,0.17065193,320.7287,fused,0,1,0,
1789426272978,1789426272951,996617797,42.037199,-93.6486517,3.0,249.80720077109277,1.4035335,0.13868979,21.874529,fused,0,1,0,
1789426273980,1789426273952,996618798,42.0372023,-93.6486494,3.0,249.91064349938824,1.3821447,0.5282691,34.53626,fused,0,1,0,
1789426274975,1789426274951,996619797,42.0372039,-93.6486427,3.0,249.5437284315571,1.3769084,0.6736252,89.83649,fused,0,1,0,
1789426275972,1789426275950,996620797,42.0372052,-93.6486391,3.0,249.42613259274782,1.3777871,0.6944762,50.538696,fused,0,1,0,
1789426276980,1789426276951,996621797,42.0372068,-93.6486357,3.0,249.16239921381612,1.3745123,0.36012626,50.20739,fused,0,1,0,
1789426277979,1789426277951,996622797,42.0372059,-93.6486345,3.0,249.12842728362892,1.374194,0.1850217,46.56652,fused,0,1,0,
1789426278983,1789426278951,996623797,42.0372039,-93.6486338,3.0,249.09941150028646,1.3690788,0.11856111,36.956203,fused,0,1,0,
1789426279981,1789426279951,996624797,42.0372028,-93.6486322,3.0,249.08944252247585,1.3678092,0.11185501,42.021576,fused,0,1,0,
1789426280982,1789426280950,996625797,42.0372023,-93.6486313,3.0,249.00951890221756,1.3744684,0.09770975,,fused,0,1,0,
1789426281980,1789426281951,996626797,42.037202,-93.6486309,3.0,249.0033178056804,1.3688371,0.097710304,,fused,0,1,0,
1789426282981,1789426282951,996627797,42.037202,-93.64863,3.0,249.15982732085814,1.3227247,0.089795105,,fused,0,1,0,
1789426283972,1789426283950,996628797,42.0372016,-93.6486294,3.0,248.91993493330602,1.3192612,0.09493864,,fused,0,1,0,
1789426284985,1789426284950,996629797,42.0372014,-93.6486293,3.0,248.98613037138466,1.3119239,0.0932144,,fused,0,1,0,
1789426285978,1789426285951,996630797,42.0372011,-93.6486286,3.0,248.97919329935962,1.3141401,0.08859052,,fused,0,1,0,
1789426286975,1789426286950,996631797,42.0372011,-93.6486281,3.0,248.80733679405017,1.312548,0.11636158,45.049305,fused,0,1,0,
1789426287978,1789426287950,996632797,42.0372024,-93.6486299,3.0,248.8757062916007,1.3129779,0.26574227,42.720203,fused,0,1,0,
1789426288973,1789426288950,996633797,42.0372052,-93.6486313,3.0,248.6828509719761,1.3138933,0.38412324,23.789995,fused,0,1,0,
1789426289930,1789426289911,996634757,42.0372086,-93.648632,3.023,248.6828509719761,1.3138933,0.4374577,41.406036,fused,0,1,0,
1789426290983,1789426290951,996635797,42.0372124,-93.6486372,3.018,248.51561510986426,1.311653,0.24359168,72.86958,fused,0,1,0,
1789426291969,1789426291951,996636797,42.0372131,-93.6486415,3.018,248.5477628094328,1.3118519,0.15156096,78.79665,fused,0,1,0,
1789426292977,1789426292950,996637797,42.0372143,-93.6486475,3.017,248.47461350145517,1.3111866,0.11783661,66.47648,fused,0,1,0,
1789426293977,1789426293950,996638797,42.0372154,-93.6486499,3.02,248.60256473538146,1.3099837,0.08192289,,fused,0,1,0,
1789426294978,1789426294951,996639797,42.037216,-93.6486514,3.0,249.10247192563787,1.3116388,0.10101343,50.040073,fused,0,1,0,
1789426295980,1789426295951,996640797,42.0372168,-93.6486528,3.0,249.06762138796563,1.3118701,0.10103751,25.10776,fused,0,1,0,
1789426296979,1789426296950,996641797,42.0372164,-93.6486533,3.0,249.3225922404501,1.3123244,0.088244975,,fused,0,1,0,
1789426297868,1789426297853,996642699,42.0372163,-93.6486536,3.0,249.3225922404501,1.3123244,0.10759438,359.30228,fused,0,1,0,
1789426298987,1789426298952,996643798,42.0372164,-93.6486535,3.0,249.1343171082686,1.3540573,0.094939604,,fused,0,1,0,
1789426299987,1789426299950,996644797,42.0372169,-93.6486536,3.0,249.0042985447398,1.3571011,0.09856602,,fused,0,1,0,
1789426300975,1789426300951,996645797,42.0372165,-93.6486543,3.0,249.0728012030429,1.3646044,0.09372575,,fused,0,1,0,
1789426301977,1789426301950,996646797,42.0372177,-93.6486551,3.0,249.32435183105986,1.3761828,0.1519751,359.20575,fused,0,1,0,
1789426302885,1789426302868,996647714,42.037218,-93.6486556,3.0,249.32435183105986,1.3761828,0.1452236,239.25935,fused,0,1,0,
1789426303986,1789426303950,996648797,42.0372193,-93.6486553,3.0,249.107466933686,1.3700669,0.124414004,12.230002,fused,0,1,0,
1789426304890,1789426304870,996649716,42.0372196,-93.648654,3.0,249.107466933686,1.3700669,0.13584766,60.67032,fused,0,1,0,
1789426305989,1789426305950,996650797,42.037218,-93.6486451,3.0,249.0274623628796,1.3638314,0.42154887,82.888,fused,0,1,0,
1789426306974,1789426306951,996651798,42.0372195,-93.6486361,3.0,248.91892824123164,1.3620201,0.805795,51.233685,fused,0,1,0,
1789426307977,1789426307951,996652798,42.0372303,-93.6486304,3.0,249.0021644238658,1.3525143,1.2004917,4.3027387,fused,0,1,0,
1789426308985,1789426308951,996653797,42.03725,-93.6486385,3.0,248.99186046847916,1.4036033,1.4410359,344.81464,fused,0,1,0,
1789426309973,1789426309951,996654797,42.0372666,-93.6486514,3.0,249.1497480067374,1.4121772,1.538624,341.58536,fused,0,1,0,
1789426310971,1789426310951,996655797,42.0372806,-93.6486686,3.0,249.2587820527351,1.3779119,1.5832802,342.71567,fused,0,1,0,
1789426311977,1789426311951,996656798,42.0372939,-93.6486871,3.0,249.22202213374374,1.3725061,1.5825262,347.30807,fused,0,1,0,
1789426312970,1789426312951,996657797,42.0373081,-93.6487037,3.0,248.94393389986612,1.3674116,1.60429,332.7711,fused,0,1,0,
1789426313976,1789426313951,996658797,42.037321,-93.6487239,3.0,249.09032811013248,1.3749535,1.6343038,323.2514,fused,0,1,0,
1789426314974,1789426314950,996659797,42.0373358,-93.6487455,3.0,248.96200074305568,1.313351,1.5825171,326.3215,fused,0,1,0,
1789426315978,1789426315951,996660797,42.0373462,-93.6487588,3.0,248.57953876734683,1.3126265,1.5554712,336.27448,fused,0,1,0,
1789426316971,1789426316951,996661797,42.037358,-93.6487713,3.0,248.39326995741442,1.3114216,1.5073546,336.87683,fused,0,1,0,
1789426317976,1789426317951,996662797,42.0373684,-93.6487863,3.0,248.29299981265808,1.3134226,1.49601,330.49945,fused,0,1,0,
1789426318978,1789426318951,996663797,42.0373781,-93.6488039,3.0,248.05057463024878,1.3140023,1.550147,323.62888,fused,0,1,0,
1789426319891,1789426319871,996664718,42.0373876,-93.6488196,3.0,248.05057463024878,1.3140023,1.5662671,319.3271,fused,0,1,0,
1789426320895,1789426320874,996665720,42.0373986,-93.648845,3.01,248.12825804233842,1.338157,1.6285601,314.9094,fused,0,1,0,
1789426321912,1789426321891,996666738,42.0374077,-93.6488661,3.027,248.21905502359186,1.3435342,1.673227,308.3354,fused,0,1,0,
1789426322948,1789426322927,996667773,42.0374177,-93.6488888,3.064,248.70405672159,1.3552318,1.7135035,306.22885,fused,0,1,0,
1789426323977,1789426323952,996668798,42.0374288,-93.6489105,3.069,248.59460843118865,1.3711975,1.753965,308.2191,fused,0,1,0,
1789426324981,1789426324951,996669797,42.0374404,-93.6489309,3.064,248.95584115318638,1.3761792,1.7960541,308.4287,fused,0,1,0,
1789426325935,1789426325914,996670760,42.0374518,-93.64895,3.07,248.95584115318638,1.3761792,1.7729319,310.76358,fused,0,1,0,
1789426326975,1789426326950,996671797,42.0374645,-93.6489658,3.057,249.10208196940658,1.4468893,1.7323165,314.8842,fused,0,1,0,
1789426327974,1789426327950,996672797,42.0374756,-93.6489814,3.026,249.08201983651122,1.4510278,1.6825762,309.77686,fused,0,1,0,
1789426328973,1789426328951,996673797,42.0374855,-93.6489961,3.034,249.14165031418452,1.4703445,1.583933,312.33823,fused,0,1,0,
1789426329978,1789426329950,996674797,42.0374955,-93.6490075,3.042,249.0523855972413,1.4839388,1.4948797,318.71924,fused,0,1,0,
1789426330980,1789426330951,996675797,42.0375036,-93.6490163,3.042,249.27223849818455,1.494073,1.2579734,318.92764,fused,0,1,0,
1789426331986,1789426331951,996676797,42.0375162,-93.6490177,3.035,248.889215431352,1.4221077,1.3112521,12.430247,fused,0,1,0,
1789426332982,1789426332950,996677797,42.0375288,-93.6490065,3.034,248.94610892933497,1.4581414,1.8516886,28.434982,fused,0,1,0,
1789426333978,1789426333951,996678797,42.0375377,-93.6490016,3.024,248.85092883201287,1.4495368,1.2039979,13.226048,fused,0,1,0,
1789426334975,1789426334951,996679797,42.0375383,-93.6490058,3.02,248.67214604111672,1.4299413,0.72897613,345.25485,fused,0,1,0,
1789426335982,1789426335950,996680797,42.0375364,-93.649011,3.0,248.52454504349987,1.4332509,0.42667082,348.94568,fused,0,1,0,
1789426336975,1789426336951,996681797,42.0375319,-93.649013,3.0,248.41709334550603,1.3838896,0.20892972,350.54007,fused,0,1,0,
1789426337980,1789426337950,996682797,42.0375248,-93.6490139,3.0,248.3278105509196,1.4015678,0.11777631,350.6129,fused,0,1,0,
1789426338981,1789426338950,996683797,42.0375232,-93.6490128,3.0,248.4351944378222,1.4009634,0.10946738,353.75946,fused,0,1,0,
1789426339980,1789426339951,996684797,42.0375212,-93.6490106,3.0,248.53133278437633,1.3843015,0.1132843,40.378544,fused,0,1,0,
1789426340983,1789426340951,996685797,42.0375197,-93.6490083,3.0,248.62959214885046,1.3904425,0.10971484,78.733955,fused,0,1,0,
1789426341982,1789426341950,996686797,42.0375177,-93.6490048,3.0,248.57543424606683,1.3978276,0.16751786,79.60469,fused,0,1,0,
1789426342971,1789426342951,996687798,42.0375157,-93.6489992,3.0,248.61905062928793,1.3109041,0.15676993,61.725708,fused,0,1,0,
1789426343973,1789426343951,996688797,42.0375149,-93.6489977,3.0,248.6651775991063,1.312758,0.17585629,53.09224,fused,0,1,0,
1789426344973,1789426344950,996689797,42.0375171,-93.6489889,3.0,248.51775496540688,1.3231417,0.53813183,65.74005,fused,0,1,0,
1789426345979,1789426345951,996690797,42.0375242,-93.6489759,3.0,248.68639562485043,1.3233576,0.8393817,26.787916,fused,0,1,0,
1789426346891,1789426346871,996691718,42.0375345,-93.6489698,3.004,248.68639562485043,1.3233576,0.96061254,9.040014,fused,0,1,0,
1789426347975,1789426347950,996692797,42.0375462,-93.6489719,3.004,248.6191856177661,1.3222643,1.1410689,355.72507,fused,0,1,0,
1789426348980,1789426348950,996693797,42.0375616,-93.6489772,3.017,248.80361075831098,1.3214395,1.3344971,351.3906,fused,0,1,0,
1789426349929,1789426349910,996694756,42.0375736,-93.6489811,3.05,248.80361075831098,1.3214395,1.382785,347.01462,fused,0,1,0,
1789426350981,1789426350951,996695797,42.0375862,-93.6489898,3.053,248.9451788552102,1.3284768,1.4607912,343.30234,fused,0,1,0,
1789426351975,1789426351950,996696797,42.0375984,-93.6489954,3.06,248.85446614537443,1.3279727,1.4013865,349.03778,fused,0,1,0,
1789426352973,1789426352950,996697797,42.0376086,-93.6489969,3.072,248.78750799283324,1.3688612,1.1970015,358.01553,fused,0,1,0,
1789426353977,1789426353951,996698797,42.0376179,-93.6489967,3.074,248.78067156965284,1.3865373,1.1855088,7.8022957,fused,0,1,0,
1789426354977,1789426354951,996699797,42.0376233,-93.6489971,3.046,248.67927558391978,1.382072,0.79505444,16.440817,fused,0,1,0,
1789426355973,1789426355950,996700797,42.0376273,-93.6489957,3.046,248.86217818121008,1.4059751,0.796228,18.651896,fused,0,1,0,
1789426356980,1789426356950,996701797,42.0376308,-93.6489926,3.037,248.85213916438676,1.3764753,0.6463187,20.59594,fused,0,1,0,
1789426357973,1789426357950,996702797,42.037635,-93.6489905,3.017,248.80762527631816,1.380333,0.74664706,5.772452,fused,0,1,0,
1789426358971,1789426358950,996703797,42.037644,-93.6489932,3.0,249.26245834385122,1.445034,0.99253494,347.3371,fused,0,1,0,
1789426359984,1789426359950,996704797,42.0376581,-93.6490004,3.009,249.1148259154217,1.4586303,1.3003062,339.13748,fused,0,1,0,
1789426360977,1789426360950,996705797,42.037671,-93.6490076,3.008,249.1980375564617,1.4463289,1.3785306,342.58466,fused,0,1,0,
1789426361978,1789426361951,996706797,42.0376838,-93.6490122,3.019,248.96247128879065,1.4125942,1.4398233,349.11615,fused,0,1,0,
1789426362978,1789426362951,996707797,42.0376971,-93.6490164,3.032,248.74079292288405,1.3346616,1.4779925,346.34833,fused,0,1,0,
1789426363974,1789426363950,996708797,42.0377105,-93.6490233,3.038,248.77314955193663,1.3430132,1.5546021,342.4299,fused,0,1,0,
1789426364904,1789426364886,996709733,42.0377249,-93.6490309,3.073,248.77314955193663,1.3430132,1.5833343,340.3817,fused,0,1,0,
1789426365972,1789426365951,996710797,42.0377376,-93.6490431,3.108,248.69538665423397,1.3137289,1.6464057,336.1785,fused,0,1,0,
1789426366975,1789426366951,996711797,42.0377498,-93.6490528,3.147,248.68096760622518,1.3098392,1.6328993,336.6716,fused,0,1,0,
1789426367973,1789426367950,996712797,42.0377616,-93.649062,3.174,248.78215380880602,1.3101761,1.6562066,329.4328,fused,0,1,0,
1789426368970,1789426368951,996713797,42.0377738,-93.6490734,3.197,248.7953377262824,1.3102616,1.6955217,327.39212,fused,0,1,0,
1789426369976,1789426369950,996714797,42.0377855,-93.6490843,3.175,248.77177721866695,1.3108497,1.6046798,324.70795,fused,0,1,0,
1789426370868,1789426370852,996715698,42.0377961,-93.6490951,3.177,248.77177721866695,1.3108497,1.5970824,327.40448,fused,0,1,0,
1789426371905,1789426371887,996716733,42.0378077,-93.6491027,3.183,248.79878999895504,1.311097,1.5516064,332.61218,fused,0,1,0,
1789426372965,1789426372948,996717794,42.0378198,-93.6491117,3.178,248.70787727882276,1.3248802,1.554197,324.44684,fused,0,1,0,
1789426373973,1789426373950,996718797,42.0378281,-93.6491205,3.143,248.9036655970682,1.3231255,1.5149883,321.03055,fused,0,1,0,
1789426374974,1789426374951,996719798,42.0378392,-93.6491313,3.135,248.66549957799333,1.3242064,1.557973,321.72186,fused,0,1,0,
1789426375975,1789426375951,996720797,42.037851,-93.6491426,3.1,248.75965760953272,1.3236699,1.6065245,320.1105,fused,0,1,0,
1789426376974,1789426376951,996721797,42.0378637,-93.6491536,3.06,248.83264955001425,1.3226557,1.6185317,322.5158,fused,0,1,0,
1789426377889,1789426377868,996722715,42.0378762,-93.6491634,3.063,248.83264955001425,1.3226557,1.6161301,328.76367,fused,0,1,0,
1789426378976,1789426378951,996723797,42.0378924,-93.6491677,3.039,249.28935809944397,1.3263017,1.6616805,337.17535,fused,0,1,0,
1789426379972,1789426379951,996724797,42.0379069,-93.6491731,3.043,249.34757926759346,1.3274254,1.5992051,333.09265,fused,0,1,0,
1789426380953,1789426380932,996725778,42.0379213,-93.6491802,3.071,249.34757926759346,1.3274254,1.5756811,340.413,fused,0,1,0,
1789426381976,1789426381950,996726797,42.0379352,-93.6491796,3.075,249.3446363981388,1.3759117,1.5809283,350.54803,fused,0,1,0,
1789426382978,1789426382950,996727797,42.0379495,-93.6491795,3.08,249.41385003994202,1.3781519,1.6244004,349.83563,fused,0,1,0,
1789426383977,1789426383951,996728797,42.0379637,-93.6491807,3.074,249.4271653428163,1.394129,1.6197002,350.5789,fused,0,1,0,
1789426384976,1789426384950,996729797,42.0379791,-93.6491836,3.09,249.67608975195958,1.3835311,1.6723714,347.54517,fused,0,1,0,
1789426385975,1789426385950,996730797,42.0379945,-93.6491888,3.067,249.48394176859858,1.3757813,1.7110773,345.08136,fused,0,1,0,
1789426386970,1789426386951,996731797,42.03801,-93.6491941,3.075,249.82726700348428,1.4367832,1.6826025,347.17886,fused,0,1,0,
1789426387970,1789426387950,996732797,42.0380254,-93.6491991,3.105,249.64073948821158,1.451343,1.6995442,345.07553,fused,0,1,0,
1789426388976,1789426388950,996733797,42.0380402,-93.6492046,3.131,249.66646913136265,1.5021806,1.7118452,343.3485,fused,0,1,0,
1789426389975,1789426389950,996734797,42.0380563,-93.6492085,3.133,249.56005774332715,1.5219908,1.7362927,352.27036,fused,0,1,0,
1789426390975,1789426390950,996735797,42.0380721,-93.6492114,3.129,249.1375532230494,1.4182527,1.6972163,350.87344,fused,0,1,0,
1789426391975,1789426391950,996736797,42.0380873,-93.6492152,3.108,249.4770329640291,1.4181356,1.6767853,350.47418,fused,0,1,0,
1789426392978,1789426392951,996737797,42.0381027,-93.6492189,3.063,249.11566604229677,1.3361164,1.6688039,346.15417,fused,0,1,0,
1789426393971,1789426393950,996738797,42.0381164,-93.6492241,3.042,248.7452122919682,1.3451889,1.6624793,343.95154,fused,0,1,0,
1789426394975,1789426394950,996739797,42.0381312,-93.6492311,3.028,248.69001411128858,1.3141038,1.6774317,338.52957,fused,0,1,0,
1789426395986,1789426395950,996740797,42.0381451,-93.6492403,3.024,248.7524163117975,1.3130013,1.6540184,333.3631,fused,0,1,0,
1789426396929,1789426396909,996741756,42.0381587,-93.6492491,3.037,248.7524163117975,1.3130013,1.6029787,336.37384,fused,0,1,0,
1789426397931,1789426397910,996742757,42.0381706,-93.6492586,3.037,248.8580489990158,1.3103379,1.5330098,332.56735,fused,0,1,0,
1789426398974,1789426398951,996743797,42.0381818,-93.6492689,3.037,249.016542743238,1.3106912,1.4765127,333.22318,fused,0,1,0,
1789426399969,1789426399951,996744797,42.0381931,-93.6492772,3.027,248.95620470580815,1.3109665,1.4575205,333.6993,fused,0,1,0,
1789426400977,1789426400950,996745797,42.0382056,-93.6492871,3.016,248.89517748790473,1.3249723,1.5030274,327.78824,fused,0,1,0,
1789426401976,1789426401951,996746797,42.0382182,-93.6492984,3.0,248.92681842196953,1.3254508,1.5245727,328.17706,fused,0,1,0,
1789426402978,1789426402950,996747797,42.0382313,-93.6493075,3.006,248.90151656351082,1.3235056,1.5363842,333.93152,fused,0,1,0,
1789426403887,1789426403868,996748714,42.0382441,-93.6493155,3.017,248.90151656351082,1.3235056,1.53103,336.558,fused,0,1,0,
1789426404968,1789426404945,996749792,42.0382591,-93.6493204,3.034,248.99767096435926,1.3252903,1.5248176,341.69925,fused,0,1,0,
1789426405979,1789426405950,996750797,42.0382729,-93.6493269,3.034,249.14042563374642,1.3246492,1.6021888,335.39536,fused,0,1,0,
1789426406977,1789426406950,996751797,42.0382864,-93.6493374,3.051,249.13609392503378,1.3262752,1.5960351,329.48862,fused,0,1,0,
1789426407977,1789426407950,996752797,42.0382992,-93.6493486,3.047,249.24125783563488,1.3262955,1.6028402,330.27768,fused,0,1,0,
1789426408977,1789426408950,996753797,42.0383142,-93.6493549,3.035,249.21981042353121,1.3267462,1.6363364,349.75125,fused,0,1,0,
1789426409978,1789426409950,996754797,42.0383298,-93.6493539,3.03,249.29116686006512,1.3760041,1.6439761,359.80438,fused,0,1,0,
1789426410929,1789426410911,996755757,42.0383458,-93.649351,3.044,249.29116686006512,1.3760041,1.6671871,7.0222025,fused,0,1,0,
1789426411973,1789426411951,996756797,42.03836,-93.6493421,3.032,249.10170312047495,1.3753741,1.7017149,11.420126,fused,0,1,0,
1789426412975,1789426412950,996757797,42.0383749,-93.6493374,3.037,249.21285628716515,1.3987981,1.6919307,6.49004,fused,0,1,0,
1789426413976,1789426413950,996758797,42.0383905,-93.6493385,3.043,249.3172044660493,1.3833231,1.7084835,352.98346,fused,0,1,0,
1789426414976,1789426414951,996759797,42.0384058,-93.6493474,3.045,249.3471549468817,1.4005672,1.7359581,335.5045,fused,0,1,0,
1789426415955,1789426415933,996760780,42.03842,-93.6493611,3.051,249.3471549468817,1.4005672,1.7219204,326.80603,fused,0,1,0,
1789426416975,1789426416951,996761797,42.0384324,-93.6493787,3.046,249.33611735932737,1.4487929,1.7575948,325.46744,fused,0,1,0,
1789426417976,1789426417954,996762800,42.0384466,-93.6493932,3.058,249.33611735932737,1.4487929,1.7480874,324.5333,fused,0,1,0,
1789426418975,1789426418951,996763797,42.0384578,-93.6494097,3.066,249.33926452750774,1.5133096,1.7195704,318.86185,fused,0,1,0,
1789426419969,1789426419947,996764794,42.03847,-93.6494251,3.095,249.33926452750774,1.5133096,1.7170311,320.19357,fused,0,1,0,
1789426420971,1789426420950,996765797,42.0384829,-93.6494383,3.101,249.2771766262785,1.4164488,1.7375085,322.37112,fused,0,1,0,
1789426421979,1789426421950,996766797,42.0385016,-93.6494551,3.113,248.9303148796352,1.3956174,1.7356248,324.457,fused,0,1,0,
1789426422973,1789426422951,996767797,42.0385119,-93.6494647,3.119,248.5824258322324,1.3622466,1.7393214,324.99792,fused,0,1,0,
1789426423974,1789426423951,996768798,42.0385259,-93.6494766,3.096,248.5411995900514,1.3566622,1.7176619,324.1475,fused,0,1,0,
1789426424975,1789426424952,996769798,42.0385404,-93.6494883,3.056,248.51057310500124,1.3578856,1.7260973,326.52267,fused,0,1,0,
1789426425973,1789426425951,996770797,42.0385545,-93.6494992,3.047,248.69028518105318,1.3642594,1.6971253,327.229,fused,0,1,0,
1789426426977,1789426426951,996771797,42.0385687,-93.6495088,3.056,248.77384482344848,1.3738134,1.6963309,330.0696,fused,0,1,0,
1789426427974,1789426427951,996772797,42.0385837,-93.6495176,3.079,249.03018539760222,1.387789,1.6723775,329.99115,fused,0,1,0,
1789426428975,1789426428951,996773797,42.0385979,-93.6495274,3.081,248.6745361261693,1.4046007,1.6484197,327.20334,fused,0,1,0,
1789426429975,1789426429951,996774797,42.0386118,-93.6495378,3.097,248.76118281622036,1.4102733,1.6333973,327.93878,fused,0,1,0,
1789426430978,1789426430951,996775797,42.0386251,-93.6495489,3.09,248.85978137890515,1.41381,1.630111,326.02576,fused,0,1,0,
1789426431974,1789426431950,996776797,42.0386383,-93.6495601,3.084,248.8763162879689,1.4244066,1.6469971,326.88184,fused,0,1,0,
1789426432979,1789426432951,996777797,42.0386513,-93.6495701,3.073,248.72259430813375,1.428726,1.6505122,329.53983,fused,0,1,0,
1789426433979,1789426433951,996778797,42.0386645,-93.6495801,3.086,249.00882655709597,1.4399673,1.6609136,329.87698,fused,0,1,0,
1789426434978,1789426434951,996779797,42.0386785,-93.6495889,3.086,249.04427970305363,1.4409441,1.6029394,336.30023,fused,0,1,0,
1789426435983,1789426435951,996780797,42.0386914,-93.6495983,3.081,249.03508977691848,1.4511085,1.5746753,309.69067,fused,0,1,0,
1789426436977,1789426436951,996781797,42.0387004,-93.6496135,3.076,249.2525403072719,1.4578234,1.5841681,324.01276,fused,0,1,0,
1789426437973,1789426437952,996782799,42.0387137,-93.6496224,3.099,249.2525403072719,1.4578234,1.5515432,331.2033,fused,0,1,0,
1789426438976,1789426438950,996783797,42.0387253,-93.6496274,3.083,249.36799527770143,1.5252175,1.3856301,335.76715,fused,0,1,0,
1789426439983,1789426439951,996784797,42.0387364,-93.649633,3.07,249.50469344435453,1.5447073,1.3154645,333.31183,fused,0,1,0,
1789426440981,1789426440951,996785798,42.0387468,-93.649642,3.083,249.23234821276787,1.5429753,1.3177446,327.4481,fused,0,1,0,
1789426441894,1789426441873,996786720,42.0387607,-93.6496554,3.082,249.44222845791614,1.4445599,1.3353218,329.3371,fused,0,1,0,
1789426442972,1789426442950,996787797,42.0387684,-93.6496617,3.079,249.47261649451963,1.4401792,1.3367735,331.40112,fused,0,1,0,
1789426443975,1789426443951,996788797,42.03878,-93.6496702,3.042,250.07605262246318,1.5593481,1.3918066,331.60123,fused,0,1,0,
1789426444981,1789426444950,996789797,42.038792,-93.6496808,3.044,249.94522506116635,1.5688673,1.4285123,326.81403,fused,0,1,0,
1789426445968,1789426445945,996790792,42.0388036,-93.6496932,3.052,249.94522506116635,1.5688673,1.4389966,325.19052,fused,0,1,0,
1789426446904,1789426446888,996791734,42.0388155,-93.6497025,3.054,249.91738993947877,1.6323771,1.4321766,329.10504,fused,0,1,0,
1789426447973,1789426447951,996792797,42.0388282,-93.6497092,3.052,249.80669539747953,1.436895,1.4606827,327.44907,fused,0,1,0,
1789426448972,1789426448950,996793797,42.0388404,-93.6497173,3.052,249.39973819979383,1.3556777,1.5044314,333.1537,fused,0,1,0,
1789426449972,1789426449950,996794797,42.0388537,-93.6497242,3.037,249.36810640294613,1.3634157,1.5142372,334.27274,fused,0,1,0,
1789426450968,1789426450951,996795797,42.0388675,-93.6497319,3.017,249.4666414091775,1.3389739,1.5657563,332.7586,fused,0,1,0,
1789426451976,1789426451950,996796797,42.0388806,-93.6497396,3.001,249.4146569888582,1.3199466,1.5657653,333.21042,fused,0,1,0,
1789426452980,1789426452950,996797797,42.0388933,-93.6497479,3.001,249.4448914048682,1.3188142,1.5571549,330.69058,fused,0,1,0,
1789426453980,1789426453951,996798797,42.0389055,-93.649757,3.001,249.78111154798955,1.3198515,1.5818942,332.19305,fused,0,1,0,
1789426454977,1789426454951,996799797,42.0389183,-93.6497657,3.007,249.737968101658,1.3210028,1.5824783,333.8909,fused,0,1,0,
1789426455980,1789426455950,996800797,42.038931,-93.6497745,3.016,249.74008309756846,1.3233484,1.5915235,332.20657,fused,0,1,0,
1789426456913,1789426456891,996801738,42.0389435,-93.6497838,3.036,249.74008309756846,1.3233484,1.6062211,333.0814,fused,0,1,0,
1789426457928,1789426457910,996802757,42.0389575,-93.6497931,3.062,249.9200439453125,1.3354452,1.6103855,335.3701,fused,0,1,0,
1789426458964,1789426458946,996803792,42.0389711,-93.6498039,3.108,249.58804153159457,1.3696653,1.5961568,333.11688,fused,0,1,0,
1789426459979,1789426459951,996804797,42.0389821,-93.649812,3.121,249.41031524526954,1.3818603,1.5760272,339.83823,fused,0,1,0,
1789426460982,1789426460950,996805797,42.0389957,-93.649818,3.109,249.26991224950842,1.3910663,1.5629592,343.31738,fused,0,1,0,
1789426461975,1789426461950,996806797,42.0390097,-93.6498237,3.099,249.39717866148243,1.3930088,1.5613132,341.97815,fused,0,1,0,
1789426462975,1789426462951,996807797,42.0390237,-93.6498302,3.079,249.52728315397263,1.4076443,1.5720934,336.20523,fused,0,1,0,
1789426463972,1789426463950,996808797,42.0390382,-93.6498385,3.046,249.41869694006306,1.4112281,1.5796318,342.83276,fused,0,1,0,
1789426464983,1789426464950,996809797,42.0390531,-93.6498436,3.052,249.66783588026232,1.4218519,1.5858828,348.45493,fused,0,1,0,
1789426465907,1789426465886,996810733,42.0390673,-93.6498481,3.08,249.66783588026232,1.4218519,1.5529213,343.00003,fused,0,1,0,
1789426466976,1789426466950,996811797,42.039081,-93.6498572,3.087,250.1922822992505,1.5191525,1.4896492,336.22693,fused,0,1,0,
1789426467980,1789426467951,996812798,42.0390932,-93.6498669,3.091,250.26965226074054,1.5180651,1.4381483,330.57822,fused,0,1,0,
1789426468980,1789426468949,996813796,42.0391053,-93.6498766,3.076,250.36306588539878,1.5256813,1.4242603,334.05542,fused,0,1,0,
1789426469980,1789426469950,996814796,42.0391179,-93.6498851,3.065,250.24621860807275,1.5308259,1.408356,336.89313,fused,0,1,0,
1789426470974,1789426470949,996815796,42.0391302,-93.6498931,3.04,250.5323954366117,1.5628161,1.4423524,335.8047,fused,0,1,0,
1789426471974,1789426471949,996816796,42.0391453,-93.6499026,3.039,250.72467290455825,1.394822,1.4567912,336.9081,fused,0,1,0,
1789426472873,1789426472852,996817699,42.0391544,-93.6499094,3.054,250.72467290455825,1.394822,1.4493358,331.59967,fused,0,1,0,
1789426473973,1789426473950,996818796,42.0391644,-93.6499191,3.055,250.68077579494195,1.432125,1.383549,334.17065,fused,0,1,0,
1789426474970,1789426474949,996819796,42.0391759,-93.6499277,3.06,250.34337161593373,1.4312323,1.4376796,338.62183,fused,0,1,0,
1789426475978,1789426475950,996820796,42.0391897,-93.6499353,3.065,249.81370558609115,1.3851465,1.48547,340.1756,fused,0,1,0,
1789426476944,1789426476926,996821772,42.039203,-93.6499432,3.076,249.81370558609115,1.3851465,1.489039,334.55853,fused,0,1,0,
1789426477982,1789426477949,996822796,42.0392146,-93.6499513,3.051,249.46464965259077,1.3317652,1.4643844,334.41647,fused,0,1,0,
1789426478976,1789426478950,996823796,42.0392272,-93.6499582,3.042,249.33154530015986,1.3229524,1.4490255,338.13165,fused,0,1,0,
1789426479974,1789426479949,996824796,42.0392396,-93.6499643,3.034,249.50747556459282,1.3180591,1.4012513,338.09225,fused,0,1,0,
1789426480976,1789426480950,996825796,42.0392529,-93.6499683,3.024,249.373822593635,1.3168896,1.405529,344.61066,fused,0,1,0,
1789426481979,1789426481950,996826796,42.0392649,-93.6499746,3.006,249.36598279478682,1.3182958,1.3530098,330.11398,fused,0,1,0,
1789426482980,1789426482950,996827796,42.039275,-93.6499832,3.021,249.45133690634697,1.3184035,1.3439457,321.47342,fused,0,1,0,
1789426483929,1789426483909,996828756,42.0392803,-93.6500055,3.03,249.75155982673203,1.4184946,1.3911833,267.46906,fused,0,1,0,
1789426484974,1789426484949,996829796,42.0392705,-93.6500172,3.046,249.64784417614902,1.4231592,1.3464446,242.97647,fused,0,1,0,
1789426485872,1789426485852,996830699,42.0392617,-93.6500309,3.067,249.64784417614902,1.4231592,1.3651866,236.7628,fused,0,1,0,
1789426486978,1789426486950,996831797,42.0392473,-93.6500473,3.066,249.9253920373315,1.4629655,1.3267014,247.64769,fused,0,1,0,
1789426487973,1789426487949,996832796,42.0392409,-93.6500613,3.045,250.04319990668262,1.4718632,1.2146034,246.2012,fused,0,1,0,
1789426488973,1789426488949,996833796,42.0392347,-93.6500744,3.041,249.8637041784928,1.4610796,1.1723046,263.41995,fused,0,1,0,
1789426489974,1789426489950,996834797,42.0392416,-93.6500944,3.025,249.81626486785626,1.4693911,1.5005511,341.99673,fused,0,1,0,
1789426490974,1789426490950,996835796,42.0392581,-93.6501022,3.0,249.74545437459852,1.4903659,1.6373757,351.80978,fused,0,1,0,
1789426491976,1789426491950,996836796,42.0392682,-93.650099,3.003,249.78404300628864,1.483816,1.0676212,359.11545,fused,0,1,0,
1789426492976,1789426492949,996837796,42.0392719,-93.6500954,3.004,249.97018528591394,1.579142,0.69389075,340.61313,fused,0,1,0,
1789426493983,1789426493951,996838797,42.0392709,-93.6500964,3.004,249.85340720692426,1.6120739,0.49930587,318.00183,fused,0,1,0,
1789426494953,1789426494932,996839778,42.0392721,-93.6500991,3.003,249.85340720692426,1.6120739,0.46500278,348.6668,fused,0,1,0,
1789426495987,1789426495949,996840796,42.0392766,-93.6500945,3.002,249.85677847698094,1.6132181,0.8972086,351.08432,fused,0,1,0,
1789426496989,1789426496950,996841796,42.0392859,-93.6500933,3.0,249.53572522454357,1.42773,0.5982573,356.4041,fused,0,1,0,
1789426497987,1789426497950,996842796,42.0392849,-93.6500917,3.0,249.68656333542395,1.5032343,0.32241166,350.3265,fused,0,1,0,
1789426498989,1789426498950,996843796,42.0392841,-93.6500908,3.0,249.62803501491953,1.464321,0.16150208,339.60663,fused,0,1,0,
1789426499979,1789426499950,996844796,42.0392839,-93.6500895,3.0,249.65205321358457,1.5304352,0.120374516,337.668,fused,0,1,0,
1789426500983,1789426500949,996845796,42.0392832,-93.6500885,3.0,250.10901396820424,1.5773778,0.13645954,335.28995,fused,0,1,0,
1789426501984,1789426501950,996846796,42.0392825,-93.650087,3.0,250.03799739767283,1.5940378,0.1270323,348.97208,fused,0,1,0,
1789426502987,1789426502950,996847796,42.039282,-93.6500817,3.0,249.98473644371165,1.4867429,0.15299621,337.23624,fused,0,1,0,
1789426503992,1789426503949,996848796,42.0392821,-93.6500756,3.0,249.72602271583924,1.4798021,0.12474526,42.332653,fused,0,1,0,
1789426504991,1789426504950,996849796,42.0392828,-93.6500656,3.0,249.2987456813338,1.4559119,0.12756018,23.325974,fused,0,1,0,
1789426505978,1789426505951,996850797,42.0392832,-93.6500585,3.0,249.09983907028948,1.4230996,0.12653889,25.75608,fused,0,1,0,
1789426506981,1789426506950,996851796,42.0392834,-93.6500529,3.0,248.96640656824997,1.3982539,0.1177515,25.953974,fused,0,1,0,
1789426507982,1789426507949,996852796,42.0392835,-93.6500488,3.0,248.86573248823345,1.4023443,0.104266845,22.135609,fused,0,1,0,
1789426508982,1789426508949,996853796,42.0392836,-93.6500454,3.0,248.96408304608508,1.4545738,0.09188498,,fused,0,1,0,
1789426509983,1789426509950,996854796,42.0392833,-93.6500441,3.0,248.86221112673758,1.4605188,0.09869279,,fused,0,1,0,
1789426510984,1789426510950,996855797,42.0392832,-93.6500441,3.0,249.0511055495893,1.5185425,0.11365985,17.488081,fused,0,1,0,
1789426511972,1789426511949,996856796,42.0392815,-93.6500426,3.0,248.97151156833093,1.5402871,0.13751857,23.917456,fused,0,1,0,
1789426512871,1789426512852,996857699,42.0392821,-93.6500419,3.0,248.97151156833093,1.5402871,0.19066884,2.7229369,fused,0,1,0,
1789426513852,1789426513801,996858648,42.0392815,-93.6500421,3.0,249.27982064367023,1.4007016,0.18718274,347.19485,fused,0,1,0,
1789426514974,1789426514950,996859797,42.0392824,-93.6500379,3.0,249.5297576177968,1.4178579,0.55657125,45.90212,fused,0,1,0,
1789426515979,1789426515949,996860796,42.039282,-93.6500209,3.021,249.61265309182335,1.4201567,0.94109184,84.368484,fused,0,1,0,
1789426516972,1789426516950,996861796,42.0392792,-93.6500016,3.045,249.66791319761057,1.422356,0.99386466,79.93046,fused,0,1,0,
1789426517976,1789426517950,996862796,42.0392796,-93.64999,3.045,249.48437558423205,1.414517,0.86503935,53.90643,fused,0,1,0,
1789426518974,1789426518949,996863796,42.0392798,-93.6499851,3.045,249.65572696287092,1.4156699,0.64642686,79.69821,fused,0,1,0,
1789426519971,1789426519949,996864796,42.0392765,-93.6499845,3.041,249.82686329852584,1.4923631,0.3490013,80.0468,fused,0,1,0,
1789426520974,1789426520950,996865797,42.039274,-93.6499871,3.029,249.734685809812,1.4745427,0.1969983,75.50364,fused,0,1,0,
1789426521978,1789426521950,996866796,42.0392721,-93.6499894,3.0,249.86201318741047,1.4739476,0.13812147,72.17979,fused,0,1,0,
1789426522969,1789426522949,996867796,42.039271,-93.6499905,3.0,249.9107730462256,1.4312882,0.100119,72.15063,fused,0,1,0,
1789426523975,1789426523949,996868796,42.0392699,-93.6499906,3.0,250.36560417877035,1.4411429,0.118049085,68.95624,fused,0,1,0,
1789426524978,1789426524950,996869796,42.0392683,-93.6499913,3.0,250.21590306824538,1.4166614,0.10913705,58.84634,fused,0,1,0,
1789426525976,1789426525950,996870796,42.0392659,-93.6499912,3.0,250.24528414854115,1.4418013,0.110383414,59.03103,fused,0,1,0,
1789426526981,1789426526949,996871796,42.0392646,-93.6499907,3.0,250.1944556561417,1.5026758,0.11909172,60.280773,fused,0,1,0,
1789426527979,1789426527949,996872796,42.0392634,-93.6499906,3.0,250.27870608106338,1.5298936,0.10377849,61.011787,fused,0,1,0,
1789426528985,1789426528949,996873796,42.0392623,-93.6499907,3.0,249.93780023145848,1.5018976,0.098877475,,fused,0,1,0,
1789426529981,1789426529950,996874796,42.039261,-93.6499907,3.0,250.46301205614878,1.5623481,0.10459841,57.54732,fused,0,1,0,
1789426530984,1789426530950,996875796,42.03926,-93.6499909,3.0,250.18557917953564,1.4522591,0.09024888,,fused,0,1,0,
1789426531986,1789426531950,996876796,42.0392593,-93.6499908,3.0,250.24235762341408,1.4139664,0.091588944,,fused,0,1,0,
1789426532979,1789426532949,996877796,42.039259,-93.6499917,3.0,249.6976227043827,1.3613995,0.12155051,50.623646,fused,0,1,0,
1789426533977,1789426533951,996878797,42.0392585,-93.649995,3.0,249.67956740135298,1.3507462,0.29378498,5.228559,fused,0,1,0,
1789426534980,1789426534950,996879796,42.0392621,-93.6500025,3.0,249.70880514166345,1.3951622,0.28067297,333.59082,fused,0,1,0,
1789426535980,1789426535949,996880796,42.0392724,-93.6500081,3.0,249.70381284299873,1.3989718,0.29846978,330.72147,fused,0,1,0,
1789426536996,1789426536950,996881797,42.0392895,-93.6500156,3.0,249.88974466679332,1.3913709,0.96272355,31.690231,fused,0,1,0,
1789426537974,1789426537949,996882796,42.0392938,-93.6500103,3.0,249.95202881187333,1.385546,0.6093062,54.935066,fused,0,1,0,
1789426538979,1789426538950,996883796,42.0392903,-93.6500141,3.0,249.8887235345161,1.3775895,0.31113,36.395847,fused,0,1,0,
1789426539978,1789426539949,996884796,42.0392863,-93.6500209,3.0,249.8177638636003,1.4377533,0.1804884,16.618032,fused,0,1,0,
1789426540976,1789426540950,996885796,42.0392838,-93.6500254,3.0,249.60634968578796,1.4412751,0.15865171,35.807854,fused,0,1,0,
1789426541981,1789426541950,996886797,42.0392805,-93.6500284,3.0,249.69729238487884,1.4593873,0.13229172,65.279816,fused,0,1,0,
1789426542896,1789426542873,996887720,42.0392795,-93.6500287,3.0,249.69729238487884,1.4593873,0.15114263,32.82211,fused,0,1,0,
1789426543987,1789426543950,996888796,42.039273,-93.650038,3.0,250.00718794682547,1.480241,0.13577047,17.180595,fused,0,1,0,
1789426545007,1789426544950,996889796,42.0392696,-93.6500424,3.0,250.06344288687006,1.4825584,0.10276346,37.11331,fused,0,1,0,
1789426545982,1789426545950,996890796,42.0392674,-93.6500454,3.0,250.31309173606417,1.6288915,0.115623206,39.212887,fused,0,1,0,
1789426546985,1789426546950,996891796,42.0392666,-93.6500475,3.0,250.03183614846046,1.5648358,0.14411756,20.294668,fused,0,1,0,
1789426547991,1789426547950,996892797,42.0392662,-93.6500504,3.0,250.26793011908654,1.6247942,0.13454764,336.79245,fused,0,1,0,
1789426548972,1789426548949,996893796,42.0392657,-93.6500531,3.0,249.99718684347062,1.5143201,0.11481648,331.51202,fused,0,1,0,
1789426549977,1789426549949,996894796,42.0392645,-93.6500571,3.0,250.1724909296923,1.5370021,0.16693811,317.26392,fused,0,1,0,
1789426550974,1789426550950,996895796,42.0392641,-93.6500588,3.0,249.9968760000291,1.5143472,0.17652431,330.95462,fused,0,1,0,
1789426551890,1789426551868,996896714,42.0392651,-93.6500589,3.0,249.9968760000291,1.5143472,0.19681115,57.724937,fused,0,1,0,
1789426552979,1789426552949,996897796,42.0392629,-93.6500539,3.0,249.9659140597788,1.535999,0.32474297,101.54084,fused,0,1,0,
1789426553978,1789426553950,996898796,42.0392624,-93.6500513,3.0,250.1268339478678,1.5832846,0.2668728,53.23917,fused,0,1,0,
1789426554970,1789426554951,996899797,42.0392628,-93.6500502,3.0,250.13425265084715,1.6395172,0.22911043,53.645847,fused,0,1,0,
1789426555979,1789426555949,996900796,42.0392618,-93.6500492,3.0,250.08833738845397,1.6261965,0.1657864,76.79126,fused,0,1,0,
1789426556975,1789426556949,996901796,42.0392602,-93.6500485,3.0,250.38091469100095,1.6881094,0.13156714,81.82874,fused,0,1,0,
1789426557979,1789426557949,996902796,42.039259,-93.6500486,3.0,249.9754116364262,1.5469757,0.10518897,82.471375,fused,0,1,0,
1789426558983,1789426558949,996903796,42.0392578,-93.6500488,3.0,249.8827630736032,1.5431069,0.094801225,,fused,0,1,0,
1789426559979,1789426559950,996904796,42.0392575,-93.6500488,3.0,249.72315799787282,1.3578879,0.09280061,,fused,0,1,0,
1789426560986,1789426560949,996905796,42.0392572,-93.6500481,3.0,249.80691246983292,1.3499285,0.08447472,,fused,0,1,0,
1789426561987,1789426561950,996906796,42.0392571,-93.6500478,3.0,249.70318152826093,1.377856,0.09088824,,fused,0,1,0,
1789426562973,1789426562950,996907796,42.0392568,-93.6500474,3.0,249.80865478515625,1.3803397,0.08932707,,fused,0,1,0,
1789426563974,1789426563949,996908796,42.0392566,-93.650047,3.0,249.72331226508288,1.3978155,0.087697655,,fused,0,1,0,
1789426564977,1789426564951,996909797,42.0392561,-93.6500467,3.0,249.9772598204661,1.396797,0.0888753,,fused,0,1,0,
1789426565975,1789426565949,996910796,42.0392557,-93.6500467,3.0,249.9635124918875,1.3933963,0.06105008,,fused,0,1,0,
1789426566976,1789426566950,996911797,42.0392555,-93.6500472,3.0,249.90613859171043,1.3894789,0.05991831,,fused,0,1,0,
1789426567972,1789426567949,996912796,42.0392557,-93.6500473,3.0,250.5262797657919,1.520787,0.06424522,,fused,0,1,0,
1789426568977,1789426568950,996913796,42.0392556,-93.650046,3.0,249.83656953729866,1.4689729,1.1332745E-9,,fused,0,1,0,
1789426569974,1789426569949,996914796,42.0392555,-93.6500454,3.0,250.20710433907658,1.4867681,0.40031102,100.07582,fused,0,1,0,
1789426570974,1789426570950,996915796,42.0392541,-93.6500401,3.0,249.89560933314675,1.4596341,1.2527539,133.80682,fused,0,1,0,
1789426571973,1789426571950,996916796,42.0392488,-93.6500274,3.0,250.17253682523307,1.494516,1.1345905,131.63638,fused,0,1,0,
1789426572978,1789426572949,996917796,42.0392482,-93.6500182,3.012,250.16598184466528,1.5021122,0.7966643,128.86517,fused,0,1,0,
1789426573975,1789426573950,996918797,42.0392506,-93.6500203,3.02,250.43657639316882,1.7096987,0.38645974,130.96402,fused,0,1,0,
1789426574969,1789426574950,996919796,42.0392527,-93.6500207,3.052,250.1556608704891,1.6876004,2.4969979E-5,,fused,0,1,0,
1789426575977,1789426575950,996920796,42.0392535,-93.6500212,3.074,249.94252868106713,1.4493932,0.2139739,127.73488,fused,0,1,0,
1789426576983,1789426576951,996921797,42.0392533,-93.6500205,3.111,249.94341748012988,1.4306265,0.07052059,,fused,0,1,0,
1789426577978,1789426577949,996922796,42.0392533,-93.6500207,3.111,249.60066595039768,1.4111022,0.063544676,,fused,0,1,0,
1789426578980,1789426578949,996923796,42.0392533,-93.6500211,3.093,249.54583740234375,1.4198909,0.057850484,,fused,0,1,0,
1789426579982,1789426579950,996924796,42.0392533,-93.6500215,3.028,249.53480503410054,1.4256411,0.05559261,,fused,0,1,0,
1789426580983,1789426580949,996925796,42.0392531,-93.6500218,3.0,249.7526068681338,1.4776344,0.049555678,,fused,0,1,0,
1789426581986,1789426581950,996926796,42.0392532,-93.6500224,3.0,249.67604071683706,1.4798949,0.119618855,124.6509,fused,0,1,0,
1789426582907,1789426582874,996927720,42.0392533,-93.6500222,3.0,249.73944048228094,1.4985281,0.12321711,117.746185,fused,0,1,0,
1789426583971,1789426583950,996928796,42.0392526,-93.650021,3.0,249.80941469007206,1.4637998,0.18710016,108.09668,fused,0,1,0,
1789426584974,1789426584949,996929796,42.0392505,-93.6500179,3.0,249.4731889868408,1.3609236,0.325763,83.479546,fused,0,1,0,
1789426585976,1789426585949,996930796,42.0392474,-93.6500129,3.0,249.48619491601875,1.35158,0.37928092,98.14769,fused,0,1,0,
1789426586978,1789426586951,996931797,42.0392425,-93.6500097,3.0,249.45672250085215,1.3420838,0.31299874,144.34543,fused,0,1,0,
1789426587975,1789426587950,996932796,42.0392384,-93.6500095,3.0,249.837110255722,1.4379686,0.20952168,164.49803,fused,0,1,0,
1789426588981,1789426588949,996933796,42.0392365,-93.6500089,3.014,250.0487001458202,1.4493933,0.35302654,157.07993,fused,0,1,0,
1789426589978,1789426589950,996934796,42.039234,-93.650009,3.061,250.05663398902078,1.5177022,0.2629127,177.87927,fused,0,1,0,
1789426590979,1789426590951,996935797,42.0392326,-93.6500105,3.198,250.32884264936217,1.5303184,0.16977462,228.20169,fused,0,1,0,
1789426591979,1789426591949,996936796,42.0392308,-93.650015,3.272,250.44313821323283,1.5930088,0.33253208,220.54031,fused,0,1,0,
1789426592974,1789426592950,996937796,42.0392289,-93.6500168,3.361,250.62647469287157,1.6335409,0.25134704,163.77007,fused,0,1,0,
1789426593976,1789426593950,996938796,42.0392266,-93.6500164,3.546,250.47510750537157,1.5877836,0.21899723,169.52628,fused,0,1,0,
1789426594978,1789426594949,996939796,42.0392242,-93.6500183,3.68,250.4667850701316,1.6138419,0.2615889,187.01747,fused,0,1,0,
1789426595981,1789426595950,996940796,42.039223,-93.6500178,3.911,250.2125657761647,1.6271666,0.31652465,58.097294,fused,0,1,0,
1789426596866,1789426596849,996941696,42.0392243,-93.6500165,4.004,250.2125657761647,1.6271666,0.27009514,82.90145,fused,0,1,0,
1789426597988,1789426597950,996942796,42.0392221,-93.6500131,4.122,249.88988611907035,1.5756114,0.25233114,92.720474,fused,0,1,0,
1789426598986,1789426598950,996943796,42.0392163,-93.6500076,4.054,250.1039422921695,1.6429367,0.2176124,93.02619,fused,0,1,0,
1789426599971,1789426599950,996944796,42.0392115,-93.6500027,3.859,249.90873675325304,1.5834287,0.19233184,101.85583,fused,0,1,0,
1789426600978,1789426600950,996945796,42.0392089,-93.6499998,3.712,249.9742732387009,1.712512,0.13308617,98.090805,fused,0,1,0,
1789426601978,1789426601949,996946796,42.0392078,-93.6499978,3.484,249.96730239016176,1.7633774,0.11011296,95.58367,fused,0,1,0,
1789426602979,1789426602949,996947796,42.0392069,-93.6499958,3.174,249.74536229360575,1.6135184,0.09793616,,fused,0,1,0,
1789426603977,1789426603950,996948796,42.0392066,-93.6499952,3.084,249.7282610255932,1.4755752,0.108428694,100.31559,fused,0,1,0,
1789426604981,1789426604950,996949796,42.0392063,-93.6499948,3.0,249.8578748834072,1.4939948,0.10775099,96.839134,fused,0,1,0,
1789426605886,1789426605870,996950716,42.0392065,-93.6499944,3.0,249.8578748834072,1.4939948,0.11245875,89.69731,fused,0,1,0,
1789426606984,1789426606951,996951797,42.0392098,-93.6499952,3.0,249.63828497504943,1.5568247,0.33161098,85.180016,fused,0,1,0,
1789426607972,1789426607949,996952796,42.0392134,-93.6499975,3.0,249.7131206631896,1.6224422,0.29612154,105.2088,fused,0,1,0,
1789426608975,1789426608950,996953797,42.0392155,-93.6500015,3.0,249.89819209440122,1.655246,0.18116984,159.10599,fused,0,1,0,
1789426609973,1789426609950,996954796,42.0392172,-93.6500045,3.0,249.76737951033635,1.6231576,0.13015194,187.07253,fused,0,1,0,
1789426610969,1789426610950,996955796,42.0392203,-93.6500067,3.0,249.8433277872631,1.4537772,0.11185989,187.964,fused,0,1,0,
1789426611972,1789426611950,996956796,42.0392226,-93.6500067,3.0,250.16232798965325,1.4898379,0.1042022,192.5957,fused,0,1,0,
1789426612974,1789426612950,996957796,42.039224,-93.6500068,3.0,249.89837690689842,1.4395851,0.11175205,201.62907,fused,0,1,0,
1789426613974,1789426613949,996958796,42.0392248,-93.6500066,3.0,249.6350414125937,1.401001,0.11497992,203.02983,fused,0,1,0,
1789426614953,1789426614932,996959778,42.0392253,-93.6500064,3.0,249.6350414125937,1.401001,0.07995278,,fused,0,1,0,
1789426615976,1789426615950,996960796,42.0392265,-93.6500064,3.0,249.65210561104925,1.4392792,0.05794443,,fused,0,1,0,
1789426616978,1789426616949,996961796,42.0392271,-93.6500063,3.0,249.89196035237148,1.5307757,0.07504122,,fused,0,1,0,
1789426617977,1789426617949,996962796,42.0392277,-93.6500065,3.0,249.87538592273307,1.48902,0.06998519,,fused,0,1,0,
1789426618981,1789426618949,996963796,42.0392282,-93.6500074,3.0,250.34519798471916,1.5499712,0.09947473,,fused,0,1,0,
1789426619982,1789426619950,996964796,42.0392288,-93.650009,3.0,250.4223789591697,1.7829019,0.09619009,,fused,0,1,0,
1789426620984,1789426620950,996965796,42.0392299,-93.6500101,3.0,250.2219186933657,1.7497146,0.08848221,,fused,0,1,0,
1789426621990,1789426621951,996966797,42.0392312,-93.6500109,3.0,250.02401717962198,1.6165385,0.08985445,,fused,0,1,0,
1789426622987,1789426622950,996967796,42.0392313,-93.6500116,3.0,250.21917274910305,1.6311724,0.10792324,192.05304,fused,0,1,0,
1789426623983,1789426623950,996968796,42.0392316,-93.6500115,3.0,250.10218197389543,1.6219095,0.099768996,,fused,0,1,0,
1789426624987,1789426624950,996969796,42.0392323,-93.6500107,3.0,250.31112908029093,1.6358845,0.09059103,,fused,0,1,0,
1789426625987,1789426625950,996970796,42.0392322,-93.6500112,3.0,250.0400940726662,1.664847,0.12223907,199.95181,fused,0,1,0,
1789426626975,1789426626949,996971796,42.0392309,-93.6500129,3.0,249.79284112023709,1.5230403,0.16940905,218.90996,fused,0,1,0,
1789426627979,1789426627950,996972796,42.0392301,-93.6500141,3.0,249.66957110904661,1.5014153,0.1275828,170.22575,fused,0,1,0,
1789426628975,1789426628950,996973796,42.0392288,-93.6500145,3.0,249.9545744381203,1.6585894,0.21182074,196.07678,fused,0,1,0,
1789426629977,1789426629950,996974796,42.0392274,-93.6500154,3.0,249.92671113423143,1.6664217,0.3842653,243.01869,fused,0,1,0,
1789426630979,1789426630949,996975796,42.0392277,-93.6500199,3.0,249.89206772623191,1.5604122,0.6694254,234.55688,fused,0,1,0,
1789426631976,1789426631950,996976796,42.0392401,-93.650033,3.049,249.80677705220018,1.4663635,1.1423818,276.68494,fused,0,1,0,
1789426632974,1789426632950,996977797,42.0392551,-93.6500518,3.049,249.68572349207307,1.4659437,1.3264271,294.34753,fused,0,1,0,
1789426633978,1789426633950,996978796,42.0392684,-93.6500706,3.043,249.71078649472378,1.5416324,1.3668823,295.86502,fused,0,1,0,
1789426634979,1789426634949,996979796,42.039275,-93.6500795,3.043,249.7900079902102,1.5584177,1.4300196,299.3793,fused,0,1,0,
1789426635985,1789426635949,996980796,42.0392871,-93.650091,3.04,249.8948974609375,1.550348,1.466566,304.24622,fused,0,1,0,
1789426636979,1789426636950,996981796,42.0393015,-93.6500935,3.0,249.64283183814234,1.4696163,1.4237063,319.07864,fused,0,1,0,
1789426637974,1789426637949,996982796,42.0393196,-93.6500872,3.0,249.80251267606315,1.456313,1.4005371,340.9124,fused,0,1,0,
1789426638975,1789426638949,996983796,42.0393396,-93.6500781,3.0,249.8192110824815,1.4387046,1.5814496,51.87321,fused,0,1,0,
1789426639970,1789426639949,996984796,42.0393383,-93.6500533,3.0,249.85925656953168,1.4192244,1.6929456,151.07289,fused,0,1,0,
1789426640973,1789426640950,996985796,42.0393263,-93.6500349,3.0,250.03372619765378,1.4172095,1.6383597,142.70708,fused,0,1,0,
1789426641972,1789426641951,996986797,42.0393189,-93.6500085,3.0,250.08855891193764,1.3927,1.6707165,125.612724,fused,0,1,0,
1789426642970,1789426642949,996987796,42.0393132,-93.6499802,3.019,249.94936385361217,1.3641814,1.6826481,118.98332,fused,0,1,0,
1789426643973,1789426643950,996988796,42.039305,-93.6499567,3.089,250.08215628083326,1.4142319,1.6461306,118.90262,fused,0,1,0,
1789426644973,1789426644949,996989796,42.0392901,-93.6499415,3.255,249.97256170025452,1.377849,1.6135128,127.81288,fused,0,1,0,
1789426645972,1789426645950,996990796,42.03927,-93.6499367,3.363,249.95353254644562,1.3629333,1.5791159,148.88802,fused,0,1,0,
1789426646973,1789426646949,996991796,42.0392503,-93.649938,3.364,250.27881575639026,1.4317284,1.6135461,141.93927,fused,0,1,0,
1789426647978,1789426647949,996992796,42.0392337,-93.6499469,3.374,250.53567070622813,1.4985118,1.4408449,203.31584,fused,0,1,0,
1789426648980,1789426648949,996993796,42.0392247,-93.6499775,3.324,250.94804995364262,1.7922621,1.5562387,250.96109,fused,0,1,0,
1789426649968,1789426649950,996994796,42.0392246,-93.6500105,3.172,250.8815218367676,1.7649266,1.5650479,268.2227,fused,0,1,0,
1789426650975,1789426650950,996995796,42.0392255,-93.6500353,3.042,250.5349828563937,1.6288623,1.1771357,280.88657,fused,0,1,0,
1789426651971,1789426651949,996996796,42.0392254,-93.6500483,3.009,250.67373012079253,1.6622777,0.82624984,286.96304,fused,0,1,0,
1789426652976,1789426652950,996997796,42.0392254,-93.6500554,3.01,250.71165205107042,1.6870016,0.6012075,296.60397,fused,0,1,0,
1789426653978,1789426653950,996998796,42.0392256,-93.6500645,3.01,250.54169612924028,1.5991403,1.024712,293.18506,fused,0,1,0,
1789426654993,1789426654951,996999797,42.0392252,-93.6500804,3.0,250.92938022429792,1.7351887,1.1093427,287.70142,fused,0,1,0,
1789426655986,1789426655949,997000796,42.0392291,-93.6500969,3.0,250.0289270755306,1.472338,1.3867286,328.23334,fused,0,1,0,
1789426656992,1789426656955,997001801,42.039244,-93.6501135,3.0,250.16624604467046,1.5060339,1.3936123,321.9828,fused,0,1,0,
1789426657990,1789426657950,997002796,42.039251,-93.6501194,3.0,250.14407717931283,1.5680467,1.4538229,343.66617,fused,0,1,0,
1789426658974,1789426658949,997003796,42.0392655,-93.6501217,3.0,250.3564765792612,1.6112479,1.5070741,343.3968,fused,0,1,0,
1789426659982,1789426659950,997004797,42.0392811,-93.6501237,3.0,250.34204506807873,1.5281239,1.5660167,347.30298,fused,0,1,0,
1789426660981,1789426660950,997005796,42.0392974,-93.6501241,3.005,250.3315808381119,1.5055399,1.5845816,348.54996,fused,0,1,0,
1789426661978,1789426661949,997006796,42.0393134,-93.6501242,3.018,250.14151421690656,1.4478737,1.5580893,350.563,fused,0,1,0,
1789426662975,1789426662950,997007796,42.0393296,-93.6501233,3.056,250.00004074875068,1.466036,1.5689412,352.12585,fused,0,1,0,
1789426663981,1789426663949,997008796,42.0393451,-93.6501245,3.105,250.15942198384556,1.5695711,1.6014824,347.91418,fused,0,1,0,
1789426664978,1789426664949,997009796,42.0393609,-93.650127,3.138,250.24670409771863,1.6218392,1.6143218,345.45325,fused,0,1,0,
1789426665974,1789426665949,997010796,42.0393763,-93.6501289,3.179,250.0424943864224,1.4384351,1.5428715,359.444,fused,0,1,0,
1789426666987,1789426666950,997011796,42.0393895,-93.6501256,3.18,249.96413202579225,1.434613,1.4913745,11.676702,fused,0,1,0,
1789426667977,1789426667949,997012796,42.0393971,-93.6501237,3.176,250.06109438074856,1.4239781,1.0319315,2.0285447,fused,0,1,0,
1789426668971,1789426668949,997013796,42.0393978,-93.6501193,3.13,250.04881593359863,1.4324551,0.617857,5.4257836,fused,0,1,0,
1789426669978,1789426669949,997014796,42.0394019,-93.6501188,3.1,249.9677909684038,1.4196087,0.74735886,26.49367,fused,0,1,0,
1789426670977,1789426670950,997015796,42.0394045,-93.6501137,3.01,249.7313338821586,1.3605373,0.45960566,61.8701,fused,0,1,0,
1789426671977,1789426671950,997016796,42.0394025,-93.6501139,3.0,249.84540360483072,1.4043468,0.24188119,79.717384,fused,0,1,0,
1789426672971,1789426672950,997017796,42.0394011,-93.6501152,3.0,249.90305851863417,1.3856494,0.15101632,57.892467,fused,0,1,0,
1789426673979,1789426673949,997018796,42.0394006,-93.6501157,3.0,249.88440133844688,1.3896405,0.13616477,20.488718,fused,0,1,0,
1789426674977,1789426674950,997019796,42.039404,-93.650115,3.0,250.23350123022726,1.4137789,0.39827904,19.759705,fused,0,1,0,
1789426675990,1789426675949,997020796,42.0394145,-93.6501111,3.0,250.1317073911278,1.3974552,0.84807485,15.843585,fused,0,1,0,
1789426676973,1789426676950,997021796,42.0394315,-93.6501029,3.0,250.28910331288932,1.5962297,1.1796557,16.189398,fused,0,1,0,
1789426677973,1789426677950,997022796,42.0394491,-93.6500972,3.0,250.35111813410265,1.6824372,1.360202,7.4459186,fused,0,1,0,
1789426678971,1789426678949,997023796,42.0394671,-93.6500962,3.0,250.60939980367073,1.6855953,1.4772911,8.124093,fused,0,1,0,
1789426679974,1789426679950,997024796,42.039484,-93.6500967,3.0,250.51456484364877,1.5862474,1.4825662,7.0642667,fused,0,1,0,
1789426680868,1789426680850,997025697,42.0394979,-93.650097,3.0,250.51456484364877,1.5862474,1.4779202,6.208517,fused,0,1,0,
1789426681979,1789426681950,997026796,42.0395121,-93.6501072,3.0,250.4806807000926,1.5749836,1.3887572,354.65924,fused,0,1,0,
1789426682971,1789426682950,997027796,42.0395252,-93.6501152,3.0,250.93614534691824,1.7696906,1.3984193,353.61316,fused,0,1,0,
1789426683976,1789426683949,997028796,42.0395383,-93.6501235,3.004,249.81667175567617,1.4428388,1.443635,348.60355,fused,0,1,0,
1789426684902,1789426684890,997029736,42.0395561,-93.6501322,3.007,249.99701369589116,1.4547019,1.4693438,344.79288,fused,0,1,0,
1789426685825,1789426685806,997030652,42.0395626,-93.6501408,3.007,250.00637382418483,1.4774314,1.466088,343.2092,fused,0,1,0,
1789426686980,1789426686951,997031797,42.0395756,-93.6501501,3.007,250.0890825655842,1.4575418,1.4519516,343.7636,fused,0,1,0,
1789426687948,1789426687928,997032774,42.0395891,-93.6501564,3.008,250.0890825655842,1.4575418,1.472763,342.47223,fused,0,1,0,
1789426688971,1789426688949,997033796,42.0396016,-93.6501618,3.004,250.4967169071062,1.5093111,1.4822457,342.7992,fused,0,1,0,
1789426689977,1789426689950,997034796,42.0396143,-93.6501662,3.0,250.41135889366103,1.45383,1.4640557,344.01752,fused,0,1,0,
1789426690978,1789426690950,997035796,42.0396278,-93.6501697,3.002,250.29826732162564,1.4915248,1.4132622,348.4812,fused,0,1,0,
1789426691975,1789426691950,997036796,42.0396395,-93.6501745,3.011,250.06467933359738,1.4265407,1.4084163,342.41095,fused,0,1,0,
1789426692909,1789426692892,997037738,42.0396514,-93.6501788,3.041,250.06467933359738,1.4265407,1.4206257,349.27145,fused,0,1,0,
1789426693976,1789426693949,997038796,42.0396634,-93.6501813,3.047,249.7179653898711,1.3845661,1.3911062,347.8001,fused,0,1,0,
1789426694974,1789426694949,997039796,42.0396768,-93.650186,3.058,249.74859417217777,1.4073178,1.4589813,342.8884,fused,0,1,0,
1789426695973,1789426695950,997040796,42.0396924,-93.6501923,3.067,249.61440971031323,1.4178997,1.4817525,344.65103,fused,0,1,0,
1789426696973,1789426696950,997041796,42.0397041,-93.6501968,3.072,249.98572828838002,1.4040997,1.4454808,342.98004,fused,0,1,0,
1789426697980,1789426697949,997042796,42.0397183,-93.6502013,3.063,249.819504397169,1.3887537,1.501789,349.1432,fused,0,1,0,
1789426698981,1789426698949,997043796,42.0397327,-93.6502028,3.063,249.76238091463136,1.3542559,1.513852,354.0735,fused,0,1,0,
1789426699978,1789426699949,997044796,42.0397478,-93.6502032,3.062,249.7744257046341,1.3723593,1.485442,359.74725,fused,0,1,0,
1789426700995,1789426700949,997045796,42.0397619,-93.6502036,3.054,249.81515364750243,1.3774408,1.4897783,354.67023,fused,0,1,0,
1789426701973,1789426701949,997046796,42.0397763,-93.6502069,3.041,250.03434319042879,1.3920145,1.5106432,346.69162,fused,0,1,0,
1789426702976,1789426702949,997047796,42.0397919,-93.6502112,3.028,250.37174683804545,1.3962103,1.5673501,349.65036,fused,0,1,0,
1789426703975,1789426703950,997048796,42.039807,-93.650216,3.033,250.6433287202234,1.4096767,1.5423505,345.74332,fused,0,1,0,
1789426704979,1789426704949,997049796,42.0398214,-93.6502219,3.026,250.32997940481584,1.50928,1.5257407,345.2034,fused,0,1,0,
1789426705979,1789426705949,997050796,42.0398362,-93.650226,3.035,250.09093340875518,1.498366,1.5547639,344.14844,fused,0,1,0,
1789426706976,1789426706949,997051796,42.0398508,-93.6502307,3.036,250.3842073964925,1.5703384,1.5873374,347.63684,fused,0,1,0,
1789426707978,1789426707949,997052796,42.039865,-93.6502353,3.038,250.56442871078053,1.6194724,1.5272787,343.24603,fused,0,1,0,
1789426708978,1789426708949,997053796,42.0398777,-93.6502426,3.038,250.66611712589867,1.6215479,1.5233759,336.19812,fused,0,1,0,
1789426709981,1789426709949,997054796,42.0398908,-93.6502501,3.056,250.3963608883176,1.5557816,1.5419583,338.22906,fused,0,1,0,
1789426710980,1789426710950,997055796,42.039904,-93.6502564,3.065,250.50962332130877,1.5551516,1.5537379,341.04105,fused,0,1,0,
1789426711953,1789426711932,997056779,42.0399183,-93.6502629,3.074,250.50962332130877,1.5551516,1.5757753,339.40503,fused,0,1,0,
1789426712983,1789426712951,997057797,42.0399307,-93.6502685,3.069,250.67260985477742,1.5999129,1.5400658,340.9757,fused,0,1,0,
1789426713978,1789426713950,997058796,42.0399438,-93.6502736,3.066,250.00289596467252,1.4799191,1.5564737,343.7533,fused,0,1,0,
1789426714979,1789426714949,997059796,42.0399576,-93.650278,3.04,249.77802165460497,1.4652635,1.5501596,346.47363,fused,0,1,0,
1789426715972,1789426715949,997060796,42.0399722,-93.6502825,3.037,250.06064193735665,1.4715344,1.534729,343.71225,fused,0,1,0,
1789426716970,1789426716950,997061796,42.0399889,-93.6502889,3.032,249.96998831023762,1.4929811,1.5553935,347.37424,fused,0,1,0,
1789426717976,1789426717950,997062796,42.0400023,-93.6502922,3.03,249.9801978311216,1.5226794,1.6006056,347.82156,fused,0,1,0,
1789426718975,1789426718949,997063796,42.0400181,-93.6502967,3.028,250.46080890900265,1.5677695,1.6235926,348.13358,fused,0,1,0,
1789426719974,1789426719950,997064796,42.0400334,-93.6503003,3.036,250.27657657826433,1.5830175,1.6469816,346.01273,fused,0,1,0,
1789426720971,1789426720950,997065796,42.0400475,-93.6503077,3.042,250.1435359240682,1.5547,1.6230091,334.4253,fused,0,1,0,
1789426721971,1789426721949,997066796,42.0400604,-93.6503193,3.041,250.19534922211284,1.6022246,1.6366206,331.57312,fused,0,1,0,
1789426722970,1789426722950,997067796,42.0400746,-93.6503309,3.059,249.9701691510586,1.5409145,1.6426392,333.46957,fused,0,1,0,
1789426723974,1789426723950,997068796,42.0400897,-93.6503433,3.07,250.1720924493921,1.562307,1.6516539,333.70956,fused,0,1,0,
1789426724972,1789426724950,997069797,42.040106,-93.650352,3.074,249.99968984260937,1.535577,1.7152827,338.60208,fused,0,1,0,
1789426725976,1789426725949,997070796,42.0401237,-93.6503599,3.064,250.0861392944368,1.540972,1.787159,334.55313,fused,0,1,0,
1789426726973,1789426726949,997071796,42.0401405,-93.6503696,3.062,250.0867403244867,1.5183039,1.7351836,337.64667,fused,0,1,0,
1789426727974,1789426727950,997072796,42.0401568,-93.6503783,3.055,250.03753247791752,1.4880824,1.7093132,338.0914,fused,0,1,0,
1789426728980,1789426728950,997073796,42.040173,-93.6503871,3.053,250.05238803933804,1.521397,1.7007309,338.55237,fused,0,1,0,
1789426729977,1789426729949,997074796,42.0401892,-93.6503961,3.05,250.0788603150553,1.5063739,1.6994507,335.5854,fused,0,1,0,
1789426730973,1789426730950,997075797,42.0402053,-93.6504054,3.051,250.0604917842037,1.5034693,1.7778925,333.77783,fused,0,1,0,
1789426731974,1789426731949,997076796,42.0402216,-93.6504158,3.053,250.68396115586688,1.5840911,1.7917322,332.67865,fused,0,1,0,
1789426732973,1789426732949,997077796,42.0402384,-93.6504249,3.048,250.85067699894302,1.5876762,1.8012216,336.19604,fused,0,1,0,
1789426733973,1789426733949,997078796,42.0402562,-93.6504311,3.045,250.69383737951978,1.7490722,1.7604507,341.3326,fused,0,1,0,
1789426734974,1789426734950,997079796,42.0402735,-93.6504357,3.052,251.10385237986975,1.8955768,1.756223,346.2991,fused,0,1,0,
1789426735970,1789426735950,997080796,42.0402931,-93.6504412,3.072,250.5319700647828,1.5583242,1.711833,345.54056,fused,0,1,0,
1789426736987,1789426736949,997081796,42.0403063,-93.6504442,3.079,250.64206008330956,1.5749382,1.721278,359.51324,fused,0,1,0,
1789426737975,1789426737950,997082796,42.0403196,-93.6504442,3.067,250.9578789887754,1.6087843,1.5234283,352.34827,fused,0,1,0,
1789426738974,1789426738949,997083796,42.0403308,-93.6504521,3.075,250.92752310347453,1.5806997,1.4331944,337.6878,fused,0,1,0,
1789426739883,1789426739866,997084712,42.040342,-93.650456,3.073,250.92752310347453,1.5806997,1.4279335,5.948346,fused,0,1,0,
1789426740971,1789426740949,997085796,42.0403545,-93.6504501,3.072,251.19290596190046,1.5961001,1.4739122,24.846413,fused,0,1,0,
1789426741977,1789426741951,997086797,42.0403669,-93.6504423,3.061,251.16307197064566,1.6415764,1.5104214,15.775478,fused,0,1,0,
1789426742971,1789426742950,997087796,42.0403841,-93.6504413,3.069,251.31188543135767,1.7868518,1.5484529,1.000871,fused,0,1,0,
1789426743974,1789426743949,997088796,42.0403974,-93.6504436,3.056,251.0287845924189,1.718297,1.5815567,358.18375,fused,0,1,0,
1789426744977,1789426744949,997089796,42.0404127,-93.6504454,3.053,250.51512582655533,1.4632659,1.6105589,0.31200385,fused,0,1,0,
1789426745953,1789426745933,997090779,42.0404287,-93.6504469,3.045,250.51512582655533,1.4632659,1.5839738,356.86362,fused,0,1,0,
1789426746975,1789426746949,997091796,42.0404463,-93.6504516,3.035,250.5179443359375,1.4476804,1.7045606,353.8338,fused,0,1,0,
1789426747973,1789426747949,997092796,42.0404626,-93.6504561,3.029,250.552490234375,1.4529444,1.7029488,351.1658,fused,0,1,0,
1789426748930,1789426748912,997093758,42.040478,-93.6504607,3.047,250.552490234375,1.4529444,1.6637297,349.52783,fused,0,1,0,
1789426749932,1789426749912,997094759,42.0404939,-93.650468,3.069,250.74724049472337,1.5187597,1.6600535,346.5077,fused,0,1,0,
1789426750972,1789426750950,997095796,42.0405095,-93.6504759,3.056,250.4578638441787,1.4317682,1.6839375,343.19336,fused,0,1,0,
1789426751975,1789426751950,997096796,42.0405248,-93.6504812,3.068,250.7493159343564,1.4905056,1.6473513,345.9819,fused,0,1,0,
1789426752974,1789426752949,997097796,42.04054,-93.6504841,3.076,250.74383544921875,1.4485646,1.649375,350.42438,fused,0,1,0,
1789426753976,1789426753949,997098796,42.0405554,-93.6504852,3.073,250.53023865572789,1.4622283,1.6386733,351.19794,fused,0,1,0,
1789426754974,1789426754950,997099796,42.040573,-93.6504894,3.05,250.80144262520696,1.4909835,1.679146,345.18024,fused,0,1,0,
1789426755979,1789426755950,997100796,42.0405862,-93.6504925,3.054,250.98040053895028,1.4798064,1.6315297,349.48642,fused,0,1,0,
1789426756975,1789426756949,997101796,42.040601,-93.6504965,3.043,250.31639936380628,1.4039527,1.6315652,343.32925,fused,0,1,0,
1789426757979,1789426757950,997102796,42.0406145,-93.6505041,3.029,250.3624538307364,1.4040657,1.5893927,335.2344,fused,0,1,0,
1789426758894,1789426758872,997103719,42.0406267,-93.6505111,3.022,250.3624538307364,1.4040657,1.5665516,338.05902,fused,0,1,0,
1789426759955,1789426759934,997104780,42.0406402,-93.6505173,3.014,250.44516991819512,1.411192,1.5437522,342.7431,fused,0,1,0,
1789426760978,1789426760950,997105796,42.0406514,-93.6505229,3.011,250.81449591369835,1.4166464,1.5408612,343.14194,fused,0,1,0,
1789426761971,1789426761950,997106797,42.0406642,-93.6505293,3.011,250.82999884338585,1.4830194,1.570129,341.59454,fused,0,1,0,
1789426762974,1789426762950,997107796,42.0406771,-93.6505361,3.011,251.0768948116409,1.5648807,1.5801425,340.06836,fused,0,1,0,
1789426763974,1789426763949,997108796,42.0406901,-93.6505429,3.006,250.86592090524675,1.522601,1.5725812,342.4329,fused,0,1,0,
1789426764975,1789426764950,997109796,42.040703,-93.6505497,3.018,251.01635092940967,1.4753377,1.5770308,340.61722,fused,0,1,0,
1789426765909,1789426765890,997110737,42.0407162,-93.6505564,3.045,251.01635092940967,1.4753377,1.5493715,340.158,fused,0,1,0,
1789426766974,1789426766949,997111796,42.0407268,-93.6505636,3.053,251.25380618100172,1.5023911,1.4382731,348.42834,fused,0,1,0,
1789426767993,1789426767950,997112796,42.0407399,-93.650563,3.061,251.66232141859444,1.5124347,1.5017397,9.370003,fused,0,1,0,
1789426768978,1789426768950,997113796,42.0407525,-93.6505551,3.067,251.64461355445047,1.4752003,1.4052875,12.959141,fused,0,1,0,
1789426769979,1789426769949,997114796,42.0407632,-93.6505479,3.092,253.00001525878906,1.5775259,1.3001388,20.135342,fused,0,1,0,
1789426770907,1789426770887,997115734,42.0407717,-93.6505374,3.128,253.00001525878906,1.5775259,1.2310511,47.102695,fused,0,1,0,
1789426771980,1789426771949,997116796,42.0407701,-93.6505215,3.086,253.00001525878906,1.6439302,1.1112721,65.99507,fused,0,1,0,
1789426772973,1789426772950,997117796,42.04077,-93.6505065,3.095,253.00001525878906,1.5881735,1.0670968,73.52399,fused,0,1,0,
1789426773949,1789426773930,997118776,42.0407715,-93.6504898,3.093,253.00001525878906,1.6302853,1.0030565,75.476204,fused,0,1,0,
1789426774981,1789426774951,997119797,42.040766,-93.6504743,3.076,253.00001525878906,1.4334438,1.1704463,60.642612,fused,0,1,0,
1789426775971,1789426775949,997120796,42.0407591,-93.6504605,3.072,253.00001525878906,1.4440719,1.2636354,103.77001,fused,0,1,0,
1789426776971,1789426776950,997121796,42.0407378,-93.6504626,3.092,253.00001525878906,1.4292015,0.9157253,208.35498,fused,0,1,0,
1789426777970,1789426777949,997122796,42.0407242,-93.6504798,3.092,253.00001525878906,1.5039065,0.65569836,237.93756,fused,0,1,0,
1789426778973,1789426778949,997123796,42.0407184,-93.6504915,3.077,253.00001525878906,1.3930105,0.455833,242.16603,fused,0,1,0,
1789426779973,1789426779950,997124796,42.0407157,-93.6505,3.072,253.00001525878906,1.3926727,0.23143269,247.34943,fused,0,1,0,
1789426780976,1789426780949,997125796,42.0407148,-93.6505035,3.033,253.00001525878906,1.5124705,0.11421649,252.45343,fused,0,1,0,
1789426781977,1789426781949,997126796,42.0407138,-93.6505071,3.0,253.00001525878906,1.38424,0.09118831,,fused,0,1,0,
1789426782980,1789426782949,997127796,42.0407132,-93.6505097,3.0,253.00001525878906,1.392583,0.090208694,,fused,0,1,0,
1789426783973,1789426783949,997128796,42.0407125,-93.6505118,3.0,253.00001525878906,1.4015456,0.085709326,,fused,0,1,0,
1789426784982,1789426784950,997129796,42.040712,-93.6505129,3.0,253.00001525878906,1.3904423,0.09398442,,fused,0,1,0,
1789426785986,1789426785950,997130796,42.0407111,-93.6505133,3.0,253.00001525878906,1.3748341,0.090357654,,fused,0,1,0,
1789426786988,1789426786949,997131796,42.0407104,-93.650514,3.0,253.00001525878906,1.3849245,0.089216016,,fused,0,1,0,
1789426787974,1789426787950,997132796,42.0407102,-93.6505142,3.0,253.00001525878906,1.3971295,0.087458245,,fused,0,1,0,
1789426788979,1789426788950,997133796,42.0407101,-93.6505142,3.0,252.03689928232154,1.3775554,0.0920502,,fused,0,1,0,
1789426789973,1789426789949,997134796,42.0407089,-93.6505159,3.0,252.37659650423524,1.4461643,0.106630296,272.27148,fused,0,1,0,
1789426790927,1789426790909,997135755,42.0407091,-93.6505168,3.0,252.37659650423524,1.4461643,0.09563299,,fused,0,1,0,
1789426791977,1789426791949,997136796,42.0407083,-93.6505193,3.0,252.70416418865278,1.4771711,0.50690174,260.05002,fused,0,1,0,
1789426792978,1789426792950,997137796,42.0407062,-93.6505196,3.0,252.6854045697906,1.5199974,0.60266477,232.35983,fused,0,1,0,
1789426793969,1789426793950,997138796,42.040703,-93.6505169,3.0,252.75645473793048,1.5303106,0.5005323,213.30519,fused,0,1,0,
1789426794976,1789426794949,997139796,42.0407036,-93.6505114,3.0,252.51339394991288,1.4585837,0.25094187,203.31284,fused,0,1,0,
1789426795978,1789426795950,997140796,42.0407059,-93.6505075,3.0,252.84590574312313,1.5082421,0.14383477,198.89247,fused,0,1,0,
1789426796927,1789426796907,997141754,42.040707,-93.6505055,3.0,252.72452904842555,1.4803466,0.12770444,218.17781,fused,0,1,0,
1789426797975,1789426797949,997142795,42.0407087,-93.6505071,3.0,252.94730194664106,1.525552,0.08768457,,fused,0,1,0,
1789426798979,1789426798949,997143796,42.0407095,-93.6505086,3.0,253.04126051093988,1.5221177,0.09782701,,fused,0,1,0,
1789426799985,1789426799948,997144795,42.0407099,-93.6505106,3.0,253.37761706561787,1.526803,0.15106045,200.50633,fused,0,1,0,
1789426800984,1789426800949,997145795,42.0407101,-93.6505113,3.0,253.58479325446586,1.6227582,0.23642525,177.08638,fused,0,1,0,
1789426801906,1789426801888,997146735,42.0407095,-93.6505118,3.0,253.58479325446586,1.6227582,0.21015847,173.5154,fused,0,1,0,
1789426802992,1789426802949,997147795,42.0407134,-93.650515,3.0,253.55784940286793,1.5687891,0.5483523,181.2245,fused,0,1,0,
1789426803988,1789426803949,997148795,42.0407119,-93.6505175,3.024,253.5395288531712,1.5844233,0.7605583,182.69504,fused,0,1,0,
1789426804977,1789426804949,997149796,42.0407177,-93.6505214,3.171,253.07236458953707,1.4384522,0.84674346,170.75175,fused,0,1,0,
1789426805872,1789426805852,997150698,42.0407133,-93.6505219,3.425,253.07236458953707,1.4384522,0.9839675,172.66914,fused,0,1,0,
1789426806969,1789426806946,997151792,42.0407283,-93.650525,3.488,253.08768441375582,1.4322176,1.1499461,167.79298,fused,0,1,0,
1789426807971,1789426807948,997152795,42.0407269,-93.6505243,3.458,253.54492391982131,1.488342,1.3370459,166.6997,fused,0,1,0,
1789426808976,1789426808949,997153795,42.0407122,-93.6505192,3.505,253.38382767108885,1.4464114,1.4714028,163.78378,fused,0,1,0,
1789426809976,1789426809949,997154795,42.0406966,-93.6505148,3.457,253.32430426485178,1.4196812,1.518996,184.04051,fused,0,1,0,
1789426810978,1789426810949,997155796,42.0407631,-93.6505479,3.333,253.71093183394828,1.417442,0.96199,193.01665,fused,0,1,0,
1789426811931,1789426811909,997156756,42.0408287,-93.6505768,3.749,253.71093183394828,1.417442,0.8880608,224.59384,fused,0,1,0,
1789426812971,1789426812949,997157795,42.0408709,-93.6506007,3.945,253.61488727735025,1.4133562,1.189852,307.55753,fused,0,1,0,
1789426813973,1789426813948,997158795,42.040888,-93.6506153,3.985,253.73257292127482,1.39671,1.4527595,320.8225,fused,0,1,0,
1789426814994,1789426814949,997159796,42.0409027,-93.6506275,4.046,253.75132819694278,1.3921698,1.4495053,322.80923,fused,0,1,0,
1789426815980,1789426815948,997160795,42.040914,-93.6506348,3.964,253.80013776944224,1.3885058,1.1986887,332.57178,fused,0,1,0,
1789426816972,1789426816949,997161795,42.0409245,-93.6506388,3.436,255.00001525878906,1.5866702,0.86668175,335.56516,fused,0,1,0,
1789426817978,1789426817949,997162796,42.0409293,-93.6506391,3.296,255.00001525878906,1.5783635,0.8970079,339.72638,fused,0,1,0,
1789426818996,1789426818949,997163795,42.0409375,-93.650638,3.173,255.00001525878906,1.6081672,0.8531104,3.0915532,fused,0,1,0,
1789426819973,1789426819948,997164795,42.040944,-93.6506258,3.042,255.00001525878906,1.6839523,1.0822644,106.402725,fused,0,1,0,
1789426820979,1789426820949,997165795,42.0409356,-93.6506091,3.024,255.00001525878906,2.3109136,1.5861866,162.8189,fused,0,1,0,
1789426821976,1789426821948,997166795,42.0409169,-93.6505975,3.016,255.00001525878906,2.3303668,1.6470323,155.99863,fused,0,1,0,
1789426822979,1789426822949,997167795,42.0408982,-93.650583,3.012,255.00001525878906,2.3516011,1.620377,151.41324,fused,0,1,0,
1789426823973,1789426823948,997168795,42.0408832,-93.6505719,3.015,255.00001525878906,2.3297994,1.5923536,149.7998,fused,0,1,0,
1789426824972,1789426824949,997169795,42.0408675,-93.6505623,3.017,255.00001525878906,2.2011187,1.5679704,150.01831,fused,0,1,0,
1789426825972,1789426825949,997170795,42.0408552,-93.6505466,3.021,255.00001525878906,2.1194515,1.700232,94.776024,fused,0,1,0,
1789426826975,1789426826948,997171795,42.04086,-93.6505328,3.024,255.00001525878906,2.2287812,1.1512778,40.656055,fused,0,1,0,
1789426827976,1789426827948,997172795,42.0408645,-93.6505301,3.026,255.00001525878906,2.0670393,0.7091452,53.276657,fused,0,1,0,
1789426828983,1789426828948,997173795,42.0408654,-93.6505311,3.026,255.00001525878906,2.0827458,0.4595965,53.57243,fused,0,1,0,
1789426829978,1789426829948,997174795,42.0408659,-93.650533,3.008,255.00001525878906,1.9040259,0.2820277,7.7986917,fused,0,1,0,
1789426830977,1789426830948,997175795,42.040865,-93.6505322,3.0,255.00001525878906,1.8603338,0.2749875,42.857403,fused,0,1,0,
1789426831976,1789426831948,997176795,42.0408567,-93.6505257,3.0,254.5006559804532,1.5236918,0.19854745,49.03549,fused,0,1,0,
1789426832974,1789426832948,997177795,42.0408514,-93.6505223,3.0,254.63231485496118,1.653562,0.16927499,62.21855,fused,0,1,0,
1789426833976,1789426833949,997178795,42.0408502,-93.650513,3.0,254.2248264710288,1.475843,0.4854646,46.665237,fused,0,1,0,
1789426834979,1789426834949,997179796,42.0408493,-93.6504985,3.0,254.13452808279573,1.4642313,0.68696314,140.15074,fused,0,1,0,
1789426835977,1789426835948,997180795,42.0408388,-93.6504841,3.0,253.80812112744752,1.3853334,1.032813,173.17938,fused,0,1,0,
1789426836979,1789426836948,997181795,42.0408174,-93.6504725,3.0,254.20231016790723,1.4837849,1.3497087,165.0126,fused,0,1,0,
1789426837866,1789426837850,997182696,42.0408041,-93.6504646,3.0,254.20231016790723,1.4837849,1.5030121,158.09543,fused,0,1,0,
1789426838830,1789426838808,997183654,42.0407899,-93.6504497,3.0,253.77224772234973,1.3899983,1.5221969,130.7106,fused,0,1,0,
1789426839977,1789426839949,997184795,42.0407902,-93.6504222,3.0,253.90966445288853,1.3930426,1.4993103,47.09021,fused,0,1,0,
1789426840977,1789426840948,997185795,42.0407966,-93.6504147,3.0,254.24786768972234,1.4674844,1.0416707,55.31784,fused,0,1,0,
1789426841975,1789426841950,997186796,42.0407968,-93.650417,3.0,253.70351202105718,1.4448447,0.67954785,58.758358,fused,0,1,0,
1789426842978,1789426842949,997187795,42.0407972,-93.6504221,3.0,253.69358483712728,1.4135128,0.5332819,19.948805,fused,0,1,0,
1789426843908,1789426843890,997188737,42.0407963,-93.6504255,3.0,253.69358483712728,1.4135128,0.3767885,136.09651,fused,0,1,0,
1789426844978,1789426844948,997189795,42.0407778,-93.6504346,3.0,255.00001525878906,2.272605,0.88187087,172.90945,fused,0,1,0,
1789426845930,1789426845910,997190757,42.0407694,-93.6504344,3.0,255.00001525878906,2.272605,1.0427023,152.78537,fused,0,1,0,
1789426846974,1789426846949,997191795,42.0407526,-93.6504307,3.0,253.17724357629186,2.2684712,1.38377,108.57304,fused,0,1,0,
1789426847984,1789426847950,997192796,42.0407504,-93.6504179,3.0,253.10164028172596,2.0518363,1.3761357,53.765083,fused,0,1,0,
1789426848982,1789426848949,997193795,42.040752,-93.65042,3.0,253.05753212558233,2.0445724,0.84015524,38.148975,fused,0,1,0,
1789426849975,1789426849949,997194795,42.0407515,-93.6504272,3.0,253.2026838547656,2.3810165,0.73710686,23.564579,fused,0,1,0,
1789426850976,1789426850949,997195795,42.0407492,-93.6504359,3.0,253.17590232564805,2.3965948,0.3753277,356.55203,fused,0,1,0,
1789426851947,1789426851927,997196773,42.0407481,-93.6504393,3.0,253.17590232564805,2.3965948,0.24764092,2.9376378,fused,0,1,0,
1789426852977,1789426852948,997197795,42.0407471,-93.6504415,3.0,253.0761411869314,2.2658467,0.5096201,352.19632,fused,0,1,0,
1789426853974,1789426853949,997198796,42.0407509,-93.6504411,3.0,255.00001525878906,2.042421,0.6417777,13.732625,fused,0,1,0,
1789426854976,1789426854948,997199795,42.040753,-93.6504392,3.0,253.05035358426824,2.2675467,0.39436477,24.462234,fused,0,1,0,
1789426855981,1789426855949,997200795,42.040755,-93.6504384,3.0,253.13936452292114,2.121305,0.57037926,13.704574,fused,0,1,0,
1789426856978,1789426856949,997201795,42.040762,-93.6504383,3.0,255.00001525878906,2.0600834,0.7681011,3.6574767,fused,0,1,0,
1789426857983,1789426857949,997202795,42.0407777,-93.6504373,3.0,253.26589789933598,1.6991738,0.99646336,33.50732,fused,0,1,0,
1789426858924,1789426858905,997203752,42.0407799,-93.650431,3.0,253.26589789933598,1.6991738,0.793413,82.572205,fused,0,1,0,
1789426859994,1789426859948,997204795,42.04078,-93.6504482,3.0,253.01578559694286,1.5420964,0.2275502,94.235405,fused,0,1,0,
1789426860997,1789426860949,997205796,42.04078,-93.6504595,3.0,255.00001525878906,2.0451741,0.11521321,100.358604,fused,0,1,0,
1789426861990,1789426861948,997206795,42.04078,-93.6504664,3.0,255.00001525878906,2.049959,0.11782092,62.114437,fused,0,1,0,
1789426862981,1789426862949,997207795,42.04078,-93.6504714,3.0,255.00001525878906,1.7040032,0.12785377,53.143726,fused,0,1,0,
1789426863979,1789426863949,997208795,42.0407793,-93.6504734,3.0,255.00001525878906,1.7126501,0.10712732,76.6262,fused,0,1,0,
1789426864985,1789426864948,997209795,42.0407775,-93.6504768,3.0,253.22784270385102,1.6898594,0.08747962,,fused,0,1,0,
1789426865987,1789426865950,997210796,42.040776,-93.6504789,3.0,255.00001525878906,1.8631784,0.09750008,,fused,0,1,0,
1789426866979,1789426866948,997211795,42.0407745,-93.6504802,3.0,255.00001525878906,1.9992806,0.10127218,61.815926,fused,0,1,0,
1789426867982,1789426867949,997212795,42.0407727,-93.6504818,3.0,255.00001525878906,1.6209067,0.10334911,62.28269,fused,0,1,0,
1789426868980,1789426868948,997213795,42.0407701,-93.6504836,3.0,255.00001525878906,1.6832668,0.11645641,80.26685,fused,0,1,0,
1789426869988,1789426869952,997214799,42.0407694,-93.6504835,3.0,255.00001525878906,1.7830086,0.14879134,70.05727,fused,0,1,0,
1789426870994,1789426870949,997215795,42.0407673,-93.6504866,3.0,255.00001525878906,2.2262661,0.12377536,70.33203,fused,0,1,0,
1789426871986,1789426871949,997216795,42.0407662,-93.6504878,3.0,255.00001525878906,2.4079316,0.12560394,81.5534,fused,0,1,0,
1789426872976,1789426872949,997217795,42.0407652,-93.6504883,3.0,255.00001525878906,2.3290675,0.111751735,81.39118,fused,0,1,0,
1789426873979,1789426873949,997218795,42.0407636,-93.6504901,3.0,255.00001525878906,2.323129,0.102192156,87.75877,fused,0,1,0,
1789426874980,1789426874949,997219795,42.0407627,-93.6504913,3.0,255.00001525878906,2.2472456,0.1099672,34.150364,fused,0,1,0,
1789426875981,1789426875948,997220795,42.0407609,-93.6504933,3.0,255.00001525878906,2.4631639,0.1473673,18.809162,fused,0,1,0,
1789426876989,1789426876950,997221796,42.0407587,-93.6504951,3.0,255.00001525878906,2.2155094,0.11477413,22.89597,fused,0,1,0,
1789426877987,1789426877948,997222795,42.0407554,-93.6504971,3.0,255.00001525878906,2.445277,0.095190175,,fused,0,1,0,
1789426878988,1789426878948,997223795,42.0407527,-93.650499,3.0,255.00001525878906,2.5303328,0.103067726,38.09132,fused,0,1,0,
1789426879970,1789426879948,997224795,42.0407501,-93.6505006,3.0,255.00001525878906,2.5861104,0.108269505,32.401276,fused,0,1,0,
1789426880975,1789426880949,997225795,42.040748,-93.6505022,3.0,255.00001525878906,2.6140025,0.10839363,32.877594,fused,0,1,0,
1789426881976,1789426881949,997226796,42.0407467,-93.6505043,3.0,255.00001525878906,2.599428,0.1599994,27.574465,fused,0,1,0,
1789426882947,1789426882927,997227773,42.0407472,-93.6505046,3.0,255.00001525878906,2.599428,0.14231007,15.1318035,fused,0,1,0,
1789426883975,1789426883948,997228795,42.0407505,-93.6505107,3.0,255.00001525878906,2.466025,0.4299094,357.80542,fused,0,1,0,
1789426884979,1789426884948,997229795,42.0407614,-93.6505165,3.0,255.00001525878906,2.1318183,0.73659736,19.969868,fused,0,1,0,
1789426885975,1789426885948,997230795,42.0407704,-93.6505134,3.0,255.00001525878906,2.1328607,0.9573196,37.216343,fused,0,1,0,
1789426886974,1789426886949,997231796,42.0407803,-93.6505126,3.0,255.00001525878906,1.6016071,1.00677,37.909267,fused,0,1,0,
1789426887927,1789426887907,997232754,42.0407835,-93.650503,3.003,255.00001525878906,1.6016071,1.008442,128.72028,fused,0,1,0,
1789426888981,1789426888949,997233795,42.0407877,-93.650508,3.003,255.00001525878906,1.5111027,1.0710348,133.30196,fused,0,1,0,
1789426889977,1789426889950,997234796,42.0407895,-93.6505042,3.004,255.00001525878906,1.5207094,1.131567,110.92649,fused,0,1,0,
1789426890973,1789426890949,997235795,42.0407959,-93.6504948,3.042,255.00001525878906,1.5982924,1.2051303,76.48539,fused,0,1,0,
1789426891964,1789426891947,997236793,42.0408007,-93.6504828,3.228,255.00001525878906,1.5982924,1.2015206,81.45287,fused,0,1,0,
1789426892971,1789426892949,997237795,42.0408184,-93.6504727,3.242,255.00001525878906,1.6202056,1.2056047,85.119385,fused,0,1,0,
1789426893972,1789426893949,997238795,42.0408159,-93.6504626,3.242,255.00001525878906,1.6946555,1.1794981,142.4605,fused,0,1,0,
1789426894884,1789426894865,997239712,42.0408073,-93.6504553,3.242,255.00001525878906,1.6946555,1.1831212,138.52415,fused,0,1,0,
1789426895930,1789426895910,997240756,42.0408001,-93.6504499,3.208,255.00001525878906,1.501865,1.2018825,162.12895,fused,0,1,0,
1789426896974,1789426896948,997241795,42.0408029,-93.6504672,3.018,255.00001525878906,1.6441152,0.89193004,256.2933,fused,0,1,0,
1789426897974,1789426897950,997242796,42.0408085,-93.6504844,3.0,255.00001525878906,1.55575,0.52932686,278.34824,fused,0,1,0,
1789426898974,1789426898950,997243796,42.0408097,-93.6504879,3.0,255.00001525878906,1.5308626,0.27356893,280.84375,fused,0,1,0,
1789426899983,1789426899950,997244796,42.04081,-93.6504907,3.0,255.00001525878906,1.6944662,0.15521523,275.658,fused,0,1,0,
1789426900977,1789426900949,997245795,42.0408098,-93.6504943,3.0,255.00001525878906,2.3240328,0.1668646,290.41467,fused,0,1,0,
1789426901979,1789426901949,997246796,42.0408088,-93.6504995,3.0,255.00001525878906,2.3174329,0.11847098,298.27945,fused,0,1,0,
1789426902980,1789426902948,997247795,42.0408076,-93.6505055,3.0,255.00001525878906,2.0266614,0.10620269,311.1409,fused,0,1,0,
1789426903971,1789426903948,997248795,42.0408076,-93.6505087,3.0,255.00001525878906,2.1276326,0.2443824,299.1157,fused,0,1,0,
1789426904905,1789426904886,997249733,42.0408083,-93.6505127,3.0,255.00001525878906,2.1276326,0.23530023,279.34634,fused,0,1,0,
1789426905975,1789426905948,997250795,42.0408105,-93.6505276,3.0,255.00001525878906,2.1149266,0.55988383,269.9555,fused,0,1,0,
1789426906981,1789426906948,997251795,42.0408118,-93.6505385,3.0,255.00001525878906,2.1165915,0.58692485,263.4284,fused,0,1,0,
1789426907988,1789426907949,997252796,42.0408127,-93.6505449,3.0,255.00001525878906,2.3722649,0.3400268,274.22223,fused,0,1,0,
1789426908991,1789426908951,997253797,42.040813,-93.6505468,3.0,255.00001525878906,2.467789,0.24471536,273.71628,fused,0,1,0,
1789426909977,1789426909949,997254795,42.0408083,-93.6505555,3.0,255.00001525878906,2.5482774,0.16211306,284.79913,fused,0,1,0,
1789426910982,1789426910948,997255795,42.0408044,-93.6505603,3.0,255.00001525878906,2.26969,0.124882825,305.17264,fused,0,1,0,
1789426911979,1789426911948,997256795,42.040801,-93.6505628,3.0,255.00001525878906,2.2414954,0.13101386,286.56104,fused,0,1,0,
1789426912985,1789426912949,997257795,42.0407961,-93.6505659,3.0,255.00001525878906,2.1870646,0.1313235,261.87076,fused,0,1,0,
1789426913991,1789426913948,997258795,42.0407912,-93.6505696,3.0,255.00001525878906,2.1209335,0.17795512,256.9704,fused,0,1,0,
1789426914992,1789426914948,997259795,42.0407878,-93.6505744,3.0,255.00001525878906,2.208508,0.33326185,267.99753,fused,0,1,0,
1789426915865,1789426915849,997260696,42.040787,-93.6505812,3.0,255.00001525878906,2.208508,0.33981773,273.15848,fused,0,1,0,
1789426916786,1789426916766,997261613,42.0407877,-93.6505958,3.001,255.00001525878906,1.4565597,0.7995914,273.09796,fused,0,1,0,
1789426917847,1789426917827,997262673,42.0407917,-93.6506138,3.0,255.00001525878906,1.6090249,1.209996,279.1616,fused,0,1,0,
1789426918905,1789426918888,997263734,42.0407953,-93.650619,3.003,255.00001525878906,1.5391084,1.3164912,280.28336,fused,0,1,0,
1789426919971,1789426919949,997264795,42.0408005,-93.6506127,3.003,255.00001525878906,1.5116526,1.3825918,291.35983,fused,0,1,0,
1789426920974,1789426920949,997265796,42.0408057,-93.6506152,3.003,255.00001525878906,1.5601623,1.3678747,296.85516,fused,0,1,0,
1789426921991,1789426921948,997266795,42.0408117,-93.65062,3.002,255.00001525878906,1.5370888,1.3771826,301.86978,fused,0,1,0,
1789426922977,1789426922948,997267795,42.0408196,-93.6506321,3.002,255.00001525878906,1.4954318,1.4861846,304.5791,fused,0,1,0,
1789426923972,1789426923948,997268795,42.0408286,-93.6506494,3.029,255.00001525878906,1.4695106,1.532819,300.87363,fused,0,1,0,
1789426924891,1789426924870,997269716,42.0408363,-93.6506662,3.1,255.00001525878906,1.4695106,1.5485902,299.88312,fused,0,1,0,
1789426925977,1789426925949,997270795,42.0408434,-93.6506846,3.286,255.00001525878906,1.5300175,1.4359533,298.61807,fused,0,1,0,
1789426926974,1789426926949,997271795,42.0408507,-93.6507025,3.571,255.00001525878906,1.4961861,1.4165751,300.79608,fused,0,1,0,
1789426927974,1789426927948,997272795,42.0408572,-93.6507199,4.022,255.00001525878906,1.4702138,1.4102715,293.07565,fused,0,1,0,
1789426928977,1789426928949,997273795,42.0409077,-93.6504969,4.499,256.7979025055718,2.0498066,1.420774,20.496275,fused,0,1,0,
1789426929977,1789426929949,997274796,42.0409199,-93.650496,4.737,255.00001525878906,2.3410325,1.472198,11.663036,fused,0,1,0,
1789426930991,1789426930949,997275795,42.0409365,-93.650491,4.702,255.00001525878906,2.2153938,1.4307323,8.5723915,fused,0,1,0,
1789426931890,1789426931870,997276716,42.0409505,-93.6504882,4.579,255.00001525878906,2.2153938,1.4500135,3.9728966,fused,0,1,0,
1789426932963,1789426932948,997277794,42.0409693,-93.6504902,4.335,255.00001525878906,2.4424636,1.5066576,358.66125,fused,0,1,0,
1789426933973,1789426933949,997278795,42.0409895,-93.6504918,3.878,255.00001525878906,2.1066823,1.4418745,358.37973,fused,0,1,0,
1789426934974,1789426934950,997279796,42.0410006,-93.6504937,3.666,256.66516513867,2.145973,1.4933243,356.80743,fused,0,1,0,
1789426935973,1789426935948,997280795,42.0410152,-93.6504978,3.424,255.00001525878906,2.1158094,1.5108031,352.12817,fused,0,1,0,
1789426936974,1789426936948,997281795,42.0410296,-93.6505028,3.223,256.6691752696937,2.118241,1.5606637,351.30157,fused,0,1,0,
1789426937977,1789426937948,997282795,42.041043,-93.6505102,3.115,256.81618264069186,2.1972106,1.5339596,340.51773,fused,0,1,0,
1789426938969,1789426938949,997283795,42.0410596,-93.6505236,3.1,256.7006756457123,2.025556,1.5049807,338.5199,fused,0,1,0,
1789426939973,1789426939949,997284795,42.0410687,-93.6505313,3.085,256.8079407232634,1.9861147,1.5517846,332.3348,fused,0,1,0,
1789426940926,1789426940907,997285753,42.0410806,-93.6505424,3.097,256.8079407232634,1.9861147,1.583898,329.34393,fused,0,1,0,
1789426941952,1789426941933,997286780,42.0410944,-93.6505544,3.113,257.0619663475496,2.2956898,1.5940306,327.84558,fused,0,1,0,
1789426942946,1789426942925,997287772,42.041107,-93.6505665,3.113,257.15669871114926,2.1721253,1.5757291,323.25443,fused,0,1,0,
1789426943968,1789426943949,997288795,42.0411189,-93.6505772,3.097,256.66544463136205,1.5481663,1.4810367,324.57263,fused,0,1,0,
1789426944976,1789426944949,997289795,42.0411295,-93.6505907,3.078,257.3536714872587,1.7310501,1.459694,307.80014,fused,0,1,0,
1789426945974,1789426945949,997290795,42.0411377,-93.6506072,3.055,257.2066210219702,1.6554329,1.4596478,301.9392,fused,0,1,0,
1789426946972,1789426946948,997291795,42.0411458,-93.6506232,3.016,257.5051883447765,1.6415781,1.4049342,298.33383,fused,0,1,0,
1789426947971,1789426947949,997292795,42.0411549,-93.6506451,3.001,257.31784389609464,1.6951282,1.3469623,297.30908,fused,0,1,0,
1789426948976,1789426948948,997293795,42.0411633,-93.6506499,3.0,257.1184162435597,1.579805,1.3829229,355.23694,fused,0,1,0,
1789426949971,1789426949950,997294796,42.0411775,-93.6506423,3.0,257.2004222052141,1.6618606,1.3734171,20.036497,fused,0,1,0,
1789426950979,1789426950949,997295795,42.0411902,-93.6506426,3.0,257.22403386657743,1.6427085,1.3109134,307.26263,fused,0,1,0,
1789426951972,1789426951949,997296795,42.0411903,-93.6506626,3.0,257.23736636055474,1.6419955,1.492985,244.77802,fused,0,1,0,
1789426952890,1789426952870,997297717,42.0411829,-93.6506809,3.005,257.23736636055474,1.6419955,1.4807453,240.03839,fused,0,1,0,
1789426953974,1789426953948,997298795,42.0411725,-93.6507006,3.006,258.0066599652969,1.9478531,1.4255915,241.60301,fused,0,1,0,
1789426954977,1789426954949,997299795,42.041165,-93.650718,3.005,258.0869681656476,1.9227558,1.4351028,240.63547,fused,0,1,0,
1789426955973,1789426955948,997300795,42.0411552,-93.6507327,3.005,258.14856582974176,1.8633028,1.4157077,211.91116,fused,0,1,0,
1789426956970,1789426956950,997301796,42.0411421,-93.6507407,3.005,257.77590727862685,1.8903769,1.4051012,210.22398,fused,0,1,0,
1789426957978,1789426957948,997302795,42.0411301,-93.6507489,3.0,258.1494924194994,2.5147266,1.3991352,197.61324,fused,0,1,0,
1789426958979,1789426958950,997303796,42.0411193,-93.6507554,3.0,258.1859260894281,2.373785,1.2720175,214.1432,fused,0,1,0,
1789426959972,1789426959949,997304795,42.0411131,-93.6507637,3.0,258.07206168750577,2.2480688,0.9296076,216.9865,fused,0,1,0,
1789426960969,1789426960949,997305795,42.0411079,-93.6507686,3.0,258.42952495017687,2.7489057,0.64528984,202.8696,fused,0,1,0,
1789426961971,1789426961949,997306796,42.0411074,-93.6507664,3.0,257.82063533002287,2.297933,0.36941165,183.33261,fused,0,1,0,
1789426962975,1789426962948,997307795,42.0411077,-93.6507649,3.0,257.8934006328641,2.2297568,0.18565466,183.45717,fused,0,1,0,
1789426963980,1789426963948,997308795,42.041109,-93.6507639,3.0,258.1904676453116,2.3391714,0.1461737,185.90575,fused,0,1,0,
1789426964979,1789426964949,997309796,42.0411096,-93.650762,3.0,258.09471579063324,2.2661757,0.17824225,137.06453,fused,0,1,0,
1789426965985,1789426965948,997310795,42.0411105,-93.6507575,3.0,258.1418650769154,2.407869,0.24096213,78.18255,fused,0,1,0,
1789426966904,1789426966889,997311735,42.0411125,-93.6507548,3.0,258.1418650769154,2.407869,0.21770051,0.5417624,fused,0,1,0,
1789426967988,1789426967950,997312796,42.0411236,-93.6507477,3.0,258.4186690238297,2.5455167,0.66270554,349.6471,fused,0,1,0,
1789426968978,1789426968949,997313795,42.0411365,-93.6507363,3.0,258.4880213911797,2.2604089,0.84163266,42.20983,fused,0,1,0,
1789426969971,1789426969949,997314795,42.041135,-93.6507205,3.0,258.4022001971665,2.2728348,0.97272265,120.34543,fused,0,1,0,
1789426970973,1789426970949,997315795,42.0411223,-93.6507122,3.0,258.4794389759522,2.1460516,1.0137577,172.02208,fused,0,1,0,
1789426971976,1789426971948,997316795,42.0411092,-93.6507156,3.0,258.4290142569214,2.0155764,0.9687872,198.52254,fused,0,1,0,
1789426972971,1789426972949,997317795,42.041098,-93.6507193,3.0,258.3161818866726,1.9823115,1.0147934,155.0809,fused,0,1,0,
1789426973892,1789426973871,997318718,42.0410893,-93.6507175,3.036,258.3161818866726,1.9823115,1.0623074,164.70319,fused,0,1,0,
1789426974970,1789426974948,997319795,42.041085,-93.650741,3.065,258.1792882046149,1.9681134,0.8415866,247.97832,fused,0,1,0,
1789426975976,1789426975950,997320796,42.0410924,-93.6507556,3.066,258.51800024609156,1.8894228,0.73437446,324.6757,fused,0,1,0,
1789426976982,1789426976949,997321795,42.0411016,-93.650757,3.066,258.919618105909,1.8465663,0.5323137,0.22800636,fused,0,1,0,
1789426977976,1789426977949,997322795,42.0411024,-93.6507551,3.078,258.6376752170933,1.8683902,0.30965042,355.80673,fused,0,1,0,
1789426978981,1789426978948,997323795,42.0411021,-93.6507528,3.049,258.8107754296649,1.8473049,0.3536121,0.6613757,fused,0,1,0,
1789426979982,1789426979949,997324795,42.0411016,-93.6507501,3.015,258.53066394164637,1.8175566,0.2063812,357.93365,fused,0,1,0,
1789426980978,1789426980949,997325795,42.0411001,-93.6507475,3.0,258.38437292443126,1.8286139,0.13567711,354.53604,fused,0,1,0,
1789426981985,1789426981949,997326795,42.0410982,-93.6507444,3.0,257.84009550676717,1.5989418,0.09427235,,fused,0,1,0,
1789426982985,1789426982948,997327795,42.0410971,-93.6507437,3.0,257.9762451803993,1.5969616,0.108625874,349.15134,fused,0,1,0,
1789426983976,1789426983949,997328795,42.0410957,-93.6507436,3.0,258.7101788138261,1.7211976,0.09234747,,fused,0,1,0,
1789426984977,1789426984949,997329795,42.0410961,-93.6507443,3.0,258.3747326536683,1.705624,0.18261997,353.6917,fused,0,1,0,
1789426985976,1789426985949,997330795,42.0410986,-93.6507466,3.0,258.1895417085555,1.6582091,0.3202,316.77557,fused,0,1,0,
1789426986977,1789426986949,997331795,42.0411044,-93.6507546,3.0,258.3658424208175,2.2836297,0.4758896,305.1366,fused,0,1,0,
1789426987891,1789426987873,997332719,42.0411101,-93.6507598,3.0,258.3658424208175,2.2836297,0.5250344,344.73483,fused,0,1,0,
1789426988979,1789426988949,997333795,42.0411186,-93.6507615,3.002,258.33018649334,2.333363,0.4809885,8.32106,fused,0,1,0,
1789426989979,1789426989949,997334795,42.0411269,-93.6507624,3.02,258.42119377001575,2.461094,0.72760725,9.16891,fused,0,1,0,
1789426990890,1789426990868,997335714,42.0411361,-93.6507617,3.069,258.42119377001575,2.461094,0.8413002,353.68143,fused,0,1,0,
1789426991981,1789426991948,997336795,42.0411465,-93.6507804,3.147,258.39879228998643,2.2573478,1.0484041,278.96017,fused,0,1,0,
1789426992973,1789426992950,997337796,42.0411525,-93.6507944,3.263,258.43407370087107,2.2359846,1.0102985,330.79752,fused,0,1,0,
1789426993978,1789426993949,997338795,42.041159,-93.6507918,3.294,258.3878140867934,2.0545323,0.7812769,57.076893,fused,0,1,0,
1789426994973,1789426994949,997339795,42.0411572,-93.6507843,3.299,258.4771147123348,2.2138839,0.57860434,93.40145,fused,0,1,0,
1789426995977,1789426995949,997340795,42.0411546,-93.6507813,3.209,258.29472980031363,1.9850842,0.40133753,81.557335,fused,0,1,0,
1789426996977,1789426996948,997341795,42.0411529,-93.6507809,3.154,258.04460502663727,1.8624367,0.2352122,113.34502,fused,0,1,0,
1789426997973,1789426997949,997342795,42.041148,-93.6507768,3.044,258.1559020039221,1.9434545,0.4769273,122.42707,fused,0,1,0,
1789426998983,1789426998949,997343796,42.0411451,-93.6507753,3.001,258.2344499223269,2.130375,0.3010734,133.18027,fused,0,1,0,
1789426999977,1789426999949,997344795,42.0411427,-93.6507752,3.0,258.3231396078374,2.158574,0.20366791,132.42903,fused,0,1,0,
1789427000982,1789427000950,997345796,42.0411416,-93.6507755,3.0,258.2303575836717,2.0610588,0.13847017,135.29689,fused,0,1,0,
1789427001980,1789427001948,997346795,42.0411404,-93.6507757,3.0,257.8561549787386,1.7689595,0.12225539,130.64397,fused,0,1,0,
1789427002979,1789427002948,997347795,42.0411394,-93.650776,3.0,257.81950659193933,1.8097242,0.11190993,126.54435,fused,0,1,0,
1789427003983,1789427003948,997348795,42.0411389,-93.6507765,3.0,257.8655602753236,1.7886113,0.102870494,126.08462,fused,0,1,0,
1789427004986,1789427004948,997349795,42.0411385,-93.6507769,3.0,257.78989459448144,1.7786222,0.10357212,125.10307,fused,0,1,0,
1789427005973,1789427005948,997350795,42.0411385,-93.6507774,3.0,258.05558513666307,1.8055433,0.09533705,,fused,0,1,0,
1789427006974,1789427006949,997351795,42.0411382,-93.6507776,3.0,258.09069704705263,1.7050643,0.08845801,,fused,0,1,0,
1789427007973,1789427007949,997352795,42.0411384,-93.6507779,3.0,258.06018350365395,1.6680369,0.09218194,,fused,0,1,0,
1789427008975,1789427008948,997353795,42.0411379,-93.650778,3.0,258.15742553350066,1.7103181,0.091965,,fused,0,1,0,
1789427009979,1789427009949,997354795,42.0411375,-93.6507768,3.0,258.3055753520765,1.7257305,0.08938386,,fused,0,1,0,
1789427010980,1789427010948,997355795,42.0411371,-93.6507766,3.0,258.3285345780323,1.7332963,0.0843861,,fused,0,1,0,
1789427011973,1789427011949,997356795,42.041137,-93.6507762,3.0,257.85515437139884,1.7149587,0.08647635,,fused,0,1,0,
1789427012973,1789427012948,997357795,42.0411371,-93.6507758,3.0,257.93321980982705,1.693379,0.08567677,,fused,0,1,0,
1789427013968,1789427013949,997358795,42.0411365,-93.6507759,3.0,258.3240314030204,1.8375506,0.09774835,,fused,0,1,0,
1789427014973,1789427014949,997359796,42.0411364,-93.6507761,3.0,258.1017627541715,1.782279,0.09997512,,fused,0,1,0,
1789427015971,1789427015948,997360795,42.0411362,-93.650776,3.0,258.66914826688105,2.3920465,0.06568572,,fused,0,1,0,
1789427016972,1789427016948,997361795,42.0411358,-93.6507756,3.0,258.20095597806124,2.6205356,0.09641812,,fused,0,1,0,
1789427017975,1789427017948,997362795,42.0411354,-93.6507751,3.0,257.93774227663806,2.421651,0.09036612,,fused,0,1,0,
1789427018970,1789427018949,997363795,42.041135,-93.6507748,3.0,257.78273976938607,2.49597,0.08443276,,fused,0,1,0,
1789427019971,1789427019948,997364795,42.0411347,-93.6507747,3.0,257.94284045300753,2.7335064,0.082951844,,fused,0,1,0,
1789427020971,1789427020948,997365795,42.0411346,-93.6507746,3.0,258.0871446391573,2.7046807,0.08169747,,fused,0,1,0,
1789427021973,1789427021949,997366795,42.0411343,-93.6507744,3.0,257.8839258228564,2.3281355,0.07917744,,fused,0,1,0,
1789427022978,1789427022949,997367795,42.0411342,-93.6507744,3.0,257.4488618484104,2.5909038,0.079831235,,fused,0,1,0,
1789427023974,1789427023949,997368795,42.0411341,-93.6507743,3.0,257.5830343940119,2.396647,0.23837456,126.97618,fused,0,1,0,
1789427024973,1789427024948,997369795,42.0411333,-93.6507733,3.0,257.52461761595725,2.2527394,0.10239611,124.088394,fused,0,1,0,
1789427025972,1789427025948,997370795,42.0411334,-93.6507735,3.0,257.6429649965164,2.418503,0.08567317,,fused,0,1,0,
1789427026977,1789427026949,997371796,42.0411335,-93.6507738,3.0,257.317636407816,2.1878493,0.07519473,,fused,0,1,0,
1789427027968,1789427027948,997372795,42.0411336,-93.6507741,3.0,257.68746048404023,2.1567564,0.068001136,,fused,0,1,0,
1789427028970,1789427028949,997373795,42.0411336,-93.6507746,3.0,257.7941177976289,2.195347,0.064297296,,fused,0,1,0,
1789427029972,1789427029948,997374795,42.0411336,-93.6507749,3.0,258.0826317826279,2.4028401,0.06312082,,fused,0,1,0,
1789427030974,1789427030948,997375795,42.0411336,-93.650775,3.0,258.050233153221,2.2675102,0.06209631,,fused,0,1,0,
1789427031969,1789427031949,997376795,42.0411335,-93.6507751,3.0,257.7749834230171,2.096881,0.06503709,,fused,0,1,0,
1789427032970,1789427032948,997377795,42.0411333,-93.6507754,3.0,257.7007256282816,1.9487797,0.1117974,121.909325,fused,0,1,0,
1789427033972,1789427033949,997378795,42.0411327,-93.650775,3.0,257.5645873081452,2.1228845,0.49150982,96.56265,fused,0,1,0,
1789427034974,1789427034949,997379795,42.0411285,-93.6507669,3.068,257.57261139562627,1.9935226,0.7082641,104.76964,fused,0,1,0,
1789427035893,1789427035874,997380720,42.0411267,-93.6507619,3.232,257.57261139562627,1.9935226,0.69413906,100.38401,fused,0,1,0,
1789427036977,1789427036948,997381795,42.0411133,-93.6507546,3.582,257.5571453130073,1.5825177,0.7050478,131.78093,fused,0,1,0,
1789427037973,1789427037952,997382799,42.0411074,-93.6507467,3.755,257.5571453130073,1.5825177,0.7858984,111.0347,fused,0,1,0,
1789427038983,1789427038948,997383795,42.0411044,-93.6507441,3.735,257.93490108457013,1.5629433,0.5233878,93.18271,fused,0,1,0,
1789427039984,1789427039948,997384795,42.0411051,-93.6507458,3.771,258.05118932008975,1.6178344,0.29249516,67.73125,fused,0,1,0,
1789427040984,1789427040949,997385795,42.041105,-93.6507473,3.6,258.1117957172834,1.5966257,0.27538478,70.29424,fused,0,1,0,
1789427041983,1789427041948,997386795,42.041102,-93.6507454,3.284,258.1560563665541,1.5860059,0.3744519,123.24836,fused,0,1,0,
1789427042971,1789427042949,997387795,42.0410974,-93.6507398,3.17,258.3838764049974,1.7231259,0.5589558,132.81715,fused,0,1,0,
1789427043975,1789427043950,997388796,42.0410947,-93.6507305,3.0,258.4084343696175,1.6780273,0.55723685,41.909637,fused,0,1,0,
1789427044975,1789427044949,997389795,42.0410978,-93.6507291,3.0,258.8183652675893,2.2009492,0.3808478,355.86484,fused,0,1,0,
1789427045972,1789427045948,997390795,42.0410984,-93.650729,3.0,258.42360897078777,2.5141244,0.23463555,9.181311,fused,0,1,0,
1789427046976,1789427046949,997391795,42.0410984,-93.6507244,3.0,258.23268636635595,2.572096,0.5073019,17.68448,fused,0,1,0,
1789427047976,1789427047950,997392796,42.0410947,-93.6507215,3.0,258.1991203088681,2.6202195,0.17006432,10.850388,fused,0,1,0,
1789427048980,1789427048950,997393796,42.0410922,-93.6507205,3.0,257.97632043347676,2.3845417,0.095480084,,fused,0,1,0,
1789427049980,1789427049949,997394795,42.0410907,-93.6507194,3.0,258.5156085172187,2.6046233,0.25152737,352.61118,fused,0,1,0,
1789427050979,1789427050948,997395795,42.0410896,-93.6507236,3.0,258.72606511933503,2.346029,0.33746505,301.24844,fused,0,1,0,
1789427051978,1789427051949,997396795,42.0410872,-93.6507324,3.0,258.21619865296475,2.5609865,0.41134182,319.42184,fused,0,1,0,
1789427052983,1789427052948,997397795,42.0410858,-93.6507482,3.0,258.14816162252976,2.0944612,0.5934941,346.46637,fused,0,1,0,
1789427053984,1789427053949,997398795,42.0410867,-93.650756,3.024,257.65610400419547,1.8273119,0.9615427,49.609814,fused,0,1,0,
1789427054975,1789427054948,997399795,42.0410904,-93.6507614,3.024,257.3590595859988,1.9338198,0.8239239,39.545486,fused,0,1,0,
1789427055980,1789427055948,997400795,42.0410954,-93.6507785,3.036,257.73174612129515,1.8968277,0.7808952,297.66058,fused,0,1,0,
1789427056977,1789427056949,997401795,42.0410979,-93.650798,3.084,257.90046495127825,1.882323,0.9610145,254.52925,fused,0,1,0,
1789427057979,1789427057948,997402795,42.0411024,-93.6508166,3.207,258.10158084127846,2.0480325,1.1429002,260.97986,fused,0,1,0,
1789427058980,1789427058949,997403795,42.0411144,-93.6508325,3.382,258.08563867910175,1.718858,1.2290303,304.3316,fused,0,1,0,
1789427059985,1789427059949,997404795,42.0411347,-93.6508268,3.763,257.6946922892372,1.9075123,1.1899797,4.2803454,fused,0,1,0,
1789427060979,1789427060949,997405795,42.0411448,-93.6508115,3.814,257.8573155894242,1.80862,0.93466365,82.51099,fused,0,1,0,
1789427061978,1789427061948,997406795,42.0411422,-93.6508029,3.983,258.0492354889105,1.7375019,0.59252393,92.82556,fused,0,1,0,
1789427062974,1789427062948,997407795,42.0411401,-93.6508039,4.022,257.86115527304025,1.7379253,0.21178195,86.950226,fused,0,1,0,
1789427063977,1789427063949,997408796,42.0411393,-93.6508061,3.718,257.929358838178,1.6627008,0.13837239,86.17832,fused,0,1,0,
1789427064970,1789427064949,997409795,42.0411394,-93.6508056,3.203,258.0438773817563,1.6637725,0.12108936,88.792076,fused,0,1,0,
1789427065974,1789427065949,997410796,42.0411398,-93.6508052,3.0,258.18109471496484,1.6739728,0.16694282,81.50985,fused,0,1,0,
1789427066971,1789427066948,997411795,42.0411412,-93.6508038,3.0,258.0259163723524,1.6817424,0.23014618,48.59724,fused,0,1,0,
1789427067907,1789427067888,997412734,42.0411429,-93.6508021,3.0,258.0259163723524,1.6817424,0.21622142,64.64444,fused,0,1,0,
1789427068974,1789427068949,997413795,42.0411408,-93.6507961,3.0,258.21465923011726,1.6776797,0.24873136,142.57344,fused,0,1,0,
1789427069953,1789427069933,997414779,42.0411379,-93.6507952,3.0,258.21465923011726,1.6776797,0.25325134,160.84485,fused,0,1,0,
1789427070970,1789427070948,997415795,42.0411347,-93.6507944,3.0,258.22538919142465,1.7009671,0.13916282,169.94644,fused,0,1,0,
1789427071974,1789427071950,997416796,42.0411324,-93.6507938,3.0,258.2306370827321,1.7039503,0.096629374,,fused,0,1,0,
1789427072972,1789427072948,997417795,42.0411312,-93.6507934,3.0,258.48205086216797,2.0190148,0.08273467,,fused,0,1,0,
1789427073970,1789427073949,997418795,42.0411303,-93.6507927,3.0,258.5460346445305,2.4253635,0.07263796,,fused,0,1,0,
1789427074977,1789427074948,997419795,42.0411298,-93.6507921,3.0,258.49599261976925,2.388684,0.07330659,,fused,0,1,0,
1789427075975,1789427075949,997420795,42.0411289,-93.6507917,3.0,258.285260244661,2.4411821,0.0641418,,fused,0,1,0,
1789427076976,1789427076948,997421795,42.0411285,-93.6507912,3.0,258.2877011567234,2.4767396,0.07204242,,fused,0,1,0,
1789427077981,1789427077950,997422796,42.041128,-93.6507907,3.0,258.22314013021537,2.4421701,0.06926239,,fused,0,1,0,
1789427078981,1789427078948,997423795,42.0411276,-93.6507906,3.0,258.3452653165294,2.6580327,0.073382296,,fused,0,1,0,
1789427079981,1789427079949,997424795,42.0411276,-93.6507917,3.0,258.712619334087,2.3866217,0.07687013,,fused,0,1,0,
1789427080983,1789427080948,997425795,42.041128,-93.6507925,3.0,258.27394370249766,2.472038,0.08923764,,fused,0,1,0,
1789427081982,1789427081948,997426795,42.0411281,-93.6507924,3.0,257.8827497930142,2.2798047,0.1011442,191.33418,fused,0,1,0,
1789427082982,1789427082948,997427795,42.0411277,-93.6507926,3.0,257.85877266032804,2.1572537,0.10068974,189.99599,fused,0,1,0,
1789427083976,1789427083949,997428795,42.0411278,-93.6507925,3.0,257.5728035677649,2.1708052,0.11050409,190.53738,fused,0,1,0,
1789427084979,1789427084949,997429795,42.0411284,-93.6507924,3.0,257.66776694808215,2.053168,0.1050566,192.13724,fused,0,1,0,
1789427085981,1789427085948,997430795,42.0411281,-93.6507924,3.0,257.74119200653814,2.1012895,0.10434171,185.96721,fused,0,1,0,
1789427086984,1789427086950,997431796,42.0411275,-93.6507915,3.0,257.7399952526327,2.1887124,0.09717289,,fused,0,1,0,
1789427087980,1789427087949,997432795,42.0411262,-93.6507924,3.0,258.0375791196369,2.160484,0.11740001,176.89195,fused,0,1,0,
1789427088968,1789427088949,997433796,42.0411241,-93.650791,3.0,258.0920694577865,2.1185694,0.22912231,140.30673,fused,0,1,0,
1789427089976,1789427089949,997434795,42.0411192,-93.6507861,3.0,257.5991815155407,2.1765194,0.4039594,106.90218,fused,0,1,0,
1789427090969,1789427090949,997435796,42.0411122,-93.6507774,3.0,258.1032670684343,2.0087843,0.65573335,124.40891,fused,0,1,0,
1789427091970,1789427091949,997436795,42.041102,-93.650766,3.0,258.12184348756404,1.9547117,0.9143265,113.28757,fused,0,1,0,
1789427092971,1789427092949,997437795,42.041098,-93.6507544,3.0,258.0007673541695,1.9648694,0.7675522,81.09252,fused,0,1,0,
1789427093971,1789427093948,997438795,42.0410981,-93.6507512,3.0,258.0229436719164,1.9220173,0.49569672,80.999054,fused,0,1,0,
1789427094890,1789427094871,997439717,42.0410979,-93.6507468,3.004,257.95454081734687,1.6493478,0.43866196,91.85892,fused,0,1,0,
1789427095972,1789427095949,997440795,42.0410871,-93.6507425,3.005,258.4865926709329,1.6423682,0.59092075,168.92726,fused,0,1,0,
1789427096973,1789427096949,997441795,42.0410764,-93.6507479,3.006,258.61593617396016,1.6555988,0.69276255,210.85065,fused,0,1,0,
1789427097972,1789427097948,997442795,42.0410678,-93.6507555,3.007,258.56693252356285,1.7137966,0.6808657,202.1562,fused,0,1,0,
1789427098977,1789427098949,997443795,42.0410581,-93.6507601,3.006,258.6508582624613,1.6553841,0.8408557,182.78528,fused,0,1,0,
1789427099973,1789427099949,997444795,42.0410519,-93.6507552,3.0,258.6320196377413,1.6400412,0.7612682,115.33776,fused,0,1,0,
1789427100977,1789427100949,997445796,42.0410547,-93.6507375,3.0,258.77898466041967,1.7829968,0.9317311,60.22703,fused,0,1,0,
1789427101971,1789427101948,997446795,42.0410648,-93.6507289,3.0,258.62003799441857,1.686285,1.0521302,41.640713,fused,0,1,0,
1789427102970,1789427102948,997447795,42.0410782,-93.6507177,3.0,258.9462118510696,2.008126,1.1904241,39.806644,fused,0,1,0,
1789427103975,1789427103949,997448795,42.0410929,-93.650706,3.0,259.0349358403823,2.4045267,1.2835246,41.28313,fused,0,1,0,
1789427104978,1789427104949,997449795,42.0411053,-93.650697,3.01,258.6557079000172,2.3175619,1.1449515,29.197523,fused,0,1,0,
1789427105982,1789427105949,997450795,42.0411176,-93.6506933,3.009,258.593457926011,2.3915608,1.1219592,356.52194,fused,0,1,0,
1789427106977,1789427106948,997451795,42.0411261,-93.6507035,3.01,258.7274816850898,2.4670696,1.1188762,261.2418,fused,0,1,0,
1789427107885,1789427107870,997452716,42.0411208,-93.650723,3.009,258.6287031932221,2.3623421,1.2650518,235.73038,fused,0,1,0,
1789427108973,1789427108948,997453795,42.0411269,-93.6507279,3.008,259.08597075682485,2.2162082,1.05761,249.98529,fused,0,1,0,
1789427109981,1789427109949,997454796,42.04113,-93.6507375,3.0,258.8310297753539,2.5644877,0.9829978,261.5083,fused,0,1,0,
1789427110977,1789427110949,997455795,42.0411343,-93.6507459,3.0,258.5105227611829,2.2609153,0.80198663,297.32156,fused,0,1,0,
1789427111983,1789427111948,997456795,42.0411421,-93.6507515,3.0,258.50825870588585,2.1838818,0.77812034,322.73956,fused,0,1,0,
1789427112986,1789427112948,997457795,42.0411518,-93.6507619,3.0,258.3506743715139,2.0158737,0.9800429,326.46323,fused,0,1,0,
1789427113985,1789427113948,997458795,42.0411631,-93.6507752,3.007,258.1341182652013,1.9775395,1.2374763,325.81937,fused,0,1,0,
1789427114996,1789427114948,997459795,42.0411731,-93.65079,3.006,258.2270446682771,2.0405643,1.222605,326.69772,fused,0,1,0,
1789427115994,1789427115956,997460802,42.0411849,-93.6507975,3.036,258.18114623036973,2.1143413,1.2568593,1.8242757,fused,0,1,0,
1789427116985,1789427116949,997461795,42.0411969,-93.6507926,3.033,257.905421687523,2.115721,1.3086917,25.439226,fused,0,1,0,
1789427117980,1789427117948,997462795,42.0412041,-93.6507839,3.033,258.0615339265762,1.9622374,1.327016,21.505348,fused,0,1,0,
1789427118973,1789427118950,997463796,42.0412095,-93.6507707,3.032,257.84307203979137,2.0469258,1.2635726,42.58257,fused,0,1,0,
1789427119972,1789427119950,997464796,42.0412111,-93.6507519,3.034,257.83314082716754,1.8741654,1.2129965,58.862045,fused,0,1,0,
1789427120970,1789427120949,997465795,42.0412097,-93.6507315,3.01,257.92265306674983,1.8557321,1.2050292,75.84895,fused,0,1,0,
1789427121980,1789427121948,997466795,42.0412048,-93.6507096,3.01,257.72297898010345,1.7708176,1.1839622,89.052704,fused,0,1,0,
1789427122977,1789427122949,997467795,42.0411988,-93.6506902,3.011,257.7955389854388,1.8250079,1.1617002,99.820656,fused,0,1,0,
1789427123973,1789427123949,997468795,42.0411892,-93.6506668,3.01,257.71409079379316,1.8631437,1.1944648,110.175514,fused,0,1,0,
1789427124973,1789427124949,997469795,42.0411818,-93.6506555,3.006,257.6900646715753,1.873256,1.2070999,121.833954,fused,0,1,0,
1789427125979,1789427125948,997470795,42.0411719,-93.6506406,3.0,257.59503164876173,1.8849419,1.2073587,115.32847,fused,0,1,0,
1789427126889,1789427126869,997471715,42.0411657,-93.6506269,3.0,257.59503164876173,1.8849419,1.1764988,116.93309,fused,0,1,0,
1789427127975,1789427127948,997472795,42.0411573,-93.6506106,3.0,257.8886142640874,1.6970417,1.1087971,102.157364,fused,0,1,0,
1789427128983,1789427128948,997473795,42.041158,-93.6505892,3.0,258.0725510237413,1.6817205,1.2126678,73.248474,fused,0,1,0,
1789427129973,1789427129949,997474795,42.0411674,-93.6505813,3.0,258.0074400295646,1.8533381,1.3806452,8.92707,fused,0,1,0,
1789427130968,1789427130950,997475796,42.0411849,-93.6505866,3.0,258.0529366594738,2.104718,1.6078869,299.6811,fused,0,1,0,
1789427131970,1789427131948,997476795,42.0411931,-93.6505993,3.0,258.1219447131669,2.335276,1.1117504,312.27148,fused,0,1,0,
1789427132968,1789427132948,997477795,42.041198,-93.6505972,3.0,258.2066367834143,2.3716154,0.7324043,315.85486,fused,0,1,0,
1789427133973,1789427133950,997478796,42.0411995,-93.6505951,3.0,258.04149753470045,2.3453348,0.51210284,303.89908,fused,0,1,0,
1789427134970,1789427134949,997479795,42.0411991,-93.6505964,3.0,257.9498908520276,2.4054036,0.80953264,272.12173,fused,0,1,0,
1789427135970,1789427135948,997480795,42.041199,-93.6506007,3.0,257.92305287118546,2.330307,0.5018381,290.56522,fused,0,1,0,
1789427136974,1789427136947,997481794,42.0411997,-93.6505972,3.0,258.1304773764136,2.3834908,0.80825925,312.36368,fused,0,1,0,
1789427137969,1789427137948,997482794,42.0412033,-93.6505962,3.0,258.50051702028344,2.718797,0.8087634,319.50674,fused,0,1,0,
1789427138971,1789427138947,997483794,42.04121,-93.650593,3.0,257.8223201027981,2.252395,0.92958295,12.572333,fused,0,1,0,
1789427139929,1789427139909,997484756,42.0412191,-93.6505841,3.0,257.8223201027981,2.252395,1.0597162,50.398125,fused,0,1,0,
1789427140971,1789427140948,997485794,42.0412248,-93.6505642,3.0,257.24963435025256,2.2149172,1.1421471,64.45634,fused,0,1,0,
1789427141972,1789427141948,997486794,42.0412313,-93.6505476,3.0,257.50922630509604,2.0785599,1.2273481,45.95236,fused,0,1,0,
1789427142970,1789427142947,997487794,42.0412421,-93.6505367,3.0,257.5462309897455,2.023014,1.1398324,24.651451,fused,0,1,0,
1789427143971,1789427143947,997488794,42.0412471,-93.6505345,3.0,258.19574474649306,1.9971304,1.0481073,32.42191,fused,0,1,0,
1789427144972,1789427144948,997489794,42.0412528,-93.6505289,3.0,257.992540369607,2.0484004,1.0487118,36.433746,fused,0,1,0,
1789427145912,1789427145892,997490738,42.0412606,-93.6505203,3.005,257.992540369607,2.0484004,1.119036,36.909782,fused,0,1,0,
1789427146987,1789427146948,997491795,42.0412671,-93.6505132,3.006,257.87497249148123,1.993147,1.1396455,40.077248,fused,0,1,0,
1789427147973,1789427147948,997492794,42.0412736,-93.6505054,3.011,258.21445213865815,1.804124,1.1151773,44.51018,fused,0,1,0,
1789427148906,1789427148888,997493734,42.0412805,-93.650491,3.024,258.07341278156713,1.92685,1.1100998,64.0707,fused,0,1,0,
1789427149974,1789427149947,997494794,42.0412762,-93.6504886,3.025,258.43447235185374,1.8738217,0.9868572,68.8636,fused,0,1,0,
1789427150994,1789427150947,997495794,42.0412791,-93.650482,3.019,258.229517008609,2.2990832,1.0304033,36.84047,fused,0,1,0,
1789427151974,1789427151947,997496794,42.0412877,-93.6504806,3.021,258.8201783099917,1.9035587,1.0498668,19.224361,fused,0,1,0,
1789427152972,1789427152947,997497794,42.0412975,-93.65048,3.036,258.80380732333356,1.9685558,1.0712005,15.28595,fused,0,1,0,
1789427153971,1789427153947,997498794,42.0413068,-93.6504821,3.026,258.90940122773316,1.818019,1.1364301,4.5823803,fused,0,1,0,
1789427154972,1789427154948,997499794,42.041319,-93.6504846,3.045,258.9614810309581,1.6715765,1.1916518,5.3575206,fused,0,1,0,
1789427155973,1789427155948,997500794,42.0413273,-93.6504809,3.065,259.03465584365017,1.6963264,1.2720304,31.586632,fused,0,1,0,
1789427156927,1789427156905,997501752,42.0413358,-93.6504698,3.083,259.03465584365017,1.6963264,1.3343841,54.072792,fused,0,1,0,
1789427157974,1789427157948,997502795,42.0413375,-93.6504587,3.07,259.19072696510807,2.0947187,1.2442708,72.64155,fused,0,1,0,
1789427158973,1789427158948,997503794,42.0413386,-93.6504454,3.065,259.29807220769834,2.3232036,1.2264183,72.4985,fused,0,1,0,
1789427159971,1789427159948,997504794,42.0413419,-93.6504329,3.04,259.4160276831848,2.4859974,1.2028912,65.98616,fused,0,1,0,
1789427160972,1789427160948,997505794,42.0413469,-93.6504196,3.023,259.098169345353,2.393475,1.1614453,67.47395,fused,0,1,0,
1789427161971,1789427161947,997506794,42.0413514,-93.6504061,3.036,258.32529464730845,2.4940162,1.0898316,64.993965,fused,0,1,0,
1789427162975,1789427162948,997507794,42.0413545,-93.6503966,3.078,258.17480294838555,2.5403166,0.8229485,59.318527,fused,0,1,0,
1789427163977,1789427163948,997508794,42.0413571,-93.6503912,3.128,259.04388102544834,2.3369062,0.66084886,54.54891,fused,0,1,0,
1789427164982,1789427164947,997509794,42.0413591,-93.6503874,3.216,258.6478764051465,2.4077206,0.4849006,52.432236,fused,0,1,0,
1789427165974,1789427165948,997510794,42.0413595,-93.6503876,3.283,259.79245993763453,2.7798796,0.2748076,47.44658,fused,0,1,0,
1789427166979,1789427166948,997511794,42.041357,-93.650394,3.267,259.0571216054361,2.0833788,0.092344716,,fused,0,1,0,
1789427167978,1789427167947,997512794,42.0413561,-93.6503945,3.239,258.511183899621,1.9800277,0.08141081,,fused,0,1,0,
1789427168978,1789427168949,997513795,42.0413554,-93.6503941,3.126,258.3957523474892,2.0989084,0.10193767,77.289444,fused,0,1,0,
1789427169986,1789427169949,997514795,42.0413547,-93.650394,3.057,258.6857908534942,2.2045276,0.113525614,78.846664,fused,0,1,0,
1789427170987,1789427170947,997515794,42.0413541,-93.6503929,3.039,258.6301271968507,2.1493177,0.15967043,74.75965,fused,0,1,0,
1789427171985,1789427171948,997516794,42.0413546,-93.650389,3.107,259.163417686321,2.1904078,0.26725978,75.29291,fused,0,1,0,
1789427172975,1789427172947,997517794,42.0413538,-93.6503857,3.205,258.1369420264289,2.1620228,0.22508013,93.88123,fused,0,1,0,
1789427173981,1789427173948,997518794,42.0413528,-93.6503854,3.253,258.10010007632525,2.3362455,0.20560588,108.06059,fused,0,1,0,
1789427174980,1789427174947,997519794,42.0413512,-93.6503852,3.302,257.8577762666399,3.1349819,0.15933074,127.80827,fused,0,1,0,
1789427175974,1789427175948,997520794,42.0413498,-93.650386,3.442,258.41366457359794,2.1191568,0.12613899,135.62386,fused,0,1,0,
1789427176984,1789427176949,997521795,42.0413491,-93.6503865,3.49,258.1663690981769,2.500212,0.10201193,133.54149,fused,0,1,0,
1789427177989,1789427177947,997522794,42.0413488,-93.6503874,3.57,257.98852179156626,2.5657656,0.09885679,,fused,0,1,0,
1789427178988,1789427178948,997523794,42.0413479,-93.6503871,3.606,257.8135986815589,2.7584975,0.10231648,128.78004,fused,0,1,0,
1789427179987,1789427179948,997524794,42.0413474,-93.6503879,3.627,257.92086122264476,2.5061815,0.10472639,125.526276,fused,0,1,0,
1789427180977,1789427180947,997525794,42.0413465,-93.6503889,3.638,258.22534547520684,2.090493,0.09674999,,fused,0,1,0,
1789427181975,1789427181948,997526794,42.0413465,-93.6503887,3.663,257.97767665099207,2.2561414,0.09104711,,fused,0,1,0,
1789427182973,1789427182948,997527794,42.0413463,-93.6503889,3.687,258.5795059129915,1.8066595,0.090368934,,fused,0,1,0,
1789427183977,1789427183948,997528794,42.0413456,-93.6503896,3.721,258.4177764946707,1.915972,0.09056546,,fused,0,1,0,
1789427184972,1789427184948,997529795,42.0413443,-93.65039,3.702,258.46303891440795,1.9779364,6.000907E-9,,fused,0,1,0,
1789427185977,1789427185947,997530794,42.0413436,-93.6503906,3.613,258.59644399448354,2.3128905,0.012870743,,fused,0,1,0,
1789427186972,1789427186948,997531794,42.0413428,-93.6503912,3.425,258.74925336619333,2.3834565,0.019864721,,fused,0,1,0,
1789427187971,1789427187947,997532794,42.0413421,-93.6503914,3.354,259.0629549060045,2.3276184,0.029227784,,fused,0,1,0,
1789427188981,1789427188947,997533794,42.0413414,-93.6503915,3.24,258.4038254269758,2.5739908,0.033315476,,fused,0,1,0,
1789427189976,1789427189947,997534794,42.0413411,-93.6503917,3.1,258.4028576723443,2.494813,0.11833488,109.19106,fused,0,1,0,
1789427190972,1789427190949,997535795,42.0413411,-93.6503911,3.0,258.110448836795,2.5936747,0.14982495,111.5557,fused,0,1,0,
1789427191979,1789427191948,997536794,42.0413409,-93.6503906,3.0,257.9167602280677,2.672258,0.11499693,119.18039,fused,0,1,0,
1789427192971,1789427192947,997537794,42.0413406,-93.6503907,3.0,257.6962340053195,2.878476,0.33228898,153.95482,fused,0,1,0,
1789427193981,1789427193948,997538794,42.041339,-93.6503909,3.0,259.5154450063871,2.794464,0.22348915,207.13664,fused,0,1,0,
1789427194887,1789427194869,997539715,42.041338,-93.6503923,3.0,259.5154450063871,2.794464,0.22382516,227.88354,fused,0,1,0,
1789427195980,1789427195947,997540794,42.0413363,-93.6503947,3.0,257.9731444244844,2.0838118,0.10370311,173.04335,fused,0,1,0,
1789427196980,1789427196948,997541795,42.0413365,-93.650394,3.003,257.90680696537135,2.2575104,0.29925665,123.34305,fused,0,1,0,
1789427197981,1789427197948,997542794,42.0413361,-93.6503925,3.037,257.8562465425894,2.1934595,0.09411714,,fused,0,1,0,
1789427198987,1789427198948,997543794,42.0413365,-93.6503931,3.064,258.09976341855065,2.363066,0.08190394,,fused,0,1,0,
1789427199989,1789427199948,997544794,42.0413367,-93.6503935,3.094,257.7441696612749,2.1799784,0.07485686,,fused,0,1,0,
1789427200976,1789427200948,997545794,42.0413368,-93.650394,3.115,257.6819727347169,2.3444998,0.07154697,,fused,0,1,0,
1789427201984,1789427201948,997546794,42.041337,-93.6503946,3.134,257.2559814469909,3.4349747,0.07001975,,fused,0,1,0,
1789427202985,1789427202947,997547794,42.0413376,-93.6503963,3.137,257.0686349690642,4.0527487,0.067127444,,fused,0,1,0,
1789427203986,1789427203947,997548794,42.0413377,-93.6503969,3.131,257.29793548704197,3.605565,0.0697511,,fused,0,1,0,
1789427204976,1789427204948,997549794,42.0413378,-93.650397,3.124,257.577081300903,3.3145094,0.07192472,,fused,0,1,0,
1789427205972,1789427205947,997550794,42.0413379,-93.6503972,3.111,257.778161671447,2.934676,0.072002254,,fused,0,1,0,
1789427206980,1789427206948,997551794,42.0413379,-93.6503974,3.089,257.3172075345867,3.5950756,0.07283032,,fused,0,1,0,
1789427207947,1789427207901,997552747,42.0413378,-93.6503975,3.091,257.92939057207485,2.6120567,0.07157419,,fused,0,1,0,
1789427208974,1789427208947,997553794,42.0413363,-93.6503989,3.121,258.21574630887204,2.2244089,0.106795534,175.7377,fused,0,1,0,
1789427209974,1789427209947,997554794,42.0413365,-93.6503993,3.164,258.2380168074971,2.2635777,0.1305125,155.9248,fused,0,1,0,
1789427210983,1789427210948,997555794,42.0413366,-93.6503987,3.318,258.2682559732613,2.299592,0.23905845,150.32394,fused,0,1,0,
1789427211975,1789427211948,997556794,42.041337,-93.6503954,3.435,258.33839068832555,2.3534331,0.4154561,153.3056,fused,0,1,0,
1789427212972,1789427212948,997557795,42.0413354,-93.6503887,3.712,258.3410168031577,2.360788,0.5403113,134.84004,fused,0,1,0,
1789427213969,1789427213948,997558794,42.0413339,-93.6503783,4.179,258.66241868418007,2.6850634,0.62375987,146.11111,fused,0,1,0,
1789427214970,1789427214947,997559794,42.0413331,-93.6503735,4.541,258.4358700998425,3.3914926,0.6886359,173.29279,fused,0,1,0,
1789427215984,1789427215948,997560794,42.0413315,-93.6503667,5.021,258.77199468457735,2.8418863,0.7602149,180.02165,fused,0,1,0,
1789427216980,1789427216948,997561795,42.0413315,-93.6503618,5.375,258.8146277221645,2.7503915,0.5251456,182.86548,fused,0,1,0,
1789427217987,1789427217948,997562794,42.0413316,-93.6503587,5.351,258.36224920616195,3.128041,0.3156506,181.21895,fused,0,1,0,
1789427218990,1789427218947,997563794,42.0413328,-93.6503566,5.432,258.612656786466,2.802926,0.18706574,180.81596,fused,0,1,0,
1789427219988,1789427219949,997564795,42.0413352,-93.6503576,5.174,258.6173560912644,2.595964,0.1208784,178.66803,fused,0,1,0,
1789427220989,1789427220947,997565794,42.0413363,-93.6503567,5.029,258.5837631756504,2.573176,0.10549391,175.79446,fused,0,1,0,
1789427221977,1789427221947,997566794,42.0413371,-93.6503551,4.854,259.27355189139087,2.0833247,0.12074348,176.95181,fused,0,1,0,
1789427222969,1789427222948,997567794,42.0413377,-93.6503546,4.588,258.54875774949704,2.3117573,0.081996046,,fused,0,1,0,
1789427223981,1789427223947,997568794,42.0413378,-93.6503544,4.46,258.4995305725299,2.152687,0.07565202,,fused,0,1,0,
1789427224971,1789427224948,997569795,42.0413379,-93.6503545,4.323,258.23694798940994,2.4621925,0.07097912,,fused,0,1,0,
1789427225971,1789427225949,997570795,42.0413384,-93.6503543,4.317,257.7943887222263,2.6827967,0.07463087,,fused,0,1,0,
1789427226980,1789427226948,997571794,42.0413391,-93.6503542,4.316,257.792955979065,2.9756444,0.07098728,,fused,0,1,0,
1789427227972,1789427227948,997572794,42.0413395,-93.6503548,4.325,257.86778984585203,3.037282,0.059858732,,fused,0,1,0,
1789427228970,1789427228949,997573795,42.0413399,-93.6503552,4.257,257.8526486950016,3.2229195,0.059248716,,fused,0,1,0,
1789427229977,1789427229948,997574794,42.0413398,-93.6503553,4.233,257.85641411040893,3.294341,0.06540734,,fused,0,1,0,
1789427230974,1789427230948,997575794,42.0413399,-93.6503552,4.197,257.77000783185724,3.5393343,0.07136684,,fused,0,1,0,
1789427231970,1789427231947,997576794,42.0413409,-93.6503575,4.154,256.6534058527395,3.3844519,0.09217517,,fused,0,1,0,
1789427232977,1789427232947,997577794,42.0413414,-93.6503577,4.136,257.32642510913814,3.8006065,0.07336192,,fused,0,1,0,
1789427233975,1789427233949,997578795,42.0413414,-93.6503576,4.106,257.4735364260513,3.4722908,0.07295338,,fused,0,1,0,
1789427234971,1789427234947,997579794,42.0413413,-93.6503575,4.026,257.27253314525103,3.209197,0.07290196,,fused,0,1,0,
1789427235976,1789427235948,997580794,42.0413411,-93.6503574,3.982,257.4826810074703,3.9407167,0.2520117,177.7836,fused,0,1,0,
1789427236973,1789427236949,997581795,42.0413397,-93.6503573,3.941,257.4735364260513,3.6358843,0.108581476,177.4628,fused,0,1,0,
1789427237975,1789427237949,997582795,42.0413403,-93.6503597,3.908,257.40776817391617,3.7960896,0.09570416,,fused,0,1,0,
1789427238977,1789427238947,997583794,42.0413407,-93.6503599,3.894,257.3639801926878,3.701374,0.08483621,,fused,0,1,0,
1789427239983,1789427239948,997584794,42.0413407,-93.6503597,3.858,257.439647767928,4.215606,0.07737748,,fused,0,1,0,
1789427240983,1789427240949,997585795,42.0413408,-93.6503595,3.822,258.03472646236776,3.637742,0.073106214,,fused,0,1,0,
1789427241982,1789427241947,997586794,42.041341,-93.6503593,3.811,258.5476673814081,2.6690924,0.07452439,,fused,0,1,0,
1789427242981,1789427242947,997587794,42.041341,-93.6503591,3.786,258.1096618937669,3.6573243,0.07364423,,fused,0,1,0,
1789427243984,1789427243949,997588795,42.0413419,-93.6503608,3.744,258.5733403956529,2.7762206,0.06953135,,fused,0,1,0,
1789427244968,1789427244947,997589794,42.041342,-93.6503608,3.711,258.0773872164512,3.517335,0.07014718,,fused,0,1,0,
1789427245968,1789427245948,997590794,42.0413421,-93.650361,3.69,258.0720081153414,3.4999652,0.117895365,179.55125,fused,0,1,0,
1789427246971,1789427246947,997591794,42.0413419,-93.650361,3.637,257.7031245887828,3.5251064,0.096894495,,fused,0,1,0,
1789427247971,1789427247949,997592795,42.0413422,-93.6503607,3.572,257.699359221656,3.5730505,0.08236598,,fused,0,1,0,
1789427248972,1789427248947,997593794,42.0413423,-93.6503606,3.563,258.36898045025714,2.498293,0.07750791,,fused,0,1,0,
1789427249975,1789427249948,997594794,42.0413426,-93.6503622,3.543,258.20126812419426,2.2990518,0.07404353,,fused,0,1,0,
1789427250970,1789427250947,997595794,42.0413428,-93.6503622,3.524,258.46223243402426,2.2481933,0.075028226,,fused,0,1,0,
1789427251972,1789427251947,997596794,42.0413428,-93.6503621,3.502,257.87843975690816,2.4558191,0.07446252,,fused,0,1,0,
1789427252972,1789427252947,997597794,42.0413428,-93.6503621,3.484,258.0198731545048,2.4053764,0.07280072,,fused,0,1,0,
1789427253975,1789427253948,997598794,42.0413427,-93.6503621,3.459,257.3086888957618,3.171962,0.07626771,,fused,0,1,0,
1789427254970,1789427254947,997599794,42.0413427,-93.6503621,3.449,257.40111805854013,3.6742976,0.0784492,,fused,0,1,0,
1789427255973,1789427255948,997600794,42.0413427,-93.6503636,3.446,257.5834865962584,3.4152014,0.07927352,,fused,0,1,0,
1789427256988,1789427256947,997601794,42.0413426,-93.6503638,3.45,257.25837261041636,4.50352,0.082304284,,fused,0,1,0,
1789427257969,1789427257947,997602794,42.0413425,-93.6503638,3.453,256.1168720761719,3.4881918,0.080994606,,fused,0,1,0,
1789427258972,1789427258947,997603794,42.0413424,-93.6503638,3.458,256.2487698058961,3.597772,0.07827874,,fused,0,1,0,
1789427259970,1789427259947,997604794,42.0413424,-93.6503638,3.464,256.4624482828827,3.3985794,0.08108046,,fused,0,1,0,
1789427260963,1789427260948,997605794,42.0413423,-93.6503638,3.472,256.5205419680578,3.5209088,0.08139903,,fused,0,1,0,
1789427261975,1789427261947,997606794,42.0413426,-93.6503665,3.485,256.5656427696929,2.6014204,0.08291312,,fused,0,1,0,
1789427262975,1789427262948,997607794,42.0413427,-93.6503667,3.484,256.54927013553583,2.439872,0.08172227,,fused,0,1,0,
1789427263975,1789427263947,997608794,42.0413426,-93.6503667,3.476,256.91722190084533,2.8493686,0.0827617,,fused,0,1,0,
1789427264968,1789427264947,997609794,42.0413426,-93.6503667,3.477,256.53722342503295,2.9648664,0.08450815,,fused,0,1,0,
1789427265967,1789427265947,997610794,42.0413426,-93.6503666,3.479,256.5469058027916,2.912335,0.08378668,,fused,0,1,0,
1789427266972,1789427266947,997611794,42.0413428,-93.6503664,3.495,256.5469058027916,3.2494905,0.08177496,,fused,0,1,0,
1789427267972,1789427267948,997612794,42.0413431,-93.6503688,3.511,257.2870586931823,4.15595,0.08200691,,fused,0,1,0,
1789427268964,1789427268948,997613794,42.0413432,-93.6503689,3.522,258.05318128794966,3.7415662,0.083250105,,fused,0,1,0,
1789427269971,1789427269947,997614794,42.0413432,-93.650369,3.526,257.4189817795232,4.6016893,0.08427597,,fused,0,1,0,
1789427270970,1789427270948,997615794,42.0413432,-93.650369,3.553,257.93951639355805,3.5719485,0.08297036,,fused,0,1,0,
1789427271970,1789427271947,997616794,42.0413431,-93.650369,3.562,257.9821776240537,3.544087,0.08141801,,fused,0,1,0,
1789427272971,1789427272948,997617794,42.0413431,-93.650369,3.576,257.92784945891947,3.5506585,0.08238503,,fused,0,1,0,
1789427273969,1789427273948,997618794,42.0413434,-93.6503714,3.608,257.14985862137206,4.169207,0.082539655,,fused,0,1,0,
1789427274971,1789427274947,997619794,42.0413434,-93.6503715,3.616,257.0174651720754,3.3383586,0.083148345,,fused,0,1,0,
1789427275972,1789427275947,997620794,42.0413432,-93.650371,3.61,257.403514100872,3.160213,0.0813093,,fused,0,1,0,
1789427276970,1789427276948,997621794,42.0413434,-93.6503727,3.633,257.43740129859907,2.9892082,0.08027281,,fused,0,1,0,
1789427277992,1789427277947,997622794,42.0413434,-93.6503728,3.633,257.4789770921275,2.8984935,0.080609396,,fused,0,1,0,
1789427278971,1789427278948,997623794,42.0413433,-93.6503726,3.619,258.15827386923405,2.1917725,0.078885764,,fused,0,1,0,
1789427279973,1789427279948,997624794,42.0413431,-93.6503725,3.635,257.70568426672236,2.8151286,0.1347557,202.98242,fused,0,1,0,
1789427280974,1789427280948,997625794,42.0413428,-93.6503723,3.659,257.4893726366111,3.5125353,0.1093274,198.70663,fused,0,1,0,
1789427281966,1789427281948,997626794,42.0413426,-93.6503722,3.678,257.04408065708304,3.1926265,0.09429882,,fused,0,1,0,
1789427282964,1789427282948,997627795,42.0413427,-93.650372,3.723,255.61988565873588,2.6230364,0.08568709,,fused,0,1,0,
1789427283966,1789427283947,997628794,42.0413427,-93.6503718,3.756,253.10000610351562,2.3738475,0.08219993,,fused,0,1,0,
1789427284966,1789427284947,997629794,42.0413427,-93.6503717,3.765,253.10000610351562,2.8107288,0.079938754,,fused,0,1,0,
1789427285970,1789427285948,997630794,42.0413427,-93.6503715,3.796,255.558250425859,2.51978,0.075946055,,fused,0,1,0,
1789427286971,1789427286947,997631794,42.0413427,-93.6503713,3.803,256.1383881024503,3.5539017,0.07589572,,fused,0,1,0,
1789427287447,1789427287017,997631864,42.0413428,-93.6503713,3.805,256.1010284549961,3.627377,0.075895734,,fused,0,1,0,
1789427287447,1789427287017,997631864,42.0413428,-93.6503713,3.805,256.1010284549961,3.627377,0.075895734,,fused,0,1,0,
1789427287453,1789427287017,997631864,42.0413428,-93.6503713,3.805,256.1010284549961,3.627377,0.075895734,,fused,0,1,0,
1789427288519,1789427288485,997633332,42.0413429,-93.6503729,3.811,255.98269101362428,3.5090384,0.075763784,,fused,0,1,0,
