wall_ms,elapsed_rt_ms,kind,detail
1789420036226,990381073,log_open,"reason=start;pid=17333;cut_row_ended=fixes:0/events:0;screen_on=1;doze=0;battery_saver=0;unrestricted=1;bg_restricted=0;standby_bucket=5;thermal=0;battery_pct=90;charging=0;music=0;location_on=1"
1789420036233,990381080,start,"recorder=K: hand-written Kotlin. Fused location, high accuracy, 1 Hz, foreground service with a partial wake lock.;checks=Location services on:true|Location: precise:true|Location: allow all the time:true|Notifications allowed:true|Battery: unrestricted:true|Samsung: never sleeping app (set by hand; the app cannot read it):null"
1789420036233,990381080,hb,"recorder=0;since_fix_ms=-1;fixes_this_process=0;write_failures=0;screen_on=1;doze=0;battery_saver=0;unrestricted=1;bg_restricted=0;standby_bucket=5;thermal=0;battery_pct=90;charging=0;music=0;location_on=1"
1789420036235,990381082,log_reopen,"reason=start"
1789420036257,990381104,updates_on,"why=start;interval_ms=1000"
1789420036258,990381104,availability,"available=false"
1789420036274,990381121,availability,"available=true"
1789420041239,990386085,hb,"recorder=1;since_fix_ms=256;fixes_this_process=4;write_failures=0;screen_on=1;doze=0;battery_saver=0;unrestricted=1;bg_restricted=0;standby_bucket=5;thermal=0;battery_pct=90;charging=0;music=0;location_on=1"
1789420046242,990391089,hb,"recorder=1;since_fix_ms=256;fixes_this_process=9;write_failures=0;screen_on=1;doze=0;battery_saver=0;unrestricted=1;bg_restricted=0;standby_bucket=5;thermal=0;battery_pct=90;charging=0;music=0;location_on=1"
1789420051251,990396097,hb,"recorder=1;since_fix_ms=268;fixes_this_process=14;write_failures=0;screen_on=1;doze=0;battery_saver=0;unrestricted=1;bg_restricted=0;standby_bucket=5;thermal=0;battery_pct=90;charging=0;music=0;location_on=1"
1789420056264,990401110,hb,"recorder=1;since_fix_ms=278;fixes_this_process=19;write_failures=0;screen_on=1;doze=0;battery_saver=0;unrestricted=1;bg_restricted=0;standby_bucket=5;thermal=0;battery_pct=90;charging=0;music=0;location_on=1"
1789420061268,990406115,hb,"recorder=1;since_fix_ms=355;fixes_this_process=24;write_failures=0;screen_on=1;doze=0;battery_saver=0;unrestricted=1;bg_restricted=0;standby_bucket=5;thermal=0;battery_pct=89;charging=0;music=0;location_on=1"
1789420066276,990411123,hb,"recorder=1;since_fix_ms=294;fixes_this_process=29;write_failures=0;screen_on=1;doze=0;battery_saver=0;unrestricted=1;bg_restricted=0;standby_bucket=5;thermal=0;battery_pct=89;charging=0;music=0;location_on=1"
1789420071282,990416129,hb,"recorder=1;since_fix_ms=293;fixes_this_process=34;write_failures=0;screen_on=1;doze=0;battery_saver=0;unrestricted=1;bg_restricted=0;standby_bucket=5;thermal=0;battery_pct=89;charging=0;music=0;location_on=1"
1789420076288,990421134,hb,"recorder=1;since_fix_ms=304;fixes_this_process=39;write_failures=0;screen_on=1;doze=0;battery_saver=0;unrestricted=1;bg_restricted=0;standby_bucket=5;thermal=0;battery_pct=89;charging=0;music=0;location_on=1"
1789420081292,990426138,hb,"recorder=1;since_fix_ms=306;fixes_this_process=44;write_failures=0;screen_on=1;doze=0;battery_saver=0;unrestricted=1;bg_restricted=0;standby_bucket=5;thermal=0;battery_pct=89;charging=0;music=0;location_on=1"
1789420086305,990431151,hb,"recorder=1;since_fix_ms=321;fixes_this_process=49;write_failures=0;screen_on=1;doze=0;battery_saver=0;unrestricted=1;bg_restricted=0;standby_bucket=5;thermal=0;battery_pct=89;charging=0;music=0;location_on=1"
1789420091313,990436160,hb,"recorder=1;since_fix_ms=315;fixes_this_process=54;write_failures=0;screen_on=1;doze=0;battery_saver=0;unrestricted=1;bg_restricted=0;standby_bucket=5;thermal=0;battery_pct=89;charging=0;music=0;location_on=1"
1789420096318,990441165,hb,"recorder=1;since_fix_ms=337;fixes_this_process=59;write_failures=0;screen_on=1;doze=0;battery_saver=0;unrestricted=1;bg_restricted=0;standby_bucket=5;thermal=0;battery_pct=89;charging=0;music=0;location_on=1"
1789420101331,990446178,hb,"recorder=1;since_fix_ms=344;fixes_this_process=64;write_failures=0;screen_on=1;doze=0;battery_saver=0;unrestricted=1;bg_restricted=0;standby_bucket=5;thermal=0;battery_pct=89;charging=0;music=0;location_on=1"
1789420106337,990451184,hb,"recorder=1;since_fix_ms=350;fixes_this_process=69;write_failures=0;screen_on=1;doze=0;battery_saver=0;unrestricted=1;bg_restricted=0;standby_bucket=5;thermal=0;battery_pct=89;charging=0;music=0;location_on=1"
1789420111344,990456190,hb,"recorder=1;since_fix_ms=357;fixes_this_process=74;write_failures=0;screen_on=1;doze=0;battery_saver=0;unrestricted=1;bg_restricted=0;standby_bucket=5;thermal=0;battery_pct=89;charging=0;music=0;location_on=1"
1789420116352,990461199,hb,"recorder=1;since_fix_ms=366;fixes_this_process=79;write_failures=0;screen_on=1;doze=0;battery_saver=0;unrestricted=1;bg_restricted=0;standby_bucket=5;thermal=0;battery_pct=89;charging=0;music=0;location_on=1"
1789420121363,990466209,hb,"recorder=1;since_fix_ms=373;fixes_this_process=84;write_failures=0;screen_on=1;doze=0;battery_saver=0;unrestricted=1;bg_restricted=0;standby_bucket=5;thermal=0;battery_pct=89;charging=0;music=0;location_on=1"
1789420126364,990471211,hb,"recorder=1;since_fix_ms=378;fixes_this_process=89;write_failures=0;screen_on=1;doze=0;battery_saver=0;unrestricted=1;bg_restricted=0;standby_bucket=5;thermal=0;battery_pct=89;charging=0;music=0;location_on=1"
1789420131374,990476221,hb,"recorder=1;since_fix_ms=383;fixes_this_process=94;write_failures=0;screen_on=1;doze=0;battery_saver=0;unrestricted=1;bg_restricted=0;standby_bucket=5;thermal=0;battery_pct=89;charging=0;music=0;location_on=1"
1789420136379,990481225,hb,"recorder=1;since_fix_ms=390;fixes_this_process=99;write_failures=0;screen_on=1;doze=0;battery_saver=0;unrestricted=1;bg_restricted=0;standby_bucket=5;thermal=0;battery_pct=89;charging=0;music=0;location_on=1"
1789420141382,990486229,hb,"recorder=1;since_fix_ms=397;fixes_this_process=104;write_failures=0;screen_on=1;doze=0;battery_saver=0;unrestricted=1;bg_restricted=0;standby_bucket=5;thermal=0;battery_pct=89;charging=0;music=0;location_on=1"
1789420146395,990491242,hb,"recorder=1;since_fix_ms=410;fixes_this_process=109;write_failures=0;screen_on=1;doze=0;battery_saver=0;unrestricted=1;bg_restricted=0;standby_bucket=5;thermal=0;battery_pct=89;charging=0;music=0;location_on=1"
1789420151399,990496245,hb,"recorder=1;since_fix_ms=413;fixes_this_process=114;write_failures=0;screen_on=1;doze=0;battery_saver=0;unrestricted=1;bg_restricted=0;standby_bucket=5;thermal=0;battery_pct=89;charging=0;music=0;location_on=1"
1789420156405,990501252,hb,"recorder=1;since_fix_ms=417;fixes_this_process=119;write_failures=0;screen_on=1;doze=0;battery_saver=0;unrestricted=1;bg_restricted=0;standby_bucket=5;thermal=0;battery_pct=89;charging=0;music=0;location_on=1"
1789420161417,990506263,hb,"recorder=1;since_fix_ms=431;fixes_this_process=124;write_failures=0;screen_on=1;doze=0;battery_saver=0;unrestricted=1;bg_restricted=0;standby_bucket=5;thermal=0;battery_pct=89;charging=0;music=0;location_on=1"
1789420166424,990511270,hb,"recorder=1;since_fix_ms=435;fixes_this_process=129;write_failures=0;screen_on=1;doze=0;battery_saver=0;unrestricted=1;bg_restricted=0;standby_bucket=5;thermal=0;battery_pct=89;charging=0;music=0;location_on=1"
1789420171429,990516276,hb,"recorder=1;since_fix_ms=441;fixes_this_process=134;write_failures=0;screen_on=1;doze=0;battery_saver=0;unrestricted=1;bg_restricted=0;standby_bucket=5;thermal=0;battery_pct=89;charging=0;music=0;location_on=1"
1789420176439,990521286,hb,"recorder=1;since_fix_ms=450;fixes_this_process=139;write_failures=0;screen_on=1;doze=0;battery_saver=0;unrestricted=1;bg_restricted=0;standby_bucket=5;thermal=0;battery_pct=89;charging=0;music=0;location_on=1"
1789420181445,990526291,hb,"recorder=1;since_fix_ms=461;fixes_this_process=144;write_failures=0;screen_on=1;doze=0;battery_saver=0;unrestricted=1;bg_restricted=0;standby_bucket=5;thermal=0;battery_pct=89;charging=0;music=0;location_on=1"
1789420186453,990531299,hb,"recorder=1;since_fix_ms=466;fixes_this_process=149;write_failures=0;screen_on=1;doze=0;battery_saver=0;unrestricted=1;bg_restricted=0;standby_bucket=5;thermal=0;battery_pct=89;charging=0;music=0;location_on=1"
1789420191465,990536312,hb,"recorder=1;since_fix_ms=478;fixes_this_process=154;write_failures=0;screen_on=1;doze=0;battery_saver=0;unrestricted=1;bg_restricted=0;standby_bucket=5;thermal=0;battery_pct=89;charging=0;music=0;location_on=1"
1789420196474,990541320,hb,"recorder=1;since_fix_ms=486;fixes_this_process=159;write_failures=0;screen_on=1;doze=0;battery_saver=0;unrestricted=1;bg_restricted=0;standby_bucket=5;thermal=0;battery_pct=89;charging=0;music=0;location_on=1"
1789420201483,990546330,hb,"recorder=1;since_fix_ms=496;fixes_this_process=164;write_failures=0;screen_on=1;doze=0;battery_saver=0;unrestricted=1;bg_restricted=0;standby_bucket=5;thermal=0;battery_pct=89;charging=0;music=0;location_on=1"
1789420206497,990551343,hb,"recorder=1;since_fix_ms=514;fixes_this_process=169;write_failures=0;screen_on=1;doze=0;battery_saver=0;unrestricted=1;bg_restricted=0;standby_bucket=5;thermal=0;battery_pct=89;charging=0;music=0;location_on=1"
1789420211505,990556352,hb,"recorder=1;since_fix_ms=516;fixes_this_process=174;write_failures=0;screen_on=1;doze=0;battery_saver=0;unrestricted=1;bg_restricted=0;standby_bucket=5;thermal=0;battery_pct=89;charging=0;music=0;location_on=1"
1789420216514,990561360,hb,"recorder=1;since_fix_ms=528;fixes_this_process=179;write_failures=0;screen_on=1;doze=0;battery_saver=0;unrestricted=1;bg_restricted=0;standby_bucket=5;thermal=0;battery_pct=89;charging=0;music=0;location_on=1"
1789420221529,990566375,hb,"recorder=1;since_fix_ms=541;fixes_this_process=184;write_failures=0;screen_on=1;doze=0;battery_saver=0;unrestricted=1;bg_restricted=0;standby_bucket=5;thermal=0;battery_pct=89;charging=0;music=0;location_on=1"
1789420226537,990571384,hb,"recorder=1;since_fix_ms=550;fixes_this_process=189;write_failures=0;screen_on=1;doze=0;battery_saver=0;unrestricted=1;bg_restricted=0;standby_bucket=5;thermal=0;battery_pct=89;charging=0;music=0;location_on=1"
1789420231546,990576392,hb,"recorder=1;since_fix_ms=559;fixes_this_process=194;write_failures=0;screen_on=1;doze=0;battery_saver=0;unrestricted=1;bg_restricted=0;standby_bucket=5;thermal=0;battery_pct=89;charging=0;music=0;location_on=1"
1789420236560,990581407,hb,"recorder=1;since_fix_ms=571;fixes_this_process=199;write_failures=0;screen_on=1;doze=0;battery_saver=0;unrestricted=1;bg_restricted=0;standby_bucket=5;thermal=0;battery_pct=89;charging=0;music=0;location_on=1"
1789420241563,990586409,hb,"recorder=1;since_fix_ms=658;fixes_this_process=204;write_failures=0;screen_on=1;doze=0;battery_saver=0;unrestricted=1;bg_restricted=0;standby_bucket=5;thermal=0;battery_pct=89;charging=0;music=0;location_on=1"
1789420246572,990591418,hb,"recorder=1;since_fix_ms=583;fixes_this_process=209;write_failures=0;screen_on=1;doze=0;battery_saver=0;unrestricted=1;bg_restricted=0;standby_bucket=5;thermal=0;battery_pct=89;charging=0;music=0;location_on=1"
1789420251582,990596428,hb,"recorder=1;since_fix_ms=593;fixes_this_process=214;write_failures=0;screen_on=1;doze=0;battery_saver=0;unrestricted=1;bg_restricted=0;standby_bucket=5;thermal=0;battery_pct=89;charging=0;music=0;location_on=1"
1789420256590,990601437,hb,"recorder=1;since_fix_ms=604;fixes_this_process=219;write_failures=0;screen_on=1;doze=0;battery_saver=0;unrestricted=1;bg_restricted=0;standby_bucket=5;thermal=0;battery_pct=89;charging=0;music=0;location_on=1"
1789420261600,990606447,hb,"recorder=1;since_fix_ms=613;fixes_this_process=224;write_failures=0;screen_on=1;doze=0;battery_saver=0;unrestricted=1;bg_restricted=0;standby_bucket=5;thermal=0;battery_pct=89;charging=0;music=0;location_on=1"
1789420266614,990611460,hb,"recorder=1;since_fix_ms=626;fixes_this_process=229;write_failures=0;screen_on=1;doze=0;battery_saver=0;unrestricted=1;bg_restricted=0;standby_bucket=5;thermal=0;battery_pct=89;charging=0;music=0;location_on=1"
1789420271622,990616469,hb,"recorder=1;since_fix_ms=637;fixes_this_process=234;write_failures=0;screen_on=1;doze=0;battery_saver=0;unrestricted=1;bg_restricted=0;standby_bucket=5;thermal=0;battery_pct=89;charging=0;music=0;location_on=1"
1789420276632,990621478,hb,"recorder=1;since_fix_ms=644;fixes_this_process=239;write_failures=0;screen_on=1;doze=0;battery_saver=0;unrestricted=1;bg_restricted=0;standby_bucket=5;thermal=0;battery_pct=89;charging=0;music=0;location_on=1"
1789420281643,990626489,hb,"recorder=1;since_fix_ms=653;fixes_this_process=244;write_failures=0;screen_on=1;doze=0;battery_saver=0;unrestricted=1;bg_restricted=0;standby_bucket=5;thermal=0;battery_pct=89;charging=0;music=0;location_on=1"
1789420286651,990631497,hb,"recorder=1;since_fix_ms=664;fixes_this_process=249;write_failures=0;screen_on=1;doze=0;battery_saver=0;unrestricted=1;bg_restricted=0;standby_bucket=5;thermal=0;battery_pct=89;charging=0;music=0;location_on=1"
1789420291659,990636505,hb,"recorder=1;since_fix_ms=671;fixes_this_process=254;write_failures=0;screen_on=1;doze=0;battery_saver=0;unrestricted=1;bg_restricted=0;standby_bucket=5;thermal=0;battery_pct=89;charging=0;music=0;location_on=1"
1789420296671,990641517,hb,"recorder=1;since_fix_ms=684;fixes_this_process=259;write_failures=0;screen_on=1;doze=0;battery_saver=0;unrestricted=1;bg_restricted=0;standby_bucket=5;thermal=0;battery_pct=89;charging=0;music=0;location_on=1"
1789420301679,990646526,hb,"recorder=1;since_fix_ms=691;fixes_this_process=264;write_failures=0;screen_on=1;doze=0;battery_saver=0;unrestricted=1;bg_restricted=0;standby_bucket=5;thermal=0;battery_pct=89;charging=0;music=0;location_on=1"
1789420306688,990651534,hb,"recorder=1;since_fix_ms=701;fixes_this_process=269;write_failures=0;screen_on=1;doze=0;battery_saver=0;unrestricted=1;bg_restricted=0;standby_bucket=5;thermal=0;battery_pct=89;charging=0;music=0;location_on=1"
1789420311699,990656545,hb,"recorder=1;since_fix_ms=712;fixes_this_process=274;write_failures=0;screen_on=1;doze=0;battery_saver=0;unrestricted=1;bg_restricted=0;standby_bucket=5;thermal=0;battery_pct=89;charging=0;music=0;location_on=1"
1789420316707,990661554,hb,"recorder=1;since_fix_ms=720;fixes_this_process=279;write_failures=0;screen_on=1;doze=0;battery_saver=0;unrestricted=1;bg_restricted=0;standby_bucket=5;thermal=0;battery_pct=89;charging=0;music=0;location_on=1"
1789420321716,990666562,hb,"recorder=1;since_fix_ms=726;fixes_this_process=284;write_failures=0;screen_on=1;doze=0;battery_saver=0;unrestricted=1;bg_restricted=0;standby_bucket=5;thermal=0;battery_pct=89;charging=0;music=0;location_on=1"
1789420326728,990671575,hb,"recorder=1;since_fix_ms=741;fixes_this_process=289;write_failures=0;screen_on=1;doze=0;battery_saver=0;unrestricted=1;bg_restricted=0;standby_bucket=5;thermal=0;battery_pct=89;charging=0;music=0;location_on=1"
1789420331738,990676584,hb,"recorder=1;since_fix_ms=758;fixes_this_process=294;write_failures=0;screen_on=1;doze=0;battery_saver=0;unrestricted=1;bg_restricted=0;standby_bucket=5;thermal=0;battery_pct=89;charging=0;music=0;location_on=1"
1789420336747,990681594,hb,"recorder=1;since_fix_ms=758;fixes_this_process=299;write_failures=0;screen_on=1;doze=0;battery_saver=0;unrestricted=1;bg_restricted=0;standby_bucket=5;thermal=0;battery_pct=89;charging=0;music=0;location_on=1"
1789420341756,990686602,hb,"recorder=1;since_fix_ms=771;fixes_this_process=304;write_failures=0;screen_on=1;doze=0;battery_saver=0;unrestricted=1;bg_restricted=0;standby_bucket=5;thermal=0;battery_pct=89;charging=0;music=0;location_on=1"
1789420346760,990691606,hb,"recorder=1;since_fix_ms=771;fixes_this_process=309;write_failures=0;screen_on=1;doze=0;battery_saver=0;unrestricted=1;bg_restricted=0;standby_bucket=5;thermal=0;battery_pct=89;charging=0;music=0;location_on=1"
1789420351766,990696613,hb,"recorder=1;since_fix_ms=776;fixes_this_process=314;write_failures=0;screen_on=1;doze=0;battery_saver=0;unrestricted=1;bg_restricted=0;standby_bucket=5;thermal=0;battery_pct=89;charging=0;music=0;location_on=1"
1789420356778,990701625,hb,"recorder=1;since_fix_ms=792;fixes_this_process=319;write_failures=0;screen_on=1;doze=0;battery_saver=0;unrestricted=1;bg_restricted=0;standby_bucket=5;thermal=0;battery_pct=89;charging=0;music=0;location_on=1"
1789420361783,990706630,hb,"recorder=1;since_fix_ms=798;fixes_this_process=324;write_failures=0;screen_on=1;doze=0;battery_saver=0;unrestricted=1;bg_restricted=0;standby_bucket=5;thermal=0;battery_pct=89;charging=0;music=0;location_on=1"
1789420366791,990711638,hb,"recorder=1;since_fix_ms=804;fixes_this_process=329;write_failures=0;screen_on=1;doze=0;battery_saver=0;unrestricted=1;bg_restricted=0;standby_bucket=5;thermal=0;battery_pct=89;charging=0;music=0;location_on=1"
1789420371802,990716649,hb,"recorder=1;since_fix_ms=818;fixes_this_process=334;write_failures=0;screen_on=1;doze=0;battery_saver=0;unrestricted=1;bg_restricted=0;standby_bucket=5;thermal=0;battery_pct=89;charging=0;music=0;location_on=1"
1789420376811,990721657,hb,"recorder=1;since_fix_ms=823;fixes_this_process=339;write_failures=0;screen_on=1;doze=0;battery_saver=0;unrestricted=1;bg_restricted=0;standby_bucket=5;thermal=0;battery_pct=89;charging=0;music=0;location_on=1"
1789420381815,990726662,hb,"recorder=1;since_fix_ms=825;fixes_this_process=344;write_failures=0;screen_on=1;doze=0;battery_saver=0;unrestricted=1;bg_restricted=0;standby_bucket=5;thermal=0;battery_pct=89;charging=0;music=0;location_on=1"
1789420386826,990731672,hb,"recorder=1;since_fix_ms=842;fixes_this_process=349;write_failures=0;screen_on=1;doze=0;battery_saver=0;unrestricted=1;bg_restricted=0;standby_bucket=5;thermal=0;battery_pct=89;charging=0;music=0;location_on=1"
1789420391835,990736681,hb,"recorder=1;since_fix_ms=849;fixes_this_process=354;write_failures=0;screen_on=1;doze=0;battery_saver=0;unrestricted=1;bg_restricted=0;standby_bucket=5;thermal=0;battery_pct=89;charging=0;music=0;location_on=1"
1789420396841,990741687,hb,"recorder=1;since_fix_ms=854;fixes_this_process=359;write_failures=0;screen_on=1;doze=0;battery_saver=0;unrestricted=1;bg_restricted=0;standby_bucket=5;thermal=0;battery_pct=89;charging=0;music=0;location_on=1"
1789420401853,990746700,hb,"recorder=1;since_fix_ms=864;fixes_this_process=364;write_failures=0;screen_on=1;doze=0;battery_saver=0;unrestricted=1;bg_restricted=0;standby_bucket=5;thermal=0;battery_pct=89;charging=0;music=0;location_on=1"
1789420406860,990751706,hb,"recorder=1;since_fix_ms=875;fixes_this_process=369;write_failures=0;screen_on=1;doze=0;battery_saver=0;unrestricted=1;bg_restricted=0;standby_bucket=5;thermal=0;battery_pct=89;charging=0;music=0;location_on=1"
1789420411869,990756715,hb,"recorder=1;since_fix_ms=882;fixes_this_process=374;write_failures=0;screen_on=1;doze=0;battery_saver=0;unrestricted=1;bg_restricted=0;standby_bucket=5;thermal=0;battery_pct=89;charging=0;music=0;location_on=1"
1789420416881,990761728,hb,"recorder=1;since_fix_ms=892;fixes_this_process=379;write_failures=0;screen_on=1;doze=0;battery_saver=0;unrestricted=1;bg_restricted=0;standby_bucket=5;thermal=0;battery_pct=89;charging=0;music=0;location_on=1"
1789420421890,990766736,hb,"recorder=1;since_fix_ms=905;fixes_this_process=384;write_failures=0;screen_on=1;doze=0;battery_saver=0;unrestricted=1;bg_restricted=0;standby_bucket=5;thermal=0;battery_pct=89;charging=0;music=0;location_on=1"
1789420426898,990771744,hb,"recorder=1;since_fix_ms=914;fixes_this_process=389;write_failures=0;screen_on=1;doze=0;battery_saver=0;unrestricted=1;bg_restricted=0;standby_bucket=5;thermal=0;battery_pct=89;charging=0;music=0;location_on=1"
1789420431910,990776756,hb,"recorder=1;since_fix_ms=925;fixes_this_process=394;write_failures=0;screen_on=1;doze=0;battery_saver=0;unrestricted=1;bg_restricted=0;standby_bucket=5;thermal=0;battery_pct=89;charging=0;music=0;location_on=1"
1789420436917,990781763,hb,"recorder=1;since_fix_ms=931;fixes_this_process=399;write_failures=0;screen_on=1;doze=0;battery_saver=0;unrestricted=1;bg_restricted=0;standby_bucket=5;thermal=0;battery_pct=89;charging=0;music=0;location_on=1"
1789420441926,990786772,hb,"recorder=1;since_fix_ms=939;fixes_this_process=404;write_failures=0;screen_on=1;doze=0;battery_saver=0;unrestricted=1;bg_restricted=0;standby_bucket=5;thermal=0;battery_pct=89;charging=0;music=0;location_on=1"
1789420446937,990791784,hb,"recorder=1;since_fix_ms=949;fixes_this_process=409;write_failures=0;screen_on=1;doze=0;battery_saver=0;unrestricted=1;bg_restricted=0;standby_bucket=5;thermal=0;battery_pct=89;charging=0;music=0;location_on=1"
1789420451946,990796792,hb,"recorder=1;since_fix_ms=961;fixes_this_process=414;write_failures=0;screen_on=1;doze=0;battery_saver=0;unrestricted=1;bg_restricted=0;standby_bucket=5;thermal=0;battery_pct=89;charging=0;music=0;location_on=1"
1789420456950,990801797,hb,"recorder=1;since_fix_ms=169;fixes_this_process=420;write_failures=0;screen_on=1;doze=0;battery_saver=0;unrestricted=1;bg_restricted=0;standby_bucket=5;thermal=0;battery_pct=89;charging=0;music=0;location_on=1"
1789420461961,990806807,hb,"recorder=1;since_fix_ms=974;fixes_this_process=424;write_failures=0;screen_on=1;doze=0;battery_saver=0;unrestricted=1;bg_restricted=0;standby_bucket=5;thermal=0;battery_pct=89;charging=0;music=0;location_on=1"
1789420466969,990811816,hb,"recorder=1;since_fix_ms=983;fixes_this_process=429;write_failures=0;screen_on=1;doze=0;battery_saver=0;unrestricted=1;bg_restricted=0;standby_bucket=5;thermal=0;battery_pct=89;charging=0;music=0;location_on=1"
1789420471978,990816824,hb,"recorder=1;since_fix_ms=994;fixes_this_process=434;write_failures=0;screen_on=1;doze=0;battery_saver=0;unrestricted=1;bg_restricted=0;standby_bucket=5;thermal=0;battery_pct=89;charging=0;music=0;location_on=1"
1789420476987,990821834,hb,"recorder=1;since_fix_ms=4;fixes_this_process=440;write_failures=0;screen_on=1;doze=0;battery_saver=0;unrestricted=1;bg_restricted=0;standby_bucket=5;thermal=0;battery_pct=89;charging=0;music=0;location_on=1"
1789420481992,990826838,hb,"recorder=1;since_fix_ms=8;fixes_this_process=445;write_failures=0;screen_on=1;doze=0;battery_saver=0;unrestricted=1;bg_restricted=0;standby_bucket=5;thermal=0;battery_pct=89;charging=0;music=0;location_on=1"
1789420486995,990831842,hb,"recorder=1;since_fix_ms=11;fixes_this_process=450;write_failures=0;screen_on=1;doze=0;battery_saver=0;unrestricted=1;bg_restricted=0;standby_bucket=5;thermal=0;battery_pct=89;charging=0;music=0;location_on=1"
1789420492004,990836850,hb,"recorder=1;since_fix_ms=105;fixes_this_process=455;write_failures=0;screen_on=1;doze=0;battery_saver=0;unrestricted=1;bg_restricted=0;standby_bucket=5;thermal=0;battery_pct=89;charging=0;music=0;location_on=1"
1789420497008,990841854,hb,"recorder=1;since_fix_ms=23;fixes_this_process=460;write_failures=0;screen_on=1;doze=0;battery_saver=0;unrestricted=1;bg_restricted=0;standby_bucket=5;thermal=0;battery_pct=89;charging=0;music=0;location_on=1"
1789420502013,990846860,hb,"recorder=1;since_fix_ms=30;fixes_this_process=465;write_failures=0;screen_on=1;doze=0;battery_saver=0;unrestricted=1;bg_restricted=0;standby_bucket=5;thermal=0;battery_pct=89;charging=0;music=0;location_on=1"
1789420507022,990851869,hb,"recorder=1;since_fix_ms=38;fixes_this_process=470;write_failures=0;screen_on=1;doze=0;battery_saver=0;unrestricted=1;bg_restricted=0;standby_bucket=5;thermal=0;battery_pct=89;charging=0;music=0;location_on=1"
1789420512030,990856877,hb,"recorder=1;since_fix_ms=45;fixes_this_process=475;write_failures=0;screen_on=1;doze=0;battery_saver=0;unrestricted=1;bg_restricted=0;standby_bucket=5;thermal=0;battery_pct=89;charging=0;music=0;location_on=1"
1789420517037,990861883,hb,"recorder=1;since_fix_ms=53;fixes_this_process=480;write_failures=0;screen_on=1;doze=0;battery_saver=0;unrestricted=1;bg_restricted=0;standby_bucket=5;thermal=0;battery_pct=89;charging=0;music=0;location_on=1"
1789420522046,990866892,hb,"recorder=1;since_fix_ms=62;fixes_this_process=485;write_failures=0;screen_on=1;doze=0;battery_saver=0;unrestricted=1;bg_restricted=0;standby_bucket=5;thermal=0;battery_pct=88;charging=0;music=0;location_on=1"
1789420527054,990871901,hb,"recorder=1;since_fix_ms=70;fixes_this_process=490;write_failures=0;screen_on=1;doze=0;battery_saver=0;unrestricted=1;bg_restricted=0;standby_bucket=5;thermal=0;battery_pct=88;charging=0;music=0;location_on=1"
1789420532063,990876909,hb,"recorder=1;since_fix_ms=78;fixes_this_process=495;write_failures=0;screen_on=1;doze=0;battery_saver=0;unrestricted=1;bg_restricted=0;standby_bucket=5;thermal=0;battery_pct=88;charging=0;music=0;location_on=1"
1789420537072,990881919,hb,"recorder=1;since_fix_ms=84;fixes_this_process=500;write_failures=0;screen_on=1;doze=0;battery_saver=0;unrestricted=1;bg_restricted=0;standby_bucket=5;thermal=0;battery_pct=88;charging=0;music=0;location_on=1"
1789420542081,990886927,hb,"recorder=1;since_fix_ms=94;fixes_this_process=505;write_failures=0;screen_on=1;doze=0;battery_saver=0;unrestricted=1;bg_restricted=0;standby_bucket=5;thermal=0;battery_pct=88;charging=0;music=0;location_on=1"
1789420547090,990891936,hb,"recorder=1;since_fix_ms=102;fixes_this_process=510;write_failures=0;screen_on=1;doze=0;battery_saver=0;unrestricted=1;bg_restricted=0;standby_bucket=5;thermal=0;battery_pct=88;charging=0;music=0;location_on=1"
1789420552103,990896949,hb,"recorder=1;since_fix_ms=116;fixes_this_process=515;write_failures=0;screen_on=1;doze=0;battery_saver=0;unrestricted=1;bg_restricted=0;standby_bucket=5;thermal=0;battery_pct=88;charging=0;music=0;location_on=1"
1789420557111,990901958,hb,"recorder=1;since_fix_ms=124;fixes_this_process=520;write_failures=0;screen_on=1;doze=0;battery_saver=0;unrestricted=1;bg_restricted=0;standby_bucket=5;thermal=0;battery_pct=88;charging=0;music=0;location_on=1"
1789420562120,990906966,hb,"recorder=1;since_fix_ms=136;fixes_this_process=525;write_failures=0;screen_on=1;doze=0;battery_saver=0;unrestricted=1;bg_restricted=0;standby_bucket=5;thermal=0;battery_pct=88;charging=0;music=0;location_on=1"
1789420567129,990911976,hb,"recorder=1;since_fix_ms=145;fixes_this_process=530;write_failures=0;screen_on=1;doze=0;battery_saver=0;unrestricted=1;bg_restricted=0;standby_bucket=5;thermal=0;battery_pct=88;charging=0;music=0;location_on=1"
1789420572133,990916979,hb,"recorder=1;since_fix_ms=149;fixes_this_process=535;write_failures=0;screen_on=1;doze=0;battery_saver=0;unrestricted=1;bg_restricted=0;standby_bucket=5;thermal=0;battery_pct=88;charging=0;music=0;location_on=1"
1789420577138,990921984,hb,"recorder=1;since_fix_ms=152;fixes_this_process=540;write_failures=0;screen_on=1;doze=0;battery_saver=0;unrestricted=1;bg_restricted=0;standby_bucket=5;thermal=0;battery_pct=88;charging=0;music=0;location_on=1"
1789420582150,990926996,hb,"recorder=1;since_fix_ms=167;fixes_this_process=545;write_failures=0;screen_on=1;doze=0;battery_saver=0;unrestricted=1;bg_restricted=0;standby_bucket=5;thermal=0;battery_pct=88;charging=0;music=0;location_on=1"
1789420587157,990932004,hb,"recorder=1;since_fix_ms=170;fixes_this_process=550;write_failures=0;screen_on=1;doze=0;battery_saver=0;unrestricted=1;bg_restricted=0;standby_bucket=5;thermal=0;battery_pct=88;charging=0;music=0;location_on=1"
1789420592165,990937012,hb,"recorder=1;since_fix_ms=179;fixes_this_process=555;write_failures=0;screen_on=1;doze=0;battery_saver=0;unrestricted=1;bg_restricted=0;standby_bucket=5;thermal=0;battery_pct=88;charging=0;music=0;location_on=1"
1789420597179,990942026,hb,"recorder=1;since_fix_ms=191;fixes_this_process=560;write_failures=0;screen_on=1;doze=0;battery_saver=0;unrestricted=1;bg_restricted=0;standby_bucket=5;thermal=0;battery_pct=88;charging=0;music=0;location_on=1"
1789420602185,990947031,hb,"recorder=1;since_fix_ms=192;fixes_this_process=565;write_failures=0;screen_on=1;doze=0;battery_saver=0;unrestricted=1;bg_restricted=0;standby_bucket=5;thermal=0;battery_pct=88;charging=0;music=0;location_on=1"
1789420607194,990952040,hb,"recorder=1;since_fix_ms=206;fixes_this_process=570;write_failures=0;screen_on=1;doze=0;battery_saver=0;unrestricted=1;bg_restricted=0;standby_bucket=5;thermal=0;battery_pct=88;charging=0;music=0;location_on=1"
1789420612205,990957051,hb,"recorder=1;since_fix_ms=218;fixes_this_process=575;write_failures=0;screen_on=1;doze=0;battery_saver=0;unrestricted=1;bg_restricted=0;standby_bucket=5;thermal=0;battery_pct=88;charging=0;music=0;location_on=1"
1789420617209,990962056,hb,"recorder=1;since_fix_ms=217;fixes_this_process=580;write_failures=0;screen_on=1;doze=0;battery_saver=0;unrestricted=1;bg_restricted=0;standby_bucket=5;thermal=0;battery_pct=88;charging=0;music=0;location_on=1"
1789420622216,990967063,hb,"recorder=1;since_fix_ms=229;fixes_this_process=585;write_failures=0;screen_on=1;doze=0;battery_saver=0;unrestricted=1;bg_restricted=0;standby_bucket=5;thermal=0;battery_pct=88;charging=0;music=0;location_on=1"
1789420627221,990972067,hb,"recorder=1;since_fix_ms=220;fixes_this_process=590;write_failures=0;screen_on=1;doze=0;battery_saver=0;unrestricted=1;bg_restricted=0;standby_bucket=5;thermal=0;battery_pct=88;charging=0;music=0;location_on=1"
1789420632230,990977076,hb,"recorder=1;since_fix_ms=239;fixes_this_process=595;write_failures=0;screen_on=1;doze=0;battery_saver=0;unrestricted=1;bg_restricted=0;standby_bucket=5;thermal=0;battery_pct=88;charging=0;music=0;location_on=1"
1789420637239,990982086,hb,"recorder=1;since_fix_ms=248;fixes_this_process=600;write_failures=0;screen_on=1;doze=0;battery_saver=0;unrestricted=1;bg_restricted=0;standby_bucket=5;thermal=0;battery_pct=88;charging=0;music=0;location_on=1"
1789420642250,990987097,hb,"recorder=1;since_fix_ms=265;fixes_this_process=605;write_failures=0;screen_on=1;doze=0;battery_saver=0;unrestricted=1;bg_restricted=0;standby_bucket=5;thermal=0;battery_pct=88;charging=0;music=0;location_on=1"
1789420647254,990992101,hb,"recorder=1;since_fix_ms=267;fixes_this_process=610;write_failures=0;screen_on=1;doze=0;battery_saver=0;unrestricted=1;bg_restricted=0;standby_bucket=5;thermal=0;battery_pct=88;charging=0;music=0;location_on=1"
1789420652261,990997108,hb,"recorder=1;since_fix_ms=275;fixes_this_process=615;write_failures=0;screen_on=1;doze=0;battery_saver=0;unrestricted=1;bg_restricted=0;standby_bucket=5;thermal=0;battery_pct=88;charging=0;music=0;location_on=1"
1789420657274,991002120,hb,"recorder=1;since_fix_ms=284;fixes_this_process=620;write_failures=0;screen_on=1;doze=0;battery_saver=0;unrestricted=1;bg_restricted=0;standby_bucket=5;thermal=0;battery_pct=88;charging=0;music=0;location_on=1"
1789420662282,991007129,hb,"recorder=1;since_fix_ms=291;fixes_this_process=625;write_failures=0;screen_on=1;doze=0;battery_saver=0;unrestricted=1;bg_restricted=0;standby_bucket=5;thermal=0;battery_pct=88;charging=0;music=0;location_on=1"
1789420667292,991012139,hb,"recorder=1;since_fix_ms=305;fixes_this_process=630;write_failures=0;screen_on=1;doze=0;battery_saver=0;unrestricted=1;bg_restricted=0;standby_bucket=5;thermal=0;battery_pct=88;charging=0;music=0;location_on=1"
1789420672305,991017151,hb,"recorder=1;since_fix_ms=319;fixes_this_process=635;write_failures=0;screen_on=1;doze=0;battery_saver=0;unrestricted=1;bg_restricted=0;standby_bucket=5;thermal=0;battery_pct=88;charging=0;music=0;location_on=1"
1789420677314,991022161,hb,"recorder=1;since_fix_ms=327;fixes_this_process=640;write_failures=0;screen_on=1;doze=0;battery_saver=0;unrestricted=1;bg_restricted=0;standby_bucket=5;thermal=0;battery_pct=88;charging=0;music=0;location_on=1"
1789420682323,991027169,hb,"recorder=1;since_fix_ms=336;fixes_this_process=645;write_failures=0;screen_on=1;doze=0;battery_saver=0;unrestricted=1;bg_restricted=0;standby_bucket=5;thermal=0;battery_pct=88;charging=0;music=0;location_on=1"
1789420687333,991032179,hb,"recorder=1;since_fix_ms=346;fixes_this_process=650;write_failures=0;screen_on=1;doze=0;battery_saver=0;unrestricted=1;bg_restricted=0;standby_bucket=5;thermal=0;battery_pct=88;charging=0;music=0;location_on=1"
1789420692342,991037189,hb,"recorder=1;since_fix_ms=354;fixes_this_process=655;write_failures=0;screen_on=1;doze=0;battery_saver=0;unrestricted=1;bg_restricted=0;standby_bucket=5;thermal=0;battery_pct=88;charging=0;music=0;location_on=1"
1789420697347,991042193,hb,"recorder=1;since_fix_ms=358;fixes_this_process=660;write_failures=0;screen_on=1;doze=0;battery_saver=0;unrestricted=1;bg_restricted=0;standby_bucket=5;thermal=0;battery_pct=88;charging=0;music=0;location_on=1"
1789420702358,991047205,hb,"recorder=1;since_fix_ms=372;fixes_this_process=665;write_failures=0;screen_on=1;doze=0;battery_saver=0;unrestricted=1;bg_restricted=0;standby_bucket=5;thermal=0;battery_pct=88;charging=0;music=0;location_on=1"
1789420707368,991052215,hb,"recorder=1;since_fix_ms=381;fixes_this_process=670;write_failures=0;screen_on=1;doze=0;battery_saver=0;unrestricted=1;bg_restricted=0;standby_bucket=5;thermal=0;battery_pct=88;charging=0;music=0;location_on=1"
1789420712376,991057223,hb,"recorder=1;since_fix_ms=393;fixes_this_process=675;write_failures=0;screen_on=1;doze=0;battery_saver=0;unrestricted=1;bg_restricted=0;standby_bucket=5;thermal=0;battery_pct=88;charging=0;music=0;location_on=1"
1789420717382,991062229,hb,"recorder=1;since_fix_ms=378;fixes_this_process=680;write_failures=0;screen_on=1;doze=0;battery_saver=0;unrestricted=1;bg_restricted=0;standby_bucket=5;thermal=0;battery_pct=88;charging=0;music=0;location_on=1"
1789420722391,991067237,hb,"recorder=1;since_fix_ms=401;fixes_this_process=685;write_failures=0;screen_on=1;doze=0;battery_saver=0;unrestricted=1;bg_restricted=0;standby_bucket=5;thermal=0;battery_pct=88;charging=0;music=0;location_on=1"
1789420727393,991072239,hb,"recorder=1;since_fix_ms=389;fixes_this_process=690;write_failures=0;screen_on=1;doze=0;battery_saver=0;unrestricted=1;bg_restricted=0;standby_bucket=5;thermal=0;battery_pct=88;charging=0;music=0;location_on=1"
1789420732403,991077249,hb,"recorder=1;since_fix_ms=402;fixes_this_process=695;write_failures=0;screen_on=1;doze=0;battery_saver=0;unrestricted=1;bg_restricted=0;standby_bucket=5;thermal=0;battery_pct=88;charging=0;music=0;location_on=1"
1789420737411,991082258,hb,"recorder=1;since_fix_ms=416;fixes_this_process=700;write_failures=0;screen_on=1;doze=0;battery_saver=0;unrestricted=1;bg_restricted=0;standby_bucket=5;thermal=0;battery_pct=88;charging=0;music=0;location_on=1"
1789420742420,991087267,hb,"recorder=1;since_fix_ms=427;fixes_this_process=705;write_failures=0;screen_on=1;doze=0;battery_saver=0;unrestricted=1;bg_restricted=0;standby_bucket=5;thermal=0;battery_pct=88;charging=0;music=0;location_on=1"
1789420747434,991092281,hb,"recorder=1;since_fix_ms=442;fixes_this_process=710;write_failures=0;screen_on=1;doze=0;battery_saver=0;unrestricted=1;bg_restricted=0;standby_bucket=5;thermal=0;battery_pct=88;charging=0;music=0;location_on=1"
1789420752442,991097289,hb,"recorder=1;since_fix_ms=457;fixes_this_process=715;write_failures=0;screen_on=1;doze=0;battery_saver=0;unrestricted=1;bg_restricted=0;standby_bucket=5;thermal=0;battery_pct=88;charging=0;music=0;location_on=1"
1789420757450,991102297,hb,"recorder=1;since_fix_ms=467;fixes_this_process=720;write_failures=0;screen_on=1;doze=0;battery_saver=0;unrestricted=1;bg_restricted=0;standby_bucket=5;thermal=0;battery_pct=88;charging=0;music=0;location_on=1"
1789420762463,991107310,hb,"recorder=1;since_fix_ms=480;fixes_this_process=725;write_failures=0;screen_on=1;doze=0;battery_saver=0;unrestricted=1;bg_restricted=0;standby_bucket=5;thermal=0;battery_pct=88;charging=0;music=0;location_on=1"
1789420767467,991112314,hb,"recorder=1;since_fix_ms=484;fixes_this_process=730;write_failures=0;screen_on=1;doze=0;battery_saver=0;unrestricted=1;bg_restricted=0;standby_bucket=5;thermal=0;battery_pct=88;charging=0;music=0;location_on=1"
1789420772472,991117318,hb,"recorder=1;since_fix_ms=485;fixes_this_process=735;write_failures=0;screen_on=1;doze=0;battery_saver=0;unrestricted=1;bg_restricted=0;standby_bucket=5;thermal=0;battery_pct=88;charging=0;music=0;location_on=1"
1789420777486,991122332,hb,"recorder=1;since_fix_ms=495;fixes_this_process=740;write_failures=0;screen_on=1;doze=0;battery_saver=0;unrestricted=1;bg_restricted=0;standby_bucket=5;thermal=0;battery_pct=88;charging=0;music=0;location_on=1"
1789420782494,991127340,hb,"recorder=1;since_fix_ms=506;fixes_this_process=745;write_failures=0;screen_on=1;doze=0;battery_saver=0;unrestricted=1;bg_restricted=0;standby_bucket=5;thermal=0;battery_pct=88;charging=0;music=0;location_on=1"
1789420787503,991132349,hb,"recorder=1;since_fix_ms=515;fixes_this_process=750;write_failures=0;screen_on=1;doze=0;battery_saver=0;unrestricted=1;bg_restricted=0;standby_bucket=5;thermal=0;battery_pct=88;charging=0;music=0;location_on=1"
1789420792509,991137356,hb,"recorder=1;since_fix_ms=524;fixes_this_process=755;write_failures=0;screen_on=1;doze=0;battery_saver=0;unrestricted=1;bg_restricted=0;standby_bucket=5;thermal=0;battery_pct=88;charging=0;music=0;location_on=1"
1789420797520,991142366,hb,"recorder=1;since_fix_ms=530;fixes_this_process=760;write_failures=0;screen_on=1;doze=0;battery_saver=0;unrestricted=1;bg_restricted=0;standby_bucket=5;thermal=0;battery_pct=88;charging=0;music=0;location_on=1"
1789420802531,991147377,hb,"recorder=1;since_fix_ms=540;fixes_this_process=765;write_failures=0;screen_on=1;doze=0;battery_saver=0;unrestricted=1;bg_restricted=0;standby_bucket=5;thermal=0;battery_pct=88;charging=0;music=0;location_on=1"
1789420807539,991152386,hb,"recorder=1;since_fix_ms=555;fixes_this_process=770;write_failures=0;screen_on=1;doze=0;battery_saver=0;unrestricted=1;bg_restricted=0;standby_bucket=5;thermal=0;battery_pct=88;charging=0;music=0;location_on=1"
1789420812543,991157389,hb,"recorder=1;since_fix_ms=552;fixes_this_process=775;write_failures=0;screen_on=1;doze=0;battery_saver=0;unrestricted=1;bg_restricted=0;standby_bucket=5;thermal=0;battery_pct=88;charging=0;music=0;location_on=1"
1789420817549,991162395,hb,"recorder=1;since_fix_ms=561;fixes_this_process=780;write_failures=0;screen_on=1;doze=0;battery_saver=0;unrestricted=1;bg_restricted=0;standby_bucket=5;thermal=0;battery_pct=88;charging=0;music=0;location_on=1"
1789420822563,991167410,hb,"recorder=1;since_fix_ms=579;fixes_this_process=785;write_failures=0;screen_on=1;doze=0;battery_saver=0;unrestricted=1;bg_restricted=0;standby_bucket=5;thermal=0;battery_pct=88;charging=0;music=0;location_on=1"
1789420827572,991172418,hb,"recorder=1;since_fix_ms=588;fixes_this_process=790;write_failures=0;screen_on=1;doze=0;battery_saver=0;unrestricted=1;bg_restricted=0;standby_bucket=5;thermal=0;battery_pct=88;charging=0;music=0;location_on=1"
1789420832580,991177426,hb,"recorder=1;since_fix_ms=596;fixes_this_process=795;write_failures=0;screen_on=1;doze=0;battery_saver=0;unrestricted=1;bg_restricted=0;standby_bucket=5;thermal=0;battery_pct=88;charging=0;music=0;location_on=1"
1789420837592,991182439,hb,"recorder=1;since_fix_ms=604;fixes_this_process=800;write_failures=0;screen_on=1;doze=0;battery_saver=0;unrestricted=1;bg_restricted=0;standby_bucket=5;thermal=0;battery_pct=88;charging=0;music=0;location_on=1"
1789420842596,991187443,hb,"recorder=1;since_fix_ms=613;fixes_this_process=805;write_failures=0;screen_on=1;doze=0;battery_saver=0;unrestricted=1;bg_restricted=0;standby_bucket=5;thermal=0;battery_pct=88;charging=0;music=0;location_on=1"
1789420847604,991192451,hb,"recorder=1;since_fix_ms=617;fixes_this_process=810;write_failures=0;screen_on=1;doze=0;battery_saver=0;unrestricted=1;bg_restricted=0;standby_bucket=5;thermal=0;battery_pct=88;charging=0;music=0;location_on=1"
1789420852612,991197458,hb,"recorder=1;since_fix_ms=627;fixes_this_process=815;write_failures=0;screen_on=1;doze=0;battery_saver=0;unrestricted=1;bg_restricted=0;standby_bucket=5;thermal=0;battery_pct=88;charging=0;music=0;location_on=1"
1789420857620,991202467,hb,"recorder=1;since_fix_ms=635;fixes_this_process=820;write_failures=0;screen_on=1;doze=0;battery_saver=0;unrestricted=1;bg_restricted=0;standby_bucket=5;thermal=0;battery_pct=88;charging=0;music=0;location_on=1"
1789420862626,991207473,hb,"recorder=1;since_fix_ms=637;fixes_this_process=825;write_failures=0;screen_on=1;doze=0;battery_saver=0;unrestricted=1;bg_restricted=0;standby_bucket=5;thermal=0;battery_pct=88;charging=0;music=0;location_on=1"
1789420867641,991212487,hb,"recorder=1;since_fix_ms=648;fixes_this_process=830;write_failures=0;screen_on=1;doze=0;battery_saver=0;unrestricted=1;bg_restricted=0;standby_bucket=5;thermal=0;battery_pct=88;charging=0;music=0;location_on=1"
1789420872650,991217496,hb,"recorder=1;since_fix_ms=659;fixes_this_process=835;write_failures=0;screen_on=1;doze=0;battery_saver=0;unrestricted=1;bg_restricted=0;standby_bucket=5;thermal=0;battery_pct=88;charging=0;music=0;location_on=1"
1789420877659,991222505,hb,"recorder=1;since_fix_ms=673;fixes_this_process=840;write_failures=0;screen_on=1;doze=0;battery_saver=0;unrestricted=1;bg_restricted=0;standby_bucket=5;thermal=0;battery_pct=88;charging=0;music=0;location_on=1"
1789420882672,991227519,hb,"recorder=1;since_fix_ms=686;fixes_this_process=845;write_failures=0;screen_on=1;doze=0;battery_saver=0;unrestricted=1;bg_restricted=0;standby_bucket=5;thermal=0;battery_pct=88;charging=0;music=0;location_on=1"
1789420887681,991232528,hb,"recorder=1;since_fix_ms=696;fixes_this_process=850;write_failures=0;screen_on=1;doze=0;battery_saver=0;unrestricted=1;bg_restricted=0;standby_bucket=5;thermal=0;battery_pct=88;charging=0;music=0;location_on=1"
1789420892690,991237537,hb,"recorder=1;since_fix_ms=702;fixes_this_process=855;write_failures=0;screen_on=1;doze=0;battery_saver=0;unrestricted=1;bg_restricted=0;standby_bucket=5;thermal=0;battery_pct=88;charging=0;music=0;location_on=1"
1789420897701,991242548,hb,"recorder=1;since_fix_ms=718;fixes_this_process=860;write_failures=0;screen_on=1;doze=0;battery_saver=0;unrestricted=1;bg_restricted=0;standby_bucket=5;thermal=0;battery_pct=88;charging=0;music=0;location_on=1"
1789420902707,991247554,hb,"recorder=1;since_fix_ms=718;fixes_this_process=865;write_failures=0;screen_on=1;doze=0;battery_saver=0;unrestricted=1;bg_restricted=0;standby_bucket=5;thermal=0;battery_pct=88;charging=0;music=0;location_on=1"
1789420907716,991252563,hb,"recorder=1;since_fix_ms=723;fixes_this_process=870;write_failures=0;screen_on=1;doze=0;battery_saver=0;unrestricted=1;bg_restricted=0;standby_bucket=5;thermal=0;battery_pct=88;charging=0;music=0;location_on=1"
1789420912724,991257571,hb,"recorder=1;since_fix_ms=739;fixes_this_process=875;write_failures=0;screen_on=1;doze=0;battery_saver=0;unrestricted=1;bg_restricted=0;standby_bucket=5;thermal=0;battery_pct=88;charging=0;music=0;location_on=1"
1789420917735,991262582,hb,"recorder=1;since_fix_ms=746;fixes_this_process=880;write_failures=0;screen_on=1;doze=0;battery_saver=0;unrestricted=1;bg_restricted=0;standby_bucket=5;thermal=0;battery_pct=88;charging=0;music=0;location_on=1"
1789420922741,991267588,hb,"recorder=1;since_fix_ms=739;fixes_this_process=885;write_failures=0;screen_on=1;doze=0;battery_saver=0;unrestricted=1;bg_restricted=0;standby_bucket=5;thermal=0;battery_pct=88;charging=0;music=0;location_on=1"
1789420927755,991272601,hb,"recorder=1;since_fix_ms=752;fixes_this_process=890;write_failures=0;screen_on=1;doze=0;battery_saver=0;unrestricted=1;bg_restricted=0;standby_bucket=5;thermal=0;battery_pct=88;charging=0;music=0;location_on=1"
1789420932764,991277610,hb,"recorder=1;since_fix_ms=772;fixes_this_process=895;write_failures=0;screen_on=1;doze=0;battery_saver=0;unrestricted=1;bg_restricted=0;standby_bucket=5;thermal=0;battery_pct=88;charging=0;music=0;location_on=1"
1789420937772,991282619,hb,"recorder=1;since_fix_ms=785;fixes_this_process=900;write_failures=0;screen_on=1;doze=0;battery_saver=0;unrestricted=1;bg_restricted=0;standby_bucket=5;thermal=0;battery_pct=88;charging=0;music=0;location_on=1"
1789420942788,991287634,hb,"recorder=1;since_fix_ms=795;fixes_this_process=905;write_failures=0;screen_on=1;doze=0;battery_saver=0;unrestricted=1;bg_restricted=0;standby_bucket=5;thermal=0;battery_pct=88;charging=0;music=0;location_on=1"
1789420947795,991292642,hb,"recorder=1;since_fix_ms=807;fixes_this_process=910;write_failures=0;screen_on=1;doze=0;battery_saver=0;unrestricted=1;bg_restricted=0;standby_bucket=5;thermal=0;battery_pct=88;charging=0;music=0;location_on=1"
1789420952802,991297649,hb,"recorder=1;since_fix_ms=806;fixes_this_process=915;write_failures=0;screen_on=1;doze=0;battery_saver=0;unrestricted=1;bg_restricted=0;standby_bucket=5;thermal=0;battery_pct=88;charging=0;music=0;location_on=1"
1789420957810,991302657,hb,"recorder=1;since_fix_ms=823;fixes_this_process=920;write_failures=0;screen_on=1;doze=0;battery_saver=0;unrestricted=1;bg_restricted=0;standby_bucket=5;thermal=0;battery_pct=88;charging=0;music=0;location_on=1"
1789420962817,991307664,hb,"recorder=1;since_fix_ms=831;fixes_this_process=925;write_failures=0;screen_on=1;doze=0;battery_saver=0;unrestricted=1;bg_restricted=0;standby_bucket=5;thermal=0;battery_pct=88;charging=0;music=0;location_on=1"
1789420967824,991312670,hb,"recorder=1;since_fix_ms=836;fixes_this_process=930;write_failures=0;screen_on=1;doze=0;battery_saver=0;unrestricted=1;bg_restricted=0;standby_bucket=5;thermal=0;battery_pct=88;charging=0;music=0;location_on=1"
1789420972833,991317680,hb,"recorder=1;since_fix_ms=829;fixes_this_process=935;write_failures=0;screen_on=1;doze=0;battery_saver=0;unrestricted=1;bg_restricted=0;standby_bucket=5;thermal=0;battery_pct=88;charging=0;music=0;location_on=1"
1789420977840,991322686,hb,"recorder=1;since_fix_ms=858;fixes_this_process=940;write_failures=0;screen_on=1;doze=0;battery_saver=0;unrestricted=1;bg_restricted=0;standby_bucket=5;thermal=0;battery_pct=88;charging=0;music=0;location_on=1"
1789420982847,991327694,hb,"recorder=1;since_fix_ms=862;fixes_this_process=945;write_failures=0;screen_on=1;doze=0;battery_saver=0;unrestricted=1;bg_restricted=0;standby_bucket=5;thermal=0;battery_pct=88;charging=0;music=0;location_on=1"
1789420987858,991332705,hb,"recorder=1;since_fix_ms=863;fixes_this_process=950;write_failures=0;screen_on=1;doze=0;battery_saver=0;unrestricted=1;bg_restricted=0;standby_bucket=5;thermal=0;battery_pct=88;charging=0;music=0;location_on=1"
1789420992863,991337709,hb,"recorder=1;since_fix_ms=924;fixes_this_process=955;write_failures=0;screen_on=1;doze=0;battery_saver=0;unrestricted=1;bg_restricted=0;standby_bucket=5;thermal=0;battery_pct=88;charging=0;music=0;location_on=1"
1789420997866,991342712,hb,"recorder=1;since_fix_ms=880;fixes_this_process=960;write_failures=0;screen_on=1;doze=0;battery_saver=0;unrestricted=1;bg_restricted=0;standby_bucket=5;thermal=0;battery_pct=88;charging=0;music=0;location_on=1"
1789421002877,991347724,hb,"recorder=1;since_fix_ms=1024;fixes_this_process=965;write_failures=0;screen_on=1;doze=0;battery_saver=0;unrestricted=1;bg_restricted=0;standby_bucket=5;thermal=0;battery_pct=88;charging=0;music=0;location_on=1"
1789421007884,991352730,hb,"recorder=1;since_fix_ms=899;fixes_this_process=970;write_failures=0;screen_on=1;doze=0;battery_saver=0;unrestricted=1;bg_restricted=0;standby_bucket=5;thermal=0;battery_pct=88;charging=0;music=0;location_on=1"
1789421012885,991357732,hb,"recorder=1;since_fix_ms=10;fixes_this_process=976;write_failures=0;screen_on=1;doze=0;battery_saver=0;unrestricted=1;bg_restricted=0;standby_bucket=5;thermal=0;battery_pct=88;charging=0;music=0;location_on=1"
1789421017890,991362737,hb,"recorder=1;since_fix_ms=905;fixes_this_process=980;write_failures=0;screen_on=1;doze=0;battery_saver=0;unrestricted=1;bg_restricted=0;standby_bucket=5;thermal=0;battery_pct=88;charging=0;music=0;location_on=1"
1789421022894,991367740,hb,"recorder=1;since_fix_ms=904;fixes_this_process=985;write_failures=0;screen_on=1;doze=0;battery_saver=0;unrestricted=1;bg_restricted=0;standby_bucket=5;thermal=0;battery_pct=88;charging=0;music=0;location_on=1"
1789421027902,991372748,hb,"recorder=1;since_fix_ms=914;fixes_this_process=990;write_failures=0;screen_on=1;doze=0;battery_saver=0;unrestricted=1;bg_restricted=0;standby_bucket=5;thermal=0;battery_pct=88;charging=0;music=0;location_on=1"
1789421032914,991377761,hb,"recorder=1;since_fix_ms=929;fixes_this_process=995;write_failures=0;screen_on=1;doze=0;battery_saver=0;unrestricted=1;bg_restricted=0;standby_bucket=5;thermal=0;battery_pct=88;charging=0;music=0;location_on=1"
1789421037922,991382768,hb,"recorder=1;since_fix_ms=936;fixes_this_process=1000;write_failures=0;screen_on=1;doze=0;battery_saver=0;unrestricted=1;bg_restricted=0;standby_bucket=5;thermal=0;battery_pct=88;charging=0;music=0;location_on=1"
1789421042930,991387776,hb,"recorder=1;since_fix_ms=943;fixes_this_process=1005;write_failures=0;screen_on=1;doze=0;battery_saver=0;unrestricted=1;bg_restricted=0;standby_bucket=5;thermal=0;battery_pct=88;charging=0;music=0;location_on=1"
1789421047942,991392788,hb,"recorder=1;since_fix_ms=960;fixes_this_process=1010;write_failures=0;screen_on=1;doze=0;battery_saver=0;unrestricted=1;bg_restricted=0;standby_bucket=5;thermal=0;battery_pct=88;charging=0;music=0;location_on=1"
1789421052951,991397797,hb,"recorder=1;since_fix_ms=964;fixes_this_process=1015;write_failures=0;screen_on=1;doze=0;battery_saver=0;unrestricted=1;bg_restricted=0;standby_bucket=5;thermal=0;battery_pct=88;charging=0;music=0;location_on=1"
1789421057960,991402807,hb,"recorder=1;since_fix_ms=974;fixes_this_process=1020;write_failures=0;screen_on=1;doze=0;battery_saver=0;unrestricted=1;bg_restricted=0;standby_bucket=5;thermal=0;battery_pct=88;charging=0;music=0;location_on=1"
1789421062972,991407819,hb,"recorder=1;since_fix_ms=988;fixes_this_process=1025;write_failures=0;screen_on=1;doze=0;battery_saver=0;unrestricted=1;bg_restricted=0;standby_bucket=5;thermal=0;battery_pct=88;charging=0;music=0;location_on=1"
1789421067981,991412828,hb,"recorder=1;since_fix_ms=989;fixes_this_process=1030;write_failures=0;screen_on=1;doze=0;battery_saver=0;unrestricted=1;bg_restricted=0;standby_bucket=5;thermal=0;battery_pct=88;charging=0;music=0;location_on=1"
1789421072987,991417833,hb,"recorder=1;since_fix_ms=3;fixes_this_process=1036;write_failures=0;screen_on=1;doze=0;battery_saver=0;unrestricted=1;bg_restricted=0;standby_bucket=5;thermal=0;battery_pct=88;charging=0;music=0;location_on=1"
1789421077993,991422840,hb,"recorder=1;since_fix_ms=1006;fixes_this_process=1040;write_failures=0;screen_on=1;doze=0;battery_saver=0;unrestricted=1;bg_restricted=0;standby_bucket=5;thermal=0;battery_pct=88;charging=0;music=0;location_on=1"
1789421083000,991427846,hb,"recorder=1;since_fix_ms=18;fixes_this_process=1046;write_failures=0;screen_on=1;doze=0;battery_saver=0;unrestricted=1;bg_restricted=0;standby_bucket=5;thermal=0;battery_pct=88;charging=0;music=0;location_on=1"
1789421088006,991432852,hb,"recorder=1;since_fix_ms=12;fixes_this_process=1051;write_failures=0;screen_on=1;doze=0;battery_saver=0;unrestricted=1;bg_restricted=0;standby_bucket=5;thermal=0;battery_pct=88;charging=0;music=0;location_on=1"
1789421093013,991437859,hb,"recorder=1;since_fix_ms=30;fixes_this_process=1056;write_failures=0;screen_on=1;doze=0;battery_saver=0;unrestricted=1;bg_restricted=0;standby_bucket=5;thermal=0;battery_pct=88;charging=0;music=0;location_on=1"
1789421098021,991442868,hb,"recorder=1;since_fix_ms=143;fixes_this_process=1061;write_failures=0;screen_on=1;doze=0;battery_saver=0;unrestricted=1;bg_restricted=0;standby_bucket=5;thermal=0;battery_pct=88;charging=0;music=0;location_on=1"
1789421103029,991447876,hb,"recorder=1;since_fix_ms=53;fixes_this_process=1066;write_failures=0;screen_on=1;doze=0;battery_saver=0;unrestricted=1;bg_restricted=0;standby_bucket=5;thermal=0;battery_pct=88;charging=0;music=0;location_on=1"
1789421108035,991452881,hb,"recorder=1;since_fix_ms=153;fixes_this_process=1071;write_failures=0;screen_on=1;doze=0;battery_saver=0;unrestricted=1;bg_restricted=0;standby_bucket=5;thermal=0;battery_pct=88;charging=0;music=0;location_on=1"
1789421113041,991457887,hb,"recorder=1;since_fix_ms=46;fixes_this_process=1076;write_failures=0;screen_on=1;doze=0;battery_saver=0;unrestricted=1;bg_restricted=0;standby_bucket=5;thermal=0;battery_pct=88;charging=0;music=0;location_on=1"
1789421118045,991462892,hb,"recorder=1;since_fix_ms=38;fixes_this_process=1081;write_failures=0;screen_on=1;doze=0;battery_saver=0;unrestricted=1;bg_restricted=0;standby_bucket=5;thermal=0;battery_pct=88;charging=0;music=0;location_on=1"
1789421123054,991467900,hb,"recorder=1;since_fix_ms=68;fixes_this_process=1086;write_failures=0;screen_on=1;doze=0;battery_saver=0;unrestricted=1;bg_restricted=0;standby_bucket=5;thermal=0;battery_pct=88;charging=0;music=0;location_on=1"
1789421128062,991472908,hb,"recorder=1;since_fix_ms=74;fixes_this_process=1091;write_failures=0;screen_on=1;doze=0;battery_saver=0;unrestricted=1;bg_restricted=0;standby_bucket=5;thermal=0;battery_pct=88;charging=0;music=0;location_on=1"
1789421133071,991477917,hb,"recorder=1;since_fix_ms=83;fixes_this_process=1096;write_failures=0;screen_on=1;doze=0;battery_saver=0;unrestricted=1;bg_restricted=0;standby_bucket=5;thermal=0;battery_pct=88;charging=0;music=0;location_on=1"
1789421138082,991482928,hb,"recorder=1;since_fix_ms=104;fixes_this_process=1101;write_failures=0;screen_on=1;doze=0;battery_saver=0;unrestricted=1;bg_restricted=0;standby_bucket=5;thermal=0;battery_pct=88;charging=0;music=0;location_on=1"
1789421143090,991487936,hb,"recorder=1;since_fix_ms=174;fixes_this_process=1106;write_failures=0;screen_on=1;doze=0;battery_saver=0;unrestricted=1;bg_restricted=0;standby_bucket=5;thermal=0;battery_pct=88;charging=0;music=0;location_on=1"
1789421148098,991492944,hb,"recorder=1;since_fix_ms=115;fixes_this_process=1111;write_failures=0;screen_on=1;doze=0;battery_saver=0;unrestricted=1;bg_restricted=0;standby_bucket=5;thermal=0;battery_pct=88;charging=0;music=0;location_on=1"
1789421153102,991497948,hb,"recorder=1;since_fix_ms=120;fixes_this_process=1116;write_failures=0;screen_on=1;doze=0;battery_saver=0;unrestricted=1;bg_restricted=0;standby_bucket=5;thermal=0;battery_pct=88;charging=0;music=0;location_on=1"
1789421158111,991502958,hb,"recorder=1;since_fix_ms=126;fixes_this_process=1121;write_failures=0;screen_on=1;doze=0;battery_saver=0;unrestricted=1;bg_restricted=0;standby_bucket=5;thermal=0;battery_pct=88;charging=0;music=0;location_on=1"
1789421163117,991507964,hb,"recorder=1;since_fix_ms=131;fixes_this_process=1126;write_failures=0;screen_on=1;doze=0;battery_saver=0;unrestricted=1;bg_restricted=0;standby_bucket=5;thermal=0;battery_pct=88;charging=0;music=0;location_on=1"
1789421168128,991512974,hb,"recorder=1;since_fix_ms=137;fixes_this_process=1131;write_failures=0;screen_on=1;doze=0;battery_saver=0;unrestricted=1;bg_restricted=0;standby_bucket=5;thermal=0;battery_pct=87;charging=0;music=0;location_on=1"
1789421173131,991517978,hb,"recorder=1;since_fix_ms=148;fixes_this_process=1136;write_failures=0;screen_on=1;doze=0;battery_saver=0;unrestricted=1;bg_restricted=0;standby_bucket=5;thermal=0;battery_pct=87;charging=0;music=0;location_on=1"
1789421178138,991522985,hb,"recorder=1;since_fix_ms=153;fixes_this_process=1141;write_failures=0;screen_on=1;doze=0;battery_saver=0;unrestricted=1;bg_restricted=0;standby_bucket=5;thermal=0;battery_pct=87;charging=0;music=0;location_on=1"
1789421183149,991527995,hb,"recorder=1;since_fix_ms=270;fixes_this_process=1146;write_failures=0;screen_on=1;doze=0;battery_saver=0;unrestricted=1;bg_restricted=0;standby_bucket=5;thermal=0;battery_pct=87;charging=0;music=0;location_on=1"
1789421188154,991533000,hb,"recorder=1;since_fix_ms=168;fixes_this_process=1151;write_failures=0;screen_on=1;doze=0;battery_saver=0;unrestricted=1;bg_restricted=0;standby_bucket=5;thermal=0;battery_pct=87;charging=0;music=0;location_on=1"
1789421193160,991538006,hb,"recorder=1;since_fix_ms=176;fixes_this_process=1156;write_failures=0;screen_on=1;doze=0;battery_saver=0;unrestricted=1;bg_restricted=0;standby_bucket=5;thermal=0;battery_pct=87;charging=0;music=0;location_on=1"
1789421198172,991543019,hb,"recorder=1;since_fix_ms=184;fixes_this_process=1161;write_failures=0;screen_on=1;doze=0;battery_saver=0;unrestricted=1;bg_restricted=0;standby_bucket=5;thermal=0;battery_pct=87;charging=0;music=0;location_on=1"
1789421203178,991548024,hb,"recorder=1;since_fix_ms=190;fixes_this_process=1166;write_failures=0;screen_on=1;doze=0;battery_saver=0;unrestricted=1;bg_restricted=0;standby_bucket=5;thermal=0;battery_pct=87;charging=0;music=0;location_on=1"
1789421208183,991553029,hb,"recorder=1;since_fix_ms=198;fixes_this_process=1171;write_failures=0;screen_on=1;doze=0;battery_saver=0;unrestricted=1;bg_restricted=0;standby_bucket=5;thermal=0;battery_pct=87;charging=0;music=0;location_on=1"
1789421213194,991558040,hb,"recorder=1;since_fix_ms=209;fixes_this_process=1176;write_failures=0;screen_on=1;doze=0;battery_saver=0;unrestricted=1;bg_restricted=0;standby_bucket=5;thermal=0;battery_pct=87;charging=0;music=0;location_on=1"
1789421218201,991563048,hb,"recorder=1;since_fix_ms=216;fixes_this_process=1181;write_failures=0;screen_on=1;doze=0;battery_saver=0;unrestricted=1;bg_restricted=0;standby_bucket=5;thermal=0;battery_pct=87;charging=0;music=0;location_on=1"
1789421223206,991568052,hb,"recorder=1;since_fix_ms=223;fixes_this_process=1186;write_failures=0;screen_on=1;doze=0;battery_saver=0;unrestricted=1;bg_restricted=0;standby_bucket=5;thermal=0;battery_pct=87;charging=0;music=0;location_on=1"
1789421228213,991573059,hb,"recorder=1;since_fix_ms=230;fixes_this_process=1191;write_failures=0;screen_on=1;doze=0;battery_saver=0;unrestricted=1;bg_restricted=0;standby_bucket=5;thermal=0;battery_pct=87;charging=0;music=0;location_on=1"
1789421233220,991578066,hb,"recorder=1;since_fix_ms=235;fixes_this_process=1196;write_failures=0;screen_on=1;doze=0;battery_saver=0;unrestricted=1;bg_restricted=0;standby_bucket=5;thermal=0;battery_pct=87;charging=0;music=0;location_on=1"
1789421238228,991583074,hb,"recorder=1;since_fix_ms=244;fixes_this_process=1201;write_failures=0;screen_on=1;doze=0;battery_saver=0;unrestricted=1;bg_restricted=0;standby_bucket=5;thermal=0;battery_pct=87;charging=0;music=0;location_on=1"
1789421243239,991588086,hb,"recorder=1;since_fix_ms=260;fixes_this_process=1206;write_failures=0;screen_on=1;doze=0;battery_saver=0;unrestricted=1;bg_restricted=0;standby_bucket=5;thermal=0;battery_pct=87;charging=0;music=0;location_on=1"
1789421248249,991593096,hb,"recorder=1;since_fix_ms=265;fixes_this_process=1211;write_failures=0;screen_on=1;doze=0;battery_saver=0;unrestricted=1;bg_restricted=0;standby_bucket=5;thermal=0;battery_pct=87;charging=0;music=0;location_on=1"
1789421253258,991598105,hb,"recorder=1;since_fix_ms=273;fixes_this_process=1216;write_failures=0;screen_on=1;doze=0;battery_saver=0;unrestricted=1;bg_restricted=0;standby_bucket=5;thermal=0;battery_pct=87;charging=0;music=0;location_on=1"
1789421258272,991603118,hb,"recorder=1;since_fix_ms=281;fixes_this_process=1221;write_failures=0;screen_on=1;doze=0;battery_saver=0;unrestricted=1;bg_restricted=0;standby_bucket=5;thermal=0;battery_pct=87;charging=0;music=0;location_on=1"
1789421263278,991608124,hb,"recorder=1;since_fix_ms=293;fixes_this_process=1226;write_failures=0;screen_on=1;doze=0;battery_saver=0;unrestricted=1;bg_restricted=0;standby_bucket=5;thermal=0;battery_pct=87;charging=0;music=0;location_on=1"
1789421268286,991613132,hb,"recorder=1;since_fix_ms=303;fixes_this_process=1231;write_failures=0;screen_on=1;doze=0;battery_saver=0;unrestricted=1;bg_restricted=0;standby_bucket=5;thermal=0;battery_pct=87;charging=0;music=0;location_on=1"
1789421273300,991618147,hb,"recorder=1;since_fix_ms=315;fixes_this_process=1236;write_failures=0;screen_on=1;doze=0;battery_saver=0;unrestricted=1;bg_restricted=0;standby_bucket=5;thermal=0;battery_pct=87;charging=0;music=0;location_on=1"
1789421278307,991623153,hb,"recorder=1;since_fix_ms=324;fixes_this_process=1241;write_failures=0;screen_on=1;doze=0;battery_saver=0;unrestricted=1;bg_restricted=0;standby_bucket=5;thermal=0;battery_pct=87;charging=0;music=0;location_on=1"
1789421283316,991628163,hb,"recorder=1;since_fix_ms=330;fixes_this_process=1246;write_failures=0;screen_on=1;doze=0;battery_saver=0;unrestricted=1;bg_restricted=0;standby_bucket=5;thermal=0;battery_pct=87;charging=0;music=0;location_on=1"
1789421288325,991633172,hb,"recorder=1;since_fix_ms=341;fixes_this_process=1251;write_failures=0;screen_on=1;doze=0;battery_saver=0;unrestricted=1;bg_restricted=0;standby_bucket=5;thermal=0;battery_pct=87;charging=0;music=0;location_on=1"
1789421293334,991638181,hb,"recorder=1;since_fix_ms=353;fixes_this_process=1256;write_failures=0;screen_on=1;doze=0;battery_saver=0;unrestricted=1;bg_restricted=0;standby_bucket=5;thermal=0;battery_pct=87;charging=0;music=0;location_on=1"
1789421298343,991643190,hb,"recorder=1;since_fix_ms=360;fixes_this_process=1261;write_failures=0;screen_on=1;doze=0;battery_saver=0;unrestricted=1;bg_restricted=0;standby_bucket=5;thermal=0;battery_pct=87;charging=0;music=0;location_on=1"
1789421303354,991648200,hb,"recorder=1;since_fix_ms=371;fixes_this_process=1266;write_failures=0;screen_on=1;doze=0;battery_saver=0;unrestricted=1;bg_restricted=0;standby_bucket=5;thermal=0;battery_pct=87;charging=0;music=0;location_on=1"
1789421308360,991653207,hb,"recorder=1;since_fix_ms=377;fixes_this_process=1271;write_failures=0;screen_on=1;doze=0;battery_saver=0;unrestricted=1;bg_restricted=0;standby_bucket=5;thermal=0;battery_pct=87;charging=0;music=0;location_on=1"
1789421313368,991658215,hb,"recorder=1;since_fix_ms=379;fixes_this_process=1276;write_failures=0;screen_on=1;doze=0;battery_saver=0;unrestricted=1;bg_restricted=0;standby_bucket=5;thermal=0;battery_pct=87;charging=0;music=0;location_on=1"
1789421318384,991663230,hb,"recorder=1;since_fix_ms=392;fixes_this_process=1281;write_failures=0;screen_on=1;doze=0;battery_saver=0;unrestricted=1;bg_restricted=0;standby_bucket=5;thermal=0;battery_pct=87;charging=0;music=0;location_on=1"
1789421323392,991668239,hb,"recorder=1;since_fix_ms=406;fixes_this_process=1286;write_failures=0;screen_on=1;doze=0;battery_saver=0;unrestricted=1;bg_restricted=0;standby_bucket=5;thermal=0;battery_pct=87;charging=0;music=0;location_on=1"
1789421328401,991673248,hb,"recorder=1;since_fix_ms=417;fixes_this_process=1291;write_failures=0;screen_on=1;doze=0;battery_saver=0;unrestricted=1;bg_restricted=0;standby_bucket=5;thermal=0;battery_pct=87;charging=0;music=0;location_on=1"
1789421333415,991678261,hb,"recorder=1;since_fix_ms=423;fixes_this_process=1296;write_failures=0;screen_on=1;doze=0;battery_saver=0;unrestricted=1;bg_restricted=0;standby_bucket=5;thermal=0;battery_pct=87;charging=0;music=0;location_on=1"
1789421338424,991683270,hb,"recorder=1;since_fix_ms=435;fixes_this_process=1301;write_failures=0;screen_on=1;doze=0;battery_saver=0;unrestricted=1;bg_restricted=0;standby_bucket=5;thermal=0;battery_pct=87;charging=0;music=0;location_on=1"
1789421343433,991688280,hb,"recorder=1;since_fix_ms=450;fixes_this_process=1306;write_failures=0;screen_on=1;doze=0;battery_saver=0;unrestricted=1;bg_restricted=0;standby_bucket=5;thermal=0;battery_pct=87;charging=0;music=0;location_on=1"
1789421348443,991693289,hb,"recorder=1;since_fix_ms=458;fixes_this_process=1311;write_failures=0;screen_on=1;doze=0;battery_saver=0;unrestricted=1;bg_restricted=0;standby_bucket=5;thermal=0;battery_pct=87;charging=0;music=0;location_on=1"
1789421353450,991698296,hb,"recorder=1;since_fix_ms=464;fixes_this_process=1316;write_failures=0;screen_on=1;doze=0;battery_saver=0;unrestricted=1;bg_restricted=0;standby_bucket=5;thermal=0;battery_pct=87;charging=0;music=0;location_on=1"
1789421358458,991703305,hb,"recorder=1;since_fix_ms=473;fixes_this_process=1321;write_failures=0;screen_on=1;doze=0;battery_saver=0;unrestricted=1;bg_restricted=0;standby_bucket=5;thermal=0;battery_pct=87;charging=0;music=0;location_on=1"
1789421363471,991708317,hb,"recorder=1;since_fix_ms=484;fixes_this_process=1326;write_failures=0;screen_on=1;doze=0;battery_saver=0;unrestricted=1;bg_restricted=0;standby_bucket=5;thermal=0;battery_pct=87;charging=0;music=0;location_on=1"
1789421368478,991713324,hb,"recorder=1;since_fix_ms=494;fixes_this_process=1331;write_failures=0;screen_on=1;doze=0;battery_saver=0;unrestricted=1;bg_restricted=0;standby_bucket=5;thermal=0;battery_pct=87;charging=0;music=0;location_on=1"
1789421373483,991718330,hb,"recorder=1;since_fix_ms=490;fixes_this_process=1336;write_failures=0;screen_on=1;doze=0;battery_saver=0;unrestricted=1;bg_restricted=0;standby_bucket=5;thermal=0;battery_pct=87;charging=0;music=0;location_on=1"
1789421378492,991723339,hb,"recorder=1;since_fix_ms=505;fixes_this_process=1341;write_failures=0;screen_on=1;doze=0;battery_saver=0;unrestricted=1;bg_restricted=0;standby_bucket=5;thermal=0;battery_pct=87;charging=0;music=0;location_on=1"
1789421383497,991728344,hb,"recorder=1;since_fix_ms=509;fixes_this_process=1346;write_failures=0;screen_on=1;doze=0;battery_saver=0;unrestricted=1;bg_restricted=0;standby_bucket=5;thermal=0;battery_pct=87;charging=0;music=0;location_on=1"
1789421388506,991733352,hb,"recorder=1;since_fix_ms=516;fixes_this_process=1351;write_failures=0;screen_on=1;doze=0;battery_saver=0;unrestricted=1;bg_restricted=0;standby_bucket=5;thermal=0;battery_pct=87;charging=0;music=0;location_on=1"
1789421393515,991738362,hb,"recorder=1;since_fix_ms=525;fixes_this_process=1356;write_failures=0;screen_on=1;doze=0;battery_saver=0;unrestricted=1;bg_restricted=0;standby_bucket=5;thermal=0;battery_pct=87;charging=0;music=0;location_on=1"
1789421398520,991743367,hb,"recorder=1;since_fix_ms=535;fixes_this_process=1361;write_failures=0;screen_on=1;doze=0;battery_saver=0;unrestricted=1;bg_restricted=0;standby_bucket=5;thermal=0;battery_pct=87;charging=0;music=0;location_on=1"
1789421403530,991748376,hb,"recorder=1;since_fix_ms=544;fixes_this_process=1366;write_failures=0;screen_on=1;doze=0;battery_saver=0;unrestricted=1;bg_restricted=0;standby_bucket=5;thermal=0;battery_pct=87;charging=0;music=0;location_on=1"
1789421408544,991753390,hb,"recorder=1;since_fix_ms=557;fixes_this_process=1371;write_failures=0;screen_on=1;doze=0;battery_saver=0;unrestricted=1;bg_restricted=0;standby_bucket=5;thermal=0;battery_pct=87;charging=0;music=0;location_on=1"
1789421413547,991758393,hb,"recorder=1;since_fix_ms=557;fixes_this_process=1376;write_failures=0;screen_on=1;doze=0;battery_saver=0;unrestricted=1;bg_restricted=0;standby_bucket=5;thermal=0;battery_pct=87;charging=0;music=0;location_on=1"
1789421418555,991763401,hb,"recorder=1;since_fix_ms=568;fixes_this_process=1381;write_failures=0;screen_on=1;doze=0;battery_saver=0;unrestricted=1;bg_restricted=0;standby_bucket=5;thermal=0;battery_pct=87;charging=0;music=0;location_on=1"
1789421423569,991768416,hb,"recorder=1;since_fix_ms=581;fixes_this_process=1386;write_failures=0;screen_on=1;doze=0;battery_saver=0;unrestricted=1;bg_restricted=0;standby_bucket=5;thermal=0;battery_pct=87;charging=0;music=0;location_on=1"
1789421428575,991773421,hb,"recorder=1;since_fix_ms=590;fixes_this_process=1391;write_failures=0;screen_on=1;doze=0;battery_saver=0;unrestricted=1;bg_restricted=0;standby_bucket=5;thermal=0;battery_pct=87;charging=0;music=0;location_on=1"
1789421433581,991778428,hb,"recorder=1;since_fix_ms=594;fixes_this_process=1396;write_failures=0;screen_on=1;doze=0;battery_saver=0;unrestricted=1;bg_restricted=0;standby_bucket=5;thermal=0;battery_pct=87;charging=0;music=0;location_on=1"
1789421438596,991783443,hb,"recorder=1;since_fix_ms=602;fixes_this_process=1401;write_failures=0;screen_on=1;doze=0;battery_saver=0;unrestricted=1;bg_restricted=0;standby_bucket=5;thermal=0;battery_pct=87;charging=0;music=0;location_on=1"
1789421443605,991788451,hb,"recorder=1;since_fix_ms=618;fixes_this_process=1406;write_failures=0;screen_on=1;doze=0;battery_saver=0;unrestricted=1;bg_restricted=0;standby_bucket=5;thermal=0;battery_pct=87;charging=0;music=0;location_on=1"
1789421448612,991793459,hb,"recorder=1;since_fix_ms=623;fixes_this_process=1411;write_failures=0;screen_on=1;doze=0;battery_saver=0;unrestricted=1;bg_restricted=0;standby_bucket=5;thermal=0;battery_pct=87;charging=0;music=0;location_on=1"
1789421453624,991798471,hb,"recorder=1;since_fix_ms=639;fixes_this_process=1416;write_failures=0;screen_on=1;doze=0;battery_saver=0;unrestricted=1;bg_restricted=0;standby_bucket=5;thermal=0;battery_pct=87;charging=0;music=0;location_on=1"
1789421458634,991803480,hb,"recorder=1;since_fix_ms=647;fixes_this_process=1421;write_failures=0;screen_on=1;doze=0;battery_saver=0;unrestricted=1;bg_restricted=0;standby_bucket=5;thermal=0;battery_pct=87;charging=0;music=0;location_on=1"
1789421463643,991808489,hb,"recorder=1;since_fix_ms=657;fixes_this_process=1426;write_failures=0;screen_on=1;doze=0;battery_saver=0;unrestricted=1;bg_restricted=0;standby_bucket=5;thermal=0;battery_pct=87;charging=0;music=0;location_on=1"
1789421468655,991813501,hb,"recorder=1;since_fix_ms=664;fixes_this_process=1431;write_failures=0;screen_on=1;doze=0;battery_saver=0;unrestricted=1;bg_restricted=0;standby_bucket=5;thermal=0;battery_pct=87;charging=0;music=0;location_on=1"
1789421473663,991818510,hb,"recorder=1;since_fix_ms=671;fixes_this_process=1436;write_failures=0;screen_on=1;doze=0;battery_saver=0;unrestricted=1;bg_restricted=0;standby_bucket=5;thermal=0;battery_pct=87;charging=0;music=0;location_on=1"
1789421478671,991823517,hb,"recorder=1;since_fix_ms=687;fixes_this_process=1441;write_failures=0;screen_on=1;doze=0;battery_saver=0;unrestricted=1;bg_restricted=0;standby_bucket=5;thermal=0;battery_pct=87;charging=0;music=0;location_on=1"
1789421483685,991828531,hb,"recorder=1;since_fix_ms=698;fixes_this_process=1446;write_failures=0;screen_on=1;doze=0;battery_saver=0;unrestricted=1;bg_restricted=0;standby_bucket=5;thermal=0;battery_pct=87;charging=0;music=0;location_on=1"
1789421488694,991833540,hb,"recorder=1;since_fix_ms=705;fixes_this_process=1451;write_failures=0;screen_on=1;doze=0;battery_saver=0;unrestricted=1;bg_restricted=0;standby_bucket=5;thermal=0;battery_pct=87;charging=0;music=0;location_on=1"
1789421493703,991838549,hb,"recorder=1;since_fix_ms=714;fixes_this_process=1456;write_failures=0;screen_on=1;doze=0;battery_saver=0;unrestricted=1;bg_restricted=0;standby_bucket=5;thermal=0;battery_pct=87;charging=0;music=0;location_on=1"
1789421498714,991843560,hb,"recorder=1;since_fix_ms=722;fixes_this_process=1461;write_failures=0;screen_on=1;doze=0;battery_saver=0;unrestricted=1;bg_restricted=0;standby_bucket=5;thermal=0;battery_pct=87;charging=0;music=0;location_on=1"
1789421503722,991848569,hb,"recorder=1;since_fix_ms=732;fixes_this_process=1466;write_failures=0;screen_on=1;doze=0;battery_saver=0;unrestricted=1;bg_restricted=0;standby_bucket=5;thermal=0;battery_pct=87;charging=0;music=0;location_on=1"
1789421508731,991853578,hb,"recorder=1;since_fix_ms=744;fixes_this_process=1471;write_failures=0;screen_on=1;doze=0;battery_saver=0;unrestricted=1;bg_restricted=0;standby_bucket=5;thermal=0;battery_pct=87;charging=0;music=0;location_on=1"
1789421513744,991858591,hb,"recorder=1;since_fix_ms=756;fixes_this_process=1476;write_failures=0;screen_on=1;doze=0;battery_saver=0;unrestricted=1;bg_restricted=0;standby_bucket=5;thermal=0;battery_pct=87;charging=0;music=0;location_on=1"
1789421518753,991863600,hb,"recorder=1;since_fix_ms=761;fixes_this_process=1481;write_failures=0;screen_on=1;doze=0;battery_saver=0;unrestricted=1;bg_restricted=0;standby_bucket=5;thermal=0;battery_pct=87;charging=0;music=0;location_on=1"
1789421523762,991868609,hb,"recorder=1;since_fix_ms=773;fixes_this_process=1486;write_failures=0;screen_on=1;doze=0;battery_saver=0;unrestricted=1;bg_restricted=0;standby_bucket=5;thermal=0;battery_pct=87;charging=0;music=0;location_on=1"
1789421528773,991873620,hb,"recorder=1;since_fix_ms=787;fixes_this_process=1491;write_failures=0;screen_on=1;doze=0;battery_saver=0;unrestricted=1;bg_restricted=0;standby_bucket=5;thermal=0;battery_pct=87;charging=0;music=0;location_on=1"
1789421533779,991878626,hb,"recorder=1;since_fix_ms=789;fixes_this_process=1496;write_failures=0;screen_on=1;doze=0;battery_saver=0;unrestricted=1;bg_restricted=0;standby_bucket=5;thermal=0;battery_pct=87;charging=0;music=0;location_on=1"
1789421538785,991883632,hb,"recorder=1;since_fix_ms=801;fixes_this_process=1501;write_failures=0;screen_on=1;doze=0;battery_saver=0;unrestricted=1;bg_restricted=0;standby_bucket=5;thermal=0;battery_pct=87;charging=0;music=0;location_on=1"
1789421543796,991888643,hb,"recorder=1;since_fix_ms=812;fixes_this_process=1506;write_failures=0;screen_on=1;doze=0;battery_saver=0;unrestricted=1;bg_restricted=0;standby_bucket=5;thermal=0;battery_pct=87;charging=0;music=0;location_on=1"
1789421548801,991893648,hb,"recorder=1;since_fix_ms=822;fixes_this_process=1511;write_failures=0;screen_on=1;doze=0;battery_saver=0;unrestricted=1;bg_restricted=0;standby_bucket=5;thermal=0;battery_pct=87;charging=0;music=0;location_on=1"
1789421553809,991898656,hb,"recorder=1;since_fix_ms=912;fixes_this_process=1516;write_failures=0;screen_on=1;doze=0;battery_saver=0;unrestricted=1;bg_restricted=0;standby_bucket=5;thermal=0;battery_pct=87;charging=0;music=0;location_on=1"
1789421558817,991903663,hb,"recorder=1;since_fix_ms=831;fixes_this_process=1521;write_failures=0;screen_on=1;doze=0;battery_saver=0;unrestricted=1;bg_restricted=0;standby_bucket=5;thermal=0;battery_pct=87;charging=0;music=0;location_on=1"
1789421563821,991908668,hb,"recorder=1;since_fix_ms=838;fixes_this_process=1526;write_failures=0;screen_on=1;doze=0;battery_saver=0;unrestricted=1;bg_restricted=0;standby_bucket=5;thermal=0;battery_pct=87;charging=0;music=0;location_on=1"
1789421568828,991913675,hb,"recorder=1;since_fix_ms=839;fixes_this_process=1531;write_failures=0;screen_on=1;doze=0;battery_saver=0;unrestricted=1;bg_restricted=0;standby_bucket=5;thermal=0;battery_pct=87;charging=0;music=0;location_on=1"
1789421573837,991918684,hb,"recorder=1;since_fix_ms=959;fixes_this_process=1536;write_failures=0;screen_on=1;doze=0;battery_saver=0;unrestricted=1;bg_restricted=0;standby_bucket=5;thermal=0;battery_pct=87;charging=0;music=0;location_on=1"
1789421578846,991923692,hb,"recorder=1;since_fix_ms=860;fixes_this_process=1541;write_failures=0;screen_on=1;doze=0;battery_saver=0;unrestricted=1;bg_restricted=0;standby_bucket=5;thermal=0;battery_pct=87;charging=0;music=0;location_on=1"
1789421583855,991928701,hb,"recorder=1;since_fix_ms=851;fixes_this_process=1546;write_failures=0;screen_on=1;doze=0;battery_saver=0;unrestricted=1;bg_restricted=0;standby_bucket=5;thermal=0;battery_pct=87;charging=0;music=0;location_on=1"
1789421588866,991933712,hb,"recorder=1;since_fix_ms=869;fixes_this_process=1551;write_failures=0;screen_on=1;doze=0;battery_saver=0;unrestricted=1;bg_restricted=0;standby_bucket=5;thermal=0;battery_pct=87;charging=0;music=0;location_on=1"
1789421593874,991938720,hb,"recorder=1;since_fix_ms=888;fixes_this_process=1556;write_failures=0;screen_on=1;doze=0;battery_saver=0;unrestricted=1;bg_restricted=0;standby_bucket=5;thermal=0;battery_pct=87;charging=0;music=0;location_on=1"
1789421598878,991943724,hb,"recorder=1;since_fix_ms=889;fixes_this_process=1561;write_failures=0;screen_on=1;doze=0;battery_saver=0;unrestricted=1;bg_restricted=0;standby_bucket=5;thermal=0;battery_pct=87;charging=0;music=0;location_on=1"
1789421603891,991948737,hb,"recorder=1;since_fix_ms=909;fixes_this_process=1566;write_failures=0;screen_on=1;doze=0;battery_saver=0;unrestricted=1;bg_restricted=0;standby_bucket=5;thermal=0;battery_pct=87;charging=0;music=0;location_on=1"
1789421608897,991953744,hb,"recorder=1;since_fix_ms=918;fixes_this_process=1571;write_failures=0;screen_on=1;doze=0;battery_saver=0;unrestricted=1;bg_restricted=0;standby_bucket=5;thermal=0;battery_pct=87;charging=0;music=0;location_on=1"
1789421613906,991958753,hb,"recorder=1;since_fix_ms=918;fixes_this_process=1576;write_failures=0;screen_on=1;doze=0;battery_saver=0;unrestricted=1;bg_restricted=0;standby_bucket=5;thermal=0;battery_pct=87;charging=0;music=0;location_on=1"
1789421618915,991963762,hb,"recorder=1;since_fix_ms=929;fixes_this_process=1581;write_failures=0;screen_on=1;doze=0;battery_saver=0;unrestricted=1;bg_restricted=0;standby_bucket=5;thermal=0;battery_pct=87;charging=0;music=0;location_on=1"
1789421623921,991968767,hb,"recorder=1;since_fix_ms=935;fixes_this_process=1586;write_failures=0;screen_on=1;doze=0;battery_saver=0;unrestricted=1;bg_restricted=0;standby_bucket=5;thermal=0;battery_pct=87;charging=0;music=0;location_on=1"
1789421628929,991973776,hb,"recorder=1;since_fix_ms=945;fixes_this_process=1591;write_failures=0;screen_on=1;doze=0;battery_saver=0;unrestricted=1;bg_restricted=0;standby_bucket=5;thermal=0;battery_pct=87;charging=0;music=0;location_on=1"
1789421633942,991978789,hb,"recorder=1;since_fix_ms=955;fixes_this_process=1596;write_failures=0;screen_on=1;doze=0;battery_saver=0;unrestricted=1;bg_restricted=0;standby_bucket=5;thermal=0;battery_pct=87;charging=0;music=0;location_on=1"
1789421638946,991983793,hb,"recorder=1;since_fix_ms=961;fixes_this_process=1601;write_failures=0;screen_on=1;doze=0;battery_saver=0;unrestricted=1;bg_restricted=0;standby_bucket=5;thermal=0;battery_pct=87;charging=0;music=0;location_on=1"
1789421643952,991988799,hb,"recorder=1;since_fix_ms=965;fixes_this_process=1606;write_failures=0;screen_on=1;doze=0;battery_saver=0;unrestricted=1;bg_restricted=0;standby_bucket=5;thermal=0;battery_pct=87;charging=0;music=0;location_on=1"
1789421648963,991993810,hb,"recorder=1;since_fix_ms=975;fixes_this_process=1611;write_failures=0;screen_on=1;doze=0;battery_saver=0;unrestricted=1;bg_restricted=0;standby_bucket=5;thermal=0;battery_pct=87;charging=0;music=0;location_on=1"
1789421653972,991998818,hb,"recorder=1;since_fix_ms=984;fixes_this_process=1616;write_failures=0;screen_on=1;doze=0;battery_saver=0;unrestricted=1;bg_restricted=0;standby_bucket=5;thermal=0;battery_pct=87;charging=0;music=0;location_on=1"
1789421658980,992003826,hb,"recorder=1;since_fix_ms=996;fixes_this_process=1621;write_failures=0;screen_on=1;doze=0;battery_saver=0;unrestricted=1;bg_restricted=0;standby_bucket=5;thermal=0;battery_pct=87;charging=0;music=0;location_on=1"
1789421663989,992008836,hb,"recorder=1;since_fix_ms=3;fixes_this_process=1627;write_failures=0;screen_on=1;doze=0;battery_saver=0;unrestricted=1;bg_restricted=0;standby_bucket=5;thermal=0;battery_pct=87;charging=0;music=0;location_on=1"
1789421668993,992013840,hb,"recorder=1;since_fix_ms=14;fixes_this_process=1632;write_failures=0;screen_on=1;doze=0;battery_saver=0;unrestricted=1;bg_restricted=0;standby_bucket=5;thermal=0;battery_pct=87;charging=0;music=0;location_on=1"
1789421674001,992018847,hb,"recorder=1;since_fix_ms=22;fixes_this_process=1637;write_failures=0;screen_on=1;doze=0;battery_saver=0;unrestricted=1;bg_restricted=0;standby_bucket=5;thermal=0;battery_pct=87;charging=0;music=0;location_on=1"
1789421679009,992023855,hb,"recorder=1;since_fix_ms=27;fixes_this_process=1642;write_failures=0;screen_on=1;doze=0;battery_saver=0;unrestricted=1;bg_restricted=0;standby_bucket=5;thermal=0;battery_pct=87;charging=0;music=0;location_on=1"
1789421684016,992028862,hb,"recorder=1;since_fix_ms=29;fixes_this_process=1647;write_failures=0;screen_on=1;doze=0;battery_saver=0;unrestricted=1;bg_restricted=0;standby_bucket=5;thermal=0;battery_pct=87;charging=0;music=0;location_on=1"
1789421689020,992033867,hb,"recorder=1;since_fix_ms=36;fixes_this_process=1652;write_failures=0;screen_on=1;doze=0;battery_saver=0;unrestricted=1;bg_restricted=0;standby_bucket=5;thermal=0;battery_pct=87;charging=0;music=0;location_on=1"
1789421694030,992038876,hb,"recorder=1;since_fix_ms=43;fixes_this_process=1657;write_failures=0;screen_on=1;doze=0;battery_saver=0;unrestricted=1;bg_restricted=0;standby_bucket=5;thermal=0;battery_pct=87;charging=0;music=0;location_on=1"
1789421699036,992043882,hb,"recorder=1;since_fix_ms=53;fixes_this_process=1662;write_failures=0;screen_on=1;doze=0;battery_saver=0;unrestricted=1;bg_restricted=0;standby_bucket=5;thermal=0;battery_pct=87;charging=0;music=0;location_on=1"
1789421704045,992048891,hb,"recorder=1;since_fix_ms=59;fixes_this_process=1667;write_failures=0;screen_on=1;doze=0;battery_saver=0;unrestricted=1;bg_restricted=0;standby_bucket=5;thermal=0;battery_pct=87;charging=0;music=0;location_on=1"
1789421709050,992053896,hb,"recorder=1;since_fix_ms=62;fixes_this_process=1672;write_failures=0;screen_on=1;doze=0;battery_saver=0;unrestricted=1;bg_restricted=0;standby_bucket=5;thermal=0;battery_pct=87;charging=0;music=0;location_on=1"
1789421714058,992058904,hb,"recorder=1;since_fix_ms=70;fixes_this_process=1677;write_failures=0;screen_on=1;doze=0;battery_saver=0;unrestricted=1;bg_restricted=0;standby_bucket=5;thermal=0;battery_pct=87;charging=0;music=0;location_on=1"
1789421719067,992063913,hb,"recorder=1;since_fix_ms=78;fixes_this_process=1682;write_failures=0;screen_on=1;doze=0;battery_saver=0;unrestricted=1;bg_restricted=0;standby_bucket=5;thermal=0;battery_pct=87;charging=0;music=0;location_on=1"
1789421724075,992068922,hb,"recorder=1;since_fix_ms=93;fixes_this_process=1687;write_failures=0;screen_on=1;doze=0;battery_saver=0;unrestricted=1;bg_restricted=0;standby_bucket=5;thermal=0;battery_pct=87;charging=0;music=0;location_on=1"
1789421729079,992073925,hb,"recorder=1;since_fix_ms=96;fixes_this_process=1692;write_failures=0;screen_on=1;doze=0;battery_saver=0;unrestricted=1;bg_restricted=0;standby_bucket=5;thermal=0;battery_pct=87;charging=0;music=0;location_on=1"
1789421734088,992078934,hb,"recorder=1;since_fix_ms=100;fixes_this_process=1697;write_failures=0;screen_on=1;doze=0;battery_saver=0;unrestricted=1;bg_restricted=0;standby_bucket=5;thermal=0;battery_pct=87;charging=0;music=0;location_on=1"
1789421739093,992083940,hb,"recorder=1;since_fix_ms=105;fixes_this_process=1702;write_failures=0;screen_on=1;doze=0;battery_saver=0;unrestricted=1;bg_restricted=0;standby_bucket=5;thermal=0;battery_pct=87;charging=0;music=0;location_on=1"
1789421744103,992088949,hb,"recorder=1;since_fix_ms=114;fixes_this_process=1707;write_failures=0;screen_on=1;doze=0;battery_saver=0;unrestricted=1;bg_restricted=0;standby_bucket=5;thermal=0;battery_pct=87;charging=0;music=0;location_on=1"
1789421749111,992093958,hb,"recorder=1;since_fix_ms=124;fixes_this_process=1712;write_failures=0;screen_on=1;doze=0;battery_saver=0;unrestricted=1;bg_restricted=0;standby_bucket=5;thermal=0;battery_pct=86;charging=0;music=0;location_on=1"
1789421754124,992098970,hb,"recorder=1;since_fix_ms=141;fixes_this_process=1717;write_failures=0;screen_on=1;doze=0;battery_saver=0;unrestricted=1;bg_restricted=0;standby_bucket=5;thermal=0;battery_pct=86;charging=0;music=0;location_on=1"
1789421759130,992103977,hb,"recorder=1;since_fix_ms=142;fixes_this_process=1722;write_failures=0;screen_on=1;doze=0;battery_saver=0;unrestricted=1;bg_restricted=0;standby_bucket=5;thermal=0;battery_pct=86;charging=0;music=0;location_on=1"
1789421764139,992108986,hb,"recorder=1;since_fix_ms=150;fixes_this_process=1727;write_failures=0;screen_on=1;doze=0;battery_saver=0;unrestricted=1;bg_restricted=0;standby_bucket=5;thermal=0;battery_pct=86;charging=0;music=0;location_on=1"
1789421769151,992113997,hb,"recorder=1;since_fix_ms=164;fixes_this_process=1732;write_failures=0;screen_on=1;doze=0;battery_saver=0;unrestricted=1;bg_restricted=0;standby_bucket=5;thermal=0;battery_pct=86;charging=0;music=0;location_on=1"
1789421774157,992119003,hb,"recorder=1;since_fix_ms=168;fixes_this_process=1737;write_failures=0;screen_on=1;doze=0;battery_saver=0;unrestricted=1;bg_restricted=0;standby_bucket=5;thermal=0;battery_pct=86;charging=0;music=0;location_on=1"
1789421779163,992124009,hb,"recorder=1;since_fix_ms=179;fixes_this_process=1742;write_failures=0;screen_on=1;doze=0;battery_saver=0;unrestricted=1;bg_restricted=0;standby_bucket=5;thermal=0;battery_pct=86;charging=0;music=0;location_on=1"
1789421784175,992129022,hb,"recorder=1;since_fix_ms=189;fixes_this_process=1747;write_failures=0;screen_on=1;doze=0;battery_saver=0;unrestricted=1;bg_restricted=0;standby_bucket=5;thermal=0;battery_pct=86;charging=0;music=0;location_on=1"
1789421789184,992134031,hb,"recorder=1;since_fix_ms=200;fixes_this_process=1752;write_failures=0;screen_on=1;doze=0;battery_saver=0;unrestricted=1;bg_restricted=0;standby_bucket=5;thermal=0;battery_pct=86;charging=0;music=0;location_on=1"
1789421794193,992139039,hb,"recorder=1;since_fix_ms=208;fixes_this_process=1757;write_failures=0;screen_on=1;doze=0;battery_saver=0;unrestricted=1;bg_restricted=0;standby_bucket=5;thermal=0;battery_pct=86;charging=0;music=0;location_on=1"
1789421799206,992144052,hb,"recorder=1;since_fix_ms=223;fixes_this_process=1762;write_failures=0;screen_on=1;doze=0;battery_saver=0;unrestricted=1;bg_restricted=0;standby_bucket=5;thermal=0;battery_pct=86;charging=0;music=0;location_on=1"
1789421804214,992149060,hb,"recorder=1;since_fix_ms=236;fixes_this_process=1767;write_failures=0;screen_on=1;doze=0;battery_saver=0;unrestricted=1;bg_restricted=0;standby_bucket=5;thermal=0;battery_pct=86;charging=0;music=0;location_on=1"
1789421809223,992154069,hb,"recorder=1;since_fix_ms=237;fixes_this_process=1772;write_failures=0;screen_on=1;doze=0;battery_saver=0;unrestricted=1;bg_restricted=0;standby_bucket=5;thermal=0;battery_pct=86;charging=0;music=0;location_on=1"
1789421814233,992159080,hb,"recorder=1;since_fix_ms=247;fixes_this_process=1777;write_failures=0;screen_on=1;doze=0;battery_saver=0;unrestricted=1;bg_restricted=0;standby_bucket=5;thermal=0;battery_pct=86;charging=0;music=0;location_on=1"
1789421819239,992164086,hb,"recorder=1;since_fix_ms=256;fixes_this_process=1782;write_failures=0;screen_on=1;doze=0;battery_saver=0;unrestricted=1;bg_restricted=0;standby_bucket=5;thermal=0;battery_pct=86;charging=0;music=0;location_on=1"
1789421824249,992169095,hb,"recorder=1;since_fix_ms=261;fixes_this_process=1787;write_failures=0;screen_on=1;doze=0;battery_saver=0;unrestricted=1;bg_restricted=0;standby_bucket=5;thermal=0;battery_pct=86;charging=0;music=0;location_on=1"
1789421829262,992174109,hb,"recorder=1;since_fix_ms=277;fixes_this_process=1792;write_failures=0;screen_on=1;doze=0;battery_saver=0;unrestricted=1;bg_restricted=0;standby_bucket=5;thermal=0;battery_pct=86;charging=0;music=0;location_on=1"
1789421834271,992179117,hb,"recorder=1;since_fix_ms=288;fixes_this_process=1797;write_failures=0;screen_on=1;doze=0;battery_saver=0;unrestricted=1;bg_restricted=0;standby_bucket=5;thermal=0;battery_pct=86;charging=0;music=0;location_on=1"
1789421839276,992184122,hb,"recorder=1;since_fix_ms=292;fixes_this_process=1802;write_failures=0;screen_on=1;doze=0;battery_saver=0;unrestricted=1;bg_restricted=0;standby_bucket=5;thermal=0;battery_pct=86;charging=0;music=0;location_on=1"
1789421844290,992189136,hb,"recorder=1;since_fix_ms=305;fixes_this_process=1807;write_failures=0;screen_on=1;doze=0;battery_saver=0;unrestricted=1;bg_restricted=0;standby_bucket=5;thermal=0;battery_pct=86;charging=0;music=0;location_on=1"
1789421849298,992194145,hb,"recorder=1;since_fix_ms=315;fixes_this_process=1812;write_failures=0;screen_on=1;doze=0;battery_saver=0;unrestricted=1;bg_restricted=0;standby_bucket=5;thermal=0;battery_pct=86;charging=0;music=0;location_on=1"
1789421854306,992199153,hb,"recorder=1;since_fix_ms=328;fixes_this_process=1817;write_failures=0;screen_on=1;doze=0;battery_saver=0;unrestricted=1;bg_restricted=0;standby_bucket=5;thermal=0;battery_pct=86;charging=0;music=0;location_on=1"
1789421859318,992204164,hb,"recorder=1;since_fix_ms=334;fixes_this_process=1822;write_failures=0;screen_on=1;doze=0;battery_saver=0;unrestricted=1;bg_restricted=0;standby_bucket=5;thermal=0;battery_pct=86;charging=0;music=0;location_on=1"
1789421864327,992209173,hb,"recorder=1;since_fix_ms=338;fixes_this_process=1827;write_failures=0;screen_on=1;doze=0;battery_saver=0;unrestricted=1;bg_restricted=0;standby_bucket=5;thermal=0;battery_pct=86;charging=0;music=0;location_on=1"
1789421869336,992214183,hb,"recorder=1;since_fix_ms=351;fixes_this_process=1832;write_failures=0;screen_on=1;doze=0;battery_saver=0;unrestricted=1;bg_restricted=0;standby_bucket=5;thermal=0;battery_pct=86;charging=0;music=0;location_on=1"
1789421874345,992219192,hb,"recorder=1;since_fix_ms=362;fixes_this_process=1837;write_failures=0;screen_on=1;doze=0;battery_saver=0;unrestricted=1;bg_restricted=0;standby_bucket=5;thermal=0;battery_pct=86;charging=0;music=0;location_on=1"
1789421879354,992224200,hb,"recorder=1;since_fix_ms=369;fixes_this_process=1842;write_failures=0;screen_on=1;doze=0;battery_saver=0;unrestricted=1;bg_restricted=0;standby_bucket=5;thermal=0;battery_pct=86;charging=0;music=0;location_on=1"
1789421884362,992229209,hb,"recorder=1;since_fix_ms=378;fixes_this_process=1847;write_failures=0;screen_on=1;doze=0;battery_saver=0;unrestricted=1;bg_restricted=0;standby_bucket=5;thermal=0;battery_pct=86;charging=0;music=0;location_on=1"
1789421889374,992234221,hb,"recorder=1;since_fix_ms=389;fixes_this_process=1852;write_failures=0;screen_on=1;doze=0;battery_saver=0;unrestricted=1;bg_restricted=0;standby_bucket=5;thermal=0;battery_pct=86;charging=0;music=0;location_on=1"
1789421894383,992239229,hb,"recorder=1;since_fix_ms=398;fixes_this_process=1857;write_failures=0;screen_on=1;doze=0;battery_saver=0;unrestricted=1;bg_restricted=0;standby_bucket=5;thermal=0;battery_pct=86;charging=0;music=0;location_on=1"
1789421899391,992244237,hb,"recorder=1;since_fix_ms=404;fixes_this_process=1862;write_failures=0;screen_on=1;doze=0;battery_saver=0;unrestricted=1;bg_restricted=0;standby_bucket=5;thermal=0;battery_pct=86;charging=0;music=0;location_on=1"
1789421904397,992249244,hb,"recorder=1;since_fix_ms=411;fixes_this_process=1867;write_failures=0;screen_on=1;doze=0;battery_saver=0;unrestricted=1;bg_restricted=0;standby_bucket=5;thermal=0;battery_pct=86;charging=0;music=0;location_on=1"
1789421909406,992254252,hb,"recorder=1;since_fix_ms=421;fixes_this_process=1872;write_failures=0;screen_on=1;doze=0;battery_saver=0;unrestricted=1;bg_restricted=0;standby_bucket=5;thermal=0;battery_pct=86;charging=0;music=0;location_on=1"
1789421914413,992259260,hb,"recorder=1;since_fix_ms=426;fixes_this_process=1877;write_failures=0;screen_on=1;doze=0;battery_saver=0;unrestricted=1;bg_restricted=0;standby_bucket=5;thermal=0;battery_pct=86;charging=0;music=0;location_on=1"
1789421919427,992264273,hb,"recorder=1;since_fix_ms=442;fixes_this_process=1882;write_failures=0;screen_on=1;doze=0;battery_saver=0;unrestricted=1;bg_restricted=0;standby_bucket=5;thermal=0;battery_pct=86;charging=0;music=0;location_on=1"
1789421924434,992269281,hb,"recorder=1;since_fix_ms=453;fixes_this_process=1887;write_failures=0;screen_on=1;doze=0;battery_saver=0;unrestricted=1;bg_restricted=0;standby_bucket=5;thermal=0;battery_pct=86;charging=0;music=0;location_on=1"
1789421929443,992274289,hb,"recorder=1;since_fix_ms=459;fixes_this_process=1892;write_failures=0;screen_on=1;doze=0;battery_saver=0;unrestricted=1;bg_restricted=0;standby_bucket=5;thermal=0;battery_pct=86;charging=0;music=0;location_on=1"
1789421934451,992279298,hb,"recorder=1;since_fix_ms=467;fixes_this_process=1897;write_failures=0;screen_on=1;doze=0;battery_saver=0;unrestricted=1;bg_restricted=0;standby_bucket=5;thermal=0;battery_pct=86;charging=0;music=0;location_on=1"
1789421939457,992284303,hb,"recorder=1;since_fix_ms=472;fixes_this_process=1902;write_failures=0;screen_on=1;doze=0;battery_saver=0;unrestricted=1;bg_restricted=0;standby_bucket=5;thermal=0;battery_pct=86;charging=0;music=0;location_on=1"
1789421944466,992289312,hb,"recorder=1;since_fix_ms=479;fixes_this_process=1907;write_failures=0;screen_on=1;doze=0;battery_saver=0;unrestricted=1;bg_restricted=0;standby_bucket=5;thermal=0;battery_pct=86;charging=0;music=0;location_on=1"
1789421949476,992294323,hb,"recorder=1;since_fix_ms=493;fixes_this_process=1912;write_failures=0;screen_on=1;doze=0;battery_saver=0;unrestricted=1;bg_restricted=0;standby_bucket=5;thermal=0;battery_pct=86;charging=0;music=0;location_on=1"
1789421954485,992299331,hb,"recorder=1;since_fix_ms=500;fixes_this_process=1917;write_failures=0;screen_on=1;doze=0;battery_saver=0;unrestricted=1;bg_restricted=0;standby_bucket=5;thermal=0;battery_pct=86;charging=0;music=0;location_on=1"
1789421959491,992304337,hb,"recorder=1;since_fix_ms=505;fixes_this_process=1922;write_failures=0;screen_on=1;doze=0;battery_saver=0;unrestricted=1;bg_restricted=0;standby_bucket=5;thermal=0;battery_pct=86;charging=0;music=0;location_on=1"
1789421964504,992309351,hb,"recorder=1;since_fix_ms=525;fixes_this_process=1927;write_failures=0;screen_on=1;doze=0;battery_saver=0;unrestricted=1;bg_restricted=0;standby_bucket=5;thermal=0;battery_pct=86;charging=0;music=0;location_on=1"
1789421969513,992314360,hb,"recorder=1;since_fix_ms=529;fixes_this_process=1932;write_failures=0;screen_on=1;doze=0;battery_saver=0;unrestricted=1;bg_restricted=0;standby_bucket=5;thermal=0;battery_pct=86;charging=0;music=0;location_on=1"
1789421974522,992319368,hb,"recorder=1;since_fix_ms=536;fixes_this_process=1937;write_failures=0;screen_on=1;doze=0;battery_saver=0;unrestricted=1;bg_restricted=0;standby_bucket=5;thermal=0;battery_pct=86;charging=0;music=0;location_on=1"
1789421979535,992324381,hb,"recorder=1;since_fix_ms=552;fixes_this_process=1942;write_failures=0;screen_on=1;doze=0;battery_saver=0;unrestricted=1;bg_restricted=0;standby_bucket=5;thermal=0;battery_pct=86;charging=0;music=0;location_on=1"
1789421984544,992329391,hb,"recorder=1;since_fix_ms=556;fixes_this_process=1947;write_failures=0;screen_on=1;doze=0;battery_saver=0;unrestricted=1;bg_restricted=0;standby_bucket=5;thermal=0;battery_pct=86;charging=0;music=0;location_on=1"
1789421989553,992334399,hb,"recorder=1;since_fix_ms=575;fixes_this_process=1952;write_failures=0;screen_on=1;doze=0;battery_saver=0;unrestricted=1;bg_restricted=0;standby_bucket=5;thermal=0;battery_pct=86;charging=0;music=0;location_on=1"
1789421994565,992339411,hb,"recorder=1;since_fix_ms=588;fixes_this_process=1957;write_failures=0;screen_on=1;doze=0;battery_saver=0;unrestricted=1;bg_restricted=0;standby_bucket=5;thermal=0;battery_pct=86;charging=0;music=0;location_on=1"
1789421999571,992344418,hb,"recorder=1;since_fix_ms=585;fixes_this_process=1962;write_failures=0;screen_on=1;doze=0;battery_saver=0;unrestricted=1;bg_restricted=0;standby_bucket=5;thermal=0;battery_pct=86;charging=0;music=0;location_on=1"
1789422004580,992349427,hb,"recorder=1;since_fix_ms=597;fixes_this_process=1967;write_failures=0;screen_on=1;doze=0;battery_saver=0;unrestricted=1;bg_restricted=0;standby_bucket=5;thermal=0;battery_pct=86;charging=0;music=0;location_on=1"
1789422009594,992354440,hb,"recorder=1;since_fix_ms=611;fixes_this_process=1972;write_failures=0;screen_on=1;doze=0;battery_saver=0;unrestricted=1;bg_restricted=0;standby_bucket=5;thermal=0;battery_pct=86;charging=0;music=0;location_on=1"
1789422014603,992359450,hb,"recorder=1;since_fix_ms=620;fixes_this_process=1977;write_failures=0;screen_on=1;doze=0;battery_saver=0;unrestricted=1;bg_restricted=0;standby_bucket=5;thermal=0;battery_pct=86;charging=0;music=0;location_on=1"
1789422019610,992364456,hb,"recorder=1;since_fix_ms=628;fixes_this_process=1982;write_failures=0;screen_on=1;doze=0;battery_saver=0;unrestricted=1;bg_restricted=0;standby_bucket=5;thermal=0;battery_pct=86;charging=0;music=0;location_on=1"
1789422024621,992369468,hb,"recorder=1;since_fix_ms=635;fixes_this_process=1987;write_failures=0;screen_on=1;doze=0;battery_saver=0;unrestricted=1;bg_restricted=0;standby_bucket=5;thermal=0;battery_pct=86;charging=0;music=0;location_on=1"
1789422029630,992374476,hb,"recorder=1;since_fix_ms=646;fixes_this_process=1992;write_failures=0;screen_on=1;doze=0;battery_saver=0;unrestricted=1;bg_restricted=0;standby_bucket=5;thermal=0;battery_pct=86;charging=0;music=0;location_on=1"
1789422034639,992379485,hb,"recorder=1;since_fix_ms=652;fixes_this_process=1997;write_failures=0;screen_on=1;doze=0;battery_saver=0;unrestricted=1;bg_restricted=0;standby_bucket=5;thermal=0;battery_pct=86;charging=0;music=0;location_on=1"
1789422039649,992384495,hb,"recorder=1;since_fix_ms=666;fixes_this_process=2002;write_failures=0;screen_on=1;doze=0;battery_saver=0;unrestricted=1;bg_restricted=0;standby_bucket=5;thermal=0;battery_pct=86;charging=0;music=0;location_on=1"
1789422044658,992389504,hb,"recorder=1;since_fix_ms=674;fixes_this_process=2007;write_failures=0;screen_on=1;doze=0;battery_saver=0;unrestricted=1;bg_restricted=0;standby_bucket=5;thermal=0;battery_pct=86;charging=0;music=0;location_on=1"
1789422049666,992394512,hb,"recorder=1;since_fix_ms=681;fixes_this_process=2012;write_failures=0;screen_on=1;doze=0;battery_saver=0;unrestricted=1;bg_restricted=0;standby_bucket=5;thermal=0;battery_pct=86;charging=0;music=0;location_on=1"
1789422054679,992399525,hb,"recorder=1;since_fix_ms=693;fixes_this_process=2017;write_failures=0;screen_on=1;doze=0;battery_saver=0;unrestricted=1;bg_restricted=0;standby_bucket=5;thermal=0;battery_pct=86;charging=0;music=0;location_on=1"
1789422059688,992404534,hb,"recorder=1;since_fix_ms=705;fixes_this_process=2022;write_failures=0;screen_on=1;doze=0;battery_saver=0;unrestricted=1;bg_restricted=0;standby_bucket=5;thermal=0;battery_pct=86;charging=0;music=0;location_on=1"
1789422064694,992409540,hb,"recorder=1;since_fix_ms=710;fixes_this_process=2027;write_failures=0;screen_on=1;doze=0;battery_saver=0;unrestricted=1;bg_restricted=0;standby_bucket=5;thermal=0;battery_pct=86;charging=0;music=0;location_on=1"
1789422069708,992414554,hb,"recorder=1;since_fix_ms=722;fixes_this_process=2032;write_failures=0;screen_on=1;doze=0;battery_saver=0;unrestricted=1;bg_restricted=0;standby_bucket=5;thermal=0;battery_pct=86;charging=0;music=0;location_on=1"
1789422074717,992419563,hb,"recorder=1;since_fix_ms=732;fixes_this_process=2037;write_failures=0;screen_on=1;doze=0;battery_saver=0;unrestricted=1;bg_restricted=0;standby_bucket=5;thermal=0;battery_pct=86;charging=0;music=0;location_on=1"
1789422079722,992424568,hb,"recorder=1;since_fix_ms=738;fixes_this_process=2042;write_failures=0;screen_on=1;doze=0;battery_saver=0;unrestricted=1;bg_restricted=0;standby_bucket=5;thermal=0;battery_pct=86;charging=0;music=0;location_on=1"
1789422084735,992429581,hb,"recorder=1;since_fix_ms=751;fixes_this_process=2047;write_failures=0;screen_on=1;doze=0;battery_saver=0;unrestricted=1;bg_restricted=0;standby_bucket=5;thermal=0;battery_pct=86;charging=0;music=0;location_on=1"
1789422089743,992434589,hb,"recorder=1;since_fix_ms=759;fixes_this_process=2052;write_failures=0;screen_on=1;doze=0;battery_saver=0;unrestricted=1;bg_restricted=0;standby_bucket=5;thermal=0;battery_pct=86;charging=0;music=0;location_on=1"
1789422094751,992439598,hb,"recorder=1;since_fix_ms=767;fixes_this_process=2057;write_failures=0;screen_on=1;doze=0;battery_saver=0;unrestricted=1;bg_restricted=0;standby_bucket=5;thermal=0;battery_pct=86;charging=0;music=0;location_on=1"
1789422099757,992444604,hb,"recorder=1;since_fix_ms=774;fixes_this_process=2062;write_failures=0;screen_on=1;doze=0;battery_saver=0;unrestricted=1;bg_restricted=0;standby_bucket=5;thermal=0;battery_pct=86;charging=0;music=0;location_on=1"
1789422104767,992449613,hb,"recorder=1;since_fix_ms=780;fixes_this_process=2067;write_failures=0;screen_on=1;doze=0;battery_saver=0;unrestricted=1;bg_restricted=0;standby_bucket=5;thermal=0;battery_pct=86;charging=0;music=0;location_on=1"
1789422109775,992454622,hb,"recorder=1;since_fix_ms=793;fixes_this_process=2072;write_failures=0;screen_on=1;doze=0;battery_saver=0;unrestricted=1;bg_restricted=0;standby_bucket=5;thermal=0;battery_pct=86;charging=0;music=0;location_on=1"
1789422114788,992459635,hb,"recorder=1;since_fix_ms=802;fixes_this_process=2077;write_failures=0;screen_on=1;doze=0;battery_saver=0;unrestricted=1;bg_restricted=0;standby_bucket=5;thermal=0;battery_pct=86;charging=0;music=0;location_on=1"
1789422119797,992464643,hb,"recorder=1;since_fix_ms=813;fixes_this_process=2082;write_failures=0;screen_on=1;doze=0;battery_saver=0;unrestricted=1;bg_restricted=0;standby_bucket=5;thermal=0;battery_pct=86;charging=0;music=0;location_on=1"
1789422124804,992469650,hb,"recorder=1;since_fix_ms=820;fixes_this_process=2087;write_failures=0;screen_on=1;doze=0;battery_saver=0;unrestricted=1;bg_restricted=0;standby_bucket=5;thermal=0;battery_pct=86;charging=0;music=0;location_on=1"
1789422129817,992474664,hb,"recorder=1;since_fix_ms=835;fixes_this_process=2092;write_failures=0;screen_on=1;doze=0;battery_saver=0;unrestricted=1;bg_restricted=0;standby_bucket=5;thermal=0;battery_pct=86;charging=0;music=0;location_on=1"
1789422134826,992479672,hb,"recorder=1;since_fix_ms=842;fixes_this_process=2097;write_failures=0;screen_on=1;doze=0;battery_saver=0;unrestricted=1;bg_restricted=0;standby_bucket=5;thermal=0;battery_pct=86;charging=0;music=0;location_on=1"
1789422139831,992484677,hb,"recorder=1;since_fix_ms=848;fixes_this_process=2102;write_failures=0;screen_on=1;doze=0;battery_saver=0;unrestricted=1;bg_restricted=0;standby_bucket=5;thermal=0;battery_pct=86;charging=0;music=0;location_on=1"
1789422144842,992489688,hb,"recorder=1;since_fix_ms=865;fixes_this_process=2107;write_failures=0;screen_on=1;doze=0;battery_saver=0;unrestricted=1;bg_restricted=0;standby_bucket=5;thermal=0;battery_pct=86;charging=0;music=0;location_on=1"
1789422149850,992494696,hb,"recorder=1;since_fix_ms=866;fixes_this_process=2112;write_failures=0;screen_on=1;doze=0;battery_saver=0;unrestricted=1;bg_restricted=0;standby_bucket=5;thermal=0;battery_pct=86;charging=0;music=0;location_on=1"
1789422154858,992499704,hb,"recorder=1;since_fix_ms=876;fixes_this_process=2117;write_failures=0;screen_on=1;doze=0;battery_saver=0;unrestricted=1;bg_restricted=0;standby_bucket=5;thermal=0;battery_pct=86;charging=0;music=0;location_on=1"
1789422159868,992504715,hb,"recorder=1;since_fix_ms=884;fixes_this_process=2122;write_failures=0;screen_on=1;doze=0;battery_saver=0;unrestricted=1;bg_restricted=0;standby_bucket=5;thermal=0;battery_pct=86;charging=0;music=0;location_on=1"
1789422164877,992509723,hb,"recorder=1;since_fix_ms=890;fixes_this_process=2127;write_failures=0;screen_on=1;doze=0;battery_saver=0;unrestricted=1;bg_restricted=0;standby_bucket=5;thermal=0;battery_pct=86;charging=0;music=0;location_on=1"
1789422169880,992514727,hb,"recorder=1;since_fix_ms=893;fixes_this_process=2132;write_failures=0;screen_on=1;doze=0;battery_saver=0;unrestricted=1;bg_restricted=0;standby_bucket=5;thermal=0;battery_pct=86;charging=0;music=0;location_on=1"
1789422174889,992519736,hb,"recorder=1;since_fix_ms=907;fixes_this_process=2137;write_failures=0;screen_on=1;doze=0;battery_saver=0;unrestricted=1;bg_restricted=0;standby_bucket=5;thermal=0;battery_pct=86;charging=0;music=0;location_on=1"
1789422179896,992524743,hb,"recorder=1;since_fix_ms=914;fixes_this_process=2142;write_failures=0;screen_on=1;doze=0;battery_saver=0;unrestricted=1;bg_restricted=0;standby_bucket=5;thermal=0;battery_pct=86;charging=0;music=0;location_on=1"
1789422184902,992529748,hb,"recorder=1;since_fix_ms=919;fixes_this_process=2147;write_failures=0;screen_on=1;doze=0;battery_saver=0;unrestricted=1;bg_restricted=0;standby_bucket=5;thermal=0;battery_pct=86;charging=0;music=0;location_on=1"
1789422189913,992534760,hb,"recorder=1;since_fix_ms=929;fixes_this_process=2152;write_failures=0;screen_on=1;doze=0;battery_saver=0;unrestricted=1;bg_restricted=0;standby_bucket=5;thermal=0;battery_pct=86;charging=0;music=0;location_on=1"
1789422194921,992539768,hb,"recorder=1;since_fix_ms=935;fixes_this_process=2157;write_failures=0;screen_on=1;doze=0;battery_saver=0;unrestricted=1;bg_restricted=0;standby_bucket=5;thermal=0;battery_pct=86;charging=0;music=0;location_on=1"
1789422199930,992544777,hb,"recorder=1;since_fix_ms=930;fixes_this_process=2162;write_failures=0;screen_on=1;doze=0;battery_saver=0;unrestricted=1;bg_restricted=0;standby_bucket=5;thermal=0;battery_pct=86;charging=0;music=0;location_on=1"
1789422204941,992549788,hb,"recorder=1;since_fix_ms=958;fixes_this_process=2167;write_failures=0;screen_on=1;doze=0;battery_saver=0;unrestricted=1;bg_restricted=0;standby_bucket=5;thermal=0;battery_pct=86;charging=0;music=0;location_on=1"
1789422209951,992554797,hb,"recorder=1;since_fix_ms=965;fixes_this_process=2172;write_failures=0;screen_on=1;doze=0;battery_saver=0;unrestricted=1;bg_restricted=0;standby_bucket=5;thermal=0;battery_pct=86;charging=0;music=0;location_on=1"
1789422214957,992559804,hb,"recorder=1;since_fix_ms=980;fixes_this_process=2177;write_failures=0;screen_on=1;doze=0;battery_saver=0;unrestricted=1;bg_restricted=0;standby_bucket=5;thermal=0;battery_pct=86;charging=0;music=0;location_on=1"
1789422219969,992564816,hb,"recorder=1;since_fix_ms=985;fixes_this_process=2182;write_failures=0;screen_on=1;doze=0;battery_saver=0;unrestricted=1;bg_restricted=0;standby_bucket=5;thermal=0;battery_pct=86;charging=0;music=0;location_on=1"
1789422224973,992569820,hb,"recorder=1;since_fix_ms=987;fixes_this_process=2187;write_failures=0;screen_on=1;doze=0;battery_saver=0;unrestricted=1;bg_restricted=0;standby_bucket=5;thermal=0;battery_pct=86;charging=0;music=0;location_on=1"
1789422229981,992574827,hb,"recorder=1;since_fix_ms=997;fixes_this_process=2192;write_failures=0;screen_on=1;doze=0;battery_saver=0;unrestricted=1;bg_restricted=0;standby_bucket=5;thermal=0;battery_pct=86;charging=0;music=0;location_on=1"
1789422234988,992579834,hb,"recorder=1;since_fix_ms=2;fixes_this_process=2198;write_failures=0;screen_on=1;doze=0;battery_saver=0;unrestricted=1;bg_restricted=0;standby_bucket=5;thermal=0;battery_pct=86;charging=0;music=0;location_on=1"
1789422239992,992584838,hb,"recorder=1;since_fix_ms=6;fixes_this_process=2203;write_failures=0;screen_on=1;doze=0;battery_saver=0;unrestricted=1;bg_restricted=0;standby_bucket=5;thermal=0;battery_pct=86;charging=0;music=0;location_on=1"
1789422244996,992589842,hb,"recorder=1;since_fix_ms=13;fixes_this_process=2208;write_failures=0;screen_on=1;doze=0;battery_saver=0;unrestricted=1;bg_restricted=0;standby_bucket=5;thermal=0;battery_pct=86;charging=0;music=0;location_on=1"
1789422250000,992594847,hb,"recorder=1;since_fix_ms=16;fixes_this_process=2213;write_failures=0;screen_on=1;doze=0;battery_saver=0;unrestricted=1;bg_restricted=0;standby_bucket=5;thermal=0;battery_pct=86;charging=0;music=0;location_on=1"
1789422255007,992599854,hb,"recorder=1;since_fix_ms=24;fixes_this_process=2218;write_failures=0;screen_on=1;doze=0;battery_saver=0;unrestricted=1;bg_restricted=0;standby_bucket=5;thermal=0;battery_pct=86;charging=0;music=0;location_on=1"
1789422260014,992604861,hb,"recorder=1;since_fix_ms=32;fixes_this_process=2223;write_failures=0;screen_on=1;doze=0;battery_saver=0;unrestricted=1;bg_restricted=0;standby_bucket=5;thermal=0;battery_pct=86;charging=0;music=0;location_on=1"
1789422265021,992609868,hb,"recorder=1;since_fix_ms=37;fixes_this_process=2228;write_failures=0;screen_on=1;doze=0;battery_saver=0;unrestricted=1;bg_restricted=0;standby_bucket=5;thermal=0;battery_pct=86;charging=0;music=0;location_on=1"
1789422270028,992614874,hb,"recorder=1;since_fix_ms=42;fixes_this_process=2233;write_failures=0;screen_on=1;doze=0;battery_saver=0;unrestricted=1;bg_restricted=0;standby_bucket=5;thermal=0;battery_pct=86;charging=0;music=0;location_on=1"
1789422275032,992619879,hb,"recorder=1;since_fix_ms=48;fixes_this_process=2238;write_failures=0;screen_on=1;doze=0;battery_saver=0;unrestricted=1;bg_restricted=0;standby_bucket=5;thermal=0;battery_pct=86;charging=0;music=0;location_on=1"
1789422280041,992624888,hb,"recorder=1;since_fix_ms=59;fixes_this_process=2243;write_failures=0;screen_on=1;doze=0;battery_saver=0;unrestricted=1;bg_restricted=0;standby_bucket=5;thermal=0;battery_pct=86;charging=0;music=0;location_on=1"
1789422285049,992629896,hb,"recorder=1;since_fix_ms=66;fixes_this_process=2248;write_failures=0;screen_on=1;doze=0;battery_saver=0;unrestricted=1;bg_restricted=0;standby_bucket=5;thermal=0;battery_pct=86;charging=0;music=0;location_on=1"
1789422290057,992634904,hb,"recorder=1;since_fix_ms=75;fixes_this_process=2253;write_failures=0;screen_on=1;doze=0;battery_saver=0;unrestricted=1;bg_restricted=0;standby_bucket=5;thermal=0;battery_pct=86;charging=0;music=0;location_on=1"
1789422295070,992639917,hb,"recorder=1;since_fix_ms=84;fixes_this_process=2258;write_failures=0;screen_on=1;doze=0;battery_saver=0;unrestricted=1;bg_restricted=0;standby_bucket=5;thermal=0;battery_pct=86;charging=0;music=0;location_on=1"
1789422300078,992644925,hb,"recorder=1;since_fix_ms=96;fixes_this_process=2263;write_failures=0;screen_on=1;doze=0;battery_saver=0;unrestricted=1;bg_restricted=0;standby_bucket=5;thermal=0;battery_pct=86;charging=0;music=0;location_on=1"
1789422305088,992649934,hb,"recorder=1;since_fix_ms=106;fixes_this_process=2268;write_failures=0;screen_on=1;doze=0;battery_saver=0;unrestricted=1;bg_restricted=0;standby_bucket=5;thermal=0;battery_pct=86;charging=0;music=0;location_on=1"
1789422310100,992654946,hb,"recorder=1;since_fix_ms=117;fixes_this_process=2273;write_failures=0;screen_on=1;doze=0;battery_saver=0;unrestricted=1;bg_restricted=0;standby_bucket=5;thermal=0;battery_pct=86;charging=0;music=0;location_on=1"
1789422315109,992659955,hb,"recorder=1;since_fix_ms=122;fixes_this_process=2278;write_failures=0;screen_on=1;doze=0;battery_saver=0;unrestricted=1;bg_restricted=0;standby_bucket=5;thermal=0;battery_pct=86;charging=0;music=0;location_on=1"
1789422320117,992664963,hb,"recorder=1;since_fix_ms=136;fixes_this_process=2283;write_failures=0;screen_on=1;doze=0;battery_saver=0;unrestricted=1;bg_restricted=0;standby_bucket=5;thermal=0;battery_pct=86;charging=0;music=0;location_on=1"
1789422325123,992669969,hb,"recorder=1;since_fix_ms=138;fixes_this_process=2288;write_failures=0;screen_on=1;doze=0;battery_saver=0;unrestricted=1;bg_restricted=0;standby_bucket=5;thermal=0;battery_pct=86;charging=0;music=0;location_on=1"
1789422330130,992674977,hb,"recorder=1;since_fix_ms=147;fixes_this_process=2293;write_failures=0;screen_on=1;doze=0;battery_saver=0;unrestricted=1;bg_restricted=0;standby_bucket=5;thermal=0;battery_pct=86;charging=0;music=0;location_on=1"
1789422335137,992679983,hb,"recorder=1;since_fix_ms=156;fixes_this_process=2298;write_failures=0;screen_on=1;doze=0;battery_saver=0;unrestricted=1;bg_restricted=0;standby_bucket=5;thermal=0;battery_pct=86;charging=0;music=0;location_on=1"
1789422340151,992684997,hb,"recorder=1;since_fix_ms=166;fixes_this_process=2303;write_failures=0;screen_on=1;doze=0;battery_saver=0;unrestricted=1;bg_restricted=0;standby_bucket=5;thermal=0;battery_pct=86;charging=0;music=0;location_on=1"
1789422345156,992690002,hb,"recorder=1;since_fix_ms=174;fixes_this_process=2308;write_failures=0;screen_on=1;doze=0;battery_saver=0;unrestricted=1;bg_restricted=0;standby_bucket=5;thermal=0;battery_pct=86;charging=0;music=0;location_on=1"
1789422350163,992695009,hb,"recorder=1;since_fix_ms=179;fixes_this_process=2313;write_failures=0;screen_on=1;doze=0;battery_saver=0;unrestricted=1;bg_restricted=0;standby_bucket=5;thermal=0;battery_pct=86;charging=0;music=0;location_on=1"
1789422355176,992700022,hb,"recorder=1;since_fix_ms=192;fixes_this_process=2318;write_failures=0;screen_on=1;doze=0;battery_saver=0;unrestricted=1;bg_restricted=0;standby_bucket=5;thermal=0;battery_pct=86;charging=0;music=0;location_on=1"
1789422360182,992705029,hb,"recorder=1;since_fix_ms=199;fixes_this_process=2323;write_failures=0;screen_on=1;doze=0;battery_saver=0;unrestricted=1;bg_restricted=0;standby_bucket=5;thermal=0;battery_pct=86;charging=0;music=0;location_on=1"
1789422365190,992710037,hb,"recorder=1;since_fix_ms=207;fixes_this_process=2328;write_failures=0;screen_on=1;doze=0;battery_saver=0;unrestricted=1;bg_restricted=0;standby_bucket=5;thermal=0;battery_pct=86;charging=0;music=0;location_on=1"
1789422370196,992715043,hb,"recorder=1;since_fix_ms=216;fixes_this_process=2333;write_failures=0;screen_on=1;doze=0;battery_saver=0;unrestricted=1;bg_restricted=0;standby_bucket=5;thermal=0;battery_pct=86;charging=0;music=0;location_on=1"
1789422375199,992720046,hb,"recorder=1;since_fix_ms=216;fixes_this_process=2338;write_failures=0;screen_on=1;doze=0;battery_saver=0;unrestricted=1;bg_restricted=0;standby_bucket=5;thermal=0;battery_pct=86;charging=0;music=0;location_on=1"
1789422380205,992725052,hb,"recorder=1;since_fix_ms=221;fixes_this_process=2343;write_failures=0;screen_on=1;doze=0;battery_saver=0;unrestricted=1;bg_restricted=0;standby_bucket=5;thermal=0;battery_pct=86;charging=0;music=0;location_on=1"
1789422385215,992730062,hb,"recorder=1;since_fix_ms=233;fixes_this_process=2348;write_failures=0;screen_on=1;doze=0;battery_saver=0;unrestricted=1;bg_restricted=0;standby_bucket=5;thermal=0;battery_pct=86;charging=0;music=0;location_on=1"
1789422390220,992735066,hb,"recorder=1;since_fix_ms=234;fixes_this_process=2353;write_failures=0;screen_on=1;doze=0;battery_saver=0;unrestricted=1;bg_restricted=0;standby_bucket=5;thermal=0;battery_pct=86;charging=0;music=0;location_on=1"
1789422395228,992740075,hb,"recorder=1;since_fix_ms=244;fixes_this_process=2358;write_failures=0;screen_on=1;doze=0;battery_saver=0;unrestricted=1;bg_restricted=0;standby_bucket=5;thermal=0;battery_pct=86;charging=0;music=0;location_on=1"
1789422400241,992745087,hb,"recorder=1;since_fix_ms=257;fixes_this_process=2363;write_failures=0;screen_on=1;doze=0;battery_saver=0;unrestricted=1;bg_restricted=0;standby_bucket=5;thermal=0;battery_pct=86;charging=0;music=0;location_on=1"
1789422405245,992750091,hb,"recorder=1;since_fix_ms=259;fixes_this_process=2368;write_failures=0;screen_on=1;doze=0;battery_saver=0;unrestricted=1;bg_restricted=0;standby_bucket=5;thermal=0;battery_pct=86;charging=0;music=0;location_on=1"
1789422410254,992755100,hb,"recorder=1;since_fix_ms=268;fixes_this_process=2373;write_failures=0;screen_on=1;doze=0;battery_saver=0;unrestricted=1;bg_restricted=0;standby_bucket=5;thermal=0;battery_pct=86;charging=0;music=0;location_on=1"
1789422415267,992760113,hb,"recorder=1;since_fix_ms=284;fixes_this_process=2378;write_failures=0;screen_on=1;doze=0;battery_saver=0;unrestricted=1;bg_restricted=0;standby_bucket=5;thermal=0;battery_pct=86;charging=0;music=0;location_on=1"
1789422420276,992765123,hb,"recorder=1;since_fix_ms=294;fixes_this_process=2383;write_failures=0;screen_on=1;doze=0;battery_saver=0;unrestricted=1;bg_restricted=0;standby_bucket=5;thermal=0;battery_pct=86;charging=0;music=0;location_on=1"
1789422425286,992770132,hb,"recorder=1;since_fix_ms=309;fixes_this_process=2388;write_failures=0;screen_on=1;doze=0;battery_saver=0;unrestricted=1;bg_restricted=0;standby_bucket=5;thermal=0;battery_pct=86;charging=0;music=0;location_on=1"
1789422430299,992775146,hb,"recorder=1;since_fix_ms=318;fixes_this_process=2393;write_failures=0;screen_on=1;doze=0;battery_saver=0;unrestricted=1;bg_restricted=0;standby_bucket=5;thermal=0;battery_pct=86;charging=0;music=0;location_on=1"
1789422435305,992780152,hb,"recorder=1;since_fix_ms=321;fixes_this_process=2398;write_failures=0;screen_on=1;doze=0;battery_saver=0;unrestricted=1;bg_restricted=0;standby_bucket=5;thermal=0;battery_pct=86;charging=0;music=0;location_on=1"
1789422440308,992785155,hb,"recorder=1;since_fix_ms=329;fixes_this_process=2403;write_failures=0;screen_on=1;doze=0;battery_saver=0;unrestricted=1;bg_restricted=0;standby_bucket=5;thermal=0;battery_pct=86;charging=0;music=0;location_on=1"
1789422445322,992790168,hb,"recorder=1;since_fix_ms=341;fixes_this_process=2408;write_failures=0;screen_on=1;doze=0;battery_saver=0;unrestricted=1;bg_restricted=0;standby_bucket=5;thermal=0;battery_pct=86;charging=0;music=0;location_on=1"
1789422450330,992795176,hb,"recorder=1;since_fix_ms=349;fixes_this_process=2413;write_failures=0;screen_on=1;doze=0;battery_saver=0;unrestricted=1;bg_restricted=0;standby_bucket=5;thermal=0;battery_pct=86;charging=0;music=0;location_on=1"
1789422455334,992800181,hb,"recorder=1;since_fix_ms=353;fixes_this_process=2418;write_failures=0;screen_on=1;doze=0;battery_saver=0;unrestricted=1;bg_restricted=0;standby_bucket=5;thermal=0;battery_pct=86;charging=0;music=0;location_on=1"
1789422460346,992805193,hb,"recorder=1;since_fix_ms=362;fixes_this_process=2423;write_failures=0;screen_on=1;doze=0;battery_saver=0;unrestricted=1;bg_restricted=0;standby_bucket=5;thermal=0;battery_pct=86;charging=0;music=0;location_on=1"
1789422465353,992810199,hb,"recorder=1;since_fix_ms=366;fixes_this_process=2428;write_failures=0;screen_on=1;doze=0;battery_saver=0;unrestricted=1;bg_restricted=0;standby_bucket=5;thermal=0;battery_pct=86;charging=0;music=0;location_on=1"
1789422470359,992815206,hb,"recorder=1;since_fix_ms=374;fixes_this_process=2433;write_failures=0;screen_on=1;doze=0;battery_saver=0;unrestricted=1;bg_restricted=0;standby_bucket=5;thermal=0;battery_pct=86;charging=0;music=0;location_on=1"
1789422475373,992820219,hb,"recorder=1;since_fix_ms=391;fixes_this_process=2438;write_failures=0;screen_on=1;doze=0;battery_saver=0;unrestricted=1;bg_restricted=0;standby_bucket=5;thermal=0;battery_pct=86;charging=0;music=0;location_on=1"
1789422480377,992825223,hb,"recorder=1;since_fix_ms=392;fixes_this_process=2443;write_failures=0;screen_on=1;doze=0;battery_saver=0;unrestricted=1;bg_restricted=0;standby_bucket=5;thermal=0;battery_pct=86;charging=0;music=0;location_on=1"
1789422485386,992830232,hb,"recorder=1;since_fix_ms=403;fixes_this_process=2448;write_failures=0;screen_on=1;doze=0;battery_saver=0;unrestricted=1;bg_restricted=0;standby_bucket=5;thermal=0;battery_pct=86;charging=0;music=0;location_on=1"
1789422490397,992835244,hb,"recorder=1;since_fix_ms=413;fixes_this_process=2453;write_failures=0;screen_on=1;doze=0;battery_saver=0;unrestricted=1;bg_restricted=0;standby_bucket=5;thermal=0;battery_pct=86;charging=0;music=0;location_on=1"
1789422495405,992840251,hb,"recorder=1;since_fix_ms=420;fixes_this_process=2458;write_failures=0;screen_on=1;doze=0;battery_saver=0;unrestricted=1;bg_restricted=0;standby_bucket=5;thermal=0;battery_pct=86;charging=0;music=0;location_on=1"
1789422500411,992845257,hb,"recorder=1;since_fix_ms=429;fixes_this_process=2463;write_failures=0;screen_on=1;doze=0;battery_saver=0;unrestricted=1;bg_restricted=0;standby_bucket=5;thermal=0;battery_pct=86;charging=0;music=0;location_on=1"
1789422505423,992850269,hb,"recorder=1;since_fix_ms=442;fixes_this_process=2468;write_failures=0;screen_on=1;doze=0;battery_saver=0;unrestricted=1;bg_restricted=0;standby_bucket=5;thermal=0;battery_pct=86;charging=0;music=0;location_on=1"
1789422510431,992855278,hb,"recorder=1;since_fix_ms=448;fixes_this_process=2473;write_failures=0;screen_on=1;doze=0;battery_saver=0;unrestricted=1;bg_restricted=0;standby_bucket=5;thermal=0;battery_pct=86;charging=0;music=0;location_on=1"
1789422515442,992860288,hb,"recorder=1;since_fix_ms=456;fixes_this_process=2478;write_failures=0;screen_on=1;doze=0;battery_saver=0;unrestricted=1;bg_restricted=0;standby_bucket=5;thermal=0;battery_pct=85;charging=0;music=0;location_on=1"
1789422520450,992865296,hb,"recorder=1;since_fix_ms=467;fixes_this_process=2483;write_failures=0;screen_on=1;doze=0;battery_saver=0;unrestricted=1;bg_restricted=0;standby_bucket=5;thermal=0;battery_pct=85;charging=0;music=0;location_on=1"
1789422525458,992870305,hb,"recorder=1;since_fix_ms=474;fixes_this_process=2488;write_failures=0;screen_on=1;doze=0;battery_saver=0;unrestricted=1;bg_restricted=0;standby_bucket=5;thermal=0;battery_pct=85;charging=0;music=0;location_on=1"
1789422530467,992875313,hb,"recorder=1;since_fix_ms=488;fixes_this_process=2493;write_failures=0;screen_on=1;doze=0;battery_saver=0;unrestricted=1;bg_restricted=0;standby_bucket=5;thermal=0;battery_pct=85;charging=0;music=0;location_on=1"
1789422535479,992880326,hb,"recorder=1;since_fix_ms=497;fixes_this_process=2498;write_failures=0;screen_on=1;doze=0;battery_saver=0;unrestricted=1;bg_restricted=0;standby_bucket=5;thermal=0;battery_pct=85;charging=0;music=0;location_on=1"
1789422540489,992885335,hb,"recorder=1;since_fix_ms=507;fixes_this_process=2503;write_failures=0;screen_on=1;doze=0;battery_saver=0;unrestricted=1;bg_restricted=0;standby_bucket=5;thermal=0;battery_pct=85;charging=0;music=0;location_on=1"
1789422545494,992890340,hb,"recorder=1;since_fix_ms=510;fixes_this_process=2508;write_failures=0;screen_on=1;doze=0;battery_saver=0;unrestricted=1;bg_restricted=0;standby_bucket=5;thermal=0;battery_pct=85;charging=0;music=0;location_on=1"
1789422550507,992895353,hb,"recorder=1;since_fix_ms=528;fixes_this_process=2513;write_failures=0;screen_on=1;doze=0;battery_saver=0;unrestricted=1;bg_restricted=0;standby_bucket=5;thermal=0;battery_pct=85;charging=0;music=0;location_on=1"
1789422555515,992900362,hb,"recorder=1;since_fix_ms=532;fixes_this_process=2518;write_failures=0;screen_on=1;doze=0;battery_saver=0;unrestricted=1;bg_restricted=0;standby_bucket=5;thermal=0;battery_pct=85;charging=0;music=0;location_on=1"
1789422560524,992905370,hb,"recorder=1;since_fix_ms=540;fixes_this_process=2523;write_failures=0;screen_on=1;doze=0;battery_saver=0;unrestricted=1;bg_restricted=0;standby_bucket=5;thermal=0;battery_pct=85;charging=0;music=0;location_on=1"
1789422565538,992910385,hb,"recorder=1;since_fix_ms=555;fixes_this_process=2528;write_failures=0;screen_on=1;doze=0;battery_saver=0;unrestricted=1;bg_restricted=0;standby_bucket=5;thermal=0;battery_pct=85;charging=0;music=0;location_on=1"
1789422570547,992915393,hb,"recorder=1;since_fix_ms=565;fixes_this_process=2533;write_failures=0;screen_on=1;doze=0;battery_saver=0;unrestricted=1;bg_restricted=0;standby_bucket=5;thermal=0;battery_pct=85;charging=0;music=0;location_on=1"
1789422575555,992920402,hb,"recorder=1;since_fix_ms=573;fixes_this_process=2538;write_failures=0;screen_on=1;doze=0;battery_saver=0;unrestricted=1;bg_restricted=0;standby_bucket=5;thermal=0;battery_pct=85;charging=0;music=0;location_on=1"
1789422580570,992925416,hb,"recorder=1;since_fix_ms=586;fixes_this_process=2543;write_failures=0;screen_on=1;doze=0;battery_saver=0;unrestricted=1;bg_restricted=0;standby_bucket=5;thermal=0;battery_pct=85;charging=0;music=0;location_on=1"
1789422585575,992930421,hb,"recorder=1;since_fix_ms=589;fixes_this_process=2548;write_failures=0;screen_on=1;doze=0;battery_saver=0;unrestricted=1;bg_restricted=0;standby_bucket=5;thermal=0;battery_pct=85;charging=0;music=0;location_on=1"
1789422590583,992935430,hb,"recorder=1;since_fix_ms=599;fixes_this_process=2553;write_failures=0;screen_on=1;doze=0;battery_saver=0;unrestricted=1;bg_restricted=0;standby_bucket=5;thermal=0;battery_pct=85;charging=0;music=0;location_on=1"
1789422595598,992940444,hb,"recorder=1;since_fix_ms=616;fixes_this_process=2558;write_failures=0;screen_on=1;doze=0;battery_saver=0;unrestricted=1;bg_restricted=0;standby_bucket=5;thermal=0;battery_pct=85;charging=0;music=0;location_on=1"
1789422600608,992945454,hb,"recorder=1;since_fix_ms=623;fixes_this_process=2563;write_failures=0;screen_on=1;doze=0;battery_saver=0;unrestricted=1;bg_restricted=0;standby_bucket=5;thermal=0;battery_pct=85;charging=0;music=0;location_on=1"
1789422605617,992950464,hb,"recorder=1;since_fix_ms=634;fixes_this_process=2568;write_failures=0;screen_on=1;doze=0;battery_saver=0;unrestricted=1;bg_restricted=0;standby_bucket=5;thermal=0;battery_pct=85;charging=0;music=0;location_on=1"
1789422610630,992955477,hb,"recorder=1;since_fix_ms=651;fixes_this_process=2573;write_failures=0;screen_on=1;doze=0;battery_saver=0;unrestricted=1;bg_restricted=0;standby_bucket=5;thermal=0;battery_pct=85;charging=0;music=0;location_on=1"
1789422615639,992960485,hb,"recorder=1;since_fix_ms=659;fixes_this_process=2578;write_failures=0;screen_on=1;doze=0;battery_saver=0;unrestricted=1;bg_restricted=0;standby_bucket=5;thermal=0;battery_pct=85;charging=0;music=0;location_on=1"
1789422620649,992965495,hb,"recorder=1;since_fix_ms=662;fixes_this_process=2583;write_failures=0;screen_on=1;doze=0;battery_saver=0;unrestricted=1;bg_restricted=0;standby_bucket=5;thermal=0;battery_pct=85;charging=0;music=0;location_on=1"
1789422625659,992970506,hb,"recorder=1;since_fix_ms=675;fixes_this_process=2588;write_failures=0;screen_on=1;doze=0;battery_saver=0;unrestricted=1;bg_restricted=0;standby_bucket=5;thermal=0;battery_pct=85;charging=0;music=0;location_on=1"
1789422630663,992975509,hb,"recorder=1;since_fix_ms=677;fixes_this_process=2593;write_failures=0;screen_on=1;doze=0;battery_saver=0;unrestricted=1;bg_restricted=0;standby_bucket=5;thermal=0;battery_pct=85;charging=0;music=0;location_on=1"
1789422635671,992980518,hb,"recorder=1;since_fix_ms=687;fixes_this_process=2598;write_failures=0;screen_on=1;doze=0;battery_saver=0;unrestricted=1;bg_restricted=0;standby_bucket=5;thermal=0;battery_pct=85;charging=0;music=0;location_on=1"
1789422640683,992985529,hb,"recorder=1;since_fix_ms=699;fixes_this_process=2603;write_failures=0;screen_on=1;doze=0;battery_saver=0;unrestricted=1;bg_restricted=0;standby_bucket=5;thermal=0;battery_pct=85;charging=0;music=0;location_on=1"
1789422645690,992990536,hb,"recorder=1;since_fix_ms=707;fixes_this_process=2608;write_failures=0;screen_on=1;doze=0;battery_saver=0;unrestricted=1;bg_restricted=0;standby_bucket=5;thermal=0;battery_pct=85;charging=0;music=0;location_on=1"
1789422650697,992995544,hb,"recorder=1;since_fix_ms=720;fixes_this_process=2613;write_failures=0;screen_on=1;doze=0;battery_saver=0;unrestricted=1;bg_restricted=0;standby_bucket=5;thermal=0;battery_pct=85;charging=0;music=0;location_on=1"
1789422655710,993000557,hb,"recorder=1;since_fix_ms=725;fixes_this_process=2618;write_failures=0;screen_on=1;doze=0;battery_saver=0;unrestricted=1;bg_restricted=0;standby_bucket=5;thermal=0;battery_pct=85;charging=0;music=0;location_on=1"
1789422660719,993005566,hb,"recorder=1;since_fix_ms=736;fixes_this_process=2623;write_failures=0;screen_on=1;doze=0;battery_saver=0;unrestricted=1;bg_restricted=0;standby_bucket=5;thermal=0;battery_pct=85;charging=0;music=0;location_on=1"
1789422665726,993010572,hb,"recorder=1;since_fix_ms=745;fixes_this_process=2628;write_failures=0;screen_on=1;doze=0;battery_saver=0;unrestricted=1;bg_restricted=0;standby_bucket=5;thermal=0;battery_pct=85;charging=0;music=0;location_on=1"
1789422670741,993015587,hb,"recorder=1;since_fix_ms=761;fixes_this_process=2633;write_failures=0;screen_on=1;doze=0;battery_saver=0;unrestricted=1;bg_restricted=0;standby_bucket=5;thermal=0;battery_pct=85;charging=0;music=0;location_on=1"
1789422675746,993020593,hb,"recorder=1;since_fix_ms=764;fixes_this_process=2638;write_failures=0;screen_on=1;doze=0;battery_saver=0;unrestricted=1;bg_restricted=0;standby_bucket=5;thermal=0;battery_pct=85;charging=0;music=0;location_on=1"
1789422680755,993025602,hb,"recorder=1;since_fix_ms=772;fixes_this_process=2643;write_failures=0;screen_on=1;doze=0;battery_saver=0;unrestricted=1;bg_restricted=0;standby_bucket=5;thermal=0;battery_pct=85;charging=0;music=0;location_on=1"
1789422685769,993030616,hb,"recorder=1;since_fix_ms=788;fixes_this_process=2648;write_failures=0;screen_on=1;doze=0;battery_saver=0;unrestricted=1;bg_restricted=0;standby_bucket=5;thermal=0;battery_pct=85;charging=0;music=0;location_on=1"
1789422690776,993035622,hb,"recorder=1;since_fix_ms=798;fixes_this_process=2653;write_failures=0;screen_on=1;doze=0;battery_saver=0;unrestricted=1;bg_restricted=0;standby_bucket=5;thermal=0;battery_pct=85;charging=0;music=0;location_on=1"
1789422695785,993040631,hb,"recorder=1;since_fix_ms=801;fixes_this_process=2658;write_failures=0;screen_on=1;doze=0;battery_saver=0;unrestricted=1;bg_restricted=0;standby_bucket=5;thermal=0;battery_pct=85;charging=0;music=0;location_on=1"
1789422700800,993045647,hb,"recorder=1;since_fix_ms=813;fixes_this_process=2663;write_failures=0;screen_on=1;doze=0;battery_saver=0;unrestricted=1;bg_restricted=0;standby_bucket=5;thermal=0;battery_pct=85;charging=0;music=0;location_on=1"
1789422705809,993050656,hb,"recorder=1;since_fix_ms=833;fixes_this_process=2668;write_failures=0;screen_on=1;doze=0;battery_saver=0;unrestricted=1;bg_restricted=0;standby_bucket=5;thermal=0;battery_pct=85;charging=0;music=0;location_on=1"
1789422710818,993055665,hb,"recorder=1;since_fix_ms=839;fixes_this_process=2673;write_failures=0;screen_on=1;doze=0;battery_saver=0;unrestricted=1;bg_restricted=0;standby_bucket=5;thermal=0;battery_pct=85;charging=0;music=0;location_on=1"
1789422715832,993060678,hb,"recorder=1;since_fix_ms=849;fixes_this_process=2678;write_failures=0;screen_on=1;doze=0;battery_saver=0;unrestricted=1;bg_restricted=0;standby_bucket=5;thermal=0;battery_pct=85;charging=0;music=0;location_on=1"
1789422720839,993065686,hb,"recorder=1;since_fix_ms=859;fixes_this_process=2683;write_failures=0;screen_on=1;doze=0;battery_saver=0;unrestricted=1;bg_restricted=0;standby_bucket=5;thermal=0;battery_pct=85;charging=0;music=0;location_on=1"
1789422725846,993070693,hb,"recorder=1;since_fix_ms=864;fixes_this_process=2688;write_failures=0;screen_on=1;doze=0;battery_saver=0;unrestricted=1;bg_restricted=0;standby_bucket=5;thermal=0;battery_pct=85;charging=0;music=0;location_on=1"
1789422730856,993075703,hb,"recorder=1;since_fix_ms=880;fixes_this_process=2693;write_failures=0;screen_on=1;doze=0;battery_saver=0;unrestricted=1;bg_restricted=0;standby_bucket=5;thermal=0;battery_pct=85;charging=0;music=0;location_on=1"
1789422735865,993080711,hb,"recorder=1;since_fix_ms=884;fixes_this_process=2698;write_failures=0;screen_on=1;doze=0;battery_saver=0;unrestricted=1;bg_restricted=0;standby_bucket=5;thermal=0;battery_pct=85;charging=0;music=0;location_on=1"
1789422740873,993085720,hb,"recorder=1;since_fix_ms=888;fixes_this_process=2703;write_failures=0;screen_on=1;doze=0;battery_saver=0;unrestricted=1;bg_restricted=0;standby_bucket=5;thermal=0;battery_pct=85;charging=0;music=0;location_on=1"
1789422745883,993090729,hb,"recorder=1;since_fix_ms=903;fixes_this_process=2708;write_failures=0;screen_on=1;doze=0;battery_saver=0;unrestricted=1;bg_restricted=0;standby_bucket=5;thermal=0;battery_pct=85;charging=0;music=0;location_on=1"
1789422750890,993095737,hb,"recorder=1;since_fix_ms=904;fixes_this_process=2713;write_failures=0;screen_on=1;doze=0;battery_saver=0;unrestricted=1;bg_restricted=0;standby_bucket=5;thermal=0;battery_pct=85;charging=0;music=0;location_on=1"
1789422755894,993100741,hb,"recorder=1;since_fix_ms=916;fixes_this_process=2718;write_failures=0;screen_on=1;doze=0;battery_saver=0;unrestricted=1;bg_restricted=0;standby_bucket=5;thermal=0;battery_pct=85;charging=0;music=0;location_on=1"
1789422760900,993105747,hb,"recorder=1;since_fix_ms=918;fixes_this_process=2723;write_failures=0;screen_on=1;doze=0;battery_saver=0;unrestricted=1;bg_restricted=0;standby_bucket=5;thermal=0;battery_pct=85;charging=0;music=0;location_on=1"
1789422765905,993110751,hb,"recorder=1;since_fix_ms=909;fixes_this_process=2728;write_failures=0;screen_on=1;doze=0;battery_saver=0;unrestricted=1;bg_restricted=0;standby_bucket=5;thermal=0;battery_pct=85;charging=0;music=0;location_on=1"
1789422770907,993115753,hb,"recorder=1;since_fix_ms=923;fixes_this_process=2733;write_failures=0;screen_on=1;doze=0;battery_saver=0;unrestricted=1;bg_restricted=0;standby_bucket=5;thermal=0;battery_pct=85;charging=0;music=0;location_on=1"
1789422775918,993120764,hb,"recorder=1;since_fix_ms=919;fixes_this_process=2738;write_failures=0;screen_on=1;doze=0;battery_saver=0;unrestricted=1;bg_restricted=0;standby_bucket=5;thermal=0;battery_pct=85;charging=0;music=0;location_on=1"
1789422780922,993125768,hb,"recorder=1;since_fix_ms=930;fixes_this_process=2743;write_failures=0;screen_on=1;doze=0;battery_saver=0;unrestricted=1;bg_restricted=0;standby_bucket=5;thermal=0;battery_pct=85;charging=0;music=0;location_on=1"
1789422785926,993130773,hb,"recorder=1;since_fix_ms=940;fixes_this_process=2748;write_failures=0;screen_on=1;doze=0;battery_saver=0;unrestricted=1;bg_restricted=0;standby_bucket=5;thermal=0;battery_pct=85;charging=0;music=0;location_on=1"
1789422790940,993135786,hb,"recorder=1;since_fix_ms=956;fixes_this_process=2753;write_failures=0;screen_on=1;doze=0;battery_saver=0;unrestricted=1;bg_restricted=0;standby_bucket=5;thermal=0;battery_pct=85;charging=0;music=0;location_on=1"
1789422795949,993140796,hb,"recorder=1;since_fix_ms=966;fixes_this_process=2758;write_failures=0;screen_on=1;doze=0;battery_saver=0;unrestricted=1;bg_restricted=0;standby_bucket=5;thermal=0;battery_pct=85;charging=0;music=0;location_on=1"
1789422800960,993145807,hb,"recorder=1;since_fix_ms=979;fixes_this_process=2763;write_failures=0;screen_on=1;doze=0;battery_saver=0;unrestricted=1;bg_restricted=0;standby_bucket=5;thermal=0;battery_pct=85;charging=0;music=0;location_on=1"
1789422805975,993150821,hb,"recorder=1;since_fix_ms=994;fixes_this_process=2768;write_failures=0;screen_on=1;doze=0;battery_saver=0;unrestricted=1;bg_restricted=0;standby_bucket=5;thermal=0;battery_pct=85;charging=0;music=0;location_on=1"
1789422810980,993155826,hb,"recorder=1;since_fix_ms=2;fixes_this_process=2774;write_failures=0;screen_on=1;doze=0;battery_saver=0;unrestricted=1;bg_restricted=0;standby_bucket=5;thermal=0;battery_pct=85;charging=0;music=0;location_on=1"
1789422815985,993160832,hb,"recorder=1;since_fix_ms=5;fixes_this_process=2779;write_failures=0;screen_on=1;doze=0;battery_saver=0;unrestricted=1;bg_restricted=0;standby_bucket=5;thermal=0;battery_pct=85;charging=0;music=0;location_on=1"
1789422820988,993165834,hb,"recorder=1;since_fix_ms=68;fixes_this_process=2784;write_failures=0;screen_on=1;doze=0;battery_saver=0;unrestricted=1;bg_restricted=0;standby_bucket=5;thermal=0;battery_pct=85;charging=0;music=0;location_on=1"
1789422825993,993170840,hb,"recorder=1;since_fix_ms=18;fixes_this_process=2789;write_failures=0;screen_on=1;doze=0;battery_saver=0;unrestricted=1;bg_restricted=0;standby_bucket=5;thermal=0;battery_pct=85;charging=0;music=0;location_on=1"
1789422830995,993175841,hb,"recorder=1;since_fix_ms=11;fixes_this_process=2794;write_failures=0;screen_on=1;doze=0;battery_saver=0;unrestricted=1;bg_restricted=0;standby_bucket=5;thermal=0;battery_pct=85;charging=0;music=0;location_on=1"
1789422836000,993180846,hb,"recorder=1;since_fix_ms=15;fixes_this_process=2799;write_failures=0;screen_on=1;doze=0;battery_saver=0;unrestricted=1;bg_restricted=0;standby_bucket=5;thermal=0;battery_pct=85;charging=0;music=0;location_on=1"
1789422841006,993185852,hb,"recorder=1;since_fix_ms=24;fixes_this_process=2804;write_failures=0;screen_on=1;doze=0;battery_saver=0;unrestricted=1;bg_restricted=0;standby_bucket=5;thermal=0;battery_pct=85;charging=0;music=0;location_on=1"
1789422846014,993190861,hb,"recorder=1;since_fix_ms=32;fixes_this_process=2809;write_failures=0;screen_on=1;doze=0;battery_saver=0;unrestricted=1;bg_restricted=0;standby_bucket=5;thermal=0;battery_pct=85;charging=0;music=0;location_on=1"
1789422851024,993195871,hb,"recorder=1;since_fix_ms=43;fixes_this_process=2814;write_failures=0;screen_on=1;doze=0;battery_saver=0;unrestricted=1;bg_restricted=0;standby_bucket=5;thermal=0;battery_pct=85;charging=0;music=0;location_on=1"
1789422856032,993200879,hb,"recorder=1;since_fix_ms=55;fixes_this_process=2819;write_failures=0;screen_on=1;doze=0;battery_saver=0;unrestricted=1;bg_restricted=0;standby_bucket=5;thermal=0;battery_pct=85;charging=0;music=0;location_on=1"
1789422861041,993205887,hb,"recorder=1;since_fix_ms=99;fixes_this_process=2824;write_failures=0;screen_on=1;doze=0;battery_saver=0;unrestricted=1;bg_restricted=0;standby_bucket=5;thermal=0;battery_pct=85;charging=0;music=0;location_on=1"
1789422866049,993210896,hb,"recorder=1;since_fix_ms=67;fixes_this_process=2829;write_failures=0;screen_on=1;doze=0;battery_saver=0;unrestricted=1;bg_restricted=0;standby_bucket=5;thermal=0;battery_pct=85;charging=0;music=0;location_on=1"
1789422871053,993215899,hb,"recorder=1;since_fix_ms=74;fixes_this_process=2834;write_failures=0;screen_on=1;doze=0;battery_saver=0;unrestricted=1;bg_restricted=0;standby_bucket=5;thermal=0;battery_pct=85;charging=0;music=0;location_on=1"
1789422876057,993220904,hb,"recorder=1;since_fix_ms=77;fixes_this_process=2839;write_failures=0;screen_on=1;doze=0;battery_saver=0;unrestricted=1;bg_restricted=0;standby_bucket=5;thermal=0;battery_pct=85;charging=0;music=0;location_on=1"
1789422881070,993225916,hb,"recorder=1;since_fix_ms=82;fixes_this_process=2844;write_failures=0;screen_on=1;doze=0;battery_saver=0;unrestricted=1;bg_restricted=0;standby_bucket=5;thermal=0;battery_pct=85;charging=0;music=0;location_on=1"
1789422886076,993230923,hb,"recorder=1;since_fix_ms=82;fixes_this_process=2849;write_failures=0;screen_on=1;doze=0;battery_saver=0;unrestricted=1;bg_restricted=0;standby_bucket=5;thermal=0;battery_pct=85;charging=0;music=0;location_on=1"
1789422891082,993235928,hb,"recorder=1;since_fix_ms=87;fixes_this_process=2854;write_failures=0;screen_on=1;doze=0;battery_saver=0;unrestricted=1;bg_restricted=0;standby_bucket=5;thermal=0;battery_pct=85;charging=0;music=0;location_on=1"
1789422896094,993240940,hb,"recorder=1;since_fix_ms=113;fixes_this_process=2859;write_failures=0;screen_on=1;doze=0;battery_saver=0;unrestricted=1;bg_restricted=0;standby_bucket=5;thermal=0;battery_pct=85;charging=0;music=0;location_on=1"
1789422901103,993245950,hb,"recorder=1;since_fix_ms=119;fixes_this_process=2864;write_failures=0;screen_on=1;doze=0;battery_saver=0;unrestricted=1;bg_restricted=0;standby_bucket=5;thermal=0;battery_pct=85;charging=0;music=0;location_on=1"
1789422906112,993250958,hb,"recorder=1;since_fix_ms=134;fixes_this_process=2869;write_failures=0;screen_on=1;doze=0;battery_saver=0;unrestricted=1;bg_restricted=0;standby_bucket=5;thermal=0;battery_pct=85;charging=0;music=0;location_on=1"
1789422911124,993255971,hb,"recorder=1;since_fix_ms=142;fixes_this_process=2874;write_failures=0;screen_on=1;doze=0;battery_saver=0;unrestricted=1;bg_restricted=0;standby_bucket=5;thermal=0;battery_pct=85;charging=0;music=0;location_on=1"
1789422916133,993260979,hb,"recorder=1;since_fix_ms=150;fixes_this_process=2879;write_failures=0;screen_on=1;doze=0;battery_saver=0;unrestricted=1;bg_restricted=0;standby_bucket=5;thermal=0;battery_pct=85;charging=0;music=0;location_on=1"
1789422921137,993265984,hb,"recorder=1;since_fix_ms=255;fixes_this_process=2884;write_failures=0;screen_on=1;doze=0;battery_saver=0;unrestricted=1;bg_restricted=0;standby_bucket=5;thermal=0;battery_pct=85;charging=0;music=0;location_on=1"
1789422926149,993270995,hb,"recorder=1;since_fix_ms=173;fixes_this_process=2889;write_failures=0;screen_on=1;doze=0;battery_saver=0;unrestricted=1;bg_restricted=0;standby_bucket=5;thermal=0;battery_pct=85;charging=0;music=0;location_on=1"
1789422931157,993276003,hb,"recorder=1;since_fix_ms=177;fixes_this_process=2894;write_failures=0;screen_on=1;doze=0;battery_saver=0;unrestricted=1;bg_restricted=0;standby_bucket=5;thermal=0;battery_pct=85;charging=0;music=0;location_on=1"
1789422936165,993281012,hb,"recorder=1;since_fix_ms=181;fixes_this_process=2899;write_failures=0;screen_on=1;doze=0;battery_saver=0;unrestricted=1;bg_restricted=0;standby_bucket=5;thermal=0;battery_pct=85;charging=0;music=0;location_on=1"
1789422941176,993286022,hb,"recorder=1;since_fix_ms=193;fixes_this_process=2904;write_failures=0;screen_on=1;doze=0;battery_saver=0;unrestricted=1;bg_restricted=0;standby_bucket=5;thermal=0;battery_pct=85;charging=0;music=0;location_on=1"
1789422946184,993291031,hb,"recorder=1;since_fix_ms=199;fixes_this_process=2909;write_failures=0;screen_on=1;doze=0;battery_saver=0;unrestricted=1;bg_restricted=0;standby_bucket=5;thermal=0;battery_pct=85;charging=0;music=0;location_on=1"
1789422951193,993296039,hb,"recorder=1;since_fix_ms=210;fixes_this_process=2914;write_failures=0;screen_on=1;doze=0;battery_saver=0;unrestricted=1;bg_restricted=0;standby_bucket=5;thermal=0;battery_pct=85;charging=0;music=0;location_on=1"
1789422956205,993301052,hb,"recorder=1;since_fix_ms=215;fixes_this_process=2919;write_failures=0;screen_on=1;doze=0;battery_saver=0;unrestricted=1;bg_restricted=0;standby_bucket=5;thermal=0;battery_pct=85;charging=0;music=0;location_on=1"
1789422961212,993306058,hb,"recorder=1;since_fix_ms=226;fixes_this_process=2924;write_failures=0;screen_on=1;doze=0;battery_saver=0;unrestricted=1;bg_restricted=0;standby_bucket=5;thermal=0;battery_pct=85;charging=0;music=0;location_on=1"
1789422966216,993311063,hb,"recorder=1;since_fix_ms=232;fixes_this_process=2929;write_failures=0;screen_on=1;doze=0;battery_saver=0;unrestricted=1;bg_restricted=0;standby_bucket=5;thermal=0;battery_pct=85;charging=0;music=0;location_on=1"
1789422971230,993316077,hb,"recorder=1;since_fix_ms=288;fixes_this_process=2934;write_failures=0;screen_on=1;doze=0;battery_saver=0;unrestricted=1;bg_restricted=0;standby_bucket=5;thermal=0;battery_pct=85;charging=0;music=0;location_on=1"
1789422976235,993321082,hb,"recorder=1;since_fix_ms=254;fixes_this_process=2939;write_failures=0;screen_on=1;doze=0;battery_saver=0;unrestricted=1;bg_restricted=0;standby_bucket=5;thermal=0;battery_pct=85;charging=0;music=0;location_on=1"
1789422981240,993326087,hb,"recorder=1;since_fix_ms=262;fixes_this_process=2944;write_failures=0;screen_on=1;doze=0;battery_saver=0;unrestricted=1;bg_restricted=0;standby_bucket=5;thermal=0;battery_pct=85;charging=0;music=0;location_on=1"
1789422986252,993331099,hb,"recorder=1;since_fix_ms=262;fixes_this_process=2949;write_failures=0;screen_on=1;doze=0;battery_saver=0;unrestricted=1;bg_restricted=0;standby_bucket=5;thermal=0;battery_pct=85;charging=0;music=0;location_on=1"
1789422991260,993336107,hb,"recorder=1;since_fix_ms=283;fixes_this_process=2954;write_failures=0;screen_on=1;doze=0;battery_saver=0;unrestricted=1;bg_restricted=0;standby_bucket=5;thermal=0;battery_pct=85;charging=0;music=0;location_on=1"
1789422996267,993341113,hb,"recorder=1;since_fix_ms=287;fixes_this_process=2959;write_failures=0;screen_on=1;doze=0;battery_saver=0;unrestricted=1;bg_restricted=0;standby_bucket=5;thermal=0;battery_pct=85;charging=0;music=0;location_on=1"
1789423001278,993346124,hb,"recorder=1;since_fix_ms=300;fixes_this_process=2964;write_failures=0;screen_on=1;doze=0;battery_saver=0;unrestricted=1;bg_restricted=0;standby_bucket=5;thermal=0;battery_pct=85;charging=0;music=0;location_on=1"
1789423006286,993351133,hb,"recorder=1;since_fix_ms=304;fixes_this_process=2969;write_failures=0;screen_on=1;doze=0;battery_saver=0;unrestricted=1;bg_restricted=0;standby_bucket=5;thermal=0;battery_pct=85;charging=0;music=0;location_on=1"
1789423011290,993356137,hb,"recorder=1;since_fix_ms=311;fixes_this_process=2974;write_failures=0;screen_on=1;doze=0;battery_saver=0;unrestricted=1;bg_restricted=0;standby_bucket=5;thermal=0;battery_pct=85;charging=0;music=0;location_on=1"
1789423016303,993361150,hb,"recorder=1;since_fix_ms=322;fixes_this_process=2979;write_failures=0;screen_on=1;doze=0;battery_saver=0;unrestricted=1;bg_restricted=0;standby_bucket=5;thermal=0;battery_pct=85;charging=0;music=0;location_on=1"
1789423021312,993366159,hb,"recorder=1;since_fix_ms=326;fixes_this_process=2984;write_failures=0;screen_on=1;doze=0;battery_saver=0;unrestricted=1;bg_restricted=0;standby_bucket=5;thermal=0;battery_pct=85;charging=0;music=0;location_on=1"
1789423026321,993371167,hb,"recorder=1;since_fix_ms=341;fixes_this_process=2989;write_failures=0;screen_on=1;doze=0;battery_saver=0;unrestricted=1;bg_restricted=0;standby_bucket=5;thermal=0;battery_pct=85;charging=0;music=0;location_on=1"
1789423031327,993376174,hb,"recorder=1;since_fix_ms=347;fixes_this_process=2994;write_failures=0;screen_on=1;doze=0;battery_saver=0;unrestricted=1;bg_restricted=0;standby_bucket=5;thermal=0;battery_pct=85;charging=0;music=0;location_on=1"
1789423036335,993381182,hb,"recorder=1;since_fix_ms=355;fixes_this_process=2999;write_failures=0;screen_on=1;doze=0;battery_saver=0;unrestricted=1;bg_restricted=0;standby_bucket=5;thermal=0;battery_pct=85;charging=0;music=0;location_on=1"
1789423041343,993386190,hb,"recorder=1;since_fix_ms=365;fixes_this_process=3004;write_failures=0;screen_on=1;doze=0;battery_saver=0;unrestricted=1;bg_restricted=0;standby_bucket=5;thermal=0;battery_pct=85;charging=0;music=0;location_on=1"
1789423046354,993391200,hb,"recorder=1;since_fix_ms=433;fixes_this_process=3009;write_failures=0;screen_on=1;doze=0;battery_saver=0;unrestricted=1;bg_restricted=0;standby_bucket=5;thermal=0;battery_pct=85;charging=0;music=0;location_on=1"
1789423051362,993396208,hb,"recorder=1;since_fix_ms=382;fixes_this_process=3014;write_failures=0;screen_on=1;doze=0;battery_saver=0;unrestricted=1;bg_restricted=0;standby_bucket=5;thermal=0;battery_pct=85;charging=0;music=0;location_on=1"
1789423056371,993401217,hb,"recorder=1;since_fix_ms=488;fixes_this_process=3019;write_failures=0;screen_on=1;doze=0;battery_saver=0;unrestricted=1;bg_restricted=0;standby_bucket=5;thermal=0;battery_pct=85;charging=0;music=0;location_on=1"
1789423061384,993406231,hb,"recorder=1;since_fix_ms=401;fixes_this_process=3024;write_failures=0;screen_on=1;doze=0;battery_saver=0;unrestricted=1;bg_restricted=0;standby_bucket=5;thermal=0;battery_pct=85;charging=0;music=0;location_on=1"
1789423066392,993411238,hb,"recorder=1;since_fix_ms=508;fixes_this_process=3029;write_failures=0;screen_on=1;doze=0;battery_saver=0;unrestricted=1;bg_restricted=0;standby_bucket=5;thermal=0;battery_pct=85;charging=0;music=0;location_on=1"
1789423071401,993416247,hb,"recorder=1;since_fix_ms=421;fixes_this_process=3034;write_failures=0;screen_on=1;doze=0;battery_saver=0;unrestricted=1;bg_restricted=0;standby_bucket=5;thermal=0;battery_pct=85;charging=0;music=0;location_on=1"
1789423076980,993421826,hb,"recorder=1;since_fix_ms=2002;fixes_this_process=3038;write_failures=0;screen_on=1;doze=0;battery_saver=0;unrestricted=1;bg_restricted=0;standby_bucket=5;thermal=0;battery_pct=85;charging=0;music=0;location_on=1"
1789423081982,993426828,hb,"recorder=1;since_fix_ms=1000;fixes_this_process=3044;write_failures=0;screen_on=1;doze=0;battery_saver=0;unrestricted=1;bg_restricted=0;standby_bucket=5;thermal=0;battery_pct=85;charging=0;music=0;location_on=1"
1789423086987,993431834,hb,"recorder=1;since_fix_ms=6;fixes_this_process=3050;write_failures=0;screen_on=1;doze=0;battery_saver=0;unrestricted=1;bg_restricted=0;standby_bucket=5;thermal=0;battery_pct=85;charging=0;music=0;location_on=1"
1789423091993,993436839,hb,"recorder=1;since_fix_ms=16;fixes_this_process=3055;write_failures=0;screen_on=1;doze=0;battery_saver=0;unrestricted=1;bg_restricted=0;standby_bucket=5;thermal=0;battery_pct=85;charging=0;music=0;location_on=1"
1789423097000,993441847,hb,"recorder=1;since_fix_ms=54;fixes_this_process=3060;write_failures=0;screen_on=1;doze=0;battery_saver=0;unrestricted=1;bg_restricted=0;standby_bucket=5;thermal=0;battery_pct=85;charging=0;music=0;location_on=1"
1789423102005,993446851,hb,"recorder=1;since_fix_ms=26;fixes_this_process=3065;write_failures=0;screen_on=1;doze=0;battery_saver=0;unrestricted=1;bg_restricted=0;standby_bucket=5;thermal=0;battery_pct=85;charging=0;music=0;location_on=1"
1789423107008,993451854,hb,"recorder=1;since_fix_ms=20;fixes_this_process=3070;write_failures=0;screen_on=1;doze=0;battery_saver=0;unrestricted=1;bg_restricted=0;standby_bucket=5;thermal=0;battery_pct=85;charging=0;music=0;location_on=1"
1789423112013,993456860,hb,"recorder=1;since_fix_ms=19;fixes_this_process=3075;write_failures=0;screen_on=1;doze=0;battery_saver=0;unrestricted=1;bg_restricted=0;standby_bucket=5;thermal=0;battery_pct=85;charging=0;music=0;location_on=1"
1789423117021,993461868,hb,"recorder=1;since_fix_ms=44;fixes_this_process=3080;write_failures=0;screen_on=1;doze=0;battery_saver=0;unrestricted=1;bg_restricted=0;standby_bucket=5;thermal=0;battery_pct=85;charging=0;music=0;location_on=1"
1789423122030,993466877,hb,"recorder=1;since_fix_ms=54;fixes_this_process=3085;write_failures=0;screen_on=1;doze=0;battery_saver=0;unrestricted=1;bg_restricted=0;standby_bucket=5;thermal=0;battery_pct=85;charging=0;music=0;location_on=1"
1789423127039,993471886,hb,"recorder=1;since_fix_ms=63;fixes_this_process=3090;write_failures=0;screen_on=1;doze=0;battery_saver=0;unrestricted=1;bg_restricted=0;standby_bucket=5;thermal=0;battery_pct=85;charging=0;music=0;location_on=1"
1789423132043,993476889,hb,"recorder=1;since_fix_ms=68;fixes_this_process=3095;write_failures=0;screen_on=1;doze=0;battery_saver=0;unrestricted=1;bg_restricted=0;standby_bucket=5;thermal=0;battery_pct=85;charging=0;music=0;location_on=1"
1789423137056,993481903,hb,"recorder=1;since_fix_ms=77;fixes_this_process=3100;write_failures=0;screen_on=1;doze=0;battery_saver=0;unrestricted=1;bg_restricted=0;standby_bucket=5;thermal=0;battery_pct=85;charging=0;music=0;location_on=1"
1789423142063,993486910,hb,"recorder=1;since_fix_ms=105;fixes_this_process=3105;write_failures=0;screen_on=1;doze=0;battery_saver=0;unrestricted=1;bg_restricted=0;standby_bucket=5;thermal=0;battery_pct=85;charging=0;music=0;location_on=1"
1789423147072,993491919,hb,"recorder=1;since_fix_ms=94;fixes_this_process=3110;write_failures=0;screen_on=1;doze=0;battery_saver=0;unrestricted=1;bg_restricted=0;standby_bucket=5;thermal=0;battery_pct=85;charging=0;music=0;location_on=1"
1789423152084,993496931,hb,"recorder=1;since_fix_ms=104;fixes_this_process=3115;write_failures=0;screen_on=1;doze=0;battery_saver=0;unrestricted=1;bg_restricted=0;standby_bucket=5;thermal=0;battery_pct=85;charging=0;music=0;location_on=1"
1789423157092,993501938,hb,"recorder=1;since_fix_ms=110;fixes_this_process=3120;write_failures=0;screen_on=1;doze=0;battery_saver=0;unrestricted=1;bg_restricted=0;standby_bucket=5;thermal=0;battery_pct=85;charging=0;music=0;location_on=1"
1789423162100,993506947,hb,"recorder=1;since_fix_ms=118;fixes_this_process=3125;write_failures=0;screen_on=1;doze=0;battery_saver=0;unrestricted=1;bg_restricted=0;standby_bucket=5;thermal=0;battery_pct=85;charging=0;music=0;location_on=1"
1789423167114,993511960,hb,"recorder=1;since_fix_ms=126;fixes_this_process=3130;write_failures=0;screen_on=1;doze=0;battery_saver=0;unrestricted=1;bg_restricted=0;standby_bucket=5;thermal=0;battery_pct=85;charging=0;music=0;location_on=1"
1789423172122,993516969,hb,"recorder=1;since_fix_ms=140;fixes_this_process=3135;write_failures=0;screen_on=1;doze=0;battery_saver=0;unrestricted=1;bg_restricted=0;standby_bucket=5;thermal=0;battery_pct=85;charging=0;music=0;location_on=1"
1789423177129,993521975,hb,"recorder=1;since_fix_ms=142;fixes_this_process=3140;write_failures=0;screen_on=1;doze=0;battery_saver=0;unrestricted=1;bg_restricted=0;standby_bucket=5;thermal=0;battery_pct=85;charging=0;music=0;location_on=1"
1789423182142,993526988,hb,"recorder=1;since_fix_ms=157;fixes_this_process=3145;write_failures=0;screen_on=1;doze=0;battery_saver=0;unrestricted=1;bg_restricted=0;standby_bucket=5;thermal=0;battery_pct=85;charging=0;music=0;location_on=1"
1789423187149,993531996,hb,"recorder=1;since_fix_ms=159;fixes_this_process=3150;write_failures=0;screen_on=1;doze=0;battery_saver=0;unrestricted=1;bg_restricted=0;standby_bucket=5;thermal=0;battery_pct=85;charging=0;music=0;location_on=1"
1789423192158,993537004,hb,"recorder=1;since_fix_ms=170;fixes_this_process=3155;write_failures=0;screen_on=1;doze=0;battery_saver=0;unrestricted=1;bg_restricted=0;standby_bucket=5;thermal=0;battery_pct=85;charging=0;music=0;location_on=1"
1789423197170,993542017,hb,"recorder=1;since_fix_ms=192;fixes_this_process=3160;write_failures=0;screen_on=1;doze=0;battery_saver=0;unrestricted=1;bg_restricted=0;standby_bucket=5;thermal=0;battery_pct=85;charging=0;music=0;location_on=1"
1789423202180,993547026,hb,"recorder=1;since_fix_ms=302;fixes_this_process=3165;write_failures=0;screen_on=1;doze=0;battery_saver=0;unrestricted=1;bg_restricted=0;standby_bucket=5;thermal=0;battery_pct=85;charging=0;music=0;location_on=1"
1789423207184,993552031,hb,"recorder=1;since_fix_ms=205;fixes_this_process=3170;write_failures=0;screen_on=1;doze=0;battery_saver=0;unrestricted=1;bg_restricted=0;standby_bucket=5;thermal=0;battery_pct=85;charging=0;music=0;location_on=1"
1789423212197,993557044,hb,"recorder=1;since_fix_ms=254;fixes_this_process=3175;write_failures=0;screen_on=1;doze=0;battery_saver=0;unrestricted=1;bg_restricted=0;standby_bucket=5;thermal=0;battery_pct=85;charging=0;music=0;location_on=1"
1789423217208,993562054,hb,"recorder=1;since_fix_ms=229;fixes_this_process=3180;write_failures=0;screen_on=1;doze=0;battery_saver=0;unrestricted=1;bg_restricted=0;standby_bucket=5;thermal=0;battery_pct=85;charging=0;music=0;location_on=1"
1789423222214,993567060,hb,"recorder=1;since_fix_ms=232;fixes_this_process=3185;write_failures=0;screen_on=1;doze=0;battery_saver=0;unrestricted=1;bg_restricted=0;standby_bucket=5;thermal=0;battery_pct=85;charging=0;music=0;location_on=1"
1789423227220,993572067,hb,"recorder=1;since_fix_ms=236;fixes_this_process=3190;write_failures=0;screen_on=1;doze=0;battery_saver=0;unrestricted=1;bg_restricted=0;standby_bucket=5;thermal=0;battery_pct=85;charging=0;music=0;location_on=1"
1789423232225,993577071,hb,"recorder=1;since_fix_ms=241;fixes_this_process=3195;write_failures=0;screen_on=1;doze=0;battery_saver=0;unrestricted=1;bg_restricted=0;standby_bucket=5;thermal=0;battery_pct=85;charging=0;music=0;location_on=1"
1789423237233,993582080,hb,"recorder=1;since_fix_ms=250;fixes_this_process=3200;write_failures=0;screen_on=1;doze=0;battery_saver=0;unrestricted=1;bg_restricted=0;standby_bucket=5;thermal=0;battery_pct=85;charging=0;music=0;location_on=1"
1789423242247,993587093,hb,"recorder=1;since_fix_ms=264;fixes_this_process=3205;write_failures=0;screen_on=1;doze=0;battery_saver=0;unrestricted=1;bg_restricted=0;standby_bucket=5;thermal=0;battery_pct=85;charging=0;music=0;location_on=1"
1789423247253,993592100,hb,"recorder=1;since_fix_ms=272;fixes_this_process=3210;write_failures=0;screen_on=1;doze=0;battery_saver=0;unrestricted=1;bg_restricted=0;standby_bucket=5;thermal=0;battery_pct=85;charging=0;music=0;location_on=1"
1789423252263,993597109,hb,"recorder=1;since_fix_ms=283;fixes_this_process=3215;write_failures=0;screen_on=1;doze=0;battery_saver=0;unrestricted=1;bg_restricted=0;standby_bucket=5;thermal=0;battery_pct=85;charging=0;music=0;location_on=1"
1789423257273,993602120,hb,"recorder=1;since_fix_ms=292;fixes_this_process=3220;write_failures=0;screen_on=1;doze=0;battery_saver=0;unrestricted=1;bg_restricted=0;standby_bucket=5;thermal=0;battery_pct=85;charging=0;music=0;location_on=1"
1789423262281,993607128,hb,"recorder=1;since_fix_ms=304;fixes_this_process=3225;write_failures=0;screen_on=1;doze=0;battery_saver=0;unrestricted=1;bg_restricted=0;standby_bucket=5;thermal=0;battery_pct=85;charging=0;music=0;location_on=1"
1789423267286,993612132,hb,"recorder=1;since_fix_ms=304;fixes_this_process=3230;write_failures=0;screen_on=1;doze=0;battery_saver=0;unrestricted=1;bg_restricted=0;standby_bucket=5;thermal=0;battery_pct=85;charging=0;music=0;location_on=1"
1789423272302,993617149,hb,"recorder=1;since_fix_ms=384;fixes_this_process=3235;write_failures=0;screen_on=1;doze=0;battery_saver=0;unrestricted=1;bg_restricted=0;standby_bucket=5;thermal=0;battery_pct=85;charging=0;music=0;location_on=1"
1789423277311,993622158,hb,"recorder=1;since_fix_ms=331;fixes_this_process=3240;write_failures=0;screen_on=1;doze=0;battery_saver=0;unrestricted=1;bg_restricted=0;standby_bucket=5;thermal=0;battery_pct=85;charging=0;music=0;location_on=1"
1789423282321,993627167,hb,"recorder=1;since_fix_ms=422;fixes_this_process=3245;write_failures=0;screen_on=1;doze=0;battery_saver=0;unrestricted=1;bg_restricted=0;standby_bucket=5;thermal=0;battery_pct=85;charging=0;music=0;location_on=1"
1789423287337,993632183,hb,"recorder=1;since_fix_ms=359;fixes_this_process=3250;write_failures=0;screen_on=1;doze=0;battery_saver=0;unrestricted=1;bg_restricted=0;standby_bucket=5;thermal=0;battery_pct=84;charging=0;music=0;location_on=1"
1789423292343,993637190,hb,"recorder=1;since_fix_ms=366;fixes_this_process=3255;write_failures=0;screen_on=1;doze=0;battery_saver=0;unrestricted=1;bg_restricted=0;standby_bucket=5;thermal=0;battery_pct=84;charging=0;music=0;location_on=1"
1789423297347,993642193,hb,"recorder=1;since_fix_ms=466;fixes_this_process=3260;write_failures=0;screen_on=1;doze=0;battery_saver=0;unrestricted=1;bg_restricted=0;standby_bucket=5;thermal=0;battery_pct=84;charging=0;music=0;location_on=1"
1789423302359,993647206,hb,"recorder=1;since_fix_ms=375;fixes_this_process=3265;write_failures=0;screen_on=1;doze=0;battery_saver=0;unrestricted=1;bg_restricted=0;standby_bucket=5;thermal=0;battery_pct=84;charging=0;music=0;location_on=1"
1789423307365,993652212,hb,"recorder=1;since_fix_ms=385;fixes_this_process=3270;write_failures=0;screen_on=1;doze=0;battery_saver=0;unrestricted=1;bg_restricted=0;standby_bucket=5;thermal=0;battery_pct=84;charging=0;music=0;location_on=1"
1789423312377,993657224,hb,"recorder=1;since_fix_ms=394;fixes_this_process=3275;write_failures=0;screen_on=1;doze=0;battery_saver=0;unrestricted=1;bg_restricted=0;standby_bucket=5;thermal=0;battery_pct=84;charging=0;music=0;location_on=1"
1789423317392,993662238,hb,"recorder=1;since_fix_ms=405;fixes_this_process=3280;write_failures=0;screen_on=1;doze=0;battery_saver=0;unrestricted=1;bg_restricted=0;standby_bucket=5;thermal=0;battery_pct=84;charging=0;music=0;location_on=1"
1789423322401,993667247,hb,"recorder=1;since_fix_ms=498;fixes_this_process=3285;write_failures=0;screen_on=1;doze=0;battery_saver=0;unrestricted=1;bg_restricted=0;standby_bucket=5;thermal=0;battery_pct=84;charging=0;music=0;location_on=1"
1789423327409,993672256,hb,"recorder=1;since_fix_ms=431;fixes_this_process=3290;write_failures=0;screen_on=1;doze=0;battery_saver=0;unrestricted=1;bg_restricted=0;standby_bucket=5;thermal=0;battery_pct=84;charging=0;music=0;location_on=1"
1789423332421,993677268,hb,"recorder=1;since_fix_ms=438;fixes_this_process=3295;write_failures=0;screen_on=1;doze=0;battery_saver=0;unrestricted=1;bg_restricted=0;standby_bucket=5;thermal=0;battery_pct=84;charging=0;music=0;location_on=1"
1789423337431,993682277,hb,"recorder=1;since_fix_ms=442;fixes_this_process=3300;write_failures=0;screen_on=1;doze=0;battery_saver=0;unrestricted=1;bg_restricted=0;standby_bucket=5;thermal=0;battery_pct=84;charging=0;music=0;location_on=1"
1789423342437,993687283,hb,"recorder=1;since_fix_ms=461;fixes_this_process=3305;write_failures=0;screen_on=1;doze=0;battery_saver=0;unrestricted=1;bg_restricted=0;standby_bucket=5;thermal=0;battery_pct=84;charging=0;music=0;location_on=1"
1789423347450,993692297,hb,"recorder=1;since_fix_ms=472;fixes_this_process=3310;write_failures=0;screen_on=1;doze=0;battery_saver=0;unrestricted=1;bg_restricted=0;standby_bucket=5;thermal=0;battery_pct=84;charging=0;music=0;location_on=1"
1789423352459,993697305,hb,"recorder=1;since_fix_ms=484;fixes_this_process=3315;write_failures=0;screen_on=1;doze=0;battery_saver=0;unrestricted=1;bg_restricted=0;standby_bucket=5;thermal=0;battery_pct=84;charging=0;music=0;location_on=1"
1789423357467,993702314,hb,"recorder=1;since_fix_ms=490;fixes_this_process=3320;write_failures=0;screen_on=1;doze=0;battery_saver=0;unrestricted=1;bg_restricted=0;standby_bucket=5;thermal=0;battery_pct=84;charging=0;music=0;location_on=1"
1789423362481,993707328,hb,"recorder=1;since_fix_ms=501;fixes_this_process=3325;write_failures=0;screen_on=1;doze=0;battery_saver=0;unrestricted=1;bg_restricted=0;standby_bucket=5;thermal=0;battery_pct=84;charging=0;music=0;location_on=1"
1789423367490,993712336,hb,"recorder=1;since_fix_ms=496;fixes_this_process=3330;write_failures=0;screen_on=1;doze=0;battery_saver=0;unrestricted=1;bg_restricted=0;standby_bucket=5;thermal=0;battery_pct=84;charging=0;music=0;location_on=1"
1789423372497,993717343,hb,"recorder=1;since_fix_ms=519;fixes_this_process=3335;write_failures=0;screen_on=1;doze=0;battery_saver=0;unrestricted=1;bg_restricted=0;standby_bucket=5;thermal=0;battery_pct=84;charging=0;music=0;location_on=1"
1789423377507,993722354,hb,"recorder=1;since_fix_ms=530;fixes_this_process=3340;write_failures=0;screen_on=1;doze=0;battery_saver=0;unrestricted=1;bg_restricted=0;standby_bucket=5;thermal=0;battery_pct=84;charging=0;music=0;location_on=1"
1789423382514,993727360,hb,"recorder=1;since_fix_ms=536;fixes_this_process=3345;write_failures=0;screen_on=1;doze=0;battery_saver=0;unrestricted=1;bg_restricted=0;standby_bucket=5;thermal=0;battery_pct=84;charging=0;music=0;location_on=1"
1789423387518,993732365,hb,"recorder=1;since_fix_ms=539;fixes_this_process=3350;write_failures=0;screen_on=1;doze=0;battery_saver=0;unrestricted=1;bg_restricted=0;standby_bucket=5;thermal=0;battery_pct=84;charging=0;music=0;location_on=1"
1789423392527,993737373,hb,"recorder=1;since_fix_ms=549;fixes_this_process=3355;write_failures=0;screen_on=1;doze=0;battery_saver=0;unrestricted=1;bg_restricted=0;standby_bucket=5;thermal=0;battery_pct=84;charging=0;music=0;location_on=1"
1789423397535,993742381,hb,"recorder=1;since_fix_ms=555;fixes_this_process=3360;write_failures=0;screen_on=1;doze=0;battery_saver=0;unrestricted=1;bg_restricted=0;standby_bucket=5;thermal=0;battery_pct=84;charging=0;music=0;location_on=1"
1789423402541,993747388,hb,"recorder=1;since_fix_ms=562;fixes_this_process=3365;write_failures=0;screen_on=1;doze=0;battery_saver=0;unrestricted=1;bg_restricted=0;standby_bucket=5;thermal=0;battery_pct=84;charging=0;music=0;location_on=1"
1789423407552,993752398,hb,"recorder=1;since_fix_ms=576;fixes_this_process=3370;write_failures=0;screen_on=1;doze=0;battery_saver=0;unrestricted=1;bg_restricted=0;standby_bucket=5;thermal=0;battery_pct=84;charging=0;music=0;location_on=1"
1789423412562,993757408,hb,"recorder=1;since_fix_ms=580;fixes_this_process=3375;write_failures=0;screen_on=1;doze=0;battery_saver=0;unrestricted=1;bg_restricted=0;standby_bucket=5;thermal=0;battery_pct=84;charging=0;music=0;location_on=1"
1789423417570,993762417,hb,"recorder=1;since_fix_ms=592;fixes_this_process=3380;write_failures=0;screen_on=1;doze=0;battery_saver=0;unrestricted=1;bg_restricted=0;standby_bucket=5;thermal=0;battery_pct=84;charging=0;music=0;location_on=1"
1789423422583,993767429,hb,"recorder=1;since_fix_ms=598;fixes_this_process=3385;write_failures=0;screen_on=1;doze=0;battery_saver=0;unrestricted=1;bg_restricted=0;standby_bucket=5;thermal=0;battery_pct=84;charging=0;music=0;location_on=1"
1789423427591,993772438,hb,"recorder=1;since_fix_ms=616;fixes_this_process=3390;write_failures=0;screen_on=1;doze=0;battery_saver=0;unrestricted=1;bg_restricted=0;standby_bucket=5;thermal=0;battery_pct=84;charging=0;music=0;location_on=1"
1789423432599,993777446,hb,"recorder=1;since_fix_ms=622;fixes_this_process=3395;write_failures=0;screen_on=1;doze=0;battery_saver=0;unrestricted=1;bg_restricted=0;standby_bucket=5;thermal=0;battery_pct=84;charging=0;music=0;location_on=1"
1789423437613,993782460,hb,"recorder=1;since_fix_ms=635;fixes_this_process=3400;write_failures=0;screen_on=1;doze=0;battery_saver=0;unrestricted=1;bg_restricted=0;standby_bucket=5;thermal=0;battery_pct=84;charging=0;music=0;location_on=1"
1789423442622,993787468,hb,"recorder=1;since_fix_ms=646;fixes_this_process=3405;write_failures=0;screen_on=1;doze=0;battery_saver=0;unrestricted=1;bg_restricted=0;standby_bucket=5;thermal=0;battery_pct=84;charging=0;music=0;location_on=1"
1789423447630,993792476,hb,"recorder=1;since_fix_ms=652;fixes_this_process=3410;write_failures=0;screen_on=1;doze=0;battery_saver=0;unrestricted=1;bg_restricted=0;standby_bucket=5;thermal=0;battery_pct=84;charging=0;music=0;location_on=1"
1789423452643,993797490,hb,"recorder=1;since_fix_ms=663;fixes_this_process=3415;write_failures=0;screen_on=1;doze=0;battery_saver=0;unrestricted=1;bg_restricted=0;standby_bucket=5;thermal=0;battery_pct=84;charging=0;music=0;location_on=1"
1789423457651,993802498,hb,"recorder=1;since_fix_ms=672;fixes_this_process=3420;write_failures=0;screen_on=1;doze=0;battery_saver=0;unrestricted=1;bg_restricted=0;standby_bucket=5;thermal=0;battery_pct=84;charging=0;music=0;location_on=1"
1789423462658,993807504,hb,"recorder=1;since_fix_ms=679;fixes_this_process=3425;write_failures=0;screen_on=1;doze=0;battery_saver=0;unrestricted=1;bg_restricted=0;standby_bucket=5;thermal=0;battery_pct=84;charging=0;music=0;location_on=1"
1789423467667,993812514,hb,"recorder=1;since_fix_ms=687;fixes_this_process=3430;write_failures=0;screen_on=1;doze=0;battery_saver=0;unrestricted=1;bg_restricted=0;standby_bucket=5;thermal=0;battery_pct=84;charging=0;music=0;location_on=1"
1789423472672,993817518,hb,"recorder=1;since_fix_ms=698;fixes_this_process=3435;write_failures=0;screen_on=1;doze=0;battery_saver=0;unrestricted=1;bg_restricted=0;standby_bucket=5;thermal=0;battery_pct=84;charging=0;music=0;location_on=1"
1789423477677,993822523,hb,"recorder=1;since_fix_ms=698;fixes_this_process=3440;write_failures=0;screen_on=1;doze=0;battery_saver=0;unrestricted=1;bg_restricted=0;standby_bucket=5;thermal=0;battery_pct=84;charging=0;music=0;location_on=1"
1789423482690,993827536,hb,"recorder=1;since_fix_ms=711;fixes_this_process=3445;write_failures=0;screen_on=1;doze=0;battery_saver=0;unrestricted=1;bg_restricted=0;standby_bucket=5;thermal=0;battery_pct=84;charging=0;music=0;location_on=1"
1789423487699,993832545,hb,"recorder=1;since_fix_ms=721;fixes_this_process=3450;write_failures=0;screen_on=1;doze=0;battery_saver=0;unrestricted=1;bg_restricted=0;standby_bucket=5;thermal=0;battery_pct=84;charging=0;music=0;location_on=1"
1789423492702,993837549,hb,"recorder=1;since_fix_ms=726;fixes_this_process=3455;write_failures=0;screen_on=1;doze=0;battery_saver=0;unrestricted=1;bg_restricted=0;standby_bucket=5;thermal=0;battery_pct=84;charging=0;music=0;location_on=1"
1789423497713,993842560,hb,"recorder=1;since_fix_ms=734;fixes_this_process=3460;write_failures=0;screen_on=1;doze=0;battery_saver=0;unrestricted=1;bg_restricted=0;standby_bucket=5;thermal=0;battery_pct=84;charging=0;music=0;location_on=1"
1789423502719,993847566,hb,"recorder=1;since_fix_ms=727;fixes_this_process=3465;write_failures=0;screen_on=1;doze=0;battery_saver=0;unrestricted=1;bg_restricted=0;standby_bucket=5;thermal=0;battery_pct=84;charging=0;music=0;location_on=1"
1789423507728,993852575,hb,"recorder=1;since_fix_ms=749;fixes_this_process=3470;write_failures=0;screen_on=1;doze=0;battery_saver=0;unrestricted=1;bg_restricted=0;standby_bucket=5;thermal=0;battery_pct=84;charging=0;music=0;location_on=1"
1789423512742,993857589,hb,"recorder=1;since_fix_ms=764;fixes_this_process=3475;write_failures=0;screen_on=1;doze=0;battery_saver=0;unrestricted=1;bg_restricted=0;standby_bucket=5;thermal=0;battery_pct=84;charging=0;music=0;location_on=1"
1789423517750,993862596,hb,"recorder=1;since_fix_ms=771;fixes_this_process=3480;write_failures=0;screen_on=1;doze=0;battery_saver=0;unrestricted=1;bg_restricted=0;standby_bucket=5;thermal=0;battery_pct=84;charging=0;music=0;location_on=1"
1789423522759,993867605,hb,"recorder=1;since_fix_ms=779;fixes_this_process=3485;write_failures=0;screen_on=1;doze=0;battery_saver=0;unrestricted=1;bg_restricted=0;standby_bucket=5;thermal=0;battery_pct=84;charging=0;music=0;location_on=1"
1789423527771,993872617,hb,"recorder=1;since_fix_ms=784;fixes_this_process=3490;write_failures=0;screen_on=1;doze=0;battery_saver=0;unrestricted=1;bg_restricted=0;standby_bucket=5;thermal=0;battery_pct=84;charging=0;music=0;location_on=1"
1789423532779,993877626,hb,"recorder=1;since_fix_ms=796;fixes_this_process=3495;write_failures=0;screen_on=1;doze=0;battery_saver=0;unrestricted=1;bg_restricted=0;standby_bucket=5;thermal=0;battery_pct=84;charging=0;music=0;location_on=1"
1789423537789,993882636,hb,"recorder=1;since_fix_ms=808;fixes_this_process=3500;write_failures=0;screen_on=1;doze=0;battery_saver=0;unrestricted=1;bg_restricted=0;standby_bucket=5;thermal=0;battery_pct=84;charging=0;music=0;location_on=1"
1789423542801,993887648,hb,"recorder=1;since_fix_ms=823;fixes_this_process=3505;write_failures=0;screen_on=1;doze=0;battery_saver=0;unrestricted=1;bg_restricted=0;standby_bucket=5;thermal=0;battery_pct=84;charging=0;music=0;location_on=1"
1789423547810,993892657,hb,"recorder=1;since_fix_ms=828;fixes_this_process=3510;write_failures=0;screen_on=1;doze=0;battery_saver=0;unrestricted=1;bg_restricted=0;standby_bucket=5;thermal=0;battery_pct=84;charging=0;music=0;location_on=1"
1789423552817,993897663,hb,"recorder=1;since_fix_ms=842;fixes_this_process=3515;write_failures=0;screen_on=1;doze=0;battery_saver=0;unrestricted=1;bg_restricted=0;standby_bucket=5;thermal=0;battery_pct=84;charging=0;music=0;location_on=1"
1789423557831,993902677,hb,"recorder=1;since_fix_ms=850;fixes_this_process=3520;write_failures=0;screen_on=1;doze=0;battery_saver=0;unrestricted=1;bg_restricted=0;standby_bucket=5;thermal=0;battery_pct=84;charging=0;music=0;location_on=1"
1789423562839,993907686,hb,"recorder=1;since_fix_ms=852;fixes_this_process=3525;write_failures=0;screen_on=1;doze=0;battery_saver=0;unrestricted=1;bg_restricted=0;standby_bucket=5;thermal=0;battery_pct=84;charging=0;music=0;location_on=1"
1789423567844,993912691,hb,"recorder=1;since_fix_ms=861;fixes_this_process=3530;write_failures=0;screen_on=1;doze=0;battery_saver=0;unrestricted=1;bg_restricted=0;standby_bucket=5;thermal=0;battery_pct=84;charging=0;music=0;location_on=1"
1789423572856,993917702,hb,"recorder=1;since_fix_ms=876;fixes_this_process=3535;write_failures=0;screen_on=1;doze=0;battery_saver=0;unrestricted=1;bg_restricted=0;standby_bucket=5;thermal=0;battery_pct=84;charging=0;music=0;location_on=1"
1789423577864,993922710,hb,"recorder=1;since_fix_ms=882;fixes_this_process=3540;write_failures=0;screen_on=1;doze=0;battery_saver=0;unrestricted=1;bg_restricted=0;standby_bucket=5;thermal=0;battery_pct=84;charging=0;music=0;location_on=1"
1789423582869,993927716,hb,"recorder=1;since_fix_ms=885;fixes_this_process=3545;write_failures=0;screen_on=1;doze=0;battery_saver=0;unrestricted=1;bg_restricted=0;standby_bucket=5;thermal=0;battery_pct=84;charging=0;music=0;location_on=1"
1789423587881,993932727,hb,"recorder=1;since_fix_ms=902;fixes_this_process=3550;write_failures=0;screen_on=1;doze=0;battery_saver=0;unrestricted=1;bg_restricted=0;standby_bucket=5;thermal=0;battery_pct=84;charging=0;music=0;location_on=1"
1789423592889,993937736,hb,"recorder=1;since_fix_ms=904;fixes_this_process=3555;write_failures=0;screen_on=1;doze=0;battery_saver=0;unrestricted=1;bg_restricted=0;standby_bucket=5;thermal=0;battery_pct=84;charging=0;music=0;location_on=1"
1789423597897,993942744,hb,"recorder=1;since_fix_ms=902;fixes_this_process=3560;write_failures=0;screen_on=1;doze=0;battery_saver=0;unrestricted=1;bg_restricted=0;standby_bucket=5;thermal=0;battery_pct=84;charging=0;music=0;location_on=1"
1789423602910,993947756,hb,"recorder=1;since_fix_ms=927;fixes_this_process=3565;write_failures=0;screen_on=1;doze=0;battery_saver=0;unrestricted=1;bg_restricted=0;standby_bucket=5;thermal=0;battery_pct=84;charging=0;music=0;location_on=1"
1789423607918,993952764,hb,"recorder=1;since_fix_ms=935;fixes_this_process=3570;write_failures=0;screen_on=1;doze=0;battery_saver=0;unrestricted=1;bg_restricted=0;standby_bucket=5;thermal=0;battery_pct=84;charging=0;music=0;location_on=1"
1789423612926,993957773,hb,"recorder=1;since_fix_ms=947;fixes_this_process=3575;write_failures=0;screen_on=1;doze=0;battery_saver=0;unrestricted=1;bg_restricted=0;standby_bucket=5;thermal=0;battery_pct=84;charging=0;music=0;location_on=1"
1789423617938,993962785,hb,"recorder=1;since_fix_ms=960;fixes_this_process=3580;write_failures=0;screen_on=1;doze=0;battery_saver=0;unrestricted=1;bg_restricted=0;standby_bucket=5;thermal=0;battery_pct=84;charging=0;music=0;location_on=1"
1789423622946,993967793,hb,"recorder=1;since_fix_ms=967;fixes_this_process=3585;write_failures=0;screen_on=1;doze=0;battery_saver=0;unrestricted=1;bg_restricted=0;standby_bucket=5;thermal=0;battery_pct=84;charging=0;music=0;location_on=1"
1789423627956,993972802,hb,"recorder=1;since_fix_ms=973;fixes_this_process=3590;write_failures=0;screen_on=1;doze=0;battery_saver=0;unrestricted=1;bg_restricted=0;standby_bucket=5;thermal=0;battery_pct=84;charging=0;music=0;location_on=1"
1789423632969,993977815,hb,"recorder=1;since_fix_ms=987;fixes_this_process=3595;write_failures=0;screen_on=1;doze=0;battery_saver=0;unrestricted=1;bg_restricted=0;standby_bucket=5;thermal=0;battery_pct=84;charging=0;music=0;location_on=1"
1789423637978,993982825,hb,"recorder=1;since_fix_ms=998;fixes_this_process=3600;write_failures=0;screen_on=1;doze=0;battery_saver=0;unrestricted=1;bg_restricted=0;standby_bucket=5;thermal=0;battery_pct=84;charging=0;music=0;location_on=1"
1789423642984,993987830,hb,"recorder=1;since_fix_ms=3;fixes_this_process=3606;write_failures=0;screen_on=1;doze=0;battery_saver=0;unrestricted=1;bg_restricted=0;standby_bucket=5;thermal=0;battery_pct=84;charging=0;music=0;location_on=1"
1789423647987,993992833,hb,"recorder=1;since_fix_ms=9;fixes_this_process=3611;write_failures=0;screen_on=1;doze=0;battery_saver=0;unrestricted=1;bg_restricted=0;standby_bucket=5;thermal=0;battery_pct=84;charging=0;music=0;location_on=1"
1789423652993,993997840,hb,"recorder=1;since_fix_ms=16;fixes_this_process=3616;write_failures=0;screen_on=1;doze=0;battery_saver=0;unrestricted=1;bg_restricted=0;standby_bucket=5;thermal=0;battery_pct=84;charging=0;music=0;location_on=1"
1789423658000,994002846,hb,"recorder=1;since_fix_ms=22;fixes_this_process=3621;write_failures=0;screen_on=1;doze=0;battery_saver=0;unrestricted=1;bg_restricted=0;standby_bucket=5;thermal=0;battery_pct=84;charging=0;music=0;location_on=1"
1789423663005,994007851,hb,"recorder=1;since_fix_ms=29;fixes_this_process=3626;write_failures=0;screen_on=1;doze=0;battery_saver=0;unrestricted=1;bg_restricted=0;standby_bucket=5;thermal=0;battery_pct=84;charging=0;music=0;location_on=1"
1789423668009,994012855,hb,"recorder=1;since_fix_ms=25;fixes_this_process=3631;write_failures=0;screen_on=1;doze=0;battery_saver=0;unrestricted=1;bg_restricted=0;standby_bucket=5;thermal=0;battery_pct=84;charging=0;music=0;location_on=1"
1789423673016,994017863,hb,"recorder=1;since_fix_ms=34;fixes_this_process=3636;write_failures=0;screen_on=1;doze=0;battery_saver=0;unrestricted=1;bg_restricted=0;standby_bucket=5;thermal=0;battery_pct=84;charging=0;music=0;location_on=1"
1789423678024,994022870,hb,"recorder=1;since_fix_ms=43;fixes_this_process=3641;write_failures=0;screen_on=1;doze=0;battery_saver=0;unrestricted=1;bg_restricted=0;standby_bucket=5;thermal=0;battery_pct=84;charging=0;music=0;location_on=1"
1789423683033,994027879,hb,"recorder=1;since_fix_ms=52;fixes_this_process=3646;write_failures=0;screen_on=1;doze=0;battery_saver=0;unrestricted=1;bg_restricted=0;standby_bucket=5;thermal=0;battery_pct=84;charging=0;music=0;location_on=1"
1789423688037,994032884,hb,"recorder=1;since_fix_ms=59;fixes_this_process=3651;write_failures=0;screen_on=1;doze=0;battery_saver=0;unrestricted=1;bg_restricted=0;standby_bucket=5;thermal=0;battery_pct=84;charging=0;music=0;location_on=1"
1789423693043,994037889,hb,"recorder=1;since_fix_ms=66;fixes_this_process=3656;write_failures=0;screen_on=1;doze=0;battery_saver=0;unrestricted=1;bg_restricted=0;standby_bucket=5;thermal=0;battery_pct=84;charging=0;music=0;location_on=1"
1789423698048,994042894,hb,"recorder=1;since_fix_ms=70;fixes_this_process=3661;write_failures=0;screen_on=1;doze=0;battery_saver=0;unrestricted=1;bg_restricted=0;standby_bucket=5;thermal=0;battery_pct=84;charging=0;music=0;location_on=1"
1789423703054,994047900,hb,"recorder=1;since_fix_ms=72;fixes_this_process=3666;write_failures=0;screen_on=1;doze=0;battery_saver=0;unrestricted=1;bg_restricted=0;standby_bucket=5;thermal=0;battery_pct=84;charging=0;music=0;location_on=1"
1789423708064,994052910,hb,"recorder=1;since_fix_ms=79;fixes_this_process=3671;write_failures=0;screen_on=1;doze=0;battery_saver=0;unrestricted=1;bg_restricted=0;standby_bucket=5;thermal=0;battery_pct=84;charging=0;music=0;location_on=1"
1789423713071,994057917,hb,"recorder=1;since_fix_ms=90;fixes_this_process=3676;write_failures=0;screen_on=1;doze=0;battery_saver=0;unrestricted=1;bg_restricted=0;standby_bucket=5;thermal=0;battery_pct=84;charging=0;music=0;location_on=1"
1789423718079,994062925,hb,"recorder=1;since_fix_ms=100;fixes_this_process=3681;write_failures=0;screen_on=1;doze=0;battery_saver=0;unrestricted=1;bg_restricted=0;standby_bucket=5;thermal=0;battery_pct=84;charging=0;music=0;location_on=1"
1789423723084,994067931,hb,"recorder=1;since_fix_ms=108;fixes_this_process=3686;write_failures=0;screen_on=1;doze=0;battery_saver=0;unrestricted=1;bg_restricted=0;standby_bucket=5;thermal=0;battery_pct=84;charging=0;music=0;location_on=1"
1789423728092,994072938,hb,"recorder=1;since_fix_ms=109;fixes_this_process=3691;write_failures=0;screen_on=1;doze=0;battery_saver=0;unrestricted=1;bg_restricted=0;standby_bucket=5;thermal=0;battery_pct=84;charging=0;music=0;location_on=1"
1789423733100,994077947,hb,"recorder=1;since_fix_ms=113;fixes_this_process=3696;write_failures=0;screen_on=1;doze=0;battery_saver=0;unrestricted=1;bg_restricted=0;standby_bucket=5;thermal=0;battery_pct=84;charging=0;music=0;location_on=1"
1789423738113,994082959,hb,"recorder=1;since_fix_ms=137;fixes_this_process=3701;write_failures=0;screen_on=1;doze=0;battery_saver=0;unrestricted=1;bg_restricted=0;standby_bucket=5;thermal=0;battery_pct=84;charging=0;music=0;location_on=1"
1789423743116,994087962,hb,"recorder=1;since_fix_ms=138;fixes_this_process=3706;write_failures=0;screen_on=1;doze=0;battery_saver=0;unrestricted=1;bg_restricted=0;standby_bucket=5;thermal=0;battery_pct=84;charging=0;music=0;location_on=1"
1789423748124,994092970,hb,"recorder=1;since_fix_ms=145;fixes_this_process=3711;write_failures=0;screen_on=1;doze=0;battery_saver=0;unrestricted=1;bg_restricted=0;standby_bucket=5;thermal=0;battery_pct=84;charging=0;music=0;location_on=1"
1789423753133,994097980,hb,"recorder=1;since_fix_ms=155;fixes_this_process=3716;write_failures=0;screen_on=1;doze=0;battery_saver=0;unrestricted=1;bg_restricted=0;standby_bucket=5;thermal=0;battery_pct=84;charging=0;music=0;location_on=1"
1789423758141,994102988,hb,"recorder=1;since_fix_ms=163;fixes_this_process=3721;write_failures=0;screen_on=1;doze=0;battery_saver=0;unrestricted=1;bg_restricted=0;standby_bucket=5;thermal=0;battery_pct=84;charging=0;music=0;location_on=1"
1789423763148,994107995,hb,"recorder=1;since_fix_ms=171;fixes_this_process=3726;write_failures=0;screen_on=1;doze=0;battery_saver=0;unrestricted=1;bg_restricted=0;standby_bucket=5;thermal=0;battery_pct=84;charging=0;music=0;location_on=1"
1789423768154,994113001,hb,"recorder=1;since_fix_ms=179;fixes_this_process=3731;write_failures=0;screen_on=1;doze=0;battery_saver=0;unrestricted=1;bg_restricted=0;standby_bucket=5;thermal=0;battery_pct=84;charging=0;music=0;location_on=1"
1789423773163,994118010,hb,"recorder=1;since_fix_ms=188;fixes_this_process=3736;write_failures=0;screen_on=1;doze=0;battery_saver=0;unrestricted=1;bg_restricted=0;standby_bucket=5;thermal=0;battery_pct=84;charging=0;music=0;location_on=1"
1789423778171,994123018,hb,"recorder=1;since_fix_ms=195;fixes_this_process=3741;write_failures=0;screen_on=1;doze=0;battery_saver=0;unrestricted=1;bg_restricted=0;standby_bucket=5;thermal=0;battery_pct=84;charging=0;music=0;location_on=1"
1789423783184,994128030,hb,"recorder=1;since_fix_ms=206;fixes_this_process=3746;write_failures=0;screen_on=1;doze=0;battery_saver=0;unrestricted=1;bg_restricted=0;standby_bucket=5;thermal=0;battery_pct=84;charging=0;music=0;location_on=1"
1789423788193,994133039,hb,"recorder=1;since_fix_ms=213;fixes_this_process=3751;write_failures=0;screen_on=1;doze=0;battery_saver=0;unrestricted=1;bg_restricted=0;standby_bucket=5;thermal=0;battery_pct=84;charging=0;music=0;location_on=1"
1789423793197,994138044,hb,"recorder=1;since_fix_ms=221;fixes_this_process=3756;write_failures=0;screen_on=1;doze=0;battery_saver=0;unrestricted=1;bg_restricted=0;standby_bucket=5;thermal=0;battery_pct=84;charging=0;music=0;location_on=1"
1789423798205,994143051,hb,"recorder=1;since_fix_ms=225;fixes_this_process=3761;write_failures=0;screen_on=1;doze=0;battery_saver=0;unrestricted=1;bg_restricted=0;standby_bucket=5;thermal=0;battery_pct=84;charging=0;music=0;location_on=1"
1789423803213,994148060,hb,"recorder=1;since_fix_ms=238;fixes_this_process=3766;write_failures=0;screen_on=1;doze=0;battery_saver=0;unrestricted=1;bg_restricted=0;standby_bucket=5;thermal=0;battery_pct=84;charging=0;music=0;location_on=1"
1789423808220,994153067,hb,"recorder=1;since_fix_ms=244;fixes_this_process=3771;write_failures=0;screen_on=1;doze=0;battery_saver=0;unrestricted=1;bg_restricted=0;standby_bucket=5;thermal=0;battery_pct=84;charging=0;music=0;location_on=1"
1789423813227,994158073,hb,"recorder=1;since_fix_ms=244;fixes_this_process=3776;write_failures=0;screen_on=1;doze=0;battery_saver=0;unrestricted=1;bg_restricted=0;standby_bucket=5;thermal=0;battery_pct=84;charging=0;music=0;location_on=1"
1789423818232,994163078,hb,"recorder=1;since_fix_ms=244;fixes_this_process=3781;write_failures=0;screen_on=1;doze=0;battery_saver=0;unrestricted=1;bg_restricted=0;standby_bucket=5;thermal=0;battery_pct=84;charging=0;music=0;location_on=1"
1789423823240,994168086,hb,"recorder=1;since_fix_ms=263;fixes_this_process=3786;write_failures=0;screen_on=1;doze=0;battery_saver=0;unrestricted=1;bg_restricted=0;standby_bucket=5;thermal=0;battery_pct=84;charging=0;music=0;location_on=1"
1789423828246,994173092,hb,"recorder=1;since_fix_ms=272;fixes_this_process=3791;write_failures=0;screen_on=1;doze=0;battery_saver=0;unrestricted=1;bg_restricted=0;standby_bucket=5;thermal=0;battery_pct=84;charging=0;music=0;location_on=1"
1789423833255,994178101,hb,"recorder=1;since_fix_ms=278;fixes_this_process=3796;write_failures=0;screen_on=1;doze=0;battery_saver=0;unrestricted=1;bg_restricted=0;standby_bucket=5;thermal=0;battery_pct=84;charging=0;music=0;location_on=1"
1789423838261,994183108,hb,"recorder=1;since_fix_ms=282;fixes_this_process=3801;write_failures=0;screen_on=1;doze=0;battery_saver=0;unrestricted=1;bg_restricted=0;standby_bucket=5;thermal=0;battery_pct=84;charging=0;music=0;location_on=1"
1789423843273,994188119,hb,"recorder=1;since_fix_ms=391;fixes_this_process=3806;write_failures=0;screen_on=1;doze=0;battery_saver=0;unrestricted=1;bg_restricted=0;standby_bucket=5;thermal=0;battery_pct=84;charging=0;music=0;location_on=1"
1789423848277,994193124,hb,"recorder=1;since_fix_ms=300;fixes_this_process=3811;write_failures=0;screen_on=1;doze=0;battery_saver=0;unrestricted=1;bg_restricted=0;standby_bucket=5;thermal=0;battery_pct=84;charging=0;music=0;location_on=1"
1789423853285,994198132,hb,"recorder=1;since_fix_ms=308;fixes_this_process=3816;write_failures=0;screen_on=1;doze=0;battery_saver=0;unrestricted=1;bg_restricted=0;standby_bucket=5;thermal=0;battery_pct=84;charging=0;music=0;location_on=1"
1789423858293,994203139,hb,"recorder=1;since_fix_ms=316;fixes_this_process=3821;write_failures=0;screen_on=1;doze=0;battery_saver=0;unrestricted=1;bg_restricted=0;standby_bucket=5;thermal=0;battery_pct=84;charging=0;music=0;location_on=1"
1789423863301,994208147,hb,"recorder=1;since_fix_ms=309;fixes_this_process=3826;write_failures=0;screen_on=1;doze=0;battery_saver=0;unrestricted=1;bg_restricted=0;standby_bucket=5;thermal=0;battery_pct=84;charging=0;music=0;location_on=1"
1789423868309,994213156,hb,"recorder=1;since_fix_ms=331;fixes_this_process=3831;write_failures=0;screen_on=1;doze=0;battery_saver=0;unrestricted=1;bg_restricted=0;standby_bucket=5;thermal=0;battery_pct=84;charging=0;music=0;location_on=1"
1789423873321,994218168,hb,"recorder=1;since_fix_ms=342;fixes_this_process=3836;write_failures=0;screen_on=1;doze=0;battery_saver=0;unrestricted=1;bg_restricted=0;standby_bucket=5;thermal=0;battery_pct=84;charging=0;music=0;location_on=1"
1789423878330,994223176,hb,"recorder=1;since_fix_ms=350;fixes_this_process=3841;write_failures=0;screen_on=1;doze=0;battery_saver=0;unrestricted=1;bg_restricted=0;standby_bucket=5;thermal=0;battery_pct=84;charging=0;music=0;location_on=1"
1789423883338,994228185,hb,"recorder=1;since_fix_ms=360;fixes_this_process=3846;write_failures=0;screen_on=1;doze=0;battery_saver=0;unrestricted=1;bg_restricted=0;standby_bucket=5;thermal=0;battery_pct=84;charging=0;music=0;location_on=1"
1789423888348,994233195,hb,"recorder=1;since_fix_ms=370;fixes_this_process=3851;write_failures=0;screen_on=1;doze=0;battery_saver=0;unrestricted=1;bg_restricted=0;standby_bucket=5;thermal=0;battery_pct=84;charging=0;music=0;location_on=1"
1789423893353,994238199,hb,"recorder=1;since_fix_ms=366;fixes_this_process=3856;write_failures=0;screen_on=1;doze=0;battery_saver=0;unrestricted=1;bg_restricted=0;standby_bucket=5;thermal=0;battery_pct=84;charging=0;music=0;location_on=1"
1789423898362,994243208,hb,"recorder=1;since_fix_ms=384;fixes_this_process=3861;write_failures=0;screen_on=1;doze=0;battery_saver=0;unrestricted=1;bg_restricted=0;standby_bucket=5;thermal=0;battery_pct=84;charging=0;music=0;location_on=1"
1789423903375,994248221,hb,"recorder=1;since_fix_ms=396;fixes_this_process=3866;write_failures=0;screen_on=1;doze=0;battery_saver=0;unrestricted=1;bg_restricted=0;standby_bucket=5;thermal=0;battery_pct=84;charging=0;music=0;location_on=1"
1789423908384,994253230,hb,"recorder=1;since_fix_ms=404;fixes_this_process=3871;write_failures=0;screen_on=1;doze=0;battery_saver=0;unrestricted=1;bg_restricted=0;standby_bucket=5;thermal=0;battery_pct=84;charging=0;music=0;location_on=1"
1789423913389,994258235,hb,"recorder=1;since_fix_ms=398;fixes_this_process=3876;write_failures=0;screen_on=1;doze=0;battery_saver=0;unrestricted=1;bg_restricted=0;standby_bucket=5;thermal=0;battery_pct=84;charging=0;music=0;location_on=1"
1789423918397,994263243,hb,"recorder=1;since_fix_ms=419;fixes_this_process=3881;write_failures=0;screen_on=1;doze=0;battery_saver=0;unrestricted=1;bg_restricted=0;standby_bucket=5;thermal=0;battery_pct=84;charging=0;music=0;location_on=1"
1789423923402,994268248,hb,"recorder=1;since_fix_ms=423;fixes_this_process=3886;write_failures=0;screen_on=1;doze=0;battery_saver=0;unrestricted=1;bg_restricted=0;standby_bucket=5;thermal=0;battery_pct=84;charging=0;music=0;location_on=1"
1789423928405,994273251,hb,"recorder=1;since_fix_ms=431;fixes_this_process=3891;write_failures=0;screen_on=1;doze=0;battery_saver=0;unrestricted=1;bg_restricted=0;standby_bucket=5;thermal=0;battery_pct=83;charging=0;music=0;location_on=1"
1789423933414,994278260,hb,"recorder=1;since_fix_ms=438;fixes_this_process=3896;write_failures=0;screen_on=1;doze=0;battery_saver=0;unrestricted=1;bg_restricted=0;standby_bucket=5;thermal=0;battery_pct=83;charging=0;music=0;location_on=1"
1789423938417,994283263,hb,"recorder=1;since_fix_ms=439;fixes_this_process=3901;write_failures=0;screen_on=1;doze=0;battery_saver=0;unrestricted=1;bg_restricted=0;standby_bucket=5;thermal=0;battery_pct=83;charging=0;music=0;location_on=1"
1789423943421,994288267,hb,"recorder=1;since_fix_ms=439;fixes_this_process=3906;write_failures=0;screen_on=1;doze=0;battery_saver=0;unrestricted=1;bg_restricted=0;standby_bucket=5;thermal=0;battery_pct=83;charging=0;music=0;location_on=1"
1789423948428,994293275,hb,"recorder=1;since_fix_ms=453;fixes_this_process=3911;write_failures=0;screen_on=1;doze=0;battery_saver=0;unrestricted=1;bg_restricted=0;standby_bucket=5;thermal=0;battery_pct=83;charging=0;music=0;location_on=1"
1789423953434,994298280,hb,"recorder=1;since_fix_ms=453;fixes_this_process=3916;write_failures=0;screen_on=1;doze=0;battery_saver=0;unrestricted=1;bg_restricted=0;standby_bucket=5;thermal=0;battery_pct=83;charging=0;music=0;location_on=1"
1789423958437,994303284,hb,"recorder=1;since_fix_ms=460;fixes_this_process=3921;write_failures=0;screen_on=1;doze=0;battery_saver=0;unrestricted=1;bg_restricted=0;standby_bucket=5;thermal=0;battery_pct=83;charging=0;music=0;location_on=1"
1789423963449,994308296,hb,"recorder=1;since_fix_ms=469;fixes_this_process=3926;write_failures=0;screen_on=1;doze=0;battery_saver=0;unrestricted=1;bg_restricted=0;standby_bucket=5;thermal=0;battery_pct=83;charging=0;music=0;location_on=1"
1789423968453,994313300,hb,"recorder=1;since_fix_ms=478;fixes_this_process=3931;write_failures=0;screen_on=1;doze=0;battery_saver=0;unrestricted=1;bg_restricted=0;standby_bucket=5;thermal=0;battery_pct=83;charging=0;music=0;location_on=1"
1789423973462,994318309,hb,"recorder=1;since_fix_ms=482;fixes_this_process=3936;write_failures=0;screen_on=1;doze=0;battery_saver=0;unrestricted=1;bg_restricted=0;standby_bucket=5;thermal=0;battery_pct=83;charging=0;music=0;location_on=1"
1789423978476,994323322,hb,"recorder=1;since_fix_ms=498;fixes_this_process=3941;write_failures=0;screen_on=1;doze=0;battery_saver=0;unrestricted=1;bg_restricted=0;standby_bucket=5;thermal=0;battery_pct=83;charging=0;music=0;location_on=1"
1789423983481,994328328,hb,"recorder=1;since_fix_ms=495;fixes_this_process=3946;write_failures=0;screen_on=1;doze=0;battery_saver=0;unrestricted=1;bg_restricted=0;standby_bucket=5;thermal=0;battery_pct=83;charging=0;music=0;location_on=1"
1789423988488,994333334,hb,"recorder=1;since_fix_ms=506;fixes_this_process=3951;write_failures=0;screen_on=1;doze=0;battery_saver=0;unrestricted=1;bg_restricted=0;standby_bucket=5;thermal=0;battery_pct=83;charging=0;music=0;location_on=1"
1789423993498,994338344,hb,"recorder=1;since_fix_ms=510;fixes_this_process=3956;write_failures=0;screen_on=1;doze=0;battery_saver=0;unrestricted=1;bg_restricted=0;standby_bucket=5;thermal=0;battery_pct=83;charging=0;music=0;location_on=1"
1789423998502,994343348,hb,"recorder=1;since_fix_ms=524;fixes_this_process=3961;write_failures=0;screen_on=1;doze=0;battery_saver=0;unrestricted=1;bg_restricted=0;standby_bucket=5;thermal=0;battery_pct=83;charging=0;music=0;location_on=1"
1789424003511,994348357,hb,"recorder=1;since_fix_ms=533;fixes_this_process=3966;write_failures=0;screen_on=1;doze=0;battery_saver=0;unrestricted=1;bg_restricted=0;standby_bucket=5;thermal=0;battery_pct=83;charging=0;music=0;location_on=1"
1789424008521,994353368,hb,"recorder=1;since_fix_ms=540;fixes_this_process=3971;write_failures=0;screen_on=1;doze=0;battery_saver=0;unrestricted=1;bg_restricted=0;standby_bucket=5;thermal=0;battery_pct=83;charging=0;music=0;location_on=1"
1789424013530,994358376,hb,"recorder=1;since_fix_ms=552;fixes_this_process=3976;write_failures=0;screen_on=1;doze=0;battery_saver=0;unrestricted=1;bg_restricted=0;standby_bucket=5;thermal=0;battery_pct=83;charging=0;music=0;location_on=1"
1789424018536,994363382,hb,"recorder=1;since_fix_ms=551;fixes_this_process=3981;write_failures=0;screen_on=1;doze=0;battery_saver=0;unrestricted=1;bg_restricted=0;standby_bucket=5;thermal=0;battery_pct=83;charging=0;music=0;location_on=1"
1789424023550,994368396,hb,"recorder=1;since_fix_ms=570;fixes_this_process=3986;write_failures=0;screen_on=1;doze=0;battery_saver=0;unrestricted=1;bg_restricted=0;standby_bucket=5;thermal=0;battery_pct=83;charging=0;music=0;location_on=1"
1789424028553,994373400,hb,"recorder=1;since_fix_ms=670;fixes_this_process=3991;write_failures=0;screen_on=1;doze=0;battery_saver=0;unrestricted=1;bg_restricted=0;standby_bucket=5;thermal=0;battery_pct=83;charging=0;music=0;location_on=1"
1789424033562,994378409,hb,"recorder=1;since_fix_ms=619;fixes_this_process=3996;write_failures=0;screen_on=1;doze=0;battery_saver=0;unrestricted=1;bg_restricted=0;standby_bucket=5;thermal=0;battery_pct=83;charging=0;music=0;location_on=1"
1789424038576,994383423,hb,"recorder=1;since_fix_ms=596;fixes_this_process=4001;write_failures=0;screen_on=1;doze=0;battery_saver=0;unrestricted=1;bg_restricted=0;standby_bucket=5;thermal=0;battery_pct=83;charging=0;music=0;location_on=1"
1789424043580,994388427,hb,"recorder=1;since_fix_ms=602;fixes_this_process=4006;write_failures=0;screen_on=1;doze=0;battery_saver=0;unrestricted=1;bg_restricted=0;standby_bucket=5;thermal=0;battery_pct=83;charging=0;music=0;location_on=1"
1789424048586,994393432,hb,"recorder=1;since_fix_ms=608;fixes_this_process=4011;write_failures=0;screen_on=1;doze=0;battery_saver=0;unrestricted=1;bg_restricted=0;standby_bucket=5;thermal=0;battery_pct=83;charging=0;music=0;location_on=1"
1789424053596,994398442,hb,"recorder=1;since_fix_ms=618;fixes_this_process=4016;write_failures=0;screen_on=1;doze=0;battery_saver=0;unrestricted=1;bg_restricted=0;standby_bucket=5;thermal=0;battery_pct=83;charging=0;music=0;location_on=1"
1789424058603,994403449,hb,"recorder=1;since_fix_ms=625;fixes_this_process=4021;write_failures=0;screen_on=1;doze=0;battery_saver=0;unrestricted=1;bg_restricted=0;standby_bucket=5;thermal=0;battery_pct=83;charging=0;music=0;location_on=1"
1789424063608,994408454,hb,"recorder=1;since_fix_ms=630;fixes_this_process=4026;write_failures=0;screen_on=1;doze=0;battery_saver=0;unrestricted=1;bg_restricted=0;standby_bucket=5;thermal=0;battery_pct=83;charging=0;music=0;location_on=1"
1789424068620,994413467,hb,"recorder=1;since_fix_ms=642;fixes_this_process=4031;write_failures=0;screen_on=1;doze=0;battery_saver=0;unrestricted=1;bg_restricted=0;standby_bucket=5;thermal=0;battery_pct=83;charging=0;music=0;location_on=1"
1789424073628,994418475,hb,"recorder=1;since_fix_ms=651;fixes_this_process=4036;write_failures=0;screen_on=1;doze=0;battery_saver=0;unrestricted=1;bg_restricted=0;standby_bucket=5;thermal=0;battery_pct=83;charging=0;music=0;location_on=1"
1789424078637,994423483,hb,"recorder=1;since_fix_ms=657;fixes_this_process=4041;write_failures=0;screen_on=1;doze=0;battery_saver=0;unrestricted=1;bg_restricted=0;standby_bucket=5;thermal=0;battery_pct=83;charging=0;music=0;location_on=1"
1789424083650,994428497,hb,"recorder=1;since_fix_ms=671;fixes_this_process=4046;write_failures=0;screen_on=1;doze=0;battery_saver=0;unrestricted=1;bg_restricted=0;standby_bucket=5;thermal=0;battery_pct=83;charging=0;music=0;location_on=1"
1789424088659,994433505,hb,"recorder=1;since_fix_ms=679;fixes_this_process=4051;write_failures=0;screen_on=1;doze=0;battery_saver=0;unrestricted=1;bg_restricted=0;standby_bucket=5;thermal=0;battery_pct=83;charging=0;music=0;location_on=1"
1789424093667,994438514,hb,"recorder=1;since_fix_ms=689;fixes_this_process=4056;write_failures=0;screen_on=1;doze=0;battery_saver=0;unrestricted=1;bg_restricted=0;standby_bucket=5;thermal=0;battery_pct=83;charging=0;music=0;location_on=1"
1789424098682,994443529,hb,"recorder=1;since_fix_ms=702;fixes_this_process=4061;write_failures=0;screen_on=1;doze=0;battery_saver=0;unrestricted=1;bg_restricted=0;standby_bucket=5;thermal=0;battery_pct=83;charging=0;music=0;location_on=1"
1789424103691,994448537,hb,"recorder=1;since_fix_ms=714;fixes_this_process=4066;write_failures=0;screen_on=1;doze=0;battery_saver=0;unrestricted=1;bg_restricted=0;standby_bucket=5;thermal=0;battery_pct=83;charging=0;music=0;location_on=1"
1789424108700,994453546,hb,"recorder=1;since_fix_ms=725;fixes_this_process=4071;write_failures=0;screen_on=1;doze=0;battery_saver=0;unrestricted=1;bg_restricted=0;standby_bucket=5;thermal=0;battery_pct=83;charging=0;music=0;location_on=1"
1789424113713,994458560,hb,"recorder=1;since_fix_ms=738;fixes_this_process=4076;write_failures=0;screen_on=1;doze=0;battery_saver=0;unrestricted=1;bg_restricted=0;standby_bucket=5;thermal=0;battery_pct=83;charging=0;music=0;location_on=1"
1789424118722,994463568,hb,"recorder=1;since_fix_ms=744;fixes_this_process=4081;write_failures=0;screen_on=1;doze=0;battery_saver=0;unrestricted=1;bg_restricted=0;standby_bucket=5;thermal=0;battery_pct=83;charging=0;music=0;location_on=1"
1789424123730,994468576,hb,"recorder=1;since_fix_ms=755;fixes_this_process=4086;write_failures=0;screen_on=1;doze=0;battery_saver=0;unrestricted=1;bg_restricted=0;standby_bucket=5;thermal=0;battery_pct=83;charging=0;music=0;location_on=1"
1789424128741,994473588,hb,"recorder=1;since_fix_ms=766;fixes_this_process=4091;write_failures=0;screen_on=1;doze=0;battery_saver=0;unrestricted=1;bg_restricted=0;standby_bucket=5;thermal=0;battery_pct=83;charging=0;music=0;location_on=1"
1789424133751,994478597,hb,"recorder=1;since_fix_ms=773;fixes_this_process=4096;write_failures=0;screen_on=1;doze=0;battery_saver=0;unrestricted=1;bg_restricted=0;standby_bucket=5;thermal=0;battery_pct=83;charging=0;music=0;location_on=1"
1789424138760,994483606,hb,"recorder=1;since_fix_ms=781;fixes_this_process=4101;write_failures=0;screen_on=1;doze=0;battery_saver=0;unrestricted=1;bg_restricted=0;standby_bucket=5;thermal=0;battery_pct=83;charging=0;music=0;location_on=1"
1789424143774,994488620,hb,"recorder=1;since_fix_ms=794;fixes_this_process=4106;write_failures=0;screen_on=1;doze=0;battery_saver=0;unrestricted=1;bg_restricted=0;standby_bucket=5;thermal=0;battery_pct=83;charging=0;music=0;location_on=1"
1789424148782,994493629,hb,"recorder=1;since_fix_ms=804;fixes_this_process=4111;write_failures=0;screen_on=1;doze=0;battery_saver=0;unrestricted=1;bg_restricted=0;standby_bucket=5;thermal=0;battery_pct=83;charging=0;music=0;location_on=1"
1789424153789,994498636,hb,"recorder=1;since_fix_ms=813;fixes_this_process=4116;write_failures=0;screen_on=1;doze=0;battery_saver=0;unrestricted=1;bg_restricted=0;standby_bucket=5;thermal=0;battery_pct=83;charging=0;music=0;location_on=1"
1789424158803,994503649,hb,"recorder=1;since_fix_ms=825;fixes_this_process=4121;write_failures=0;screen_on=1;doze=0;battery_saver=0;unrestricted=1;bg_restricted=0;standby_bucket=5;thermal=0;battery_pct=83;charging=0;music=0;location_on=1"
1789424163812,994508659,hb,"recorder=1;since_fix_ms=836;fixes_this_process=4126;write_failures=0;screen_on=1;doze=0;battery_saver=0;unrestricted=1;bg_restricted=0;standby_bucket=5;thermal=0;battery_pct=83;charging=0;music=0;location_on=1"
1789424168821,994513668,hb,"recorder=1;since_fix_ms=844;fixes_this_process=4131;write_failures=0;screen_on=1;doze=0;battery_saver=0;unrestricted=1;bg_restricted=0;standby_bucket=5;thermal=0;battery_pct=83;charging=0;music=0;location_on=1"
1789424173834,994518681,hb,"recorder=1;since_fix_ms=856;fixes_this_process=4136;write_failures=0;screen_on=1;doze=0;battery_saver=0;unrestricted=1;bg_restricted=0;standby_bucket=5;thermal=0;battery_pct=83;charging=0;music=0;location_on=1"
1789424178842,994523689,hb,"recorder=1;since_fix_ms=862;fixes_this_process=4141;write_failures=0;screen_on=1;doze=0;battery_saver=0;unrestricted=1;bg_restricted=0;standby_bucket=5;thermal=0;battery_pct=83;charging=0;music=0;location_on=1"
1789424183852,994528698,hb,"recorder=1;since_fix_ms=873;fixes_this_process=4146;write_failures=0;screen_on=1;doze=0;battery_saver=0;unrestricted=1;bg_restricted=0;standby_bucket=5;thermal=0;battery_pct=83;charging=0;music=0;location_on=1"
1789424188862,994533708,hb,"recorder=1;since_fix_ms=882;fixes_this_process=4151;write_failures=0;screen_on=1;doze=0;battery_saver=0;unrestricted=1;bg_restricted=0;standby_bucket=5;thermal=0;battery_pct=83;charging=0;music=0;location_on=1"
1789424193870,994538716,hb,"recorder=1;since_fix_ms=892;fixes_this_process=4156;write_failures=0;screen_on=1;doze=0;battery_saver=0;unrestricted=1;bg_restricted=0;standby_bucket=5;thermal=0;battery_pct=83;charging=0;music=0;location_on=1"
1789424198877,994543724,hb,"recorder=1;since_fix_ms=899;fixes_this_process=4161;write_failures=0;screen_on=1;doze=0;battery_saver=0;unrestricted=1;bg_restricted=0;standby_bucket=5;thermal=0;battery_pct=83;charging=0;music=0;location_on=1"
1789424203888,994548735,hb,"recorder=1;since_fix_ms=906;fixes_this_process=4166;write_failures=0;screen_on=1;doze=0;battery_saver=0;unrestricted=1;bg_restricted=0;standby_bucket=5;thermal=0;battery_pct=83;charging=0;music=0;location_on=1"
1789424208894,994553740,hb,"recorder=1;since_fix_ms=913;fixes_this_process=4171;write_failures=0;screen_on=1;doze=0;battery_saver=0;unrestricted=1;bg_restricted=0;standby_bucket=5;thermal=0;battery_pct=83;charging=0;music=0;location_on=1"
1789424213899,994558746,hb,"recorder=1;since_fix_ms=921;fixes_this_process=4176;write_failures=0;screen_on=1;doze=0;battery_saver=0;unrestricted=1;bg_restricted=0;standby_bucket=5;thermal=0;battery_pct=83;charging=0;music=0;location_on=1"
1789424218908,994563754,hb,"recorder=1;since_fix_ms=928;fixes_this_process=4181;write_failures=0;screen_on=1;doze=0;battery_saver=0;unrestricted=1;bg_restricted=0;standby_bucket=5;thermal=0;battery_pct=83;charging=0;music=0;location_on=1"
1789424223914,994568760,hb,"recorder=1;since_fix_ms=933;fixes_this_process=4186;write_failures=0;screen_on=1;doze=0;battery_saver=0;unrestricted=1;bg_restricted=0;standby_bucket=5;thermal=0;battery_pct=83;charging=0;music=0;location_on=1"
1789424228918,994573765,hb,"recorder=1;since_fix_ms=940;fixes_this_process=4191;write_failures=0;screen_on=1;doze=0;battery_saver=0;unrestricted=1;bg_restricted=0;standby_bucket=5;thermal=0;battery_pct=83;charging=0;music=0;location_on=1"
1789424233929,994578775,hb,"recorder=1;since_fix_ms=950;fixes_this_process=4196;write_failures=0;screen_on=1;doze=0;battery_saver=0;unrestricted=1;bg_restricted=0;standby_bucket=5;thermal=0;battery_pct=83;charging=0;music=0;location_on=1"
1789424238936,994583782,hb,"recorder=1;since_fix_ms=958;fixes_this_process=4201;write_failures=0;screen_on=1;doze=0;battery_saver=0;unrestricted=1;bg_restricted=0;standby_bucket=5;thermal=0;battery_pct=83;charging=0;music=0;location_on=1"
1789424243943,994588789,hb,"recorder=1;since_fix_ms=963;fixes_this_process=4206;write_failures=0;screen_on=1;doze=0;battery_saver=0;unrestricted=1;bg_restricted=0;standby_bucket=5;thermal=0;battery_pct=83;charging=0;music=0;location_on=1"
1789424248953,994593800,hb,"recorder=1;since_fix_ms=974;fixes_this_process=4211;write_failures=0;screen_on=1;doze=0;battery_saver=0;unrestricted=1;bg_restricted=0;standby_bucket=5;thermal=0;battery_pct=83;charging=0;music=0;location_on=1"
1789424253961,994598807,hb,"recorder=1;since_fix_ms=984;fixes_this_process=4216;write_failures=0;screen_on=1;doze=0;battery_saver=0;unrestricted=1;bg_restricted=0;standby_bucket=5;thermal=0;battery_pct=83;charging=0;music=0;location_on=1"
1789424258970,994603816,hb,"recorder=1;since_fix_ms=991;fixes_this_process=4221;write_failures=0;screen_on=1;doze=0;battery_saver=0;unrestricted=1;bg_restricted=0;standby_bucket=5;thermal=0;battery_pct=83;charging=0;music=0;location_on=1"
1789424263980,994608826,hb,"recorder=1;since_fix_ms=8;fixes_this_process=4227;write_failures=0;screen_on=1;doze=0;battery_saver=0;unrestricted=1;bg_restricted=0;standby_bucket=5;thermal=0;battery_pct=83;charging=0;music=0;location_on=1"
1789424268985,994613831,hb,"recorder=1;since_fix_ms=8;fixes_this_process=4232;write_failures=0;screen_on=1;doze=0;battery_saver=0;unrestricted=1;bg_restricted=0;standby_bucket=5;thermal=0;battery_pct=83;charging=0;music=0;location_on=1"
1789424273988,994618834,hb,"recorder=1;since_fix_ms=12;fixes_this_process=4237;write_failures=0;screen_on=1;doze=0;battery_saver=0;unrestricted=1;bg_restricted=0;standby_bucket=5;thermal=0;battery_pct=83;charging=0;music=0;location_on=1"
1789424278991,994623837,hb,"recorder=1;since_fix_ms=13;fixes_this_process=4242;write_failures=0;screen_on=1;doze=0;battery_saver=0;unrestricted=1;bg_restricted=0;standby_bucket=5;thermal=0;battery_pct=83;charging=0;music=0;location_on=1"
1789424283993,994628840,hb,"recorder=1;since_fix_ms=15;fixes_this_process=4247;write_failures=0;screen_on=1;doze=0;battery_saver=0;unrestricted=1;bg_restricted=0;standby_bucket=5;thermal=0;battery_pct=83;charging=0;music=0;location_on=1"
1789424289000,994633847,hb,"recorder=1;since_fix_ms=22;fixes_this_process=4252;write_failures=0;screen_on=1;doze=0;battery_saver=0;unrestricted=1;bg_restricted=0;standby_bucket=5;thermal=0;battery_pct=83;charging=0;music=0;location_on=1"
1789424294006,994638853,hb,"recorder=1;since_fix_ms=30;fixes_this_process=4257;write_failures=0;screen_on=1;doze=0;battery_saver=0;unrestricted=1;bg_restricted=0;standby_bucket=5;thermal=0;battery_pct=83;charging=0;music=0;location_on=1"
1789424299015,994643862,hb,"recorder=1;since_fix_ms=36;fixes_this_process=4262;write_failures=0;screen_on=1;doze=0;battery_saver=0;unrestricted=1;bg_restricted=0;standby_bucket=5;thermal=0;battery_pct=83;charging=0;music=0;location_on=1"
1789424304024,994648870,hb,"recorder=1;since_fix_ms=44;fixes_this_process=4267;write_failures=0;screen_on=1;doze=0;battery_saver=0;unrestricted=1;bg_restricted=0;standby_bucket=5;thermal=0;battery_pct=83;charging=0;music=0;location_on=1"
1789424309030,994653876,hb,"recorder=1;since_fix_ms=49;fixes_this_process=4272;write_failures=0;screen_on=1;doze=0;battery_saver=0;unrestricted=1;bg_restricted=0;standby_bucket=5;thermal=0;battery_pct=83;charging=0;music=0;location_on=1"
1789424314038,994658884,hb,"recorder=1;since_fix_ms=60;fixes_this_process=4277;write_failures=0;screen_on=1;doze=0;battery_saver=0;unrestricted=1;bg_restricted=0;standby_bucket=5;thermal=0;battery_pct=83;charging=0;music=0;location_on=1"
1789424319046,994663892,hb,"recorder=1;since_fix_ms=67;fixes_this_process=4282;write_failures=0;screen_on=1;doze=0;battery_saver=0;unrestricted=1;bg_restricted=0;standby_bucket=5;thermal=0;battery_pct=83;charging=0;music=0;location_on=1"
1789424324055,994668902,hb,"recorder=1;since_fix_ms=78;fixes_this_process=4287;write_failures=0;screen_on=1;doze=0;battery_saver=0;unrestricted=1;bg_restricted=0;standby_bucket=5;thermal=0;battery_pct=83;charging=0;music=0;location_on=1"
1789424329064,994673910,hb,"recorder=1;since_fix_ms=83;fixes_this_process=4292;write_failures=0;screen_on=1;doze=0;battery_saver=0;unrestricted=1;bg_restricted=0;standby_bucket=5;thermal=0;battery_pct=83;charging=0;music=0;location_on=1"
1789424334070,994678916,hb,"recorder=1;since_fix_ms=91;fixes_this_process=4297;write_failures=0;screen_on=1;doze=0;battery_saver=0;unrestricted=1;bg_restricted=0;standby_bucket=5;thermal=0;battery_pct=83;charging=0;music=0;location_on=1"
1789424339081,994683928,hb,"recorder=1;since_fix_ms=106;fixes_this_process=4302;write_failures=0;screen_on=1;doze=0;battery_saver=0;unrestricted=1;bg_restricted=0;standby_bucket=5;thermal=0;battery_pct=83;charging=0;music=0;location_on=1"
1789424344090,994688937,hb,"recorder=1;since_fix_ms=105;fixes_this_process=4307;write_failures=0;screen_on=1;doze=0;battery_saver=0;unrestricted=1;bg_restricted=0;standby_bucket=5;thermal=0;battery_pct=83;charging=0;music=0;location_on=1"
1789424349098,994693945,hb,"recorder=1;since_fix_ms=116;fixes_this_process=4312;write_failures=0;screen_on=1;doze=0;battery_saver=0;unrestricted=1;bg_restricted=0;standby_bucket=5;thermal=0;battery_pct=83;charging=0;music=0;location_on=1"
1789424354107,994698953,hb,"recorder=1;since_fix_ms=131;fixes_this_process=4317;write_failures=0;screen_on=1;doze=0;battery_saver=0;unrestricted=1;bg_restricted=0;standby_bucket=5;thermal=0;battery_pct=83;charging=0;music=0;location_on=1"
1789424359114,994703960,hb,"recorder=1;since_fix_ms=136;fixes_this_process=4322;write_failures=0;screen_on=1;doze=0;battery_saver=0;unrestricted=1;bg_restricted=0;standby_bucket=5;thermal=0;battery_pct=83;charging=0;music=0;location_on=1"
1789424364121,994708968,hb,"recorder=1;since_fix_ms=141;fixes_this_process=4327;write_failures=0;screen_on=1;doze=0;battery_saver=0;unrestricted=1;bg_restricted=0;standby_bucket=5;thermal=0;battery_pct=83;charging=0;music=0;location_on=1"
1789424369131,994713977,hb,"recorder=1;since_fix_ms=151;fixes_this_process=4332;write_failures=0;screen_on=1;doze=0;battery_saver=0;unrestricted=1;bg_restricted=0;standby_bucket=5;thermal=0;battery_pct=83;charging=0;music=0;location_on=1"
1789424374135,994718981,hb,"recorder=1;since_fix_ms=157;fixes_this_process=4337;write_failures=0;screen_on=1;doze=0;battery_saver=0;unrestricted=1;bg_restricted=0;standby_bucket=5;thermal=0;battery_pct=83;charging=0;music=0;location_on=1"
1789424379138,994723984,hb,"recorder=1;since_fix_ms=162;fixes_this_process=4342;write_failures=0;screen_on=1;doze=0;battery_saver=0;unrestricted=1;bg_restricted=0;standby_bucket=5;thermal=0;battery_pct=83;charging=0;music=0;location_on=1"
1789424384149,994728996,hb,"recorder=1;since_fix_ms=168;fixes_this_process=4347;write_failures=0;screen_on=1;doze=0;battery_saver=0;unrestricted=1;bg_restricted=0;standby_bucket=5;thermal=0;battery_pct=83;charging=0;music=0;location_on=1"
1789424389156,994734003,hb,"recorder=1;since_fix_ms=176;fixes_this_process=4352;write_failures=0;screen_on=1;doze=0;battery_saver=0;unrestricted=1;bg_restricted=0;standby_bucket=5;thermal=0;battery_pct=83;charging=0;music=0;location_on=1"
1789424394163,994739009,hb,"recorder=1;since_fix_ms=192;fixes_this_process=4357;write_failures=0;screen_on=1;doze=0;battery_saver=0;unrestricted=1;bg_restricted=0;standby_bucket=5;thermal=0;battery_pct=83;charging=0;music=0;location_on=1"
1789424399168,994744015,hb,"recorder=1;since_fix_ms=191;fixes_this_process=4362;write_failures=0;screen_on=1;doze=0;battery_saver=0;unrestricted=1;bg_restricted=0;standby_bucket=5;thermal=0;battery_pct=83;charging=0;music=0;location_on=1"
1789424404176,994749023,hb,"recorder=1;since_fix_ms=199;fixes_this_process=4367;write_failures=0;screen_on=1;doze=0;battery_saver=0;unrestricted=1;bg_restricted=0;standby_bucket=5;thermal=0;battery_pct=83;charging=0;music=0;location_on=1"
1789424409184,994754031,hb,"recorder=1;since_fix_ms=205;fixes_this_process=4372;write_failures=0;screen_on=1;doze=0;battery_saver=0;unrestricted=1;bg_restricted=0;standby_bucket=5;thermal=0;battery_pct=83;charging=0;music=0;location_on=1"
1789424414197,994759044,hb,"recorder=1;since_fix_ms=220;fixes_this_process=4377;write_failures=0;screen_on=1;doze=0;battery_saver=0;unrestricted=1;bg_restricted=0;standby_bucket=5;thermal=0;battery_pct=83;charging=0;music=0;location_on=1"
1789424419205,994764052,hb,"recorder=1;since_fix_ms=226;fixes_this_process=4382;write_failures=0;screen_on=1;doze=0;battery_saver=0;unrestricted=1;bg_restricted=0;standby_bucket=5;thermal=0;battery_pct=83;charging=0;music=0;location_on=1"
1789424424213,994769059,hb,"recorder=1;since_fix_ms=232;fixes_this_process=4387;write_failures=0;screen_on=1;doze=0;battery_saver=0;unrestricted=1;bg_restricted=0;standby_bucket=5;thermal=0;battery_pct=83;charging=0;music=0;location_on=1"
1789424429221,994774068,hb,"recorder=1;since_fix_ms=243;fixes_this_process=4392;write_failures=0;screen_on=1;doze=0;battery_saver=0;unrestricted=1;bg_restricted=0;standby_bucket=5;thermal=0;battery_pct=83;charging=0;music=0;location_on=1"
1789424434226,994779073,hb,"recorder=1;since_fix_ms=247;fixes_this_process=4397;write_failures=0;screen_on=1;doze=0;battery_saver=0;unrestricted=1;bg_restricted=0;standby_bucket=5;thermal=0;battery_pct=83;charging=0;music=0;location_on=1"
1789424439233,994784079,hb,"recorder=1;since_fix_ms=253;fixes_this_process=4402;write_failures=0;screen_on=1;doze=0;battery_saver=0;unrestricted=1;bg_restricted=0;standby_bucket=5;thermal=0;battery_pct=83;charging=0;music=0;location_on=1"
1789424444245,994789092,hb,"recorder=1;since_fix_ms=266;fixes_this_process=4407;write_failures=0;screen_on=1;doze=0;battery_saver=0;unrestricted=1;bg_restricted=0;standby_bucket=5;thermal=0;battery_pct=83;charging=0;music=0;location_on=1"
1789424449253,994794099,hb,"recorder=1;since_fix_ms=275;fixes_this_process=4412;write_failures=0;screen_on=1;doze=0;battery_saver=0;unrestricted=1;bg_restricted=0;standby_bucket=5;thermal=0;battery_pct=83;charging=0;music=0;location_on=1"
1789424454258,994799105,hb,"recorder=1;since_fix_ms=278;fixes_this_process=4417;write_failures=0;screen_on=1;doze=0;battery_saver=0;unrestricted=1;bg_restricted=0;standby_bucket=5;thermal=0;battery_pct=83;charging=0;music=0;location_on=1"
1789424459272,994804118,hb,"recorder=1;since_fix_ms=293;fixes_this_process=4422;write_failures=0;screen_on=1;doze=0;battery_saver=0;unrestricted=1;bg_restricted=0;standby_bucket=5;thermal=0;battery_pct=83;charging=0;music=0;location_on=1"
1789424464281,994809127,hb,"recorder=1;since_fix_ms=303;fixes_this_process=4427;write_failures=0;screen_on=1;doze=0;battery_saver=0;unrestricted=1;bg_restricted=0;standby_bucket=5;thermal=0;battery_pct=83;charging=0;music=0;location_on=1"
1789424469290,994814136,hb,"recorder=1;since_fix_ms=310;fixes_this_process=4432;write_failures=0;screen_on=1;doze=0;battery_saver=0;unrestricted=1;bg_restricted=0;standby_bucket=5;thermal=0;battery_pct=83;charging=0;music=0;location_on=1"
1789424474298,994819144,hb,"recorder=1;since_fix_ms=318;fixes_this_process=4437;write_failures=0;screen_on=1;doze=0;battery_saver=0;unrestricted=1;bg_restricted=0;standby_bucket=5;thermal=0;battery_pct=83;charging=0;music=0;location_on=1"
1789424479301,994824147,hb,"recorder=1;since_fix_ms=329;fixes_this_process=4442;write_failures=0;screen_on=1;doze=0;battery_saver=0;unrestricted=1;bg_restricted=0;standby_bucket=5;thermal=0;battery_pct=83;charging=0;music=0;location_on=1"
1789424484310,994829156,hb,"recorder=1;since_fix_ms=321;fixes_this_process=4447;write_failures=0;screen_on=1;doze=0;battery_saver=0;unrestricted=1;bg_restricted=0;standby_bucket=5;thermal=0;battery_pct=83;charging=0;music=0;location_on=1"
1789424489320,994834167,hb,"recorder=1;since_fix_ms=334;fixes_this_process=4452;write_failures=0;screen_on=1;doze=0;battery_saver=0;unrestricted=1;bg_restricted=0;standby_bucket=5;thermal=0;battery_pct=83;charging=0;music=0;location_on=1"
1789424494329,994839175,hb,"recorder=1;since_fix_ms=352;fixes_this_process=4457;write_failures=0;screen_on=1;doze=0;battery_saver=0;unrestricted=1;bg_restricted=0;standby_bucket=5;thermal=0;battery_pct=83;charging=0;music=0;location_on=1"
1789424499335,994844182,hb,"recorder=1;since_fix_ms=360;fixes_this_process=4462;write_failures=0;screen_on=1;doze=0;battery_saver=0;unrestricted=1;bg_restricted=0;standby_bucket=5;thermal=0;battery_pct=83;charging=0;music=0;location_on=1"
1789424504346,994849193,hb,"recorder=1;since_fix_ms=357;fixes_this_process=4467;write_failures=0;screen_on=1;doze=0;battery_saver=0;unrestricted=1;bg_restricted=0;standby_bucket=5;thermal=0;battery_pct=83;charging=0;music=0;location_on=1"
1789424509355,994854201,hb,"recorder=1;since_fix_ms=379;fixes_this_process=4472;write_failures=0;screen_on=1;doze=0;battery_saver=0;unrestricted=1;bg_restricted=0;standby_bucket=5;thermal=0;battery_pct=83;charging=0;music=0;location_on=1"
1789424514362,994859209,hb,"recorder=1;since_fix_ms=384;fixes_this_process=4477;write_failures=0;screen_on=1;doze=0;battery_saver=0;unrestricted=1;bg_restricted=0;standby_bucket=5;thermal=0;battery_pct=83;charging=0;music=0;location_on=1"
1789424519375,994864222,hb,"recorder=1;since_fix_ms=394;fixes_this_process=4482;write_failures=0;screen_on=1;doze=0;battery_saver=0;unrestricted=1;bg_restricted=0;standby_bucket=5;thermal=0;battery_pct=83;charging=0;music=0;location_on=1"
1789424524384,994869230,hb,"recorder=1;since_fix_ms=403;fixes_this_process=4487;write_failures=0;screen_on=1;doze=0;battery_saver=0;unrestricted=1;bg_restricted=0;standby_bucket=5;thermal=0;battery_pct=83;charging=0;music=0;location_on=1"
1789424529392,994874238,hb,"recorder=1;since_fix_ms=419;fixes_this_process=4492;write_failures=0;screen_on=1;doze=0;battery_saver=0;unrestricted=1;bg_restricted=0;standby_bucket=5;thermal=0;battery_pct=83;charging=0;music=0;location_on=1"
1789424534404,994879250,hb,"recorder=1;since_fix_ms=428;fixes_this_process=4497;write_failures=0;screen_on=1;doze=0;battery_saver=0;unrestricted=1;bg_restricted=0;standby_bucket=5;thermal=0;battery_pct=83;charging=0;music=0;location_on=1"
1789424539410,994884256,hb,"recorder=1;since_fix_ms=428;fixes_this_process=4502;write_failures=0;screen_on=1;doze=0;battery_saver=0;unrestricted=1;bg_restricted=0;standby_bucket=5;thermal=0;battery_pct=83;charging=0;music=0;location_on=1"
1789424545997,994890844,hb,"recorder=1;since_fix_ms=3005;fixes_this_process=4506;write_failures=0;screen_on=1;doze=0;battery_saver=0;unrestricted=1;bg_restricted=0;standby_bucket=5;thermal=0;battery_pct=83;charging=0;music=0;location_on=1"
1789424551005,994895852,hb,"recorder=1;since_fix_ms=33;fixes_this_process=4514;write_failures=0;screen_on=1;doze=0;battery_saver=0;unrestricted=1;bg_restricted=0;standby_bucket=5;thermal=0;battery_pct=83;charging=0;music=0;location_on=1"
1789424556010,994900856,hb,"recorder=1;since_fix_ms=30;fixes_this_process=4519;write_failures=0;screen_on=1;doze=0;battery_saver=0;unrestricted=1;bg_restricted=0;standby_bucket=5;thermal=0;battery_pct=83;charging=0;music=0;location_on=1"
1789424561014,994905861,hb,"recorder=1;since_fix_ms=23;fixes_this_process=4524;write_failures=0;screen_on=1;doze=0;battery_saver=0;unrestricted=1;bg_restricted=0;standby_bucket=5;thermal=0;battery_pct=83;charging=0;music=0;location_on=1"
1789424566023,994910870,hb,"recorder=1;since_fix_ms=126;fixes_this_process=4529;write_failures=0;screen_on=1;doze=0;battery_saver=0;unrestricted=1;bg_restricted=0;standby_bucket=5;thermal=0;battery_pct=83;charging=0;music=0;location_on=1"
1789424571028,994915874,hb,"recorder=1;since_fix_ms=49;fixes_this_process=4534;write_failures=0;screen_on=1;doze=0;battery_saver=0;unrestricted=1;bg_restricted=0;standby_bucket=5;thermal=0;battery_pct=83;charging=0;music=0;location_on=1"
1789424576036,994920882,hb,"recorder=1;since_fix_ms=59;fixes_this_process=4539;write_failures=0;screen_on=1;doze=0;battery_saver=0;unrestricted=1;bg_restricted=0;standby_bucket=5;thermal=0;battery_pct=82;charging=0;music=0;location_on=1"
1789424581041,994925887,hb,"recorder=1;since_fix_ms=66;fixes_this_process=4544;write_failures=0;screen_on=1;doze=0;battery_saver=0;unrestricted=1;bg_restricted=0;standby_bucket=5;thermal=0;battery_pct=82;charging=0;music=0;location_on=1"
1789424586050,994930896,hb,"recorder=1;since_fix_ms=71;fixes_this_process=4549;write_failures=0;screen_on=1;doze=0;battery_saver=0;unrestricted=1;bg_restricted=0;standby_bucket=5;thermal=0;battery_pct=82;charging=0;music=0;location_on=1"
1789424591058,994935904,hb,"recorder=1;since_fix_ms=85;fixes_this_process=4554;write_failures=0;screen_on=1;doze=0;battery_saver=0;unrestricted=1;bg_restricted=0;standby_bucket=5;thermal=0;battery_pct=82;charging=0;music=0;location_on=1"
1789424596070,994940917,hb,"recorder=1;since_fix_ms=94;fixes_this_process=4559;write_failures=0;screen_on=1;doze=0;battery_saver=0;unrestricted=1;bg_restricted=0;standby_bucket=5;thermal=0;battery_pct=82;charging=0;music=0;location_on=1"
1789424601078,994945924,hb,"recorder=1;since_fix_ms=98;fixes_this_process=4564;write_failures=0;screen_on=1;doze=0;battery_saver=0;unrestricted=1;bg_restricted=0;standby_bucket=5;thermal=0;battery_pct=82;charging=0;music=0;location_on=1"
1789424606086,994950932,hb,"recorder=1;since_fix_ms=106;fixes_this_process=4569;write_failures=0;screen_on=1;doze=0;battery_saver=0;unrestricted=1;bg_restricted=0;standby_bucket=5;thermal=0;battery_pct=82;charging=0;music=0;location_on=1"
1789424611097,994955943,hb,"recorder=1;since_fix_ms=116;fixes_this_process=4574;write_failures=0;screen_on=1;doze=0;battery_saver=0;unrestricted=1;bg_restricted=0;standby_bucket=5;thermal=0;battery_pct=82;charging=0;music=0;location_on=1"
1789424616102,994960948,hb,"recorder=1;since_fix_ms=125;fixes_this_process=4579;write_failures=0;screen_on=1;doze=0;battery_saver=0;unrestricted=1;bg_restricted=0;standby_bucket=5;thermal=0;battery_pct=82;charging=0;music=0;location_on=1"
1789424621112,994965958,hb,"recorder=1;since_fix_ms=123;fixes_this_process=4584;write_failures=0;screen_on=1;doze=0;battery_saver=0;unrestricted=1;bg_restricted=0;standby_bucket=5;thermal=0;battery_pct=82;charging=0;music=0;location_on=1"
1789424626121,994970968,hb,"recorder=1;since_fix_ms=139;fixes_this_process=4589;write_failures=0;screen_on=1;doze=0;battery_saver=0;unrestricted=1;bg_restricted=0;standby_bucket=5;thermal=0;battery_pct=82;charging=0;music=0;location_on=1"
1789424631130,994975977,hb,"recorder=1;since_fix_ms=156;fixes_this_process=4594;write_failures=0;screen_on=1;doze=0;battery_saver=0;unrestricted=1;bg_restricted=0;standby_bucket=5;thermal=0;battery_pct=82;charging=0;music=0;location_on=1"
1789424636134,994980980,hb,"recorder=1;since_fix_ms=158;fixes_this_process=4599;write_failures=0;screen_on=1;doze=0;battery_saver=0;unrestricted=1;bg_restricted=0;standby_bucket=5;thermal=0;battery_pct=82;charging=0;music=0;location_on=1"
1789424641146,994985993,hb,"recorder=1;since_fix_ms=233;fixes_this_process=4604;write_failures=0;screen_on=1;doze=0;battery_saver=0;unrestricted=1;bg_restricted=0;standby_bucket=5;thermal=0;battery_pct=82;charging=0;music=0;location_on=1"
1789424646150,994990997,hb,"recorder=1;since_fix_ms=173;fixes_this_process=4609;write_failures=0;screen_on=1;doze=0;battery_saver=0;unrestricted=1;bg_restricted=0;standby_bucket=5;thermal=0;battery_pct=82;charging=0;music=0;location_on=1"
1789424651153,994995999,hb,"recorder=1;since_fix_ms=168;fixes_this_process=4614;write_failures=0;screen_on=1;doze=0;battery_saver=0;unrestricted=1;bg_restricted=0;standby_bucket=5;thermal=0;battery_pct=82;charging=0;music=0;location_on=1"
1789424656161,995001008,hb,"recorder=1;since_fix_ms=177;fixes_this_process=4619;write_failures=0;screen_on=1;doze=0;battery_saver=0;unrestricted=1;bg_restricted=0;standby_bucket=5;thermal=0;battery_pct=82;charging=0;music=0;location_on=1"
1789424661169,995006016,hb,"recorder=1;since_fix_ms=193;fixes_this_process=4624;write_failures=0;screen_on=1;doze=0;battery_saver=0;unrestricted=1;bg_restricted=0;standby_bucket=5;thermal=0;battery_pct=82;charging=0;music=0;location_on=1"
1789424666175,995011022,hb,"recorder=1;since_fix_ms=191;fixes_this_process=4629;write_failures=0;screen_on=1;doze=0;battery_saver=0;unrestricted=1;bg_restricted=0;standby_bucket=5;thermal=0;battery_pct=82;charging=0;music=0;location_on=1"
1789424671187,995016033,hb,"recorder=1;since_fix_ms=209;fixes_this_process=4634;write_failures=0;screen_on=1;doze=0;battery_saver=0;unrestricted=1;bg_restricted=0;standby_bucket=5;thermal=0;battery_pct=82;charging=0;music=0;location_on=1"
1789424676190,995021037,hb,"recorder=1;since_fix_ms=216;fixes_this_process=4639;write_failures=0;screen_on=1;doze=0;battery_saver=0;unrestricted=1;bg_restricted=0;standby_bucket=5;thermal=0;battery_pct=82;charging=0;music=0;location_on=1"
1789424681197,995026043,hb,"recorder=1;since_fix_ms=219;fixes_this_process=4644;write_failures=0;screen_on=1;doze=0;battery_saver=0;unrestricted=1;bg_restricted=0;standby_bucket=5;thermal=0;battery_pct=82;charging=0;music=0;location_on=1"
1789424686209,995031056,hb,"recorder=1;since_fix_ms=337;fixes_this_process=4649;write_failures=0;screen_on=1;doze=0;battery_saver=0;unrestricted=1;bg_restricted=0;standby_bucket=5;thermal=0;battery_pct=82;charging=0;music=0;location_on=1"
1789424691218,995036065,hb,"recorder=1;since_fix_ms=243;fixes_this_process=4654;write_failures=0;screen_on=1;doze=0;battery_saver=0;unrestricted=1;bg_restricted=0;standby_bucket=5;thermal=0;battery_pct=82;charging=0;music=0;location_on=1"
1789424696223,995041070,hb,"recorder=1;since_fix_ms=245;fixes_this_process=4659;write_failures=0;screen_on=1;doze=0;battery_saver=0;unrestricted=1;bg_restricted=0;standby_bucket=5;thermal=0;battery_pct=82;charging=0;music=0;location_on=1"
1789424701233,995046080,hb,"recorder=1;since_fix_ms=257;fixes_this_process=4664;write_failures=0;screen_on=1;doze=0;battery_saver=0;unrestricted=1;bg_restricted=0;standby_bucket=5;thermal=0;battery_pct=82;charging=0;music=0;location_on=1"
1789424706237,995051083,hb,"recorder=1;since_fix_ms=254;fixes_this_process=4669;write_failures=0;screen_on=1;doze=0;battery_saver=0;unrestricted=1;bg_restricted=0;standby_bucket=5;thermal=0;battery_pct=82;charging=0;music=0;location_on=1"
1789424711243,995056089,hb,"recorder=1;since_fix_ms=265;fixes_this_process=4674;write_failures=0;screen_on=1;doze=0;battery_saver=0;unrestricted=1;bg_restricted=0;standby_bucket=5;thermal=0;battery_pct=82;charging=0;music=0;location_on=1"
1789424716253,995061100,hb,"recorder=1;since_fix_ms=395;fixes_this_process=4679;write_failures=0;screen_on=1;doze=0;battery_saver=0;unrestricted=1;bg_restricted=0;standby_bucket=5;thermal=0;battery_pct=82;charging=0;music=0;location_on=1"
1789424721262,995066108,hb,"recorder=1;since_fix_ms=303;fixes_this_process=4684;write_failures=0;screen_on=1;doze=0;battery_saver=0;unrestricted=1;bg_restricted=0;standby_bucket=5;thermal=0;battery_pct=82;charging=0;music=0;location_on=1"
1789424726268,995071114,hb,"recorder=1;since_fix_ms=284;fixes_this_process=4689;write_failures=0;screen_on=1;doze=0;battery_saver=0;unrestricted=1;bg_restricted=0;standby_bucket=5;thermal=0;battery_pct=82;charging=0;music=0;location_on=1"
1789424731281,995076127,hb,"recorder=1;since_fix_ms=329;fixes_this_process=4694;write_failures=0;screen_on=1;doze=0;battery_saver=0;unrestricted=1;bg_restricted=0;standby_bucket=5;thermal=0;battery_pct=82;charging=0;music=0;location_on=1"
1789424736291,995081137,hb,"recorder=1;since_fix_ms=310;fixes_this_process=4699;write_failures=0;screen_on=1;doze=0;battery_saver=0;unrestricted=1;bg_restricted=0;standby_bucket=5;thermal=0;battery_pct=82;charging=0;music=0;location_on=1"
1789424741293,995086140,hb,"recorder=1;since_fix_ms=315;fixes_this_process=4704;write_failures=0;screen_on=1;doze=0;battery_saver=0;unrestricted=1;bg_restricted=0;standby_bucket=5;thermal=0;battery_pct=82;charging=0;music=0;location_on=1"
1789424746306,995091152,hb,"recorder=1;since_fix_ms=313;fixes_this_process=4709;write_failures=0;screen_on=1;doze=0;battery_saver=0;unrestricted=1;bg_restricted=0;standby_bucket=5;thermal=0;battery_pct=82;charging=0;music=0;location_on=1"
1789424751314,995096160,hb,"recorder=1;since_fix_ms=335;fixes_this_process=4714;write_failures=0;screen_on=1;doze=0;battery_saver=0;unrestricted=1;bg_restricted=0;standby_bucket=5;thermal=0;battery_pct=82;charging=0;music=0;location_on=1"
1789424756322,995101168,hb,"recorder=1;since_fix_ms=343;fixes_this_process=4719;write_failures=0;screen_on=1;doze=0;battery_saver=0;unrestricted=1;bg_restricted=0;standby_bucket=5;thermal=0;battery_pct=82;charging=0;music=0;location_on=1"
1789424761333,995106179,hb,"recorder=1;since_fix_ms=352;fixes_this_process=4724;write_failures=0;screen_on=1;doze=0;battery_saver=0;unrestricted=1;bg_restricted=0;standby_bucket=5;thermal=0;battery_pct=82;charging=0;music=0;location_on=1"
1789424766342,995111188,hb,"recorder=1;since_fix_ms=368;fixes_this_process=4729;write_failures=0;screen_on=1;doze=0;battery_saver=0;unrestricted=1;bg_restricted=0;standby_bucket=5;thermal=0;battery_pct=82;charging=0;music=0;location_on=1"
1789424771352,995116199,hb,"recorder=1;since_fix_ms=373;fixes_this_process=4734;write_failures=0;screen_on=1;doze=0;battery_saver=0;unrestricted=1;bg_restricted=0;standby_bucket=5;thermal=0;battery_pct=82;charging=0;music=0;location_on=1"
1789424776366,995121212,hb,"recorder=1;since_fix_ms=390;fixes_this_process=4739;write_failures=0;screen_on=1;doze=0;battery_saver=0;unrestricted=1;bg_restricted=0;standby_bucket=5;thermal=0;battery_pct=82;charging=0;music=0;location_on=1"
1789424781373,995126219,hb,"recorder=1;since_fix_ms=398;fixes_this_process=4744;write_failures=0;screen_on=1;doze=0;battery_saver=0;unrestricted=1;bg_restricted=0;standby_bucket=5;thermal=0;battery_pct=82;charging=0;music=0;location_on=1"
1789424786379,995131226,hb,"recorder=1;since_fix_ms=404;fixes_this_process=4749;write_failures=0;screen_on=1;doze=0;battery_saver=0;unrestricted=1;bg_restricted=0;standby_bucket=5;thermal=0;battery_pct=82;charging=0;music=0;location_on=1"
1789424791389,995136236,hb,"recorder=1;since_fix_ms=411;fixes_this_process=4754;write_failures=0;screen_on=1;doze=0;battery_saver=0;unrestricted=1;bg_restricted=0;standby_bucket=5;thermal=0;battery_pct=82;charging=0;music=0;location_on=1"
1789424796397,995141243,hb,"recorder=1;since_fix_ms=421;fixes_this_process=4759;write_failures=0;screen_on=1;doze=0;battery_saver=0;unrestricted=1;bg_restricted=0;standby_bucket=5;thermal=0;battery_pct=82;charging=0;music=0;location_on=1"
1789424801401,995146248,hb,"recorder=1;since_fix_ms=463;fixes_this_process=4764;write_failures=0;screen_on=1;doze=0;battery_saver=0;unrestricted=1;bg_restricted=0;standby_bucket=5;thermal=0;battery_pct=82;charging=0;music=0;location_on=1"
1789424806410,995151256,hb,"recorder=1;since_fix_ms=439;fixes_this_process=4769;write_failures=0;screen_on=1;doze=0;battery_saver=0;unrestricted=1;bg_restricted=0;standby_bucket=5;thermal=0;battery_pct=82;charging=0;music=0;location_on=1"
1789424811418,995156265,hb,"recorder=1;since_fix_ms=442;fixes_this_process=4774;write_failures=0;screen_on=1;doze=0;battery_saver=0;unrestricted=1;bg_restricted=0;standby_bucket=5;thermal=0;battery_pct=82;charging=0;music=0;location_on=1"
1789424816428,995161275,hb,"recorder=1;since_fix_ms=451;fixes_this_process=4779;write_failures=0;screen_on=1;doze=0;battery_saver=0;unrestricted=1;bg_restricted=0;standby_bucket=5;thermal=0;battery_pct=82;charging=0;music=0;location_on=1"
1789424821438,995166284,hb,"recorder=1;since_fix_ms=453;fixes_this_process=4784;write_failures=0;screen_on=1;doze=0;battery_saver=0;unrestricted=1;bg_restricted=0;standby_bucket=5;thermal=0;battery_pct=82;charging=0;music=0;location_on=1"
1789424826442,995171289,hb,"recorder=1;since_fix_ms=462;fixes_this_process=4789;write_failures=0;screen_on=1;doze=0;battery_saver=0;unrestricted=1;bg_restricted=0;standby_bucket=5;thermal=0;battery_pct=82;charging=0;music=0;location_on=1"
1789424831452,995176298,hb,"recorder=1;since_fix_ms=471;fixes_this_process=4794;write_failures=0;screen_on=1;doze=0;battery_saver=0;unrestricted=1;bg_restricted=0;standby_bucket=5;thermal=0;battery_pct=82;charging=0;music=0;location_on=1"
1789424836460,995181307,hb,"recorder=1;since_fix_ms=489;fixes_this_process=4799;write_failures=0;screen_on=1;doze=0;battery_saver=0;unrestricted=1;bg_restricted=0;standby_bucket=5;thermal=0;battery_pct=82;charging=0;music=0;location_on=1"
1789424841468,995186315,hb,"recorder=1;since_fix_ms=489;fixes_this_process=4804;write_failures=0;screen_on=1;doze=0;battery_saver=0;unrestricted=1;bg_restricted=0;standby_bucket=5;thermal=0;battery_pct=82;charging=0;music=0;location_on=1"
1789424846475,995191322,hb,"recorder=1;since_fix_ms=497;fixes_this_process=4809;write_failures=0;screen_on=1;doze=0;battery_saver=0;unrestricted=1;bg_restricted=0;standby_bucket=5;thermal=0;battery_pct=82;charging=0;music=0;location_on=1"
1789424851484,995196330,hb,"recorder=1;since_fix_ms=506;fixes_this_process=4814;write_failures=0;screen_on=1;doze=0;battery_saver=0;unrestricted=1;bg_restricted=0;standby_bucket=5;thermal=0;battery_pct=82;charging=0;music=0;location_on=1"
1789424856493,995201339,hb,"recorder=1;since_fix_ms=519;fixes_this_process=4819;write_failures=0;screen_on=1;doze=0;battery_saver=0;unrestricted=1;bg_restricted=0;standby_bucket=5;thermal=0;battery_pct=82;charging=0;music=0;location_on=1"
1789424861501,995206348,hb,"recorder=1;since_fix_ms=514;fixes_this_process=4824;write_failures=0;screen_on=1;doze=0;battery_saver=0;unrestricted=1;bg_restricted=0;standby_bucket=5;thermal=0;battery_pct=82;charging=0;music=0;location_on=1"
1789424866514,995211361,hb,"recorder=1;since_fix_ms=532;fixes_this_process=4829;write_failures=0;screen_on=1;doze=0;battery_saver=0;unrestricted=1;bg_restricted=0;standby_bucket=5;thermal=0;battery_pct=82;charging=0;music=0;location_on=1"
1789424871523,995216370,hb,"recorder=1;since_fix_ms=542;fixes_this_process=4834;write_failures=0;screen_on=1;doze=0;battery_saver=0;unrestricted=1;bg_restricted=0;standby_bucket=5;thermal=0;battery_pct=82;charging=0;music=0;location_on=1"
1789424876531,995221378,hb,"recorder=1;since_fix_ms=544;fixes_this_process=4839;write_failures=0;screen_on=1;doze=0;battery_saver=0;unrestricted=1;bg_restricted=0;standby_bucket=5;thermal=0;battery_pct=82;charging=0;music=0;location_on=1"
1789424881545,995226391,hb,"recorder=1;since_fix_ms=569;fixes_this_process=4844;write_failures=0;screen_on=1;doze=0;battery_saver=0;unrestricted=1;bg_restricted=0;standby_bucket=5;thermal=0;battery_pct=82;charging=0;music=0;location_on=1"
1789424886549,995231395,hb,"recorder=1;since_fix_ms=579;fixes_this_process=4849;write_failures=0;screen_on=1;doze=0;battery_saver=0;unrestricted=1;bg_restricted=0;standby_bucket=5;thermal=0;battery_pct=82;charging=0;music=0;location_on=1"
1789424891557,995236403,hb,"recorder=1;since_fix_ms=581;fixes_this_process=4854;write_failures=0;screen_on=1;doze=0;battery_saver=0;unrestricted=1;bg_restricted=0;standby_bucket=5;thermal=0;battery_pct=82;charging=0;music=0;location_on=1"
1789424896567,995241413,hb,"recorder=1;since_fix_ms=590;fixes_this_process=4859;write_failures=0;screen_on=1;doze=0;battery_saver=0;unrestricted=1;bg_restricted=0;standby_bucket=5;thermal=0;battery_pct=82;charging=0;music=0;location_on=1"
1789424901574,995246421,hb,"recorder=1;since_fix_ms=597;fixes_this_process=4864;write_failures=0;screen_on=1;doze=0;battery_saver=0;unrestricted=1;bg_restricted=0;standby_bucket=5;thermal=0;battery_pct=82;charging=0;music=0;location_on=1"
1789424906584,995251431,hb,"recorder=1;since_fix_ms=600;fixes_this_process=4869;write_failures=0;screen_on=1;doze=0;battery_saver=0;unrestricted=1;bg_restricted=0;standby_bucket=5;thermal=0;battery_pct=82;charging=0;music=0;location_on=1"
1789424911593,995256440,hb,"recorder=1;since_fix_ms=617;fixes_this_process=4874;write_failures=0;screen_on=1;doze=0;battery_saver=0;unrestricted=1;bg_restricted=0;standby_bucket=5;thermal=0;battery_pct=82;charging=0;music=0;location_on=1"
1789424916599,995261446,hb,"recorder=1;since_fix_ms=621;fixes_this_process=4879;write_failures=0;screen_on=1;doze=0;battery_saver=0;unrestricted=1;bg_restricted=0;standby_bucket=5;thermal=0;battery_pct=82;charging=0;music=0;location_on=1"
1789424921605,995266452,hb,"recorder=1;since_fix_ms=630;fixes_this_process=4884;write_failures=0;screen_on=1;doze=0;battery_saver=0;unrestricted=1;bg_restricted=0;standby_bucket=5;thermal=0;battery_pct=82;charging=0;music=0;location_on=1"
1789424926618,995271465,hb,"recorder=1;since_fix_ms=641;fixes_this_process=4889;write_failures=0;screen_on=1;doze=0;battery_saver=0;unrestricted=1;bg_restricted=0;standby_bucket=5;thermal=0;battery_pct=82;charging=0;music=0;location_on=1"
1789424931627,995276474,hb,"recorder=1;since_fix_ms=651;fixes_this_process=4894;write_failures=0;screen_on=1;doze=0;battery_saver=0;unrestricted=1;bg_restricted=0;standby_bucket=5;thermal=0;battery_pct=82;charging=0;music=0;location_on=1"
1789424936635,995281481,hb,"recorder=1;since_fix_ms=657;fixes_this_process=4899;write_failures=0;screen_on=1;doze=0;battery_saver=0;unrestricted=1;bg_restricted=0;standby_bucket=5;thermal=0;battery_pct=82;charging=0;music=0;location_on=1"
1789424941648,995286494,hb,"recorder=1;since_fix_ms=750;fixes_this_process=4904;write_failures=0;screen_on=1;doze=0;battery_saver=0;unrestricted=1;bg_restricted=0;standby_bucket=5;thermal=0;battery_pct=82;charging=0;music=0;location_on=1"
1789424946656,995291502,hb,"recorder=1;since_fix_ms=679;fixes_this_process=4909;write_failures=0;screen_on=1;doze=0;battery_saver=0;unrestricted=1;bg_restricted=0;standby_bucket=5;thermal=0;battery_pct=82;charging=0;music=0;location_on=1"
1789424951663,995296510,hb,"recorder=1;since_fix_ms=691;fixes_this_process=4914;write_failures=0;screen_on=1;doze=0;battery_saver=0;unrestricted=1;bg_restricted=0;standby_bucket=5;thermal=0;battery_pct=82;charging=0;music=0;location_on=1"
1789424956678,995301524,hb,"recorder=1;since_fix_ms=699;fixes_this_process=4919;write_failures=0;screen_on=1;doze=0;battery_saver=0;unrestricted=1;bg_restricted=0;standby_bucket=5;thermal=0;battery_pct=82;charging=0;music=0;location_on=1"
1789424961684,995306530,hb,"recorder=1;since_fix_ms=707;fixes_this_process=4924;write_failures=0;screen_on=1;doze=0;battery_saver=0;unrestricted=1;bg_restricted=0;standby_bucket=5;thermal=0;battery_pct=82;charging=0;music=0;location_on=1"
1789424966693,995311539,hb,"recorder=1;since_fix_ms=713;fixes_this_process=4929;write_failures=0;screen_on=1;doze=0;battery_saver=0;unrestricted=1;bg_restricted=0;standby_bucket=5;thermal=0;battery_pct=82;charging=0;music=0;location_on=1"
1789424971706,995316552,hb,"recorder=1;since_fix_ms=788;fixes_this_process=4934;write_failures=0;screen_on=1;doze=0;battery_saver=0;unrestricted=1;bg_restricted=0;standby_bucket=5;thermal=0;battery_pct=82;charging=0;music=0;location_on=1"
1789424976714,995321560,hb,"recorder=1;since_fix_ms=736;fixes_this_process=4939;write_failures=0;screen_on=1;doze=0;battery_saver=0;unrestricted=1;bg_restricted=0;standby_bucket=5;thermal=0;battery_pct=82;charging=0;music=0;location_on=1"
1789424981721,995326568,hb,"recorder=1;since_fix_ms=791;fixes_this_process=4944;write_failures=0;screen_on=1;doze=0;battery_saver=0;unrestricted=1;bg_restricted=0;standby_bucket=5;thermal=0;battery_pct=82;charging=0;music=0;location_on=1"
1789424986736,995331583,hb,"recorder=1;since_fix_ms=759;fixes_this_process=4949;write_failures=0;screen_on=1;doze=0;battery_saver=0;unrestricted=1;bg_restricted=0;standby_bucket=5;thermal=0;battery_pct=82;charging=0;music=0;location_on=1"
1789424991741,995336587,hb,"recorder=1;since_fix_ms=762;fixes_this_process=4954;write_failures=0;screen_on=1;doze=0;battery_saver=0;unrestricted=1;bg_restricted=0;standby_bucket=5;thermal=0;battery_pct=82;charging=0;music=0;location_on=1"
1789424996749,995341596,hb,"recorder=1;since_fix_ms=878;fixes_this_process=4959;write_failures=0;screen_on=1;doze=0;battery_saver=0;unrestricted=1;bg_restricted=0;standby_bucket=5;thermal=0;battery_pct=82;charging=0;music=0;location_on=1"
1789425001763,995346609,hb,"recorder=1;since_fix_ms=787;fixes_this_process=4964;write_failures=0;screen_on=1;doze=0;battery_saver=0;unrestricted=1;bg_restricted=0;standby_bucket=5;thermal=0;battery_pct=82;charging=0;music=0;location_on=1"
1789425006770,995351616,hb,"recorder=1;since_fix_ms=795;fixes_this_process=4969;write_failures=0;screen_on=1;doze=0;battery_saver=0;unrestricted=1;bg_restricted=0;standby_bucket=5;thermal=0;battery_pct=82;charging=0;music=0;location_on=1"
1789425011779,995356625,hb,"recorder=1;since_fix_ms=820;fixes_this_process=4974;write_failures=0;screen_on=1;doze=0;battery_saver=0;unrestricted=1;bg_restricted=0;standby_bucket=5;thermal=0;battery_pct=82;charging=0;music=0;location_on=1"
1789425016792,995361639,hb,"recorder=1;since_fix_ms=833;fixes_this_process=4979;write_failures=0;screen_on=1;doze=0;battery_saver=0;unrestricted=1;bg_restricted=0;standby_bucket=5;thermal=0;battery_pct=82;charging=0;music=0;location_on=1"
1789425021801,995366648,hb,"recorder=1;since_fix_ms=831;fixes_this_process=4984;write_failures=0;screen_on=1;doze=0;battery_saver=0;unrestricted=1;bg_restricted=0;standby_bucket=5;thermal=0;battery_pct=82;charging=0;music=0;location_on=1"
1789425026810,995371656,hb,"recorder=1;since_fix_ms=833;fixes_this_process=4989;write_failures=0;screen_on=1;doze=0;battery_saver=0;unrestricted=1;bg_restricted=0;standby_bucket=5;thermal=0;battery_pct=82;charging=0;music=0;location_on=1"
1789425031821,995376668,hb,"recorder=1;since_fix_ms=1008;fixes_this_process=4994;write_failures=0;screen_on=1;doze=0;battery_saver=0;unrestricted=1;bg_restricted=0;standby_bucket=5;thermal=0;battery_pct=82;charging=0;music=0;location_on=1"
1789425036830,995381677,hb,"recorder=1;since_fix_ms=850;fixes_this_process=4999;write_failures=0;screen_on=1;doze=0;battery_saver=0;unrestricted=1;bg_restricted=0;standby_bucket=5;thermal=0;battery_pct=82;charging=0;music=0;location_on=1"
1789425041834,995386680,hb,"recorder=1;since_fix_ms=844;fixes_this_process=5004;write_failures=0;screen_on=1;doze=0;battery_saver=0;unrestricted=1;bg_restricted=0;standby_bucket=5;thermal=0;battery_pct=82;charging=0;music=0;location_on=1"
1789425046846,995391693,hb,"recorder=1;since_fix_ms=866;fixes_this_process=5009;write_failures=0;screen_on=1;doze=0;battery_saver=0;unrestricted=1;bg_restricted=0;standby_bucket=5;thermal=0;battery_pct=82;charging=0;music=0;location_on=1"
1789425051855,995396702,hb,"recorder=1;since_fix_ms=865;fixes_this_process=5014;write_failures=0;screen_on=1;doze=0;battery_saver=0;unrestricted=1;bg_restricted=0;standby_bucket=5;thermal=0;battery_pct=82;charging=0;music=0;location_on=1"
1789425056863,995401710,hb,"recorder=1;since_fix_ms=884;fixes_this_process=5019;write_failures=0;screen_on=1;doze=0;battery_saver=0;unrestricted=1;bg_restricted=0;standby_bucket=5;thermal=0;battery_pct=82;charging=0;music=0;location_on=1"
1789425061876,995406722,hb,"recorder=1;since_fix_ms=892;fixes_this_process=5024;write_failures=0;screen_on=1;doze=0;battery_saver=0;unrestricted=1;bg_restricted=0;standby_bucket=5;thermal=0;battery_pct=82;charging=0;music=0;location_on=1"
1789425066884,995411730,hb,"recorder=1;since_fix_ms=910;fixes_this_process=5029;write_failures=0;screen_on=1;doze=0;battery_saver=0;unrestricted=1;bg_restricted=0;standby_bucket=5;thermal=0;battery_pct=82;charging=0;music=0;location_on=1"
1789425071892,995416739,hb,"recorder=1;since_fix_ms=910;fixes_this_process=5034;write_failures=0;screen_on=1;doze=0;battery_saver=0;unrestricted=1;bg_restricted=0;standby_bucket=5;thermal=0;battery_pct=82;charging=0;music=0;location_on=1"
1789425076901,995421747,hb,"recorder=1;since_fix_ms=926;fixes_this_process=5039;write_failures=0;screen_on=1;doze=0;battery_saver=0;unrestricted=1;bg_restricted=0;standby_bucket=5;thermal=0;battery_pct=82;charging=0;music=0;location_on=1"
1789425081909,995426755,hb,"recorder=1;since_fix_ms=936;fixes_this_process=5044;write_failures=0;screen_on=1;doze=0;battery_saver=0;unrestricted=1;bg_restricted=0;standby_bucket=5;thermal=0;battery_pct=82;charging=0;music=0;location_on=1"
1789425086917,995431764,hb,"recorder=1;since_fix_ms=943;fixes_this_process=5049;write_failures=0;screen_on=1;doze=0;battery_saver=0;unrestricted=1;bg_restricted=0;standby_bucket=5;thermal=0;battery_pct=82;charging=0;music=0;location_on=1"
1789425091930,995436776,hb,"recorder=1;since_fix_ms=955;fixes_this_process=5054;write_failures=0;screen_on=1;doze=0;battery_saver=0;unrestricted=1;bg_restricted=0;standby_bucket=5;thermal=0;battery_pct=82;charging=0;music=0;location_on=1"
1789425096938,995441785,hb,"recorder=1;since_fix_ms=951;fixes_this_process=5059;write_failures=0;screen_on=1;doze=0;battery_saver=0;unrestricted=1;bg_restricted=0;standby_bucket=5;thermal=0;battery_pct=82;charging=0;music=0;location_on=1"
1789425101948,995446794,hb,"recorder=1;since_fix_ms=960;fixes_this_process=5064;write_failures=0;screen_on=1;doze=0;battery_saver=0;unrestricted=1;bg_restricted=0;standby_bucket=5;thermal=0;battery_pct=82;charging=0;music=0;location_on=1"
1789425106960,995451806,hb,"recorder=1;since_fix_ms=48;fixes_this_process=5070;write_failures=0;screen_on=1;doze=0;battery_saver=0;unrestricted=1;bg_restricted=0;standby_bucket=5;thermal=0;battery_pct=82;charging=0;music=0;location_on=1"
1789425111970,995456816,hb,"recorder=1;since_fix_ms=992;fixes_this_process=5074;write_failures=0;screen_on=1;doze=0;battery_saver=0;unrestricted=1;bg_restricted=0;standby_bucket=5;thermal=0;battery_pct=82;charging=0;music=0;location_on=1"
1789425116980,995461826,hb,"recorder=1;since_fix_ms=999;fixes_this_process=5079;write_failures=0;screen_on=1;doze=0;battery_saver=0;unrestricted=1;bg_restricted=0;standby_bucket=5;thermal=0;battery_pct=82;charging=0;music=0;location_on=1"
1789425121984,995466831,hb,"recorder=1;since_fix_ms=27;fixes_this_process=5085;write_failures=0;screen_on=1;doze=0;battery_saver=0;unrestricted=1;bg_restricted=0;standby_bucket=5;thermal=0;battery_pct=82;charging=0;music=0;location_on=1"
1789425126987,995471834,hb,"recorder=1;since_fix_ms=8;fixes_this_process=5090;write_failures=0;screen_on=1;doze=0;battery_saver=0;unrestricted=1;bg_restricted=0;standby_bucket=5;thermal=0;battery_pct=82;charging=0;music=0;location_on=1"
1789425131992,995476839,hb,"recorder=1;since_fix_ms=15;fixes_this_process=5095;write_failures=0;screen_on=1;doze=0;battery_saver=0;unrestricted=1;bg_restricted=0;standby_bucket=5;thermal=0;battery_pct=82;charging=0;music=0;location_on=1"
1789425137000,995481847,hb,"recorder=1;since_fix_ms=27;fixes_this_process=5100;write_failures=0;screen_on=1;doze=0;battery_saver=0;unrestricted=1;bg_restricted=0;standby_bucket=5;thermal=0;battery_pct=82;charging=0;music=0;location_on=1"
1789425142007,995486854,hb,"recorder=1;since_fix_ms=29;fixes_this_process=5105;write_failures=0;screen_on=1;doze=0;battery_saver=0;unrestricted=1;bg_restricted=0;standby_bucket=5;thermal=0;battery_pct=82;charging=0;music=0;location_on=1"
1789425147016,995491863,hb,"recorder=1;since_fix_ms=40;fixes_this_process=5110;write_failures=0;screen_on=1;doze=0;battery_saver=0;unrestricted=1;bg_restricted=0;standby_bucket=5;thermal=0;battery_pct=82;charging=0;music=0;location_on=1"
1789425152025,995496871,hb,"recorder=1;since_fix_ms=43;fixes_this_process=5115;write_failures=0;screen_on=1;doze=0;battery_saver=0;unrestricted=1;bg_restricted=0;standby_bucket=5;thermal=0;battery_pct=82;charging=0;music=0;location_on=1"
1789425157030,995501876,hb,"recorder=1;since_fix_ms=43;fixes_this_process=5120;write_failures=0;screen_on=1;doze=0;battery_saver=0;unrestricted=1;bg_restricted=0;standby_bucket=5;thermal=0;battery_pct=82;charging=0;music=0;location_on=1"
1789425162039,995506886,hb,"recorder=1;since_fix_ms=65;fixes_this_process=5125;write_failures=0;screen_on=1;doze=0;battery_saver=0;unrestricted=1;bg_restricted=0;standby_bucket=5;thermal=0;battery_pct=82;charging=0;music=0;location_on=1"
1789425167049,995511896,hb,"recorder=1;since_fix_ms=67;fixes_this_process=5130;write_failures=0;screen_on=1;doze=0;battery_saver=0;unrestricted=1;bg_restricted=0;standby_bucket=5;thermal=0;battery_pct=82;charging=0;music=0;location_on=1"
1789425172058,995516905,hb,"recorder=1;since_fix_ms=81;fixes_this_process=5135;write_failures=0;screen_on=1;doze=0;battery_saver=0;unrestricted=1;bg_restricted=0;standby_bucket=5;thermal=0;battery_pct=82;charging=0;music=0;location_on=1"
1789425177066,995521912,hb,"recorder=1;since_fix_ms=93;fixes_this_process=5140;write_failures=0;screen_on=1;doze=0;battery_saver=0;unrestricted=1;bg_restricted=0;standby_bucket=5;thermal=0;battery_pct=82;charging=0;music=0;location_on=1"
1789425182078,995526925,hb,"recorder=1;since_fix_ms=121;fixes_this_process=5145;write_failures=0;screen_on=1;doze=0;battery_saver=0;unrestricted=1;bg_restricted=0;standby_bucket=5;thermal=0;battery_pct=82;charging=0;music=0;location_on=1"
1789425187088,995531934,hb,"recorder=1;since_fix_ms=150;fixes_this_process=5150;write_failures=0;screen_on=1;doze=0;battery_saver=0;unrestricted=1;bg_restricted=0;standby_bucket=5;thermal=0;battery_pct=82;charging=0;music=0;location_on=1"
1789425192092,995536939,hb,"recorder=1;since_fix_ms=121;fixes_this_process=5155;write_failures=0;screen_on=1;doze=0;battery_saver=0;unrestricted=1;bg_restricted=0;standby_bucket=5;thermal=0;battery_pct=82;charging=0;music=0;location_on=1"
1789425197099,995541946,hb,"recorder=1;since_fix_ms=127;fixes_this_process=5160;write_failures=0;screen_on=1;doze=0;battery_saver=0;unrestricted=1;bg_restricted=0;standby_bucket=5;thermal=0;battery_pct=82;charging=0;music=0;location_on=1"
1789425202105,995546952,hb,"recorder=1;since_fix_ms=126;fixes_this_process=5165;write_failures=0;screen_on=1;doze=0;battery_saver=0;unrestricted=1;bg_restricted=0;standby_bucket=5;thermal=0;battery_pct=82;charging=0;music=0;location_on=1"
1789425207114,995551960,hb,"recorder=1;since_fix_ms=136;fixes_this_process=5170;write_failures=0;screen_on=1;doze=0;battery_saver=0;unrestricted=1;bg_restricted=0;standby_bucket=5;thermal=0;battery_pct=82;charging=0;music=0;location_on=1"
1789425212124,995556970,hb,"recorder=1;since_fix_ms=191;fixes_this_process=5175;write_failures=0;screen_on=1;doze=0;battery_saver=0;unrestricted=1;bg_restricted=0;standby_bucket=5;thermal=0;battery_pct=82;charging=0;music=0;location_on=1"
1789425217132,995561979,hb,"recorder=1;since_fix_ms=174;fixes_this_process=5180;write_failures=0;screen_on=1;doze=0;battery_saver=0;unrestricted=1;bg_restricted=0;standby_bucket=5;thermal=0;battery_pct=82;charging=0;music=0;location_on=1"
1789425222139,995566985,hb,"recorder=1;since_fix_ms=228;fixes_this_process=5185;write_failures=0;screen_on=1;doze=0;battery_saver=0;unrestricted=1;bg_restricted=0;standby_bucket=5;thermal=0;battery_pct=82;charging=0;music=0;location_on=1"
1789425227149,995571995,hb,"recorder=1;since_fix_ms=170;fixes_this_process=5190;write_failures=0;screen_on=1;doze=0;battery_saver=0;unrestricted=1;bg_restricted=0;standby_bucket=5;thermal=0;battery_pct=82;charging=0;music=0;location_on=1"
1789425232158,995577004,hb,"recorder=1;since_fix_ms=284;fixes_this_process=5195;write_failures=0;screen_on=1;doze=0;battery_saver=0;unrestricted=1;bg_restricted=0;standby_bucket=5;thermal=0;battery_pct=82;charging=0;music=0;location_on=1"
1789425237163,995582009,hb,"recorder=1;since_fix_ms=182;fixes_this_process=5200;write_failures=0;screen_on=1;doze=0;battery_saver=0;unrestricted=1;bg_restricted=0;standby_bucket=5;thermal=0;battery_pct=82;charging=0;music=0;location_on=1"
1789425242172,995587019,hb,"recorder=1;since_fix_ms=195;fixes_this_process=5205;write_failures=0;screen_on=1;doze=0;battery_saver=0;unrestricted=1;bg_restricted=0;standby_bucket=5;thermal=0;battery_pct=82;charging=0;music=0;location_on=1"
1789425247180,995592027,hb,"recorder=1;since_fix_ms=200;fixes_this_process=5210;write_failures=0;screen_on=1;doze=0;battery_saver=0;unrestricted=1;bg_restricted=0;standby_bucket=5;thermal=0;battery_pct=82;charging=0;music=0;location_on=1"
1789425252185,995597031,hb,"recorder=1;since_fix_ms=212;fixes_this_process=5215;write_failures=0;screen_on=1;doze=0;battery_saver=0;unrestricted=1;bg_restricted=0;standby_bucket=5;thermal=0;battery_pct=81;charging=0;music=0;location_on=1"
1789425257193,995602039,hb,"recorder=1;since_fix_ms=216;fixes_this_process=5220;write_failures=0;screen_on=1;doze=0;battery_saver=0;unrestricted=1;bg_restricted=0;standby_bucket=5;thermal=0;battery_pct=81;charging=0;music=0;location_on=1"
1789425262201,995607047,hb,"recorder=1;since_fix_ms=224;fixes_this_process=5225;write_failures=0;screen_on=1;doze=0;battery_saver=0;unrestricted=1;bg_restricted=0;standby_bucket=5;thermal=0;battery_pct=81;charging=0;music=0;location_on=1"
1789425267209,995612055,hb,"recorder=1;since_fix_ms=230;fixes_this_process=5230;write_failures=0;screen_on=1;doze=0;battery_saver=0;unrestricted=1;bg_restricted=0;standby_bucket=5;thermal=0;battery_pct=81;charging=0;music=0;location_on=1"
1789425272222,995617068,hb,"recorder=1;since_fix_ms=241;fixes_this_process=5235;write_failures=0;screen_on=1;doze=0;battery_saver=0;unrestricted=1;bg_restricted=0;standby_bucket=5;thermal=0;battery_pct=81;charging=0;music=0;location_on=1"
1789425277231,995622077,hb,"recorder=1;since_fix_ms=250;fixes_this_process=5240;write_failures=0;screen_on=1;doze=0;battery_saver=0;unrestricted=1;bg_restricted=0;standby_bucket=5;thermal=0;battery_pct=81;charging=0;music=0;location_on=1"
1789425282234,995627081,hb,"recorder=1;since_fix_ms=258;fixes_this_process=5245;write_failures=0;screen_on=1;doze=0;battery_saver=0;unrestricted=1;bg_restricted=0;standby_bucket=5;thermal=0;battery_pct=81;charging=0;music=0;location_on=1"
1789425287246,995632092,hb,"recorder=1;since_fix_ms=269;fixes_this_process=5250;write_failures=0;screen_on=1;doze=0;battery_saver=0;unrestricted=1;bg_restricted=0;standby_bucket=5;thermal=0;battery_pct=81;charging=0;music=0;location_on=1"
1789425292253,995637100,hb,"recorder=1;since_fix_ms=272;fixes_this_process=5255;write_failures=0;screen_on=1;doze=0;battery_saver=0;unrestricted=1;bg_restricted=0;standby_bucket=5;thermal=0;battery_pct=81;charging=0;music=0;location_on=1"
1789425297261,995642108,hb,"recorder=1;since_fix_ms=276;fixes_this_process=5260;write_failures=0;screen_on=1;doze=0;battery_saver=0;unrestricted=1;bg_restricted=0;standby_bucket=5;thermal=0;battery_pct=81;charging=0;music=0;location_on=1"
1789425302274,995647121,hb,"recorder=1;since_fix_ms=400;fixes_this_process=5265;write_failures=0;screen_on=1;doze=0;battery_saver=0;unrestricted=1;bg_restricted=0;standby_bucket=5;thermal=0;battery_pct=81;charging=0;music=0;location_on=1"
1789425307280,995652127,hb,"recorder=1;since_fix_ms=291;fixes_this_process=5270;write_failures=0;screen_on=1;doze=0;battery_saver=0;unrestricted=1;bg_restricted=0;standby_bucket=5;thermal=0;battery_pct=81;charging=0;music=0;location_on=1"
1789425312289,995657135,hb,"recorder=1;since_fix_ms=298;fixes_this_process=5275;write_failures=0;screen_on=1;doze=0;battery_saver=0;unrestricted=1;bg_restricted=0;standby_bucket=5;thermal=0;battery_pct=81;charging=0;music=0;location_on=1"
1789425317299,995662145,hb,"recorder=1;since_fix_ms=320;fixes_this_process=5280;write_failures=0;screen_on=1;doze=0;battery_saver=0;unrestricted=1;bg_restricted=0;standby_bucket=5;thermal=0;battery_pct=81;charging=0;music=0;location_on=1"
1789425322307,995667154,hb,"recorder=1;since_fix_ms=328;fixes_this_process=5285;write_failures=0;screen_on=1;doze=0;battery_saver=0;unrestricted=1;bg_restricted=0;standby_bucket=5;thermal=0;battery_pct=81;charging=0;music=0;location_on=1"
1789425327316,995672162,hb,"recorder=1;since_fix_ms=323;fixes_this_process=5290;write_failures=0;screen_on=1;doze=0;battery_saver=0;unrestricted=1;bg_restricted=0;standby_bucket=5;thermal=0;battery_pct=81;charging=0;music=0;location_on=1"
1789425332330,995677176,hb,"recorder=1;since_fix_ms=350;fixes_this_process=5295;write_failures=0;screen_on=1;doze=0;battery_saver=0;unrestricted=1;bg_restricted=0;standby_bucket=5;thermal=0;battery_pct=81;charging=0;music=0;location_on=1"
1789425337338,995682185,hb,"recorder=1;since_fix_ms=354;fixes_this_process=5300;write_failures=0;screen_on=1;doze=0;battery_saver=0;unrestricted=1;bg_restricted=0;standby_bucket=5;thermal=0;battery_pct=81;charging=0;music=0;location_on=1"
1789425342346,995687193,hb,"recorder=1;since_fix_ms=355;fixes_this_process=5305;write_failures=0;screen_on=1;doze=0;battery_saver=0;unrestricted=1;bg_restricted=0;standby_bucket=5;thermal=0;battery_pct=81;charging=0;music=0;location_on=1"
1789425347358,995692204,hb,"recorder=1;since_fix_ms=380;fixes_this_process=5310;write_failures=0;screen_on=1;doze=0;battery_saver=0;unrestricted=1;bg_restricted=0;standby_bucket=5;thermal=0;battery_pct=81;charging=0;music=0;location_on=1"
1789425352367,995697213,hb,"recorder=1;since_fix_ms=386;fixes_this_process=5315;write_failures=0;screen_on=1;doze=0;battery_saver=0;unrestricted=1;bg_restricted=0;standby_bucket=5;thermal=0;battery_pct=81;charging=0;music=0;location_on=1"
1789425357376,995702222,hb,"recorder=1;since_fix_ms=376;fixes_this_process=5320;write_failures=0;screen_on=1;doze=0;battery_saver=0;unrestricted=1;bg_restricted=0;standby_bucket=5;thermal=0;battery_pct=81;charging=0;music=0;location_on=1"
1789425362388,995707234,hb,"recorder=1;since_fix_ms=410;fixes_this_process=5325;write_failures=0;screen_on=1;doze=0;battery_saver=0;unrestricted=1;bg_restricted=0;standby_bucket=5;thermal=0;battery_pct=81;charging=0;music=0;location_on=1"
1789425367392,995712238,hb,"recorder=1;since_fix_ms=402;fixes_this_process=5330;write_failures=0;screen_on=1;doze=0;battery_saver=0;unrestricted=1;bg_restricted=0;standby_bucket=5;thermal=0;battery_pct=81;charging=0;music=0;location_on=1"
1789425372397,995717243,hb,"recorder=1;since_fix_ms=422;fixes_this_process=5335;write_failures=0;screen_on=1;doze=0;battery_saver=0;unrestricted=1;bg_restricted=0;standby_bucket=5;thermal=0;battery_pct=81;charging=0;music=0;location_on=1"
1789425377409,995722255,hb,"recorder=1;since_fix_ms=428;fixes_this_process=5340;write_failures=0;screen_on=1;doze=0;battery_saver=0;unrestricted=1;bg_restricted=0;standby_bucket=5;thermal=0;battery_pct=81;charging=0;music=0;location_on=1"
1789425382418,995727264,hb,"recorder=1;since_fix_ms=431;fixes_this_process=5345;write_failures=0;screen_on=1;doze=0;battery_saver=0;unrestricted=1;bg_restricted=0;standby_bucket=5;thermal=0;battery_pct=81;charging=0;music=0;location_on=1"
1789425387425,995732272,hb,"recorder=1;since_fix_ms=443;fixes_this_process=5350;write_failures=0;screen_on=1;doze=0;battery_saver=0;unrestricted=1;bg_restricted=0;standby_bucket=5;thermal=0;battery_pct=81;charging=0;music=0;location_on=1"
1789425392439,995737285,hb,"recorder=1;since_fix_ms=455;fixes_this_process=5355;write_failures=0;screen_on=1;doze=0;battery_saver=0;unrestricted=1;bg_restricted=0;standby_bucket=5;thermal=0;battery_pct=81;charging=0;music=0;location_on=1"
1789425397447,995742294,hb,"recorder=1;since_fix_ms=535;fixes_this_process=5360;write_failures=0;screen_on=1;doze=0;battery_saver=0;unrestricted=1;bg_restricted=0;standby_bucket=5;thermal=0;battery_pct=81;charging=0;music=0;location_on=1"
1789425402454,995747300,hb,"recorder=1;since_fix_ms=459;fixes_this_process=5365;write_failures=0;screen_on=1;doze=0;battery_saver=0;unrestricted=1;bg_restricted=0;standby_bucket=5;thermal=0;battery_pct=81;charging=0;music=0;location_on=1"
1789425407466,995752313,hb,"recorder=1;since_fix_ms=486;fixes_this_process=5370;write_failures=0;screen_on=1;doze=0;battery_saver=0;unrestricted=1;bg_restricted=0;standby_bucket=5;thermal=0;battery_pct=81;charging=0;music=0;location_on=1"
1789425412475,995757321,hb,"recorder=1;since_fix_ms=602;fixes_this_process=5375;write_failures=0;screen_on=1;doze=0;battery_saver=0;unrestricted=1;bg_restricted=0;standby_bucket=5;thermal=0;battery_pct=81;charging=0;music=0;location_on=1"
1789425417483,995762329,hb,"recorder=1;since_fix_ms=501;fixes_this_process=5380;write_failures=0;screen_on=1;doze=0;battery_saver=0;unrestricted=1;bg_restricted=0;standby_bucket=5;thermal=0;battery_pct=81;charging=0;music=0;location_on=1"
1789425422492,995767339,hb,"recorder=1;since_fix_ms=514;fixes_this_process=5385;write_failures=0;screen_on=1;doze=0;battery_saver=0;unrestricted=1;bg_restricted=0;standby_bucket=5;thermal=0;battery_pct=81;charging=0;music=0;location_on=1"
1789425427498,995772344,hb,"recorder=1;since_fix_ms=524;fixes_this_process=5390;write_failures=0;screen_on=1;doze=0;battery_saver=0;unrestricted=1;bg_restricted=0;standby_bucket=5;thermal=0;battery_pct=81;charging=0;music=0;location_on=1"
1789425432505,995777352,hb,"recorder=1;since_fix_ms=528;fixes_this_process=5395;write_failures=0;screen_on=1;doze=0;battery_saver=0;unrestricted=1;bg_restricted=0;standby_bucket=5;thermal=0;battery_pct=81;charging=0;music=0;location_on=1"
1789425437514,995782360,hb,"recorder=1;since_fix_ms=535;fixes_this_process=5400;write_failures=0;screen_on=1;doze=0;battery_saver=0;unrestricted=1;bg_restricted=0;standby_bucket=5;thermal=0;battery_pct=81;charging=0;music=0;location_on=1"
1789425442518,995787364,hb,"recorder=1;since_fix_ms=532;fixes_this_process=5405;write_failures=0;screen_on=1;doze=0;battery_saver=0;unrestricted=1;bg_restricted=0;standby_bucket=5;thermal=0;battery_pct=81;charging=0;music=0;location_on=1"
1789425447527,995792373,hb,"recorder=1;since_fix_ms=550;fixes_this_process=5410;write_failures=0;screen_on=1;doze=0;battery_saver=0;unrestricted=1;bg_restricted=0;standby_bucket=5;thermal=0;battery_pct=81;charging=0;music=0;location_on=1"
1789425452541,995797387,hb,"recorder=1;since_fix_ms=565;fixes_this_process=5415;write_failures=0;screen_on=1;doze=0;battery_saver=0;unrestricted=1;bg_restricted=0;standby_bucket=5;thermal=0;battery_pct=81;charging=0;music=0;location_on=1"
1789425457551,995802397,hb,"recorder=1;since_fix_ms=574;fixes_this_process=5420;write_failures=0;screen_on=1;doze=0;battery_saver=0;unrestricted=1;bg_restricted=0;standby_bucket=5;thermal=0;battery_pct=81;charging=0;music=0;location_on=1"
1789425462560,995807406,hb,"recorder=1;since_fix_ms=682;fixes_this_process=5425;write_failures=0;screen_on=1;doze=0;battery_saver=0;unrestricted=1;bg_restricted=0;standby_bucket=5;thermal=0;battery_pct=81;charging=0;music=0;location_on=1"
1789425467570,995812416,hb,"recorder=1;since_fix_ms=595;fixes_this_process=5430;write_failures=0;screen_on=1;doze=0;battery_saver=0;unrestricted=1;bg_restricted=0;standby_bucket=5;thermal=0;battery_pct=81;charging=0;music=0;location_on=1"
1789425472579,995817425,hb,"recorder=1;since_fix_ms=598;fixes_this_process=5435;write_failures=0;screen_on=1;doze=0;battery_saver=0;unrestricted=1;bg_restricted=0;standby_bucket=5;thermal=0;battery_pct=81;charging=0;music=0;location_on=1"
1789425477588,995822435,hb,"recorder=1;since_fix_ms=610;fixes_this_process=5440;write_failures=0;screen_on=1;doze=0;battery_saver=0;unrestricted=1;bg_restricted=0;standby_bucket=5;thermal=0;battery_pct=81;charging=0;music=0;location_on=1"
1789425482602,995827448,hb,"recorder=1;since_fix_ms=684;fixes_this_process=5445;write_failures=0;screen_on=1;doze=0;battery_saver=0;unrestricted=1;bg_restricted=0;standby_bucket=5;thermal=0;battery_pct=81;charging=0;music=0;location_on=1"
1789425487610,995832456,hb,"recorder=1;since_fix_ms=628;fixes_this_process=5450;write_failures=0;screen_on=1;doze=0;battery_saver=0;unrestricted=1;bg_restricted=0;standby_bucket=5;thermal=0;battery_pct=81;charging=0;music=0;location_on=1"
1789425492618,995837465,hb,"recorder=1;since_fix_ms=644;fixes_this_process=5455;write_failures=0;screen_on=1;doze=0;battery_saver=0;unrestricted=1;bg_restricted=0;standby_bucket=5;thermal=0;battery_pct=81;charging=0;music=0;location_on=1"
1789425497630,995842476,hb,"recorder=1;since_fix_ms=649;fixes_this_process=5460;write_failures=0;screen_on=1;doze=0;battery_saver=0;unrestricted=1;bg_restricted=0;standby_bucket=5;thermal=0;battery_pct=81;charging=0;music=0;location_on=1"
1789425502639,995847485,hb,"recorder=1;since_fix_ms=648;fixes_this_process=5465;write_failures=0;screen_on=1;doze=0;battery_saver=0;unrestricted=1;bg_restricted=0;standby_bucket=5;thermal=0;battery_pct=81;charging=0;music=0;location_on=1"
1789425507645,995852492,hb,"recorder=1;since_fix_ms=672;fixes_this_process=5470;write_failures=0;screen_on=1;doze=0;battery_saver=0;unrestricted=1;bg_restricted=0;standby_bucket=5;thermal=0;battery_pct=81;charging=0;music=0;location_on=1"
1789425512658,995857505,hb,"recorder=1;since_fix_ms=684;fixes_this_process=5475;write_failures=0;screen_on=1;doze=0;battery_saver=0;unrestricted=1;bg_restricted=0;standby_bucket=5;thermal=0;battery_pct=81;charging=0;music=0;location_on=1"
1789425517665,995862512,hb,"recorder=1;since_fix_ms=686;fixes_this_process=5480;write_failures=0;screen_on=1;doze=0;battery_saver=0;unrestricted=1;bg_restricted=0;standby_bucket=5;thermal=0;battery_pct=81;charging=0;music=0;location_on=1"
1789425522670,995867516,hb,"recorder=1;since_fix_ms=692;fixes_this_process=5485;write_failures=0;screen_on=1;doze=0;battery_saver=0;unrestricted=1;bg_restricted=0;standby_bucket=5;thermal=0;battery_pct=81;charging=0;music=0;location_on=1"
1789425527685,995872531,hb,"recorder=1;since_fix_ms=706;fixes_this_process=5490;write_failures=0;screen_on=1;doze=0;battery_saver=0;unrestricted=1;bg_restricted=0;standby_bucket=5;thermal=0;battery_pct=81;charging=0;music=0;location_on=1"
1789425532689,995877535,hb,"recorder=1;since_fix_ms=711;fixes_this_process=5495;write_failures=0;screen_on=1;doze=0;battery_saver=0;unrestricted=1;bg_restricted=0;standby_bucket=5;thermal=0;battery_pct=81;charging=0;music=0;location_on=1"
1789425537697,995882544,hb,"recorder=1;since_fix_ms=717;fixes_this_process=5500;write_failures=0;screen_on=1;doze=0;battery_saver=0;unrestricted=1;bg_restricted=0;standby_bucket=5;thermal=0;battery_pct=81;charging=0;music=0;location_on=1"
1789425542704,995887550,hb,"recorder=1;since_fix_ms=728;fixes_this_process=5505;write_failures=0;screen_on=1;doze=0;battery_saver=0;unrestricted=1;bg_restricted=0;standby_bucket=5;thermal=0;battery_pct=81;charging=0;music=0;location_on=1"
1789425547712,995892558,hb,"recorder=1;since_fix_ms=725;fixes_this_process=5510;write_failures=0;screen_on=1;doze=0;battery_saver=0;unrestricted=1;bg_restricted=0;standby_bucket=5;thermal=0;battery_pct=81;charging=0;music=0;location_on=1"
1789425552720,995897567,hb,"recorder=1;since_fix_ms=732;fixes_this_process=5515;write_failures=0;screen_on=1;doze=0;battery_saver=0;unrestricted=1;bg_restricted=0;standby_bucket=5;thermal=0;battery_pct=81;charging=0;music=0;location_on=1"
1789425557734,995902581,hb,"recorder=1;since_fix_ms=761;fixes_this_process=5520;write_failures=0;screen_on=1;doze=0;battery_saver=0;unrestricted=1;bg_restricted=0;standby_bucket=5;thermal=0;battery_pct=81;charging=0;music=0;location_on=1"
1789425562744,995907590,hb,"recorder=1;since_fix_ms=769;fixes_this_process=5525;write_failures=0;screen_on=1;doze=0;battery_saver=0;unrestricted=1;bg_restricted=0;standby_bucket=5;thermal=0;battery_pct=81;charging=0;music=0;location_on=1"
1789425567752,995912599,hb,"recorder=1;since_fix_ms=776;fixes_this_process=5530;write_failures=0;screen_on=1;doze=0;battery_saver=0;unrestricted=1;bg_restricted=0;standby_bucket=5;thermal=0;battery_pct=81;charging=0;music=0;location_on=1"
1789425572765,995917612,hb,"recorder=1;since_fix_ms=781;fixes_this_process=5535;write_failures=0;screen_on=1;doze=0;battery_saver=0;unrestricted=1;bg_restricted=0;standby_bucket=5;thermal=0;battery_pct=81;charging=0;music=0;location_on=1"
1789425577770,995922616,hb,"recorder=1;since_fix_ms=777;fixes_this_process=5540;write_failures=0;screen_on=1;doze=0;battery_saver=0;unrestricted=1;bg_restricted=0;standby_bucket=5;thermal=0;battery_pct=81;charging=0;music=0;location_on=1"
1789425582778,995927624,hb,"recorder=1;since_fix_ms=785;fixes_this_process=5545;write_failures=0;screen_on=1;doze=0;battery_saver=0;unrestricted=1;bg_restricted=0;standby_bucket=5;thermal=0;battery_pct=81;charging=0;music=0;location_on=1"
1789425587791,995932638,hb,"recorder=1;since_fix_ms=800;fixes_this_process=5550;write_failures=0;screen_on=1;doze=0;battery_saver=0;unrestricted=1;bg_restricted=0;standby_bucket=5;thermal=0;battery_pct=81;charging=0;music=0;location_on=1"
1789425592799,995937645,hb,"recorder=1;since_fix_ms=822;fixes_this_process=5555;write_failures=0;screen_on=1;doze=0;battery_saver=0;unrestricted=1;bg_restricted=0;standby_bucket=5;thermal=0;battery_pct=81;charging=0;music=0;location_on=1"
1789425597807,995942653,hb,"recorder=1;since_fix_ms=828;fixes_this_process=5560;write_failures=0;screen_on=1;doze=0;battery_saver=0;unrestricted=1;bg_restricted=0;standby_bucket=5;thermal=0;battery_pct=81;charging=0;music=0;location_on=1"
1789425602818,995947664,hb,"recorder=1;since_fix_ms=838;fixes_this_process=5565;write_failures=0;screen_on=1;doze=0;battery_saver=0;unrestricted=1;bg_restricted=0;standby_bucket=5;thermal=0;battery_pct=81;charging=0;music=0;location_on=1"
1789425607826,995952672,hb,"recorder=1;since_fix_ms=852;fixes_this_process=5570;write_failures=0;screen_on=1;doze=0;battery_saver=0;unrestricted=1;bg_restricted=0;standby_bucket=5;thermal=0;battery_pct=81;charging=0;music=0;location_on=1"
1789425612834,995957681,hb,"recorder=1;since_fix_ms=852;fixes_this_process=5575;write_failures=0;screen_on=1;doze=0;battery_saver=0;unrestricted=1;bg_restricted=0;standby_bucket=5;thermal=0;battery_pct=81;charging=0;music=0;location_on=1"
1789425617845,995962691,hb,"recorder=1;since_fix_ms=866;fixes_this_process=5580;write_failures=0;screen_on=1;doze=0;battery_saver=0;unrestricted=1;bg_restricted=0;standby_bucket=5;thermal=0;battery_pct=81;charging=0;music=0;location_on=1"
1789425622853,995967700,hb,"recorder=1;since_fix_ms=872;fixes_this_process=5585;write_failures=0;screen_on=1;doze=0;battery_saver=0;unrestricted=1;bg_restricted=0;standby_bucket=5;thermal=0;battery_pct=81;charging=0;music=0;location_on=1"
1789425627862,995972708,hb,"recorder=1;since_fix_ms=886;fixes_this_process=5590;write_failures=0;screen_on=1;doze=0;battery_saver=0;unrestricted=1;bg_restricted=0;standby_bucket=5;thermal=0;battery_pct=81;charging=0;music=0;location_on=1"
1789425632875,995977722,hb,"recorder=1;since_fix_ms=896;fixes_this_process=5595;write_failures=0;screen_on=1;doze=0;battery_saver=0;unrestricted=1;bg_restricted=0;standby_bucket=5;thermal=0;battery_pct=81;charging=0;music=0;location_on=1"
1789425637881,995982727,hb,"recorder=1;since_fix_ms=1009;fixes_this_process=5600;write_failures=0;screen_on=1;doze=0;battery_saver=0;unrestricted=1;bg_restricted=0;standby_bucket=5;thermal=0;battery_pct=81;charging=0;music=0;location_on=1"
1789425642889,995987735,hb,"recorder=1;since_fix_ms=914;fixes_this_process=5605;write_failures=0;screen_on=1;doze=0;battery_saver=0;unrestricted=1;bg_restricted=0;standby_bucket=5;thermal=0;battery_pct=81;charging=0;music=0;location_on=1"
1789425647897,995992743,hb,"recorder=1;since_fix_ms=3;fixes_this_process=5611;write_failures=0;screen_on=1;doze=0;battery_saver=0;unrestricted=1;bg_restricted=0;standby_bucket=5;thermal=0;battery_pct=81;charging=0;music=0;location_on=1"
1789425652904,995997751,hb,"recorder=1;since_fix_ms=972;fixes_this_process=5615;write_failures=0;screen_on=1;doze=0;battery_saver=0;unrestricted=1;bg_restricted=0;standby_bucket=5;thermal=0;battery_pct=81;charging=0;music=0;location_on=1"
1789425657914,996002760,hb,"recorder=1;since_fix_ms=935;fixes_this_process=5620;write_failures=0;screen_on=1;doze=0;battery_saver=0;unrestricted=1;bg_restricted=0;standby_bucket=5;thermal=0;battery_pct=81;charging=0;music=0;location_on=1"
1789425662923,996007769,hb,"recorder=1;since_fix_ms=762;fixes_this_process=5625;write_failures=0;screen_on=1;doze=0;battery_saver=0;unrestricted=1;bg_restricted=0;standby_bucket=5;thermal=0;battery_pct=81;charging=0;music=0;location_on=1"
1789425667930,996012777,hb,"recorder=1;since_fix_ms=957;fixes_this_process=5630;write_failures=0;screen_on=1;doze=0;battery_saver=0;unrestricted=1;bg_restricted=0;standby_bucket=5;thermal=0;battery_pct=81;charging=0;music=0;location_on=1"
1789425672939,996017785,hb,"recorder=1;since_fix_ms=963;fixes_this_process=5635;write_failures=0;screen_on=1;doze=0;battery_saver=0;unrestricted=1;bg_restricted=0;standby_bucket=5;thermal=0;battery_pct=81;charging=0;music=0;location_on=1"
1789425677946,996022792,hb,"recorder=1;since_fix_ms=976;fixes_this_process=5640;write_failures=0;screen_on=0;doze=0;battery_saver=0;unrestricted=1;bg_restricted=0;standby_bucket=5;thermal=0;battery_pct=81;charging=0;music=0;location_on=1"
1789425678484,996023330,screen_off,"screen_on=0;doze=0;battery_saver=0;unrestricted=1;bg_restricted=0;standby_bucket=5;thermal=0;battery_pct=81;charging=0;music=0;location_on=1"
1789425682954,996027801,hb,"recorder=1;since_fix_ms=982;fixes_this_process=5645;write_failures=0;screen_on=0;doze=0;battery_saver=0;unrestricted=1;bg_restricted=0;standby_bucket=5;thermal=0;battery_pct=81;charging=0;music=0;location_on=1"
1789425687962,996032808,hb,"recorder=1;since_fix_ms=976;fixes_this_process=5650;write_failures=0;screen_on=0;doze=0;battery_saver=0;unrestricted=1;bg_restricted=0;standby_bucket=5;thermal=0;battery_pct=81;charging=0;music=0;location_on=1"
1789425692973,996037819,hb,"recorder=1;since_fix_ms=1051;fixes_this_process=5655;write_failures=0;screen_on=0;doze=0;battery_saver=0;unrestricted=1;bg_restricted=0;standby_bucket=5;thermal=0;battery_pct=81;charging=0;music=0;location_on=1"
1789425697978,996042825,hb,"recorder=1;since_fix_ms=996;fixes_this_process=5660;write_failures=0;screen_on=0;doze=0;battery_saver=0;unrestricted=1;bg_restricted=0;standby_bucket=5;thermal=0;battery_pct=81;charging=0;music=0;location_on=1"
1789425702984,996047830,hb,"recorder=1;since_fix_ms=42;fixes_this_process=5666;write_failures=0;screen_on=0;doze=0;battery_saver=0;unrestricted=1;bg_restricted=0;standby_bucket=5;thermal=0;battery_pct=81;charging=0;music=0;location_on=1"
1789425707995,996052842,hb,"recorder=1;since_fix_ms=22;fixes_this_process=5671;write_failures=0;screen_on=0;doze=0;battery_saver=0;unrestricted=1;bg_restricted=0;standby_bucket=5;thermal=0;battery_pct=81;charging=0;music=0;location_on=1"
1789425712998,996057845,hb,"recorder=1;since_fix_ms=20;fixes_this_process=5676;write_failures=0;screen_on=0;doze=0;battery_saver=0;unrestricted=1;bg_restricted=0;standby_bucket=5;thermal=0;battery_pct=81;charging=0;music=0;location_on=1"
1789425718006,996062853,hb,"recorder=1;since_fix_ms=31;fixes_this_process=5681;write_failures=0;screen_on=0;doze=0;battery_saver=0;unrestricted=1;bg_restricted=0;standby_bucket=5;thermal=0;battery_pct=81;charging=0;music=0;location_on=1"
1789425723013,996067859,hb,"recorder=1;since_fix_ms=27;fixes_this_process=5686;write_failures=0;screen_on=0;doze=0;battery_saver=0;unrestricted=1;bg_restricted=0;standby_bucket=5;thermal=0;battery_pct=81;charging=0;music=0;location_on=1"
1789425728017,996072864,hb,"recorder=1;since_fix_ms=38;fixes_this_process=5691;write_failures=0;screen_on=0;doze=0;battery_saver=0;unrestricted=1;bg_restricted=0;standby_bucket=5;thermal=0;battery_pct=81;charging=0;music=0;location_on=1"
1789425733022,996077869,hb,"recorder=1;since_fix_ms=38;fixes_this_process=5696;write_failures=0;screen_on=0;doze=0;battery_saver=0;unrestricted=1;bg_restricted=0;standby_bucket=5;thermal=0;battery_pct=81;charging=0;music=0;location_on=1"
1789425738031,996082878,hb,"recorder=1;since_fix_ms=48;fixes_this_process=5701;write_failures=0;screen_on=0;doze=0;battery_saver=0;unrestricted=1;bg_restricted=0;standby_bucket=5;thermal=0;battery_pct=81;charging=0;music=0;location_on=1"
1789425743040,996087887,hb,"recorder=1;since_fix_ms=61;fixes_this_process=5706;write_failures=0;screen_on=0;doze=0;battery_saver=0;unrestricted=1;bg_restricted=0;standby_bucket=5;thermal=0;battery_pct=81;charging=0;music=0;location_on=1"
1789425748046,996092892,hb,"recorder=1;since_fix_ms=70;fixes_this_process=5711;write_failures=0;screen_on=0;doze=0;battery_saver=0;unrestricted=1;bg_restricted=0;standby_bucket=5;thermal=0;battery_pct=81;charging=0;music=0;location_on=1"
1789425753053,996097900,hb,"recorder=1;since_fix_ms=75;fixes_this_process=5716;write_failures=0;screen_on=0;doze=0;battery_saver=0;unrestricted=1;bg_restricted=0;standby_bucket=5;thermal=0;battery_pct=81;charging=0;music=0;location_on=1"
1789425758061,996102908,hb,"recorder=1;since_fix_ms=83;fixes_this_process=5721;write_failures=0;screen_on=0;doze=0;battery_saver=0;unrestricted=1;bg_restricted=0;standby_bucket=5;thermal=0;battery_pct=81;charging=0;music=0;location_on=1"
1789425763069,996107916,hb,"recorder=1;since_fix_ms=92;fixes_this_process=5726;write_failures=0;screen_on=0;doze=0;battery_saver=0;unrestricted=1;bg_restricted=0;standby_bucket=5;thermal=0;battery_pct=81;charging=0;music=0;location_on=1"
1789425768081,996112927,hb,"recorder=1;since_fix_ms=98;fixes_this_process=5731;write_failures=0;screen_on=0;doze=0;battery_saver=0;unrestricted=1;bg_restricted=0;standby_bucket=5;thermal=0;battery_pct=81;charging=0;music=0;location_on=1"
1789425773089,996117935,hb,"recorder=1;since_fix_ms=110;fixes_this_process=5736;write_failures=0;screen_on=0;doze=0;battery_saver=0;unrestricted=1;bg_restricted=0;standby_bucket=5;thermal=0;battery_pct=81;charging=0;music=0;location_on=1"
1789425778098,996122944,hb,"recorder=1;since_fix_ms=114;fixes_this_process=5741;write_failures=0;screen_on=0;doze=0;battery_saver=0;unrestricted=1;bg_restricted=0;standby_bucket=5;thermal=0;battery_pct=81;charging=0;music=0;location_on=1"
1789425783110,996127956,hb,"recorder=1;since_fix_ms=111;fixes_this_process=5746;write_failures=0;screen_on=0;doze=0;battery_saver=0;unrestricted=1;bg_restricted=0;standby_bucket=5;thermal=0;battery_pct=81;charging=0;music=0;location_on=1"
1789425788118,996132964,hb,"recorder=1;since_fix_ms=136;fixes_this_process=5751;write_failures=0;screen_on=0;doze=0;battery_saver=0;unrestricted=1;bg_restricted=0;standby_bucket=5;thermal=0;battery_pct=81;charging=0;music=0;location_on=1"
1789425793126,996137973,hb,"recorder=1;since_fix_ms=142;fixes_this_process=5756;write_failures=0;screen_on=0;doze=0;battery_saver=0;unrestricted=1;bg_restricted=0;standby_bucket=5;thermal=0;battery_pct=81;charging=0;music=0;location_on=1"
1789425798141,996142988,hb,"recorder=1;since_fix_ms=159;fixes_this_process=5761;write_failures=0;screen_on=0;doze=0;battery_saver=0;unrestricted=1;bg_restricted=0;standby_bucket=5;thermal=0;battery_pct=81;charging=0;music=0;location_on=1"
1789425803150,996147997,hb,"recorder=1;since_fix_ms=169;fixes_this_process=5766;write_failures=0;screen_on=0;doze=0;battery_saver=0;unrestricted=1;bg_restricted=0;standby_bucket=5;thermal=0;battery_pct=81;charging=0;music=0;location_on=1"
1789425808158,996153005,hb,"recorder=1;since_fix_ms=178;fixes_this_process=5771;write_failures=0;screen_on=0;doze=0;battery_saver=0;unrestricted=1;bg_restricted=0;standby_bucket=5;thermal=0;battery_pct=81;charging=0;music=0;location_on=1"
1789425813170,996158016,hb,"recorder=1;since_fix_ms=291;fixes_this_process=5776;write_failures=0;screen_on=0;doze=0;battery_saver=0;unrestricted=1;bg_restricted=0;standby_bucket=5;thermal=0;battery_pct=81;charging=0;music=0;location_on=1"
1789425818178,996163025,hb,"recorder=1;since_fix_ms=198;fixes_this_process=5781;write_failures=0;screen_on=0;doze=0;battery_saver=0;unrestricted=1;bg_restricted=0;standby_bucket=5;thermal=0;battery_pct=81;charging=0;music=0;location_on=1"
1789425823187,996168034,hb,"recorder=1;since_fix_ms=342;fixes_this_process=5786;write_failures=0;screen_on=0;doze=0;battery_saver=0;unrestricted=1;bg_restricted=0;standby_bucket=5;thermal=0;battery_pct=81;charging=0;music=0;location_on=1"
1789425828193,996173040,hb,"recorder=1;since_fix_ms=372;fixes_this_process=5791;write_failures=0;screen_on=0;doze=0;battery_saver=0;unrestricted=1;bg_restricted=0;standby_bucket=5;thermal=0;battery_pct=81;charging=0;music=0;location_on=1"
1789425833202,996178048,hb,"recorder=1;since_fix_ms=437;fixes_this_process=5796;write_failures=0;screen_on=0;doze=0;battery_saver=0;unrestricted=1;bg_restricted=0;standby_bucket=5;thermal=0;battery_pct=81;charging=0;music=0;location_on=1"
1789425838210,996183056,hb,"recorder=1;since_fix_ms=231;fixes_this_process=5801;write_failures=0;screen_on=0;doze=0;battery_saver=0;unrestricted=1;bg_restricted=0;standby_bucket=5;thermal=0;battery_pct=81;charging=0;music=0;location_on=1"
1789425843221,996188067,hb,"recorder=1;since_fix_ms=256;fixes_this_process=5806;write_failures=0;screen_on=0;doze=0;battery_saver=0;unrestricted=1;bg_restricted=0;standby_bucket=5;thermal=0;battery_pct=81;charging=0;music=0;location_on=1"
1789425848225,996193072,hb,"recorder=1;since_fix_ms=251;fixes_this_process=5811;write_failures=0;screen_on=0;doze=0;battery_saver=0;unrestricted=1;bg_restricted=0;standby_bucket=5;thermal=0;battery_pct=81;charging=0;music=0;location_on=1"
1789425853233,996198079,hb,"recorder=1;since_fix_ms=307;fixes_this_process=5816;write_failures=0;screen_on=0;doze=0;battery_saver=0;unrestricted=1;bg_restricted=0;standby_bucket=5;thermal=0;battery_pct=81;charging=0;music=0;location_on=1"
1789425858243,996203090,hb,"recorder=1;since_fix_ms=267;fixes_this_process=5821;write_failures=0;screen_on=0;doze=0;battery_saver=0;unrestricted=1;bg_restricted=0;standby_bucket=5;thermal=0;battery_pct=81;charging=0;music=0;location_on=1"
1789425863249,996208095,hb,"recorder=1;since_fix_ms=274;fixes_this_process=5826;write_failures=0;screen_on=0;doze=0;battery_saver=0;unrestricted=1;bg_restricted=0;standby_bucket=5;thermal=0;battery_pct=81;charging=0;music=0;location_on=1"
1789425868257,996213103,hb,"recorder=1;since_fix_ms=275;fixes_this_process=5831;write_failures=0;screen_on=0;doze=0;battery_saver=0;unrestricted=1;bg_restricted=0;standby_bucket=5;thermal=0;battery_pct=81;charging=0;music=0;location_on=1"
1789425873268,996218115,hb,"recorder=1;since_fix_ms=287;fixes_this_process=5836;write_failures=0;screen_on=0;doze=0;battery_saver=0;unrestricted=1;bg_restricted=0;standby_bucket=5;thermal=0;battery_pct=81;charging=0;music=0;location_on=1"
1789425878272,996223118,hb,"recorder=1;since_fix_ms=297;fixes_this_process=5841;write_failures=0;screen_on=0;doze=0;battery_saver=0;unrestricted=1;bg_restricted=0;standby_bucket=5;thermal=0;battery_pct=81;charging=0;music=0;location_on=1"
1789425883280,996228127,hb,"recorder=1;since_fix_ms=322;fixes_this_process=5846;write_failures=0;screen_on=0;doze=0;battery_saver=0;unrestricted=1;bg_restricted=0;standby_bucket=5;thermal=0;battery_pct=81;charging=0;music=0;location_on=1"
1789425888293,996233140,hb,"recorder=1;since_fix_ms=310;fixes_this_process=5851;write_failures=0;screen_on=0;doze=0;battery_saver=0;unrestricted=1;bg_restricted=0;standby_bucket=5;thermal=0;battery_pct=81;charging=0;music=0;location_on=1"
1789425893302,996238148,hb,"recorder=1;since_fix_ms=317;fixes_this_process=5856;write_failures=0;screen_on=0;doze=0;battery_saver=0;unrestricted=1;bg_restricted=0;standby_bucket=5;thermal=0;battery_pct=81;charging=0;music=0;location_on=1"
1789425898306,996243152,hb,"recorder=1;since_fix_ms=315;fixes_this_process=5861;write_failures=0;screen_on=0;doze=0;battery_saver=0;unrestricted=1;bg_restricted=0;standby_bucket=5;thermal=0;battery_pct=81;charging=0;music=0;location_on=1"
1789425903319,996248166,hb,"recorder=1;since_fix_ms=337;fixes_this_process=5866;write_failures=0;screen_on=0;doze=0;battery_saver=0;unrestricted=1;bg_restricted=0;standby_bucket=5;thermal=0;battery_pct=81;charging=0;music=0;location_on=1"
1789425908326,996253172,hb,"recorder=1;since_fix_ms=343;fixes_this_process=5871;write_failures=0;screen_on=0;doze=0;battery_saver=0;unrestricted=1;bg_restricted=0;standby_bucket=5;thermal=0;battery_pct=81;charging=0;music=0;location_on=1"
1789425913335,996258181,hb,"recorder=1;since_fix_ms=357;fixes_this_process=5876;write_failures=0;screen_on=0;doze=0;battery_saver=0;unrestricted=1;bg_restricted=0;standby_bucket=5;thermal=0;battery_pct=81;charging=0;music=0;location_on=1"
1789425918348,996263194,hb,"recorder=1;since_fix_ms=367;fixes_this_process=5881;write_failures=0;screen_on=0;doze=0;battery_saver=0;unrestricted=1;bg_restricted=0;standby_bucket=5;thermal=0;battery_pct=81;charging=0;music=0;location_on=1"
1789425923354,996268201,hb,"recorder=1;since_fix_ms=379;fixes_this_process=5886;write_failures=0;screen_on=0;doze=0;battery_saver=0;unrestricted=1;bg_restricted=0;standby_bucket=5;thermal=0;battery_pct=81;charging=0;music=0;location_on=1"
1789425928361,996273208,hb,"recorder=1;since_fix_ms=398;fixes_this_process=5891;write_failures=0;screen_on=0;doze=0;battery_saver=0;unrestricted=1;bg_restricted=0;standby_bucket=5;thermal=0;battery_pct=81;charging=0;music=0;location_on=1"
1789425933371,996278217,hb,"recorder=1;since_fix_ms=394;fixes_this_process=5896;write_failures=0;screen_on=0;doze=0;battery_saver=0;unrestricted=1;bg_restricted=0;standby_bucket=5;thermal=0;battery_pct=81;charging=0;music=0;location_on=1"
1789425938379,996283225,hb,"recorder=1;since_fix_ms=398;fixes_this_process=5901;write_failures=0;screen_on=0;doze=0;battery_saver=0;unrestricted=1;bg_restricted=0;standby_bucket=5;thermal=0;battery_pct=81;charging=0;music=0;location_on=1"
1789425943387,996288234,hb,"recorder=1;since_fix_ms=414;fixes_this_process=5906;write_failures=0;screen_on=0;doze=0;battery_saver=0;unrestricted=1;bg_restricted=0;standby_bucket=5;thermal=0;battery_pct=81;charging=0;music=0;location_on=1"
1789425948400,996293246,hb,"recorder=1;since_fix_ms=427;fixes_this_process=5911;write_failures=0;screen_on=0;doze=0;battery_saver=0;unrestricted=1;bg_restricted=0;standby_bucket=5;thermal=0;battery_pct=81;charging=0;music=0;location_on=1"
1789425953408,996298255,hb,"recorder=1;since_fix_ms=423;fixes_this_process=5916;write_failures=0;screen_on=0;doze=0;battery_saver=0;unrestricted=1;bg_restricted=0;standby_bucket=5;thermal=0;battery_pct=81;charging=0;music=0;location_on=1"
1789425958417,996303263,hb,"recorder=1;since_fix_ms=446;fixes_this_process=5921;write_failures=0;screen_on=0;doze=0;battery_saver=0;unrestricted=1;bg_restricted=0;standby_bucket=5;thermal=0;battery_pct=81;charging=0;music=0;location_on=1"
1789425963429,996308276,hb,"recorder=1;since_fix_ms=452;fixes_this_process=5926;write_failures=0;screen_on=0;doze=0;battery_saver=0;unrestricted=1;bg_restricted=0;standby_bucket=5;thermal=0;battery_pct=81;charging=0;music=0;location_on=1"
1789425968438,996313285,hb,"recorder=1;since_fix_ms=459;fixes_this_process=5931;write_failures=0;screen_on=0;doze=0;battery_saver=0;unrestricted=1;bg_restricted=0;standby_bucket=5;thermal=0;battery_pct=81;charging=0;music=0;location_on=1"
1789425973446,996318292,hb,"recorder=1;since_fix_ms=455;fixes_this_process=5936;write_failures=0;screen_on=0;doze=0;battery_saver=0;unrestricted=1;bg_restricted=0;standby_bucket=5;thermal=0;battery_pct=81;charging=0;music=0;location_on=1"
1789425978454,996323301,hb,"recorder=1;since_fix_ms=470;fixes_this_process=5941;write_failures=0;screen_on=0;doze=0;battery_saver=0;unrestricted=1;bg_restricted=0;standby_bucket=5;thermal=0;battery_pct=81;charging=0;music=0;location_on=1"
1789425983463,996328310,hb,"recorder=1;since_fix_ms=479;fixes_this_process=5946;write_failures=0;screen_on=0;doze=0;battery_saver=0;unrestricted=1;bg_restricted=0;standby_bucket=5;thermal=0;battery_pct=81;charging=0;music=0;location_on=1"
1789425988473,996333320,hb,"recorder=1;since_fix_ms=483;fixes_this_process=5951;write_failures=0;screen_on=0;doze=0;battery_saver=0;unrestricted=1;bg_restricted=0;standby_bucket=5;thermal=0;battery_pct=81;charging=0;music=0;location_on=1"
1789425993485,996338331,hb,"recorder=1;since_fix_ms=521;fixes_this_process=5956;write_failures=0;screen_on=0;doze=0;battery_saver=0;unrestricted=1;bg_restricted=0;standby_bucket=5;thermal=0;battery_pct=81;charging=0;music=0;location_on=1"
1789425998491,996343338,hb,"recorder=1;since_fix_ms=513;fixes_this_process=5961;write_failures=0;screen_on=0;doze=0;battery_saver=0;unrestricted=1;bg_restricted=0;standby_bucket=5;thermal=0;battery_pct=81;charging=0;music=0;location_on=1"
1789426003500,996348346,hb,"recorder=1;since_fix_ms=516;fixes_this_process=5966;write_failures=0;screen_on=0;doze=0;battery_saver=0;unrestricted=1;bg_restricted=0;standby_bucket=5;thermal=0;battery_pct=81;charging=0;music=0;location_on=1"
1789426008513,996353359,hb,"recorder=1;since_fix_ms=532;fixes_this_process=5971;write_failures=0;screen_on=0;doze=0;battery_saver=0;unrestricted=1;bg_restricted=0;standby_bucket=5;thermal=0;battery_pct=81;charging=0;music=0;location_on=1"
1789426013521,996358368,hb,"recorder=1;since_fix_ms=540;fixes_this_process=5976;write_failures=0;screen_on=0;doze=0;battery_saver=0;unrestricted=1;bg_restricted=0;standby_bucket=5;thermal=0;battery_pct=81;charging=0;music=0;location_on=1"
1789426018531,996363377,hb,"recorder=1;since_fix_ms=538;fixes_this_process=5981;write_failures=0;screen_on=0;doze=0;battery_saver=0;unrestricted=1;bg_restricted=0;standby_bucket=5;thermal=0;battery_pct=81;charging=0;music=0;location_on=1"
1789426023545,996368391,hb,"recorder=1;since_fix_ms=561;fixes_this_process=5986;write_failures=0;screen_on=0;doze=0;battery_saver=0;unrestricted=1;bg_restricted=0;standby_bucket=5;thermal=0;battery_pct=81;charging=0;music=0;location_on=1"
1789426028553,996373400,hb,"recorder=1;since_fix_ms=575;fixes_this_process=5991;write_failures=0;screen_on=0;doze=0;battery_saver=0;unrestricted=1;bg_restricted=0;standby_bucket=5;thermal=0;battery_pct=81;charging=0;music=0;location_on=1"
1789426033562,996378409,hb,"recorder=1;since_fix_ms=587;fixes_this_process=5996;write_failures=0;screen_on=0;doze=0;battery_saver=0;unrestricted=1;bg_restricted=0;standby_bucket=5;thermal=0;battery_pct=81;charging=0;music=0;location_on=1"
1789426038574,996383420,hb,"recorder=1;since_fix_ms=596;fixes_this_process=6001;write_failures=0;screen_on=0;doze=0;battery_saver=0;unrestricted=1;bg_restricted=0;standby_bucket=5;thermal=0;battery_pct=81;charging=0;music=0;location_on=1"
1789426043583,996388430,hb,"recorder=1;since_fix_ms=603;fixes_this_process=6006;write_failures=0;screen_on=0;doze=0;battery_saver=0;unrestricted=1;bg_restricted=0;standby_bucket=5;thermal=0;battery_pct=81;charging=0;music=0;location_on=1"
1789426048592,996393439,hb,"recorder=1;since_fix_ms=612;fixes_this_process=6011;write_failures=0;screen_on=0;doze=0;battery_saver=0;unrestricted=1;bg_restricted=0;standby_bucket=5;thermal=0;battery_pct=81;charging=0;music=0;location_on=1"
1789426053607,996398453,hb,"recorder=1;since_fix_ms=619;fixes_this_process=6016;write_failures=0;screen_on=0;doze=0;battery_saver=0;unrestricted=1;bg_restricted=0;standby_bucket=5;thermal=0;battery_pct=81;charging=0;music=0;location_on=1"
1789426054670,996399516,screen_on,"screen_on=1;doze=0;battery_saver=0;unrestricted=1;bg_restricted=0;standby_bucket=5;thermal=0;battery_pct=81;charging=0;music=0;location_on=1"
1789426056675,996401521,screen_off,"screen_on=1;doze=0;battery_saver=0;unrestricted=1;bg_restricted=0;standby_bucket=5;thermal=0;battery_pct=81;charging=0;music=0;location_on=1"
1789426056691,996401538,screen_on,"screen_on=1;doze=0;battery_saver=0;unrestricted=1;bg_restricted=0;standby_bucket=5;thermal=0;battery_pct=81;charging=0;music=0;location_on=1"
1789426058613,996403459,hb,"recorder=1;since_fix_ms=674;fixes_this_process=6021;write_failures=0;screen_on=1;doze=0;battery_saver=0;unrestricted=1;bg_restricted=0;standby_bucket=5;thermal=0;battery_pct=81;charging=0;music=0;location_on=1"
1789426063619,996408465,hb,"recorder=1;since_fix_ms=577;fixes_this_process=6026;write_failures=0;screen_on=1;doze=0;battery_saver=0;unrestricted=1;bg_restricted=0;standby_bucket=5;thermal=0;battery_pct=81;charging=0;music=0;location_on=1"
1789426068629,996413476,hb,"recorder=1;since_fix_ms=659;fixes_this_process=6031;write_failures=0;screen_on=1;doze=0;battery_saver=0;unrestricted=1;bg_restricted=0;standby_bucket=5;thermal=0;battery_pct=81;charging=0;music=0;location_on=1"
1789426073638,996418484,hb,"recorder=1;since_fix_ms=663;fixes_this_process=6036;write_failures=0;screen_on=1;doze=0;battery_saver=0;unrestricted=1;bg_restricted=0;standby_bucket=5;thermal=0;battery_pct=81;charging=0;music=0;location_on=1"
1789426078647,996423493,hb,"recorder=1;since_fix_ms=661;fixes_this_process=6041;write_failures=0;screen_on=1;doze=0;battery_saver=0;unrestricted=1;bg_restricted=0;standby_bucket=5;thermal=0;battery_pct=81;charging=0;music=0;location_on=1"
1789426083658,996428504,hb,"recorder=1;since_fix_ms=679;fixes_this_process=6046;write_failures=0;screen_on=1;doze=0;battery_saver=0;unrestricted=1;bg_restricted=0;standby_bucket=5;thermal=0;battery_pct=80;charging=0;music=0;location_on=1"
1789426088666,996433513,hb,"recorder=1;since_fix_ms=694;fixes_this_process=6051;write_failures=0;screen_on=1;doze=0;battery_saver=0;unrestricted=1;bg_restricted=0;standby_bucket=5;thermal=0;battery_pct=80;charging=0;music=0;location_on=1"
1789426093675,996438522,hb,"recorder=1;since_fix_ms=696;fixes_this_process=6056;write_failures=0;screen_on=1;doze=0;battery_saver=0;unrestricted=1;bg_restricted=0;standby_bucket=5;thermal=0;battery_pct=80;charging=0;music=0;location_on=1"
1789426098681,996443528,hb,"recorder=1;since_fix_ms=700;fixes_this_process=6061;write_failures=0;screen_on=1;doze=0;battery_saver=0;unrestricted=1;bg_restricted=0;standby_bucket=5;thermal=0;battery_pct=80;charging=0;music=0;location_on=1"
1789426103690,996448536,hb,"recorder=1;since_fix_ms=792;fixes_this_process=6066;write_failures=0;screen_on=1;doze=0;battery_saver=0;unrestricted=1;bg_restricted=0;standby_bucket=5;thermal=0;battery_pct=80;charging=0;music=0;location_on=1"
1789426108693,996453540,hb,"recorder=1;since_fix_ms=717;fixes_this_process=6071;write_failures=0;screen_on=1;doze=0;battery_saver=0;unrestricted=1;bg_restricted=0;standby_bucket=5;thermal=0;battery_pct=80;charging=0;music=0;location_on=1"
1789426113702,996458548,hb,"recorder=1;since_fix_ms=782;fixes_this_process=6076;write_failures=0;screen_on=1;doze=0;battery_saver=0;unrestricted=1;bg_restricted=0;standby_bucket=5;thermal=0;battery_pct=80;charging=0;music=0;location_on=1"
1789426118710,996463557,hb,"recorder=1;since_fix_ms=735;fixes_this_process=6081;write_failures=0;screen_on=1;doze=0;battery_saver=0;unrestricted=1;bg_restricted=0;standby_bucket=5;thermal=0;battery_pct=80;charging=0;music=0;location_on=1"
1789426123719,996468566,hb,"recorder=1;since_fix_ms=733;fixes_this_process=6086;write_failures=0;screen_on=1;doze=0;battery_saver=0;unrestricted=1;bg_restricted=0;standby_bucket=5;thermal=0;battery_pct=80;charging=0;music=0;location_on=1"
1789426128734,996473580,hb,"recorder=1;since_fix_ms=756;fixes_this_process=6091;write_failures=0;screen_on=1;doze=0;battery_saver=0;unrestricted=1;bg_restricted=0;standby_bucket=5;thermal=0;battery_pct=80;charging=0;music=0;location_on=1"
1789426133741,996478588,hb,"recorder=1;since_fix_ms=754;fixes_this_process=6096;write_failures=0;screen_on=1;doze=0;battery_saver=0;unrestricted=1;bg_restricted=0;standby_bucket=5;thermal=0;battery_pct=80;charging=0;music=0;location_on=1"
1789426138750,996483596,hb,"recorder=1;since_fix_ms=830;fixes_this_process=6101;write_failures=0;screen_on=1;doze=0;battery_saver=0;unrestricted=1;bg_restricted=0;standby_bucket=5;thermal=0;battery_pct=80;charging=0;music=0;location_on=1"
1789426143762,996488609,hb,"recorder=1;since_fix_ms=789;fixes_this_process=6106;write_failures=0;screen_on=1;doze=0;battery_saver=0;unrestricted=1;bg_restricted=0;standby_bucket=5;thermal=0;battery_pct=80;charging=0;music=0;location_on=1"
1789426148771,996493618,hb,"recorder=1;since_fix_ms=934;fixes_this_process=6111;write_failures=0;screen_on=1;doze=0;battery_saver=0;unrestricted=1;bg_restricted=0;standby_bucket=5;thermal=0;battery_pct=80;charging=0;music=0;location_on=1"
1789426153778,996498624,hb,"recorder=1;since_fix_ms=808;fixes_this_process=6116;write_failures=0;screen_on=1;doze=0;battery_saver=0;unrestricted=1;bg_restricted=0;standby_bucket=5;thermal=0;battery_pct=80;charging=0;music=0;location_on=1"
1789426158785,996503632,hb,"recorder=1;since_fix_ms=810;fixes_this_process=6121;write_failures=0;screen_on=1;doze=0;battery_saver=0;unrestricted=1;bg_restricted=0;standby_bucket=5;thermal=0;battery_pct=80;charging=0;music=0;location_on=1"
1789426163793,996508639,hb,"recorder=1;since_fix_ms=816;fixes_this_process=6126;write_failures=0;screen_on=1;doze=0;battery_saver=0;unrestricted=1;bg_restricted=0;standby_bucket=5;thermal=0;battery_pct=80;charging=0;music=0;location_on=1"
1789426168800,996513647,hb,"recorder=1;since_fix_ms=828;fixes_this_process=6131;write_failures=0;screen_on=1;doze=0;battery_saver=0;unrestricted=1;bg_restricted=0;standby_bucket=5;thermal=0;battery_pct=80;charging=0;music=0;location_on=1"
1789426173810,996518656,hb,"recorder=1;since_fix_ms=837;fixes_this_process=6136;write_failures=0;screen_on=1;doze=0;battery_saver=0;unrestricted=1;bg_restricted=0;standby_bucket=5;thermal=0;battery_pct=80;charging=0;music=0;location_on=1"
1789426178817,996523664,hb,"recorder=1;since_fix_ms=846;fixes_this_process=6141;write_failures=0;screen_on=1;doze=0;battery_saver=0;unrestricted=1;bg_restricted=0;standby_bucket=5;thermal=0;battery_pct=80;charging=0;music=0;location_on=1"
1789426183822,996528668,hb,"recorder=1;since_fix_ms=923;fixes_this_process=6146;write_failures=0;screen_on=1;doze=0;battery_saver=0;unrestricted=1;bg_restricted=0;standby_bucket=5;thermal=0;battery_pct=80;charging=0;music=0;location_on=1"
1789426188838,996533684,hb,"recorder=1;since_fix_ms=862;fixes_this_process=6151;write_failures=0;screen_on=1;doze=0;battery_saver=0;unrestricted=1;bg_restricted=0;standby_bucket=5;thermal=0;battery_pct=80;charging=0;music=0;location_on=1"
1789426193844,996538691,hb,"recorder=1;since_fix_ms=873;fixes_this_process=6156;write_failures=0;screen_on=1;doze=0;battery_saver=0;unrestricted=1;bg_restricted=0;standby_bucket=5;thermal=0;battery_pct=80;charging=0;music=0;location_on=1"
1789426198848,996543694,hb,"recorder=1;since_fix_ms=879;fixes_this_process=6161;write_failures=0;screen_on=1;doze=0;battery_saver=0;unrestricted=1;bg_restricted=0;standby_bucket=5;thermal=0;battery_pct=80;charging=0;music=0;location_on=1"
1789426203857,996548703,hb,"recorder=1;since_fix_ms=881;fixes_this_process=6166;write_failures=0;screen_on=1;doze=0;battery_saver=0;unrestricted=1;bg_restricted=0;standby_bucket=5;thermal=0;battery_pct=80;charging=0;music=0;location_on=1"
1789426208865,996553711,hb,"recorder=1;since_fix_ms=895;fixes_this_process=6171;write_failures=0;screen_on=1;doze=0;battery_saver=0;unrestricted=1;bg_restricted=0;standby_bucket=5;thermal=0;battery_pct=80;charging=0;music=0;location_on=1"
1789426213873,996558719,hb,"recorder=1;since_fix_ms=897;fixes_this_process=6176;write_failures=0;screen_on=1;doze=0;battery_saver=0;unrestricted=1;bg_restricted=0;standby_bucket=5;thermal=0;battery_pct=80;charging=0;music=0;location_on=1"
1789426218885,996563731,hb,"recorder=1;since_fix_ms=913;fixes_this_process=6181;write_failures=0;screen_on=1;doze=0;battery_saver=0;unrestricted=1;bg_restricted=0;standby_bucket=5;thermal=0;battery_pct=80;charging=0;music=0;location_on=1"
1789426223893,996568739,hb,"recorder=1;since_fix_ms=979;fixes_this_process=6186;write_failures=0;screen_on=1;doze=0;battery_saver=0;unrestricted=1;bg_restricted=0;standby_bucket=5;thermal=0;battery_pct=80;charging=0;music=0;location_on=1"
1789426228901,996573747,hb,"recorder=1;since_fix_ms=923;fixes_this_process=6191;write_failures=0;screen_on=1;doze=0;battery_saver=0;unrestricted=1;bg_restricted=0;standby_bucket=5;thermal=0;battery_pct=80;charging=0;music=0;location_on=1"
1789426233906,996578753,hb,"recorder=1;since_fix_ms=16;fixes_this_process=6197;write_failures=0;screen_on=1;doze=0;battery_saver=0;unrestricted=1;bg_restricted=0;standby_bucket=5;thermal=0;battery_pct=80;charging=0;music=0;location_on=1"
1789426238914,996583760,hb,"recorder=1;since_fix_ms=30;fixes_this_process=6202;write_failures=0;screen_on=1;doze=0;battery_saver=0;unrestricted=1;bg_restricted=0;standby_bucket=5;thermal=0;battery_pct=80;charging=0;music=0;location_on=1"
1789426243918,996588764,hb,"recorder=1;since_fix_ms=946;fixes_this_process=6206;write_failures=0;screen_on=1;doze=0;battery_saver=0;unrestricted=1;bg_restricted=0;standby_bucket=5;thermal=0;battery_pct=80;charging=0;music=0;location_on=1"
1789426248931,996593778,hb,"recorder=1;since_fix_ms=961;fixes_this_process=6211;write_failures=0;screen_on=1;doze=0;battery_saver=0;unrestricted=1;bg_restricted=0;standby_bucket=5;thermal=0;battery_pct=80;charging=0;music=0;location_on=1"
1789426253940,996598786,hb,"recorder=1;since_fix_ms=969;fixes_this_process=6216;write_failures=0;screen_on=1;doze=0;battery_saver=0;unrestricted=1;bg_restricted=0;standby_bucket=5;thermal=0;battery_pct=80;charging=0;music=0;location_on=1"
1789426258947,996603793,hb,"recorder=1;since_fix_ms=975;fixes_this_process=6221;write_failures=0;screen_on=1;doze=0;battery_saver=0;unrestricted=1;bg_restricted=0;standby_bucket=5;thermal=0;battery_pct=80;charging=0;music=0;location_on=1"
1789426263956,996608802,hb,"recorder=1;since_fix_ms=985;fixes_this_process=6226;write_failures=0;screen_on=1;doze=0;battery_saver=0;unrestricted=1;bg_restricted=0;standby_bucket=5;thermal=0;battery_pct=80;charging=0;music=0;location_on=1"
1789426268960,996613807,hb,"recorder=1;since_fix_ms=981;fixes_this_process=6231;write_failures=0;screen_on=1;doze=0;battery_saver=0;unrestricted=1;bg_restricted=0;standby_bucket=5;thermal=0;battery_pct=80;charging=0;music=0;location_on=1"
1789426273967,996618814,hb,"recorder=1;since_fix_ms=992;fixes_this_process=6236;write_failures=0;screen_on=1;doze=0;battery_saver=0;unrestricted=1;bg_restricted=0;standby_bucket=5;thermal=0;battery_pct=80;charging=0;music=0;location_on=1"
1789426278982,996623828,hb,"recorder=1;since_fix_ms=4;fixes_this_process=6242;write_failures=0;screen_on=1;doze=0;battery_saver=0;unrestricted=1;bg_restricted=0;standby_bucket=5;thermal=0;battery_pct=80;charging=0;music=0;location_on=1"
1789426283985,996628831,hb,"recorder=1;since_fix_ms=16;fixes_this_process=6247;write_failures=0;screen_on=1;doze=0;battery_saver=0;unrestricted=1;bg_restricted=0;standby_bucket=5;thermal=0;battery_pct=80;charging=0;music=0;location_on=1"
1789426288992,996633838,hb,"recorder=1;since_fix_ms=23;fixes_this_process=6252;write_failures=0;screen_on=1;doze=0;battery_saver=0;unrestricted=1;bg_restricted=0;standby_bucket=5;thermal=0;battery_pct=80;charging=0;music=0;location_on=1"
1789426293995,996638842,hb,"recorder=1;since_fix_ms=23;fixes_this_process=6257;write_failures=0;screen_on=1;doze=0;battery_saver=0;unrestricted=1;bg_restricted=0;standby_bucket=5;thermal=0;battery_pct=80;charging=0;music=0;location_on=1"
1789426299002,996643848,hb,"recorder=1;since_fix_ms=20;fixes_this_process=6262;write_failures=0;screen_on=1;doze=0;battery_saver=0;unrestricted=1;bg_restricted=0;standby_bucket=5;thermal=0;battery_pct=80;charging=0;music=0;location_on=1"
1789426304010,996648857,hb,"recorder=1;since_fix_ms=28;fixes_this_process=6267;write_failures=0;screen_on=1;doze=0;battery_saver=0;unrestricted=1;bg_restricted=0;standby_bucket=5;thermal=0;battery_pct=80;charging=0;music=0;location_on=1"
1789426309019,996653865,hb,"recorder=1;since_fix_ms=36;fixes_this_process=6272;write_failures=0;screen_on=1;doze=0;battery_saver=0;unrestricted=1;bg_restricted=0;standby_bucket=5;thermal=0;battery_pct=80;charging=0;music=0;location_on=1"
1789426314027,996658873,hb,"recorder=1;since_fix_ms=54;fixes_this_process=6277;write_failures=0;screen_on=1;doze=0;battery_saver=0;unrestricted=1;bg_restricted=0;standby_bucket=5;thermal=0;battery_pct=80;charging=0;music=0;location_on=1"
1789426319035,996663881,hb,"recorder=1;since_fix_ms=59;fixes_this_process=6282;write_failures=0;screen_on=1;doze=0;battery_saver=0;unrestricted=1;bg_restricted=0;standby_bucket=5;thermal=0;battery_pct=80;charging=0;music=0;location_on=1"
1789426324041,996668888,hb,"recorder=1;since_fix_ms=69;fixes_this_process=6287;write_failures=0;screen_on=1;doze=0;battery_saver=0;unrestricted=1;bg_restricted=0;standby_bucket=5;thermal=0;battery_pct=80;charging=0;music=0;location_on=1"
1789426329049,996673896,hb,"recorder=1;since_fix_ms=81;fixes_this_process=6292;write_failures=0;screen_on=1;doze=0;battery_saver=0;unrestricted=1;bg_restricted=0;standby_bucket=5;thermal=0;battery_pct=80;charging=0;music=0;location_on=1"
1789426334053,996678899,hb,"recorder=1;since_fix_ms=81;fixes_this_process=6297;write_failures=0;screen_on=1;doze=0;battery_saver=0;unrestricted=1;bg_restricted=0;standby_bucket=5;thermal=0;battery_pct=80;charging=0;music=0;location_on=1"
1789426339066,996683912,hb,"recorder=1;since_fix_ms=88;fixes_this_process=6302;write_failures=0;screen_on=1;doze=0;battery_saver=0;unrestricted=1;bg_restricted=0;standby_bucket=5;thermal=0;battery_pct=80;charging=0;music=0;location_on=1"
1789426344075,996688921,hb,"recorder=1;since_fix_ms=104;fixes_this_process=6307;write_failures=0;screen_on=1;doze=0;battery_saver=0;unrestricted=1;bg_restricted=0;standby_bucket=5;thermal=0;battery_pct=80;charging=0;music=0;location_on=1"
1789426349082,996693929,hb,"recorder=1;since_fix_ms=109;fixes_this_process=6312;write_failures=0;screen_on=1;doze=0;battery_saver=0;unrestricted=1;bg_restricted=0;standby_bucket=5;thermal=0;battery_pct=80;charging=0;music=0;location_on=1"
1789426354091,996698938,hb,"recorder=1;since_fix_ms=117;fixes_this_process=6317;write_failures=0;screen_on=1;doze=0;battery_saver=0;unrestricted=1;bg_restricted=0;standby_bucket=5;thermal=0;battery_pct=80;charging=0;music=0;location_on=1"
1789426359097,996703943,hb,"recorder=1;since_fix_ms=129;fixes_this_process=6322;write_failures=0;screen_on=1;doze=0;battery_saver=0;unrestricted=1;bg_restricted=0;standby_bucket=5;thermal=0;battery_pct=80;charging=0;music=0;location_on=1"
1789426364105,996708952,hb,"recorder=1;since_fix_ms=135;fixes_this_process=6327;write_failures=0;screen_on=1;doze=0;battery_saver=0;unrestricted=1;bg_restricted=0;standby_bucket=5;thermal=0;battery_pct=80;charging=0;music=0;location_on=1"
1789426369114,996713961,hb,"recorder=1;since_fix_ms=147;fixes_this_process=6332;write_failures=0;screen_on=1;doze=0;battery_saver=0;unrestricted=1;bg_restricted=0;standby_bucket=5;thermal=0;battery_pct=80;charging=0;music=0;location_on=1"
1789426374121,996718968,hb,"recorder=1;since_fix_ms=152;fixes_this_process=6337;write_failures=0;screen_on=1;doze=0;battery_saver=0;unrestricted=1;bg_restricted=0;standby_bucket=5;thermal=0;battery_pct=80;charging=0;music=0;location_on=1"
1789426379129,996723975,hb,"recorder=1;since_fix_ms=157;fixes_this_process=6342;write_failures=0;screen_on=1;doze=0;battery_saver=0;unrestricted=1;bg_restricted=0;standby_bucket=5;thermal=0;battery_pct=80;charging=0;music=0;location_on=1"
1789426384132,996728979,hb,"recorder=1;since_fix_ms=161;fixes_this_process=6347;write_failures=0;screen_on=1;doze=0;battery_saver=0;unrestricted=1;bg_restricted=0;standby_bucket=5;thermal=0;battery_pct=80;charging=0;music=0;location_on=1"
1789426389140,996733987,hb,"recorder=1;since_fix_ms=170;fixes_this_process=6352;write_failures=0;screen_on=1;doze=0;battery_saver=0;unrestricted=1;bg_restricted=0;standby_bucket=5;thermal=0;battery_pct=80;charging=0;music=0;location_on=1"
1789426394145,996738991,hb,"recorder=1;since_fix_ms=176;fixes_this_process=6357;write_failures=0;screen_on=1;doze=0;battery_saver=0;unrestricted=1;bg_restricted=0;standby_bucket=5;thermal=0;battery_pct=80;charging=0;music=0;location_on=1"
1789426399157,996744004,hb,"recorder=1;since_fix_ms=185;fixes_this_process=6362;write_failures=0;screen_on=1;doze=0;battery_saver=0;unrestricted=1;bg_restricted=0;standby_bucket=5;thermal=0;battery_pct=80;charging=0;music=0;location_on=1"
1789426404163,996749009,hb,"recorder=1;since_fix_ms=283;fixes_this_process=6367;write_failures=0;screen_on=1;doze=0;battery_saver=0;unrestricted=1;bg_restricted=0;standby_bucket=5;thermal=0;battery_pct=80;charging=0;music=0;location_on=1"
1789426409172,996754018,hb,"recorder=1;since_fix_ms=199;fixes_this_process=6372;write_failures=0;screen_on=1;doze=0;battery_saver=0;unrestricted=1;bg_restricted=0;standby_bucket=5;thermal=0;battery_pct=80;charging=0;music=0;location_on=1"
1789426414185,996759032,hb,"recorder=1;since_fix_ms=212;fixes_this_process=6377;write_failures=0;screen_on=1;doze=0;battery_saver=0;unrestricted=1;bg_restricted=0;standby_bucket=5;thermal=0;battery_pct=80;charging=0;music=0;location_on=1"
1789426419192,996764038,hb,"recorder=1;since_fix_ms=220;fixes_this_process=6382;write_failures=0;screen_on=1;doze=0;battery_saver=0;unrestricted=1;bg_restricted=0;standby_bucket=5;thermal=0;battery_pct=80;charging=0;music=0;location_on=1"
1789426424196,996769043,hb,"recorder=1;since_fix_ms=227;fixes_this_process=6387;write_failures=0;screen_on=1;doze=0;battery_saver=0;unrestricted=1;bg_restricted=0;standby_bucket=5;thermal=0;battery_pct=80;charging=0;music=0;location_on=1"
1789426429205,996774051,hb,"recorder=1;since_fix_ms=233;fixes_this_process=6392;write_failures=0;screen_on=1;doze=0;battery_saver=0;unrestricted=1;bg_restricted=0;standby_bucket=5;thermal=0;battery_pct=80;charging=0;music=0;location_on=1"
1789426434208,996779054,hb,"recorder=1;since_fix_ms=235;fixes_this_process=6397;write_failures=0;screen_on=1;doze=0;battery_saver=0;unrestricted=1;bg_restricted=0;standby_bucket=5;thermal=0;battery_pct=80;charging=0;music=0;location_on=1"
1789426439210,996784056,hb,"recorder=1;since_fix_ms=239;fixes_this_process=6402;write_failures=0;screen_on=1;doze=0;battery_saver=0;unrestricted=1;bg_restricted=0;standby_bucket=5;thermal=0;battery_pct=80;charging=0;music=0;location_on=1"
1789426444220,996789066,hb,"recorder=1;since_fix_ms=250;fixes_this_process=6407;write_failures=0;screen_on=1;doze=0;battery_saver=0;unrestricted=1;bg_restricted=0;standby_bucket=5;thermal=0;battery_pct=80;charging=0;music=0;location_on=1"
1789426449227,996794073,hb,"recorder=1;since_fix_ms=260;fixes_this_process=6412;write_failures=0;screen_on=1;doze=0;battery_saver=0;unrestricted=1;bg_restricted=0;standby_bucket=5;thermal=0;battery_pct=80;charging=0;music=0;location_on=1"
1789426454232,996799079,hb,"recorder=1;since_fix_ms=257;fixes_this_process=6417;write_failures=0;screen_on=1;doze=0;battery_saver=0;unrestricted=1;bg_restricted=0;standby_bucket=5;thermal=0;battery_pct=80;charging=0;music=0;location_on=1"
1789426459245,996804091,hb,"recorder=1;since_fix_ms=285;fixes_this_process=6422;write_failures=0;screen_on=1;doze=0;battery_saver=0;unrestricted=1;bg_restricted=0;standby_bucket=5;thermal=0;battery_pct=80;charging=0;music=0;location_on=1"
1789426464253,996809099,hb,"recorder=1;since_fix_ms=284;fixes_this_process=6427;write_failures=0;screen_on=1;doze=0;battery_saver=0;unrestricted=1;bg_restricted=0;standby_bucket=5;thermal=0;battery_pct=80;charging=0;music=0;location_on=1"
1789426469264,996814111,hb,"recorder=1;since_fix_ms=286;fixes_this_process=6432;write_failures=0;screen_on=1;doze=0;battery_saver=0;unrestricted=1;bg_restricted=0;standby_bucket=5;thermal=0;battery_pct=80;charging=0;music=0;location_on=1"
1789426474274,996819120,hb,"recorder=1;since_fix_ms=303;fixes_this_process=6437;write_failures=0;screen_on=1;doze=0;battery_saver=0;unrestricted=1;bg_restricted=0;standby_bucket=5;thermal=0;battery_pct=80;charging=0;music=0;location_on=1"
1789426479282,996824129,hb,"recorder=1;since_fix_ms=312;fixes_this_process=6442;write_failures=0;screen_on=1;doze=0;battery_saver=0;unrestricted=1;bg_restricted=0;standby_bucket=5;thermal=0;battery_pct=80;charging=0;music=0;location_on=1"
1789426484291,996829137,hb,"recorder=1;since_fix_ms=370;fixes_this_process=6447;write_failures=0;screen_on=1;doze=0;battery_saver=0;unrestricted=1;bg_restricted=0;standby_bucket=5;thermal=0;battery_pct=80;charging=0;music=0;location_on=1"
1789426489303,996834150,hb,"recorder=1;since_fix_ms=334;fixes_this_process=6452;write_failures=0;screen_on=1;doze=0;battery_saver=0;unrestricted=1;bg_restricted=0;standby_bucket=5;thermal=0;battery_pct=80;charging=0;music=0;location_on=1"
1789426494311,996839158,hb,"recorder=1;since_fix_ms=333;fixes_this_process=6457;write_failures=0;screen_on=1;doze=0;battery_saver=0;unrestricted=1;bg_restricted=0;standby_bucket=5;thermal=0;battery_pct=80;charging=0;music=0;location_on=1"
1789426499318,996844165,hb,"recorder=1;since_fix_ms=334;fixes_this_process=6462;write_failures=0;screen_on=1;doze=0;battery_saver=0;unrestricted=1;bg_restricted=0;standby_bucket=5;thermal=0;battery_pct=80;charging=0;music=0;location_on=1"
1789426504330,996849176,hb,"recorder=1;since_fix_ms=341;fixes_this_process=6467;write_failures=0;screen_on=1;doze=0;battery_saver=0;unrestricted=1;bg_restricted=0;standby_bucket=5;thermal=0;battery_pct=80;charging=0;music=0;location_on=1"
1789426509339,996854186,hb,"recorder=1;since_fix_ms=360;fixes_this_process=6472;write_failures=0;screen_on=1;doze=0;battery_saver=0;unrestricted=1;bg_restricted=0;standby_bucket=5;thermal=0;battery_pct=80;charging=0;music=0;location_on=1"
1789426514345,996859192,hb,"recorder=1;since_fix_ms=497;fixes_this_process=6477;write_failures=0;screen_on=1;doze=0;battery_saver=0;unrestricted=1;bg_restricted=0;standby_bucket=5;thermal=0;battery_pct=80;charging=0;music=0;location_on=1"
1789426519353,996864199,hb,"recorder=1;since_fix_ms=383;fixes_this_process=6482;write_failures=0;screen_on=1;doze=0;battery_saver=0;unrestricted=1;bg_restricted=0;standby_bucket=5;thermal=0;battery_pct=80;charging=0;music=0;location_on=1"
1789426524361,996869207,hb,"recorder=1;since_fix_ms=388;fixes_this_process=6487;write_failures=0;screen_on=1;doze=0;battery_saver=0;unrestricted=1;bg_restricted=0;standby_bucket=5;thermal=0;battery_pct=80;charging=0;music=0;location_on=1"
1789426529371,996874217,hb,"recorder=1;since_fix_ms=388;fixes_this_process=6492;write_failures=0;screen_on=1;doze=0;battery_saver=0;unrestricted=1;bg_restricted=0;standby_bucket=5;thermal=0;battery_pct=80;charging=0;music=0;location_on=1"
1789426534382,996879228,hb,"recorder=1;since_fix_ms=409;fixes_this_process=6497;write_failures=0;screen_on=1;doze=0;battery_saver=0;unrestricted=1;bg_restricted=0;standby_bucket=5;thermal=0;battery_pct=80;charging=0;music=0;location_on=1"
1789426539389,996884236,hb,"recorder=1;since_fix_ms=414;fixes_this_process=6502;write_failures=0;screen_on=1;doze=0;battery_saver=0;unrestricted=1;bg_restricted=0;standby_bucket=5;thermal=0;battery_pct=80;charging=0;music=0;location_on=1"
1789426544400,996889247,hb,"recorder=1;since_fix_ms=414;fixes_this_process=6507;write_failures=0;screen_on=1;doze=0;battery_saver=0;unrestricted=1;bg_restricted=0;standby_bucket=5;thermal=0;battery_pct=80;charging=0;music=0;location_on=1"
1789426549410,996894256,hb,"recorder=1;since_fix_ms=439;fixes_this_process=6512;write_failures=0;screen_on=1;doze=0;battery_saver=0;unrestricted=1;bg_restricted=0;standby_bucket=5;thermal=0;battery_pct=80;charging=0;music=0;location_on=1"
1789426554415,996899261,hb,"recorder=1;since_fix_ms=442;fixes_this_process=6517;write_failures=0;screen_on=1;doze=0;battery_saver=0;unrestricted=1;bg_restricted=0;standby_bucket=5;thermal=0;battery_pct=80;charging=0;music=0;location_on=1"
1789426559423,996904269,hb,"recorder=1;since_fix_ms=443;fixes_this_process=6522;write_failures=0;screen_on=1;doze=0;battery_saver=0;unrestricted=1;bg_restricted=0;standby_bucket=5;thermal=0;battery_pct=80;charging=0;music=0;location_on=1"
1789426564435,996909281,hb,"recorder=1;since_fix_ms=463;fixes_this_process=6527;write_failures=0;screen_on=1;doze=0;battery_saver=0;unrestricted=1;bg_restricted=0;standby_bucket=5;thermal=0;battery_pct=80;charging=0;music=0;location_on=1"
1789426569443,996914290,hb,"recorder=1;since_fix_ms=471;fixes_this_process=6532;write_failures=0;screen_on=1;doze=0;battery_saver=0;unrestricted=1;bg_restricted=0;standby_bucket=5;thermal=0;battery_pct=80;charging=0;music=0;location_on=1"
1789426574454,996919301,hb,"recorder=1;since_fix_ms=480;fixes_this_process=6537;write_failures=0;screen_on=1;doze=0;battery_saver=0;unrestricted=1;bg_restricted=0;standby_bucket=5;thermal=0;battery_pct=80;charging=0;music=0;location_on=1"
1789426579468,996924314,hb,"recorder=1;since_fix_ms=489;fixes_this_process=6542;write_failures=0;screen_on=1;doze=0;battery_saver=0;unrestricted=1;bg_restricted=0;standby_bucket=5;thermal=0;battery_pct=80;charging=0;music=0;location_on=1"
1789426584472,996929318,hb,"recorder=1;since_fix_ms=503;fixes_this_process=6547;write_failures=0;screen_on=1;doze=0;battery_saver=0;unrestricted=1;bg_restricted=0;standby_bucket=5;thermal=0;battery_pct=80;charging=0;music=0;location_on=1"
1789426589481,996934327,hb,"recorder=1;since_fix_ms=503;fixes_this_process=6552;write_failures=0;screen_on=1;doze=0;battery_saver=0;unrestricted=1;bg_restricted=0;standby_bucket=5;thermal=0;battery_pct=80;charging=0;music=0;location_on=1"
1789426594494,996939340,hb,"recorder=1;since_fix_ms=521;fixes_this_process=6557;write_failures=0;screen_on=1;doze=0;battery_saver=0;unrestricted=1;bg_restricted=0;standby_bucket=5;thermal=0;battery_pct=80;charging=0;music=0;location_on=1"
1789426599497,996944343,hb,"recorder=1;since_fix_ms=514;fixes_this_process=6562;write_failures=0;screen_on=1;doze=0;battery_saver=0;unrestricted=1;bg_restricted=0;standby_bucket=5;thermal=0;battery_pct=80;charging=0;music=0;location_on=1"
1789426604505,996949351,hb,"recorder=1;since_fix_ms=531;fixes_this_process=6567;write_failures=0;screen_on=1;doze=0;battery_saver=0;unrestricted=1;bg_restricted=0;standby_bucket=5;thermal=0;battery_pct=80;charging=0;music=0;location_on=1"
1789426609518,996954364,hb,"recorder=1;since_fix_ms=547;fixes_this_process=6572;write_failures=0;screen_on=1;doze=0;battery_saver=0;unrestricted=1;bg_restricted=0;standby_bucket=5;thermal=0;battery_pct=80;charging=0;music=0;location_on=1"
1789426614526,996959372,hb,"recorder=1;since_fix_ms=556;fixes_this_process=6577;write_failures=0;screen_on=1;doze=0;battery_saver=0;unrestricted=1;bg_restricted=0;standby_bucket=5;thermal=0;battery_pct=80;charging=0;music=0;location_on=1"
1789426619533,996964380,hb,"recorder=1;since_fix_ms=555;fixes_this_process=6582;write_failures=0;screen_on=1;doze=0;battery_saver=0;unrestricted=1;bg_restricted=0;standby_bucket=5;thermal=0;battery_pct=80;charging=0;music=0;location_on=1"
1789426624544,996969391,hb,"recorder=1;since_fix_ms=565;fixes_this_process=6587;write_failures=0;screen_on=1;doze=0;battery_saver=0;unrestricted=1;bg_restricted=0;standby_bucket=5;thermal=0;battery_pct=80;charging=0;music=0;location_on=1"
1789426629551,996974398,hb,"recorder=1;since_fix_ms=580;fixes_this_process=6592;write_failures=0;screen_on=1;doze=0;battery_saver=0;unrestricted=1;bg_restricted=0;standby_bucket=5;thermal=0;battery_pct=80;charging=0;music=0;location_on=1"
1789426634559,996979406,hb,"recorder=1;since_fix_ms=587;fixes_this_process=6597;write_failures=0;screen_on=1;doze=0;battery_saver=0;unrestricted=1;bg_restricted=0;standby_bucket=5;thermal=0;battery_pct=80;charging=0;music=0;location_on=1"
1789426639571,996984417,hb,"recorder=1;since_fix_ms=600;fixes_this_process=6602;write_failures=0;screen_on=1;doze=0;battery_saver=0;unrestricted=1;bg_restricted=0;standby_bucket=5;thermal=0;battery_pct=80;charging=0;music=0;location_on=1"
1789426644579,996989425,hb,"recorder=1;since_fix_ms=611;fixes_this_process=6607;write_failures=0;screen_on=1;doze=0;battery_saver=0;unrestricted=1;bg_restricted=0;standby_bucket=5;thermal=0;battery_pct=80;charging=0;music=0;location_on=1"
1789426649587,996994434,hb,"recorder=1;since_fix_ms=611;fixes_this_process=6612;write_failures=0;screen_on=1;doze=0;battery_saver=0;unrestricted=1;bg_restricted=0;standby_bucket=5;thermal=0;battery_pct=80;charging=0;music=0;location_on=1"
1789426654600,996999447,hb,"recorder=1;since_fix_ms=626;fixes_this_process=6617;write_failures=0;screen_on=1;doze=0;battery_saver=0;unrestricted=1;bg_restricted=0;standby_bucket=5;thermal=0;battery_pct=80;charging=0;music=0;location_on=1"
1789426659609,997004455,hb,"recorder=1;since_fix_ms=639;fixes_this_process=6622;write_failures=0;screen_on=1;doze=0;battery_saver=0;unrestricted=1;bg_restricted=0;standby_bucket=5;thermal=0;battery_pct=80;charging=0;music=0;location_on=1"
1789426664614,997009461,hb,"recorder=1;since_fix_ms=640;fixes_this_process=6627;write_failures=0;screen_on=1;doze=0;battery_saver=0;unrestricted=1;bg_restricted=0;standby_bucket=5;thermal=0;battery_pct=79;charging=0;music=0;location_on=1"
1789426669629,997014475,hb,"recorder=1;since_fix_ms=661;fixes_this_process=6632;write_failures=0;screen_on=1;doze=0;battery_saver=0;unrestricted=1;bg_restricted=0;standby_bucket=5;thermal=0;battery_pct=79;charging=0;music=0;location_on=1"
1789426674634,997019481,hb,"recorder=1;since_fix_ms=661;fixes_this_process=6637;write_failures=0;screen_on=1;doze=0;battery_saver=0;unrestricted=1;bg_restricted=0;standby_bucket=5;thermal=0;battery_pct=79;charging=0;music=0;location_on=1"
1789426679642,997024489,hb,"recorder=1;since_fix_ms=674;fixes_this_process=6642;write_failures=0;screen_on=1;doze=0;battery_saver=0;unrestricted=1;bg_restricted=0;standby_bucket=5;thermal=0;battery_pct=79;charging=0;music=0;location_on=1"
1789426684655,997029502,hb,"recorder=1;since_fix_ms=682;fixes_this_process=6647;write_failures=0;screen_on=1;doze=0;battery_saver=0;unrestricted=1;bg_restricted=0;standby_bucket=5;thermal=0;battery_pct=79;charging=0;music=0;location_on=1"
1789426689665,997034511,hb,"recorder=1;since_fix_ms=696;fixes_this_process=6652;write_failures=0;screen_on=1;doze=0;battery_saver=0;unrestricted=1;bg_restricted=0;standby_bucket=5;thermal=0;battery_pct=79;charging=0;music=0;location_on=1"
1789426694673,997039520,hb,"recorder=1;since_fix_ms=702;fixes_this_process=6657;write_failures=0;screen_on=1;doze=0;battery_saver=0;unrestricted=1;bg_restricted=0;standby_bucket=5;thermal=0;battery_pct=79;charging=0;music=0;location_on=1"
1789426699687,997044534,hb,"recorder=1;since_fix_ms=711;fixes_this_process=6662;write_failures=0;screen_on=1;doze=0;battery_saver=0;unrestricted=1;bg_restricted=0;standby_bucket=5;thermal=0;battery_pct=79;charging=0;music=0;location_on=1"
1789426704696,997049543,hb,"recorder=1;since_fix_ms=727;fixes_this_process=6667;write_failures=0;screen_on=1;doze=0;battery_saver=0;unrestricted=1;bg_restricted=0;standby_bucket=5;thermal=0;battery_pct=79;charging=0;music=0;location_on=1"
1789426709703,997054549,hb,"recorder=1;since_fix_ms=732;fixes_this_process=6672;write_failures=0;screen_on=1;doze=0;battery_saver=0;unrestricted=1;bg_restricted=0;standby_bucket=5;thermal=0;battery_pct=79;charging=0;music=0;location_on=1"
1789426714716,997059563,hb,"recorder=1;since_fix_ms=743;fixes_this_process=6677;write_failures=0;screen_on=1;doze=0;battery_saver=0;unrestricted=1;bg_restricted=0;standby_bucket=5;thermal=0;battery_pct=79;charging=0;music=0;location_on=1"
1789426719725,997064572,hb,"recorder=1;since_fix_ms=755;fixes_this_process=6682;write_failures=0;screen_on=1;doze=0;battery_saver=0;unrestricted=1;bg_restricted=0;standby_bucket=5;thermal=0;battery_pct=79;charging=0;music=0;location_on=1"
1789426724734,997069581,hb,"recorder=1;since_fix_ms=764;fixes_this_process=6687;write_failures=0;screen_on=1;doze=0;battery_saver=0;unrestricted=1;bg_restricted=0;standby_bucket=5;thermal=0;battery_pct=79;charging=0;music=0;location_on=1"
1789426729749,997074595,hb,"recorder=1;since_fix_ms=776;fixes_this_process=6692;write_failures=0;screen_on=1;doze=0;battery_saver=0;unrestricted=1;bg_restricted=0;standby_bucket=5;thermal=0;battery_pct=79;charging=0;music=0;location_on=1"
1789426734755,997079601,hb,"recorder=1;since_fix_ms=783;fixes_this_process=6697;write_failures=0;screen_on=1;doze=0;battery_saver=0;unrestricted=1;bg_restricted=0;standby_bucket=5;thermal=0;battery_pct=79;charging=0;music=0;location_on=1"
1789426739758,997084605,hb,"recorder=1;since_fix_ms=788;fixes_this_process=6702;write_failures=0;screen_on=1;doze=0;battery_saver=0;unrestricted=1;bg_restricted=0;standby_bucket=5;thermal=0;battery_pct=79;charging=0;music=0;location_on=1"
1789426744767,997089614,hb,"recorder=1;since_fix_ms=798;fixes_this_process=6707;write_failures=0;screen_on=1;doze=0;battery_saver=0;unrestricted=1;bg_restricted=0;standby_bucket=5;thermal=0;battery_pct=79;charging=0;music=0;location_on=1"
1789426749772,997094618,hb,"recorder=1;since_fix_ms=849;fixes_this_process=6712;write_failures=0;screen_on=1;doze=0;battery_saver=0;unrestricted=1;bg_restricted=0;standby_bucket=5;thermal=0;battery_pct=79;charging=0;music=0;location_on=1"
1789426754777,997099623,hb,"recorder=1;since_fix_ms=806;fixes_this_process=6717;write_failures=0;screen_on=1;doze=0;battery_saver=0;unrestricted=1;bg_restricted=0;standby_bucket=5;thermal=0;battery_pct=79;charging=0;music=0;location_on=1"
1789426759791,997104637,hb,"recorder=1;since_fix_ms=902;fixes_this_process=6722;write_failures=0;screen_on=1;doze=0;battery_saver=0;unrestricted=1;bg_restricted=0;standby_bucket=5;thermal=0;battery_pct=79;charging=0;music=0;location_on=1"
1789426764798,997109644,hb,"recorder=1;since_fix_ms=829;fixes_this_process=6727;write_failures=0;screen_on=1;doze=0;battery_saver=0;unrestricted=1;bg_restricted=0;standby_bucket=5;thermal=0;battery_pct=79;charging=0;music=0;location_on=1"
1789426769801,997114648,hb,"recorder=1;since_fix_ms=827;fixes_this_process=6732;write_failures=0;screen_on=1;doze=0;battery_saver=0;unrestricted=1;bg_restricted=0;standby_bucket=5;thermal=0;battery_pct=79;charging=0;music=0;location_on=1"
1789426774812,997119659,hb,"recorder=1;since_fix_ms=871;fixes_this_process=6737;write_failures=0;screen_on=1;doze=0;battery_saver=0;unrestricted=1;bg_restricted=0;standby_bucket=5;thermal=0;battery_pct=79;charging=0;music=0;location_on=1"
1789426779820,997124666,hb,"recorder=1;since_fix_ms=851;fixes_this_process=6742;write_failures=0;screen_on=1;doze=0;battery_saver=0;unrestricted=1;bg_restricted=0;standby_bucket=5;thermal=0;battery_pct=79;charging=0;music=0;location_on=1"
1789426784827,997129674,hb,"recorder=1;since_fix_ms=857;fixes_this_process=6747;write_failures=0;screen_on=1;doze=0;battery_saver=0;unrestricted=1;bg_restricted=0;standby_bucket=5;thermal=0;battery_pct=79;charging=0;music=0;location_on=1"
1789426789834,997134681,hb,"recorder=1;since_fix_ms=860;fixes_this_process=6752;write_failures=0;screen_on=1;doze=0;battery_saver=0;unrestricted=1;bg_restricted=0;standby_bucket=5;thermal=0;battery_pct=79;charging=0;music=0;location_on=1"
1789426794839,997139685,hb,"recorder=1;since_fix_ms=871;fixes_this_process=6757;write_failures=0;screen_on=1;doze=0;battery_saver=0;unrestricted=1;bg_restricted=0;standby_bucket=5;thermal=0;battery_pct=79;charging=0;music=0;location_on=1"
1789426799847,997144694,hb,"recorder=1;since_fix_ms=870;fixes_this_process=6762;write_failures=0;screen_on=1;doze=0;battery_saver=0;unrestricted=1;bg_restricted=0;standby_bucket=5;thermal=0;battery_pct=79;charging=0;music=0;location_on=1"
1789426804860,997149706,hb,"recorder=1;since_fix_ms=874;fixes_this_process=6767;write_failures=0;screen_on=1;doze=0;battery_saver=0;unrestricted=1;bg_restricted=0;standby_bucket=5;thermal=0;battery_pct=79;charging=0;music=0;location_on=1"
1789426809865,997154711,hb,"recorder=1;since_fix_ms=893;fixes_this_process=6772;write_failures=0;screen_on=1;doze=0;battery_saver=0;unrestricted=1;bg_restricted=0;standby_bucket=5;thermal=0;battery_pct=79;charging=0;music=0;location_on=1"
1789426814872,997159719,hb,"recorder=1;since_fix_ms=903;fixes_this_process=6777;write_failures=0;screen_on=1;doze=0;battery_saver=0;unrestricted=1;bg_restricted=0;standby_bucket=5;thermal=0;battery_pct=79;charging=0;music=0;location_on=1"
1789426819880,997164727,hb,"recorder=1;since_fix_ms=888;fixes_this_process=6782;write_failures=0;screen_on=1;doze=0;battery_saver=0;unrestricted=1;bg_restricted=0;standby_bucket=5;thermal=0;battery_pct=79;charging=0;music=0;location_on=1"
1789426824886,997169732,hb,"recorder=1;since_fix_ms=918;fixes_this_process=6787;write_failures=0;screen_on=1;doze=0;battery_saver=0;unrestricted=1;bg_restricted=0;standby_bucket=5;thermal=0;battery_pct=79;charging=0;music=0;location_on=1"
1789426829893,997174740,hb,"recorder=1;since_fix_ms=919;fixes_this_process=6792;write_failures=0;screen_on=1;doze=0;battery_saver=0;unrestricted=1;bg_restricted=0;standby_bucket=5;thermal=0;battery_pct=79;charging=0;music=0;location_on=1"
1789426834905,997179751,hb,"recorder=1;since_fix_ms=933;fixes_this_process=6797;write_failures=0;screen_on=1;doze=0;battery_saver=0;unrestricted=1;bg_restricted=0;standby_bucket=5;thermal=0;battery_pct=79;charging=0;music=0;location_on=1"
1789426839913,997184759,hb,"recorder=1;since_fix_ms=1092;fixes_this_process=6802;write_failures=0;screen_on=1;doze=0;battery_saver=0;unrestricted=1;bg_restricted=0;standby_bucket=5;thermal=0;battery_pct=79;charging=0;music=0;location_on=1"
1789426844917,997189763,hb,"recorder=1;since_fix_ms=1014;fixes_this_process=6807;write_failures=0;screen_on=1;doze=0;battery_saver=0;unrestricted=1;bg_restricted=0;standby_bucket=5;thermal=0;battery_pct=79;charging=0;music=0;location_on=1"
1789426849928,997194775,hb,"recorder=1;since_fix_ms=950;fixes_this_process=6812;write_failures=0;screen_on=1;doze=0;battery_saver=0;unrestricted=1;bg_restricted=0;standby_bucket=5;thermal=0;battery_pct=79;charging=0;music=0;location_on=1"
1789426854938,997199784,hb,"recorder=1;since_fix_ms=967;fixes_this_process=6817;write_failures=0;screen_on=1;doze=0;battery_saver=0;unrestricted=1;bg_restricted=0;standby_bucket=5;thermal=0;battery_pct=79;charging=0;music=0;location_on=1"
1789426859946,997204792,hb,"recorder=1;since_fix_ms=1028;fixes_this_process=6822;write_failures=0;screen_on=1;doze=0;battery_saver=0;unrestricted=1;bg_restricted=0;standby_bucket=5;thermal=0;battery_pct=79;charging=0;music=0;location_on=1"
1789426864955,997209802,hb,"recorder=1;since_fix_ms=979;fixes_this_process=6827;write_failures=0;screen_on=1;doze=0;battery_saver=0;unrestricted=1;bg_restricted=0;standby_bucket=5;thermal=0;battery_pct=79;charging=0;music=0;location_on=1"
1789426869964,997214810,hb,"recorder=1;since_fix_ms=987;fixes_this_process=6832;write_failures=0;screen_on=1;doze=0;battery_saver=0;unrestricted=1;bg_restricted=0;standby_bucket=5;thermal=0;battery_pct=79;charging=0;music=0;location_on=1"
1789426874970,997219817,hb,"recorder=1;since_fix_ms=996;fixes_this_process=6837;write_failures=0;screen_on=1;doze=0;battery_saver=0;unrestricted=1;bg_restricted=0;standby_bucket=5;thermal=0;battery_pct=79;charging=0;music=0;location_on=1"
1789426879982,997224829,hb,"recorder=1;since_fix_ms=15;fixes_this_process=6843;write_failures=0;screen_on=1;doze=0;battery_saver=0;unrestricted=1;bg_restricted=0;standby_bucket=5;thermal=0;battery_pct=79;charging=0;music=0;location_on=1"
1789426884987,997229834,hb,"recorder=1;since_fix_ms=14;fixes_this_process=6848;write_failures=0;screen_on=1;doze=0;battery_saver=0;unrestricted=1;bg_restricted=0;standby_bucket=5;thermal=0;battery_pct=79;charging=0;music=0;location_on=1"
1789426889993,997234839,hb,"recorder=1;since_fix_ms=20;fixes_this_process=6853;write_failures=0;screen_on=1;doze=0;battery_saver=0;unrestricted=1;bg_restricted=0;standby_bucket=5;thermal=0;battery_pct=79;charging=0;music=0;location_on=1"
1789426895000,997239847,hb,"recorder=1;since_fix_ms=123;fixes_this_process=6858;write_failures=0;screen_on=1;doze=0;battery_saver=0;unrestricted=1;bg_restricted=0;standby_bucket=5;thermal=0;battery_pct=79;charging=0;music=0;location_on=1"
1789426900005,997244851,hb,"recorder=1;since_fix_ms=27;fixes_this_process=6863;write_failures=0;screen_on=1;doze=0;battery_saver=0;unrestricted=1;bg_restricted=0;standby_bucket=5;thermal=0;battery_pct=79;charging=0;music=0;location_on=1"
1789426905013,997249859,hb,"recorder=1;since_fix_ms=113;fixes_this_process=6868;write_failures=0;screen_on=1;doze=0;battery_saver=0;unrestricted=1;bg_restricted=0;standby_bucket=5;thermal=0;battery_pct=79;charging=0;music=0;location_on=1"
1789426910027,997254873,hb,"recorder=1;since_fix_ms=53;fixes_this_process=6873;write_failures=0;screen_on=1;doze=0;battery_saver=0;unrestricted=1;bg_restricted=0;standby_bucket=5;thermal=0;battery_pct=79;charging=0;music=0;location_on=1"
1789426915035,997259881,hb,"recorder=1;since_fix_ms=47;fixes_this_process=6878;write_failures=0;screen_on=1;doze=0;battery_saver=0;unrestricted=1;bg_restricted=0;standby_bucket=5;thermal=0;battery_pct=79;charging=0;music=0;location_on=1"
1789426920041,997264888,hb,"recorder=1;since_fix_ms=73;fixes_this_process=6883;write_failures=0;screen_on=1;doze=0;battery_saver=0;unrestricted=1;bg_restricted=0;standby_bucket=5;thermal=0;battery_pct=79;charging=0;music=0;location_on=1"
1789426925050,997269896,hb,"recorder=1;since_fix_ms=167;fixes_this_process=6888;write_failures=0;screen_on=1;doze=0;battery_saver=0;unrestricted=1;bg_restricted=0;standby_bucket=5;thermal=0;battery_pct=79;charging=0;music=0;location_on=1"
1789426930058,997274904,hb,"recorder=1;since_fix_ms=86;fixes_this_process=6893;write_failures=0;screen_on=1;doze=0;battery_saver=0;unrestricted=1;bg_restricted=0;standby_bucket=5;thermal=0;battery_pct=79;charging=0;music=0;location_on=1"
1789426935066,997279912,hb,"recorder=1;since_fix_ms=95;fixes_this_process=6898;write_failures=0;screen_on=1;doze=0;battery_saver=0;unrestricted=1;bg_restricted=0;standby_bucket=5;thermal=0;battery_pct=79;charging=0;music=0;location_on=1"
1789426940076,997284922,hb,"recorder=1;since_fix_ms=106;fixes_this_process=6903;write_failures=0;screen_on=1;doze=0;battery_saver=0;unrestricted=1;bg_restricted=0;standby_bucket=5;thermal=0;battery_pct=79;charging=0;music=0;location_on=1"
1789426945081,997289928,hb,"recorder=1;since_fix_ms=110;fixes_this_process=6908;write_failures=0;screen_on=1;doze=0;battery_saver=0;unrestricted=1;bg_restricted=0;standby_bucket=5;thermal=0;battery_pct=79;charging=0;music=0;location_on=1"
1789426950089,997294935,hb,"recorder=1;since_fix_ms=121;fixes_this_process=6913;write_failures=0;screen_on=1;doze=0;battery_saver=0;unrestricted=1;bg_restricted=0;standby_bucket=5;thermal=0;battery_pct=79;charging=0;music=0;location_on=1"
1789426955093,997299940,hb,"recorder=1;since_fix_ms=124;fixes_this_process=6918;write_failures=0;screen_on=1;doze=0;battery_saver=0;unrestricted=1;bg_restricted=0;standby_bucket=5;thermal=0;battery_pct=79;charging=0;music=0;location_on=1"
1789426960102,997304948,hb,"recorder=1;since_fix_ms=132;fixes_this_process=6923;write_failures=0;screen_on=1;doze=0;battery_saver=0;unrestricted=1;bg_restricted=0;standby_bucket=5;thermal=0;battery_pct=79;charging=0;music=0;location_on=1"
1789426965109,997309956,hb,"recorder=1;since_fix_ms=133;fixes_this_process=6928;write_failures=0;screen_on=1;doze=0;battery_saver=0;unrestricted=1;bg_restricted=0;standby_bucket=5;thermal=0;battery_pct=79;charging=0;music=0;location_on=1"
1789426970123,997314970,hb,"recorder=1;since_fix_ms=156;fixes_this_process=6933;write_failures=0;screen_on=1;doze=0;battery_saver=0;unrestricted=1;bg_restricted=0;standby_bucket=5;thermal=0;battery_pct=79;charging=0;music=0;location_on=1"
1789426975129,997319976,hb,"recorder=1;since_fix_ms=162;fixes_this_process=6938;write_failures=0;screen_on=1;doze=0;battery_saver=0;unrestricted=1;bg_restricted=0;standby_bucket=5;thermal=0;battery_pct=79;charging=0;music=0;location_on=1"
1789426980138,997324984,hb,"recorder=1;since_fix_ms=159;fixes_this_process=6943;write_failures=0;screen_on=1;doze=0;battery_saver=0;unrestricted=1;bg_restricted=0;standby_bucket=5;thermal=0;battery_pct=79;charging=0;music=0;location_on=1"
1789426985149,997329995,hb,"recorder=1;since_fix_ms=178;fixes_this_process=6948;write_failures=0;screen_on=1;doze=0;battery_saver=0;unrestricted=1;bg_restricted=0;standby_bucket=5;thermal=0;battery_pct=79;charging=0;music=0;location_on=1"
1789426990155,997335001,hb,"recorder=1;since_fix_ms=177;fixes_this_process=6953;write_failures=0;screen_on=1;doze=0;battery_saver=0;unrestricted=1;bg_restricted=0;standby_bucket=5;thermal=0;battery_pct=79;charging=0;music=0;location_on=1"
1789426995159,997340005,hb,"recorder=1;since_fix_ms=188;fixes_this_process=6958;write_failures=0;screen_on=1;doze=0;battery_saver=0;unrestricted=1;bg_restricted=0;standby_bucket=5;thermal=0;battery_pct=79;charging=0;music=0;location_on=1"
1789427000168,997345015,hb,"recorder=1;since_fix_ms=193;fixes_this_process=6963;write_failures=0;screen_on=1;doze=0;battery_saver=0;unrestricted=1;bg_restricted=0;standby_bucket=5;thermal=0;battery_pct=79;charging=0;music=0;location_on=1"
1789427005175,997350021,hb,"recorder=1;since_fix_ms=191;fixes_this_process=6968;write_failures=0;screen_on=1;doze=0;battery_saver=0;unrestricted=1;bg_restricted=0;standby_bucket=5;thermal=0;battery_pct=79;charging=0;music=0;location_on=1"
1789427010180,997355027,hb,"recorder=1;since_fix_ms=206;fixes_this_process=6973;write_failures=0;screen_on=1;doze=0;battery_saver=0;unrestricted=1;bg_restricted=0;standby_bucket=5;thermal=0;battery_pct=79;charging=0;music=0;location_on=1"
1789427015190,997360036,hb,"recorder=1;since_fix_ms=221;fixes_this_process=6978;write_failures=0;screen_on=1;doze=0;battery_saver=0;unrestricted=1;bg_restricted=0;standby_bucket=5;thermal=0;battery_pct=79;charging=0;music=0;location_on=1"
1789427020193,997365040,hb,"recorder=1;since_fix_ms=225;fixes_this_process=6983;write_failures=0;screen_on=1;doze=0;battery_saver=0;unrestricted=1;bg_restricted=0;standby_bucket=5;thermal=0;battery_pct=79;charging=0;music=0;location_on=1"
1789427025198,997370045,hb,"recorder=1;since_fix_ms=230;fixes_this_process=6988;write_failures=0;screen_on=1;doze=0;battery_saver=0;unrestricted=1;bg_restricted=0;standby_bucket=5;thermal=0;battery_pct=79;charging=0;music=0;location_on=1"
1789427030205,997375052,hb,"recorder=1;since_fix_ms=239;fixes_this_process=6993;write_failures=0;screen_on=1;doze=0;battery_saver=0;unrestricted=1;bg_restricted=0;standby_bucket=5;thermal=0;battery_pct=79;charging=0;music=0;location_on=1"
1789427035209,997380056,hb,"recorder=1;since_fix_ms=241;fixes_this_process=6998;write_failures=0;screen_on=1;doze=0;battery_saver=0;unrestricted=1;bg_restricted=0;standby_bucket=5;thermal=0;battery_pct=79;charging=0;music=0;location_on=1"
1789427040213,997385059,hb,"recorder=1;since_fix_ms=234;fixes_this_process=7003;write_failures=0;screen_on=1;doze=0;battery_saver=0;unrestricted=1;bg_restricted=0;standby_bucket=5;thermal=0;battery_pct=79;charging=0;music=0;location_on=1"
1789427045223,997390069,hb,"recorder=1;since_fix_ms=254;fixes_this_process=7008;write_failures=0;screen_on=1;doze=0;battery_saver=0;unrestricted=1;bg_restricted=0;standby_bucket=5;thermal=0;battery_pct=79;charging=0;music=0;location_on=1"
1789427050228,997395075,hb,"recorder=1;since_fix_ms=254;fixes_this_process=7013;write_failures=0;screen_on=1;doze=0;battery_saver=0;unrestricted=1;bg_restricted=0;standby_bucket=5;thermal=0;battery_pct=79;charging=0;music=0;location_on=1"
1789427055233,997400080,hb,"recorder=1;since_fix_ms=262;fixes_this_process=7018;write_failures=0;screen_on=1;doze=0;battery_saver=0;unrestricted=1;bg_restricted=0;standby_bucket=5;thermal=0;battery_pct=79;charging=0;music=0;location_on=1"
1789427060247,997405093,hb,"recorder=1;since_fix_ms=265;fixes_this_process=7023;write_failures=0;screen_on=1;doze=0;battery_saver=0;unrestricted=1;bg_restricted=0;standby_bucket=5;thermal=0;battery_pct=79;charging=0;music=0;location_on=1"
1789427065254,997410101,hb,"recorder=1;since_fix_ms=287;fixes_this_process=7028;write_failures=0;screen_on=1;doze=0;battery_saver=0;unrestricted=1;bg_restricted=0;standby_bucket=5;thermal=0;battery_pct=79;charging=0;music=0;location_on=1"
1789427070263,997415110,hb,"recorder=1;since_fix_ms=315;fixes_this_process=7033;write_failures=0;screen_on=1;doze=0;battery_saver=0;unrestricted=1;bg_restricted=0;standby_bucket=5;thermal=0;battery_pct=79;charging=0;music=0;location_on=1"
1789427075273,997420120,hb,"recorder=1;since_fix_ms=301;fixes_this_process=7038;write_failures=0;screen_on=1;doze=0;battery_saver=0;unrestricted=1;bg_restricted=0;standby_bucket=5;thermal=0;battery_pct=79;charging=0;music=0;location_on=1"
1789427080279,997425126,hb,"recorder=1;since_fix_ms=301;fixes_this_process=7043;write_failures=0;screen_on=1;doze=0;battery_saver=0;unrestricted=1;bg_restricted=0;standby_bucket=5;thermal=0;battery_pct=79;charging=0;music=0;location_on=1"
1789427085289,997430135,hb,"recorder=1;since_fix_ms=312;fixes_this_process=7048;write_failures=0;screen_on=1;doze=0;battery_saver=0;unrestricted=1;bg_restricted=0;standby_bucket=5;thermal=0;battery_pct=79;charging=0;music=0;location_on=1"
1789427090302,997435148,hb,"recorder=1;since_fix_ms=332;fixes_this_process=7053;write_failures=0;screen_on=1;doze=0;battery_saver=0;unrestricted=1;bg_restricted=0;standby_bucket=5;thermal=0;battery_pct=79;charging=0;music=0;location_on=1"
1789427095310,997440156,hb,"recorder=1;since_fix_ms=427;fixes_this_process=7058;write_failures=0;screen_on=1;doze=0;battery_saver=0;unrestricted=1;bg_restricted=0;standby_bucket=5;thermal=0;battery_pct=79;charging=0;music=0;location_on=1"
1789427100314,997445160,hb,"recorder=1;since_fix_ms=346;fixes_this_process=7063;write_failures=0;screen_on=1;doze=0;battery_saver=0;unrestricted=1;bg_restricted=0;standby_bucket=5;thermal=0;battery_pct=79;charging=0;music=0;location_on=1"
1789427105329,997450175,hb,"recorder=1;since_fix_ms=353;fixes_this_process=7068;write_failures=0;screen_on=1;doze=0;battery_saver=0;unrestricted=1;bg_restricted=0;standby_bucket=5;thermal=0;battery_pct=79;charging=0;music=0;location_on=1"
1789427110333,997455180,hb,"recorder=1;since_fix_ms=356;fixes_this_process=7073;write_failures=0;screen_on=1;doze=0;battery_saver=0;unrestricted=1;bg_restricted=0;standby_bucket=5;thermal=0;battery_pct=79;charging=0;music=0;location_on=1"
1789427115338,997460185,hb,"recorder=1;since_fix_ms=344;fixes_this_process=7078;write_failures=0;screen_on=1;doze=0;battery_saver=0;unrestricted=1;bg_restricted=0;standby_bucket=5;thermal=0;battery_pct=79;charging=0;music=0;location_on=1"
1789427120344,997465191,hb,"recorder=1;since_fix_ms=377;fixes_this_process=7083;write_failures=0;screen_on=1;doze=0;battery_saver=0;unrestricted=1;bg_restricted=0;standby_bucket=5;thermal=0;battery_pct=79;charging=0;music=0;location_on=1"
1789427125353,997470200,hb,"recorder=1;since_fix_ms=384;fixes_this_process=7088;write_failures=0;screen_on=1;doze=0;battery_saver=0;unrestricted=1;bg_restricted=0;standby_bucket=5;thermal=0;battery_pct=79;charging=0;music=0;location_on=1"
1789427130361,997475207,hb,"recorder=1;since_fix_ms=391;fixes_this_process=7093;write_failures=0;screen_on=1;doze=0;battery_saver=0;unrestricted=1;bg_restricted=0;standby_bucket=5;thermal=0;battery_pct=79;charging=0;music=0;location_on=1"
1789427135370,997480216,hb,"recorder=1;since_fix_ms=401;fixes_this_process=7098;write_failures=0;screen_on=1;doze=0;battery_saver=0;unrestricted=1;bg_restricted=0;standby_bucket=5;thermal=0;battery_pct=79;charging=0;music=0;location_on=1"
1789427140377,997485223,hb,"recorder=1;since_fix_ms=451;fixes_this_process=7103;write_failures=0;screen_on=1;doze=0;battery_saver=0;unrestricted=1;bg_restricted=0;standby_bucket=5;thermal=0;battery_pct=79;charging=0;music=0;location_on=1"
1789427145380,997490227,hb,"recorder=1;since_fix_ms=413;fixes_this_process=7108;write_failures=0;screen_on=1;doze=0;battery_saver=0;unrestricted=1;bg_restricted=0;standby_bucket=5;thermal=0;battery_pct=79;charging=0;music=0;location_on=1"
1789427150390,997495236,hb,"recorder=1;since_fix_ms=418;fixes_this_process=7113;write_failures=0;screen_on=1;doze=0;battery_saver=0;unrestricted=1;bg_restricted=0;standby_bucket=5;thermal=0;battery_pct=79;charging=0;music=0;location_on=1"
1789427155399,997500245,hb,"recorder=1;since_fix_ms=430;fixes_this_process=7118;write_failures=0;screen_on=1;doze=0;battery_saver=0;unrestricted=1;bg_restricted=0;standby_bucket=5;thermal=0;battery_pct=79;charging=0;music=0;location_on=1"
1789427160406,997505252,hb,"recorder=1;since_fix_ms=435;fixes_this_process=7123;write_failures=0;screen_on=1;doze=0;battery_saver=0;unrestricted=1;bg_restricted=0;standby_bucket=5;thermal=0;battery_pct=79;charging=0;music=0;location_on=1"
1789427165417,997510263,hb,"recorder=1;since_fix_ms=441;fixes_this_process=7128;write_failures=0;screen_on=1;doze=0;battery_saver=0;unrestricted=1;bg_restricted=0;standby_bucket=5;thermal=0;battery_pct=79;charging=0;music=0;location_on=1"
1789427170426,997515272,hb,"recorder=1;since_fix_ms=443;fixes_this_process=7133;write_failures=0;screen_on=1;doze=0;battery_saver=0;unrestricted=1;bg_restricted=0;standby_bucket=5;thermal=0;battery_pct=79;charging=0;music=0;location_on=1"
1789427175434,997520280,hb,"recorder=1;since_fix_ms=457;fixes_this_process=7138;write_failures=0;screen_on=1;doze=0;battery_saver=0;unrestricted=1;bg_restricted=0;standby_bucket=5;thermal=0;battery_pct=79;charging=0;music=0;location_on=1"
1789427180446,997525293,hb,"recorder=1;since_fix_ms=462;fixes_this_process=7143;write_failures=0;screen_on=1;doze=0;battery_saver=0;unrestricted=1;bg_restricted=0;standby_bucket=5;thermal=0;battery_pct=79;charging=0;music=0;location_on=1"
1789427185454,997530301,hb,"recorder=1;since_fix_ms=487;fixes_this_process=7148;write_failures=0;screen_on=1;doze=0;battery_saver=0;unrestricted=1;bg_restricted=0;standby_bucket=5;thermal=0;battery_pct=79;charging=0;music=0;location_on=1"
1789427190463,997535310,hb,"recorder=1;since_fix_ms=492;fixes_this_process=7153;write_failures=0;screen_on=1;doze=0;battery_saver=0;unrestricted=1;bg_restricted=0;standby_bucket=5;thermal=0;battery_pct=79;charging=0;music=0;location_on=1"
1789427195476,997540322,hb,"recorder=1;since_fix_ms=595;fixes_this_process=7158;write_failures=0;screen_on=1;doze=0;battery_saver=0;unrestricted=1;bg_restricted=0;standby_bucket=5;thermal=0;battery_pct=79;charging=0;music=0;location_on=1"
1789427200485,997545331,hb,"recorder=1;since_fix_ms=499;fixes_this_process=7163;write_failures=0;screen_on=1;doze=0;battery_saver=0;unrestricted=1;bg_restricted=0;standby_bucket=5;thermal=0;battery_pct=79;charging=0;music=0;location_on=1"
1789427205493,997550339,hb,"recorder=1;since_fix_ms=520;fixes_this_process=7168;write_failures=0;screen_on=1;doze=0;battery_saver=0;unrestricted=1;bg_restricted=0;standby_bucket=5;thermal=0;battery_pct=79;charging=0;music=0;location_on=1"
1789427210506,997555352,hb,"recorder=1;since_fix_ms=535;fixes_this_process=7173;write_failures=0;screen_on=1;doze=0;battery_saver=0;unrestricted=1;bg_restricted=0;standby_bucket=5;thermal=0;battery_pct=79;charging=0;music=0;location_on=1"
1789427215515,997560362,hb,"recorder=1;since_fix_ms=547;fixes_this_process=7178;write_failures=0;screen_on=1;doze=0;battery_saver=0;unrestricted=1;bg_restricted=0;standby_bucket=5;thermal=0;battery_pct=79;charging=0;music=0;location_on=1"
1789427220525,997565371,hb,"recorder=1;since_fix_ms=538;fixes_this_process=7183;write_failures=0;screen_on=1;doze=0;battery_saver=0;unrestricted=1;bg_restricted=0;standby_bucket=5;thermal=0;battery_pct=79;charging=0;music=0;location_on=1"
1789427225534,997570381,hb,"recorder=1;since_fix_ms=566;fixes_this_process=7188;write_failures=0;screen_on=1;doze=0;battery_saver=0;unrestricted=1;bg_restricted=0;standby_bucket=5;thermal=0;battery_pct=79;charging=0;music=0;location_on=1"
1789427230543,997575389,hb,"recorder=1;since_fix_ms=571;fixes_this_process=7193;write_failures=0;screen_on=1;doze=0;battery_saver=0;unrestricted=1;bg_restricted=0;standby_bucket=5;thermal=0;battery_pct=79;charging=0;music=0;location_on=1"
1789427235549,997580396,hb,"recorder=1;since_fix_ms=580;fixes_this_process=7198;write_failures=0;screen_on=1;doze=0;battery_saver=0;unrestricted=1;bg_restricted=0;standby_bucket=5;thermal=0;battery_pct=79;charging=0;music=0;location_on=1"
1789427240562,997585409,hb,"recorder=1;since_fix_ms=583;fixes_this_process=7203;write_failures=0;screen_on=1;doze=0;battery_saver=0;unrestricted=1;bg_restricted=0;standby_bucket=5;thermal=0;battery_pct=79;charging=0;music=0;location_on=1"
1789427245567,997590413,hb,"recorder=1;since_fix_ms=603;fixes_this_process=7208;write_failures=0;screen_on=1;doze=0;battery_saver=0;unrestricted=1;bg_restricted=0;standby_bucket=5;thermal=0;battery_pct=79;charging=0;music=0;location_on=1"
1789427250577,997595423,hb,"recorder=1;since_fix_ms=604;fixes_this_process=7213;write_failures=0;screen_on=1;doze=0;battery_saver=0;unrestricted=1;bg_restricted=0;standby_bucket=5;thermal=0;battery_pct=78;charging=0;music=0;location_on=1"
1789427255582,997600429,hb,"recorder=1;since_fix_ms=615;fixes_this_process=7218;write_failures=0;screen_on=1;doze=0;battery_saver=0;unrestricted=1;bg_restricted=0;standby_bucket=5;thermal=0;battery_pct=78;charging=0;music=0;location_on=1"
1789427260591,997605438,hb,"recorder=1;since_fix_ms=626;fixes_this_process=7223;write_failures=0;screen_on=1;doze=0;battery_saver=0;unrestricted=1;bg_restricted=0;standby_bucket=5;thermal=0;battery_pct=78;charging=0;music=0;location_on=1"
1789427265596,997610442,hb,"recorder=1;since_fix_ms=631;fixes_this_process=7228;write_failures=0;screen_on=1;doze=0;battery_saver=0;unrestricted=1;bg_restricted=0;standby_bucket=5;thermal=0;battery_pct=78;charging=0;music=0;location_on=1"
1789427270605,997615452,hb,"recorder=1;since_fix_ms=636;fixes_this_process=7233;write_failures=0;screen_on=1;doze=0;battery_saver=0;unrestricted=1;bg_restricted=0;standby_bucket=5;thermal=0;battery_pct=78;charging=0;music=0;location_on=1"
1789427274725,997619571,recorder_halt,"why=user_stop"
1789427274733,997619580,stop,""
1789427274735,997619582,log_close,"reason=stop"
